ARM GAS  /tmp/ccYCz6LM.s 			page 1


   1              		.cpu cortex-m4
   2              		.arch armv7e-m
   3              		.fpu fpv4-sp-d16
   4              		.eabi_attribute 27, 1
   5              		.eabi_attribute 28, 1
   6              		.eabi_attribute 20, 1
   7              		.eabi_attribute 21, 1
   8              		.eabi_attribute 23, 3
   9              		.eabi_attribute 24, 1
  10              		.eabi_attribute 25, 1
  11              		.eabi_attribute 26, 1
  12              		.eabi_attribute 30, 1
  13              		.eabi_attribute 34, 1
  14              		.eabi_attribute 18, 4
  15              		.file	"stm32f4xx_hal_rtc_ex.c"
  16              		.text
  17              	.Ltext0:
  18              		.cfi_sections	.debug_frame
  19              		.file 1 "stm/stm32f4xx/STM32F4xx_HAL_Driver/Src/stm32f4xx_hal_rtc_ex.c"
  20              		.section	.text.HAL_RTCEx_SetTimeStamp,"ax",%progbits
  21              		.align	1
  22              		.global	HAL_RTCEx_SetTimeStamp
  23              		.syntax unified
  24              		.thumb
  25              		.thumb_func
  27              	HAL_RTCEx_SetTimeStamp:
  28              	.LVL0:
  29              	.LFB239:
   1:stm/stm32f4xx/STM32F4xx_HAL_Driver/Src/stm32f4xx_hal_rtc_ex.c **** /**
   2:stm/stm32f4xx/STM32F4xx_HAL_Driver/Src/stm32f4xx_hal_rtc_ex.c ****   ******************************************************************************
   3:stm/stm32f4xx/STM32F4xx_HAL_Driver/Src/stm32f4xx_hal_rtc_ex.c ****   * @file    stm32f4xx_hal_rtc_ex.c
   4:stm/stm32f4xx/STM32F4xx_HAL_Driver/Src/stm32f4xx_hal_rtc_ex.c ****   * @author  MCD Application Team
   5:stm/stm32f4xx/STM32F4xx_HAL_Driver/Src/stm32f4xx_hal_rtc_ex.c ****   * @brief   Extended RTC HAL module driver.
   6:stm/stm32f4xx/STM32F4xx_HAL_Driver/Src/stm32f4xx_hal_rtc_ex.c ****   *          This file provides firmware functions to manage the following
   7:stm/stm32f4xx/STM32F4xx_HAL_Driver/Src/stm32f4xx_hal_rtc_ex.c ****   *          functionalities of the Real-Time Clock (RTC) Extended peripheral:
   8:stm/stm32f4xx/STM32F4xx_HAL_Driver/Src/stm32f4xx_hal_rtc_ex.c ****   *           + RTC Timestamp functions
   9:stm/stm32f4xx/STM32F4xx_HAL_Driver/Src/stm32f4xx_hal_rtc_ex.c ****   *           + RTC Tamper functions
  10:stm/stm32f4xx/STM32F4xx_HAL_Driver/Src/stm32f4xx_hal_rtc_ex.c ****   *           + RTC Wakeup functions
  11:stm/stm32f4xx/STM32F4xx_HAL_Driver/Src/stm32f4xx_hal_rtc_ex.c ****   *           + Extended Control functions
  12:stm/stm32f4xx/STM32F4xx_HAL_Driver/Src/stm32f4xx_hal_rtc_ex.c ****   *           + Extended RTC features functions
  13:stm/stm32f4xx/STM32F4xx_HAL_Driver/Src/stm32f4xx_hal_rtc_ex.c ****   *
  14:stm/stm32f4xx/STM32F4xx_HAL_Driver/Src/stm32f4xx_hal_rtc_ex.c ****   ******************************************************************************
  15:stm/stm32f4xx/STM32F4xx_HAL_Driver/Src/stm32f4xx_hal_rtc_ex.c ****   * @attention
  16:stm/stm32f4xx/STM32F4xx_HAL_Driver/Src/stm32f4xx_hal_rtc_ex.c ****   *
  17:stm/stm32f4xx/STM32F4xx_HAL_Driver/Src/stm32f4xx_hal_rtc_ex.c ****   * Copyright (c) 2016 STMicroelectronics.
  18:stm/stm32f4xx/STM32F4xx_HAL_Driver/Src/stm32f4xx_hal_rtc_ex.c ****   * All rights reserved.
  19:stm/stm32f4xx/STM32F4xx_HAL_Driver/Src/stm32f4xx_hal_rtc_ex.c ****   *
  20:stm/stm32f4xx/STM32F4xx_HAL_Driver/Src/stm32f4xx_hal_rtc_ex.c ****   * This software is licensed under terms that can be found in the LICENSE file
  21:stm/stm32f4xx/STM32F4xx_HAL_Driver/Src/stm32f4xx_hal_rtc_ex.c ****   * in the root directory of this software component.
  22:stm/stm32f4xx/STM32F4xx_HAL_Driver/Src/stm32f4xx_hal_rtc_ex.c ****   * If no LICENSE file comes with this software, it is provided AS-IS.
  23:stm/stm32f4xx/STM32F4xx_HAL_Driver/Src/stm32f4xx_hal_rtc_ex.c ****   *
  24:stm/stm32f4xx/STM32F4xx_HAL_Driver/Src/stm32f4xx_hal_rtc_ex.c ****   ******************************************************************************
  25:stm/stm32f4xx/STM32F4xx_HAL_Driver/Src/stm32f4xx_hal_rtc_ex.c ****   @verbatim
  26:stm/stm32f4xx/STM32F4xx_HAL_Driver/Src/stm32f4xx_hal_rtc_ex.c ****   ==============================================================================
  27:stm/stm32f4xx/STM32F4xx_HAL_Driver/Src/stm32f4xx_hal_rtc_ex.c ****                         ##### How to use this driver #####
  28:stm/stm32f4xx/STM32F4xx_HAL_Driver/Src/stm32f4xx_hal_rtc_ex.c ****   ==============================================================================
  29:stm/stm32f4xx/STM32F4xx_HAL_Driver/Src/stm32f4xx_hal_rtc_ex.c ****   [..]
ARM GAS  /tmp/ccYCz6LM.s 			page 2


  30:stm/stm32f4xx/STM32F4xx_HAL_Driver/Src/stm32f4xx_hal_rtc_ex.c ****     (+) Enable the RTC domain access.
  31:stm/stm32f4xx/STM32F4xx_HAL_Driver/Src/stm32f4xx_hal_rtc_ex.c ****     (+) Configure the RTC Prescaler (Asynchronous and Synchronous) and RTC hour
  32:stm/stm32f4xx/STM32F4xx_HAL_Driver/Src/stm32f4xx_hal_rtc_ex.c ****         format using the HAL_RTC_Init() function.
  33:stm/stm32f4xx/STM32F4xx_HAL_Driver/Src/stm32f4xx_hal_rtc_ex.c **** 
  34:stm/stm32f4xx/STM32F4xx_HAL_Driver/Src/stm32f4xx_hal_rtc_ex.c ****   *** RTC Wakeup configuration ***
  35:stm/stm32f4xx/STM32F4xx_HAL_Driver/Src/stm32f4xx_hal_rtc_ex.c ****   ================================
  36:stm/stm32f4xx/STM32F4xx_HAL_Driver/Src/stm32f4xx_hal_rtc_ex.c ****   [..]
  37:stm/stm32f4xx/STM32F4xx_HAL_Driver/Src/stm32f4xx_hal_rtc_ex.c ****     (+) To configure the RTC Wakeup Clock source and Counter use the
  38:stm/stm32f4xx/STM32F4xx_HAL_Driver/Src/stm32f4xx_hal_rtc_ex.c ****         HAL_RTCEx_SetWakeUpTimer() function.
  39:stm/stm32f4xx/STM32F4xx_HAL_Driver/Src/stm32f4xx_hal_rtc_ex.c ****         You can also configure the RTC Wakeup timer in interrupt mode using the
  40:stm/stm32f4xx/STM32F4xx_HAL_Driver/Src/stm32f4xx_hal_rtc_ex.c ****         HAL_RTCEx_SetWakeUpTimer_IT() function.
  41:stm/stm32f4xx/STM32F4xx_HAL_Driver/Src/stm32f4xx_hal_rtc_ex.c ****     (+) To read the RTC Wakeup Counter register, use the HAL_RTCEx_GetWakeUpTimer()
  42:stm/stm32f4xx/STM32F4xx_HAL_Driver/Src/stm32f4xx_hal_rtc_ex.c ****         function.
  43:stm/stm32f4xx/STM32F4xx_HAL_Driver/Src/stm32f4xx_hal_rtc_ex.c **** 
  44:stm/stm32f4xx/STM32F4xx_HAL_Driver/Src/stm32f4xx_hal_rtc_ex.c ****   *** Timestamp configuration ***
  45:stm/stm32f4xx/STM32F4xx_HAL_Driver/Src/stm32f4xx_hal_rtc_ex.c ****   ===============================
  46:stm/stm32f4xx/STM32F4xx_HAL_Driver/Src/stm32f4xx_hal_rtc_ex.c ****   [..]
  47:stm/stm32f4xx/STM32F4xx_HAL_Driver/Src/stm32f4xx_hal_rtc_ex.c ****     (+) To configure the RTC Timestamp use the HAL_RTCEx_SetTimeStamp() function.
  48:stm/stm32f4xx/STM32F4xx_HAL_Driver/Src/stm32f4xx_hal_rtc_ex.c ****         You can also configure the RTC Timestamp with interrupt mode using the
  49:stm/stm32f4xx/STM32F4xx_HAL_Driver/Src/stm32f4xx_hal_rtc_ex.c ****         HAL_RTCEx_SetTimeStamp_IT() function.
  50:stm/stm32f4xx/STM32F4xx_HAL_Driver/Src/stm32f4xx_hal_rtc_ex.c ****     (+) To read the RTC Timestamp Time and Date register, use the
  51:stm/stm32f4xx/STM32F4xx_HAL_Driver/Src/stm32f4xx_hal_rtc_ex.c ****         HAL_RTCEx_GetTimeStamp() function.
  52:stm/stm32f4xx/STM32F4xx_HAL_Driver/Src/stm32f4xx_hal_rtc_ex.c ****     (+) The Timestamp alternate function can be mapped either to RTC_AF1 (PC13)
  53:stm/stm32f4xx/STM32F4xx_HAL_Driver/Src/stm32f4xx_hal_rtc_ex.c ****         or RTC_AF2 (PI8) depending on the value of TSINSEL bit in RTC_TAFCR
  54:stm/stm32f4xx/STM32F4xx_HAL_Driver/Src/stm32f4xx_hal_rtc_ex.c ****         register.
  55:stm/stm32f4xx/STM32F4xx_HAL_Driver/Src/stm32f4xx_hal_rtc_ex.c ****         For STM32F446xx devices RTC_AF2 corresponds to pin PA0 and not to pin PI8.
  56:stm/stm32f4xx/STM32F4xx_HAL_Driver/Src/stm32f4xx_hal_rtc_ex.c ****         The corresponding pin is also selected by HAL_RTCEx_SetTimeStamp()
  57:stm/stm32f4xx/STM32F4xx_HAL_Driver/Src/stm32f4xx_hal_rtc_ex.c ****         or HAL_RTCEx_SetTimeStamp_IT() functions.
  58:stm/stm32f4xx/STM32F4xx_HAL_Driver/Src/stm32f4xx_hal_rtc_ex.c **** 
  59:stm/stm32f4xx/STM32F4xx_HAL_Driver/Src/stm32f4xx_hal_rtc_ex.c ****   *** Tamper configuration ***
  60:stm/stm32f4xx/STM32F4xx_HAL_Driver/Src/stm32f4xx_hal_rtc_ex.c ****   ============================
  61:stm/stm32f4xx/STM32F4xx_HAL_Driver/Src/stm32f4xx_hal_rtc_ex.c ****   [..]
  62:stm/stm32f4xx/STM32F4xx_HAL_Driver/Src/stm32f4xx_hal_rtc_ex.c ****     (+) To Enable the RTC Tamper and configure the Tamper filter count, trigger
  63:stm/stm32f4xx/STM32F4xx_HAL_Driver/Src/stm32f4xx_hal_rtc_ex.c ****         Edge or Level according to the Tamper filter value (if equal to 0 Edge
  64:stm/stm32f4xx/STM32F4xx_HAL_Driver/Src/stm32f4xx_hal_rtc_ex.c ****         else Level), sampling frequency, precharge or discharge and Pull-UP use
  65:stm/stm32f4xx/STM32F4xx_HAL_Driver/Src/stm32f4xx_hal_rtc_ex.c ****         the HAL_RTCEx_SetTamper() function.
  66:stm/stm32f4xx/STM32F4xx_HAL_Driver/Src/stm32f4xx_hal_rtc_ex.c ****         You can configure RTC Tamper in interrupt mode using HAL_RTCEx_SetTamper_IT()
  67:stm/stm32f4xx/STM32F4xx_HAL_Driver/Src/stm32f4xx_hal_rtc_ex.c ****         function.
  68:stm/stm32f4xx/STM32F4xx_HAL_Driver/Src/stm32f4xx_hal_rtc_ex.c ****     (+) The TAMPER1 alternate function can be mapped either to RTC_AF1 (PC13)
  69:stm/stm32f4xx/STM32F4xx_HAL_Driver/Src/stm32f4xx_hal_rtc_ex.c ****         or RTC_AF2 (PI8) depending on the value of TAMP1INSEL bit in RTC_TAFCR
  70:stm/stm32f4xx/STM32F4xx_HAL_Driver/Src/stm32f4xx_hal_rtc_ex.c ****         register.
  71:stm/stm32f4xx/STM32F4xx_HAL_Driver/Src/stm32f4xx_hal_rtc_ex.c ****         The corresponding pin is also selected by HAL_RTCEx_SetTamper()
  72:stm/stm32f4xx/STM32F4xx_HAL_Driver/Src/stm32f4xx_hal_rtc_ex.c ****         or HAL_RTCEx_SetTamper_IT() functions.
  73:stm/stm32f4xx/STM32F4xx_HAL_Driver/Src/stm32f4xx_hal_rtc_ex.c ****     (+) The TAMPER2 alternate function is mapped to RTC_AF2 (PI8).
  74:stm/stm32f4xx/STM32F4xx_HAL_Driver/Src/stm32f4xx_hal_rtc_ex.c ****         For STM32F446xx devices RTC_AF2 corresponds to pin PA0 and not to pin PI8.
  75:stm/stm32f4xx/STM32F4xx_HAL_Driver/Src/stm32f4xx_hal_rtc_ex.c **** 
  76:stm/stm32f4xx/STM32F4xx_HAL_Driver/Src/stm32f4xx_hal_rtc_ex.c ****   *** Backup Data Registers configuration ***
  77:stm/stm32f4xx/STM32F4xx_HAL_Driver/Src/stm32f4xx_hal_rtc_ex.c ****   ===========================================
  78:stm/stm32f4xx/STM32F4xx_HAL_Driver/Src/stm32f4xx_hal_rtc_ex.c ****   [..]
  79:stm/stm32f4xx/STM32F4xx_HAL_Driver/Src/stm32f4xx_hal_rtc_ex.c ****     (+) To write to the RTC Backup Data registers, use the HAL_RTCEx_BKUPWrite()
  80:stm/stm32f4xx/STM32F4xx_HAL_Driver/Src/stm32f4xx_hal_rtc_ex.c ****         function.
  81:stm/stm32f4xx/STM32F4xx_HAL_Driver/Src/stm32f4xx_hal_rtc_ex.c ****     (+) To read the RTC Backup Data registers, use the HAL_RTCEx_BKUPRead()
  82:stm/stm32f4xx/STM32F4xx_HAL_Driver/Src/stm32f4xx_hal_rtc_ex.c ****         function.
  83:stm/stm32f4xx/STM32F4xx_HAL_Driver/Src/stm32f4xx_hal_rtc_ex.c **** 
  84:stm/stm32f4xx/STM32F4xx_HAL_Driver/Src/stm32f4xx_hal_rtc_ex.c ****   *** Coarse Digital Calibration configuration ***
  85:stm/stm32f4xx/STM32F4xx_HAL_Driver/Src/stm32f4xx_hal_rtc_ex.c ****   ================================================
  86:stm/stm32f4xx/STM32F4xx_HAL_Driver/Src/stm32f4xx_hal_rtc_ex.c ****   [..]
ARM GAS  /tmp/ccYCz6LM.s 			page 3


  87:stm/stm32f4xx/STM32F4xx_HAL_Driver/Src/stm32f4xx_hal_rtc_ex.c ****     (+) The Coarse Digital Calibration can be used to compensate crystal inaccuracy
  88:stm/stm32f4xx/STM32F4xx_HAL_Driver/Src/stm32f4xx_hal_rtc_ex.c ****         by setting the DCS bit in RTC_CALIBR register.
  89:stm/stm32f4xx/STM32F4xx_HAL_Driver/Src/stm32f4xx_hal_rtc_ex.c ****     (+) When positive calibration is enabled (DCS = ‘0’), 2 asynchronous prescaler
  90:stm/stm32f4xx/STM32F4xx_HAL_Driver/Src/stm32f4xx_hal_rtc_ex.c ****         clock cycles are added every minute during 2xDC minutes.
  91:stm/stm32f4xx/STM32F4xx_HAL_Driver/Src/stm32f4xx_hal_rtc_ex.c ****         This causes the calendar to be updated sooner, thereby adjusting the
  92:stm/stm32f4xx/STM32F4xx_HAL_Driver/Src/stm32f4xx_hal_rtc_ex.c ****         effective RTC frequency to be a bit higher.
  93:stm/stm32f4xx/STM32F4xx_HAL_Driver/Src/stm32f4xx_hal_rtc_ex.c ****     (+) When negative calibration is enabled (DCS = ‘1’), 1 asynchronous prescaler
  94:stm/stm32f4xx/STM32F4xx_HAL_Driver/Src/stm32f4xx_hal_rtc_ex.c ****         clock cycle is removed every minute during 2xDC minutes.
  95:stm/stm32f4xx/STM32F4xx_HAL_Driver/Src/stm32f4xx_hal_rtc_ex.c ****         This causes the calendar to be updated later, thereby adjusting the
  96:stm/stm32f4xx/STM32F4xx_HAL_Driver/Src/stm32f4xx_hal_rtc_ex.c ****         effective RTC frequency to be a bit lower.
  97:stm/stm32f4xx/STM32F4xx_HAL_Driver/Src/stm32f4xx_hal_rtc_ex.c ****     (+) DC is configured through bits DC[4:0] of RTC_CALIBR register. This number
  98:stm/stm32f4xx/STM32F4xx_HAL_Driver/Src/stm32f4xx_hal_rtc_ex.c ****         ranges from 0 to 31 corresponding to a time interval (2xDC) ranging from
  99:stm/stm32f4xx/STM32F4xx_HAL_Driver/Src/stm32f4xx_hal_rtc_ex.c ****         0 to 62.
 100:stm/stm32f4xx/STM32F4xx_HAL_Driver/Src/stm32f4xx_hal_rtc_ex.c ****     (+) In order to measure the clock deviation, a 512 Hz clock is output for
 101:stm/stm32f4xx/STM32F4xx_HAL_Driver/Src/stm32f4xx_hal_rtc_ex.c ****         calibration.
 102:stm/stm32f4xx/STM32F4xx_HAL_Driver/Src/stm32f4xx_hal_rtc_ex.c ****     (+) The RTC Coarse Digital Calibration value and sign can be calibrated using
 103:stm/stm32f4xx/STM32F4xx_HAL_Driver/Src/stm32f4xx_hal_rtc_ex.c ****         the HAL_RTCEx_SetCoarseCalib() function.
 104:stm/stm32f4xx/STM32F4xx_HAL_Driver/Src/stm32f4xx_hal_rtc_ex.c **** 
 105:stm/stm32f4xx/STM32F4xx_HAL_Driver/Src/stm32f4xx_hal_rtc_ex.c ****   *** Smooth Digital Calibration configuration ***
 106:stm/stm32f4xx/STM32F4xx_HAL_Driver/Src/stm32f4xx_hal_rtc_ex.c ****   ================================================
 107:stm/stm32f4xx/STM32F4xx_HAL_Driver/Src/stm32f4xx_hal_rtc_ex.c ****   [..]
 108:stm/stm32f4xx/STM32F4xx_HAL_Driver/Src/stm32f4xx_hal_rtc_ex.c ****     (+) RTC frequency can be digitally calibrated with a resolution of about
 109:stm/stm32f4xx/STM32F4xx_HAL_Driver/Src/stm32f4xx_hal_rtc_ex.c ****         0.954 ppm with a range from -487.1 ppm to +488.5 ppm.
 110:stm/stm32f4xx/STM32F4xx_HAL_Driver/Src/stm32f4xx_hal_rtc_ex.c ****         The correction of the frequency is performed using a series of small
 111:stm/stm32f4xx/STM32F4xx_HAL_Driver/Src/stm32f4xx_hal_rtc_ex.c ****         adjustments (adding and/or subtracting individual RTCCLK pulses).
 112:stm/stm32f4xx/STM32F4xx_HAL_Driver/Src/stm32f4xx_hal_rtc_ex.c ****     (+) The smooth digital calibration is performed during a cycle of about 2^20
 113:stm/stm32f4xx/STM32F4xx_HAL_Driver/Src/stm32f4xx_hal_rtc_ex.c ****         RTCCLK pulses (or 32 seconds) when the input frequency is 32,768 Hz.
 114:stm/stm32f4xx/STM32F4xx_HAL_Driver/Src/stm32f4xx_hal_rtc_ex.c ****         This cycle is maintained by a 20-bit counter clocked by RTCCLK.
 115:stm/stm32f4xx/STM32F4xx_HAL_Driver/Src/stm32f4xx_hal_rtc_ex.c ****     (+) The smooth calibration register (RTC_CALR) specifies the number of RTCCLK
 116:stm/stm32f4xx/STM32F4xx_HAL_Driver/Src/stm32f4xx_hal_rtc_ex.c ****         clock cycles to be masked during the 32-second cycle.
 117:stm/stm32f4xx/STM32F4xx_HAL_Driver/Src/stm32f4xx_hal_rtc_ex.c ****     (+) The RTC Smooth Digital Calibration value and the corresponding calibration
 118:stm/stm32f4xx/STM32F4xx_HAL_Driver/Src/stm32f4xx_hal_rtc_ex.c ****         cycle period (32s, 16s, or 8s) can be calibrated using the
 119:stm/stm32f4xx/STM32F4xx_HAL_Driver/Src/stm32f4xx_hal_rtc_ex.c ****         HAL_RTCEx_SetSmoothCalib() function.
 120:stm/stm32f4xx/STM32F4xx_HAL_Driver/Src/stm32f4xx_hal_rtc_ex.c **** 
 121:stm/stm32f4xx/STM32F4xx_HAL_Driver/Src/stm32f4xx_hal_rtc_ex.c ****   @endverbatim
 122:stm/stm32f4xx/STM32F4xx_HAL_Driver/Src/stm32f4xx_hal_rtc_ex.c ****   ******************************************************************************
 123:stm/stm32f4xx/STM32F4xx_HAL_Driver/Src/stm32f4xx_hal_rtc_ex.c ****   */
 124:stm/stm32f4xx/STM32F4xx_HAL_Driver/Src/stm32f4xx_hal_rtc_ex.c **** 
 125:stm/stm32f4xx/STM32F4xx_HAL_Driver/Src/stm32f4xx_hal_rtc_ex.c **** /* Includes ------------------------------------------------------------------*/
 126:stm/stm32f4xx/STM32F4xx_HAL_Driver/Src/stm32f4xx_hal_rtc_ex.c **** #include "stm32f4xx_hal.h"
 127:stm/stm32f4xx/STM32F4xx_HAL_Driver/Src/stm32f4xx_hal_rtc_ex.c **** 
 128:stm/stm32f4xx/STM32F4xx_HAL_Driver/Src/stm32f4xx_hal_rtc_ex.c **** /** @addtogroup STM32F4xx_HAL_Driver
 129:stm/stm32f4xx/STM32F4xx_HAL_Driver/Src/stm32f4xx_hal_rtc_ex.c ****   * @{
 130:stm/stm32f4xx/STM32F4xx_HAL_Driver/Src/stm32f4xx_hal_rtc_ex.c ****   */
 131:stm/stm32f4xx/STM32F4xx_HAL_Driver/Src/stm32f4xx_hal_rtc_ex.c **** 
 132:stm/stm32f4xx/STM32F4xx_HAL_Driver/Src/stm32f4xx_hal_rtc_ex.c **** /** @defgroup RTCEx RTCEx
 133:stm/stm32f4xx/STM32F4xx_HAL_Driver/Src/stm32f4xx_hal_rtc_ex.c ****   * @brief    RTC Extended HAL module driver
 134:stm/stm32f4xx/STM32F4xx_HAL_Driver/Src/stm32f4xx_hal_rtc_ex.c ****   * @{
 135:stm/stm32f4xx/STM32F4xx_HAL_Driver/Src/stm32f4xx_hal_rtc_ex.c ****   */
 136:stm/stm32f4xx/STM32F4xx_HAL_Driver/Src/stm32f4xx_hal_rtc_ex.c **** 
 137:stm/stm32f4xx/STM32F4xx_HAL_Driver/Src/stm32f4xx_hal_rtc_ex.c **** #ifdef HAL_RTC_MODULE_ENABLED
 138:stm/stm32f4xx/STM32F4xx_HAL_Driver/Src/stm32f4xx_hal_rtc_ex.c **** 
 139:stm/stm32f4xx/STM32F4xx_HAL_Driver/Src/stm32f4xx_hal_rtc_ex.c **** /* Private typedef -----------------------------------------------------------*/
 140:stm/stm32f4xx/STM32F4xx_HAL_Driver/Src/stm32f4xx_hal_rtc_ex.c **** /* Private define ------------------------------------------------------------*/
 141:stm/stm32f4xx/STM32F4xx_HAL_Driver/Src/stm32f4xx_hal_rtc_ex.c **** /* Private macro -------------------------------------------------------------*/
 142:stm/stm32f4xx/STM32F4xx_HAL_Driver/Src/stm32f4xx_hal_rtc_ex.c **** /* Private variables ---------------------------------------------------------*/
 143:stm/stm32f4xx/STM32F4xx_HAL_Driver/Src/stm32f4xx_hal_rtc_ex.c **** /* Private function prototypes -----------------------------------------------*/
ARM GAS  /tmp/ccYCz6LM.s 			page 4


 144:stm/stm32f4xx/STM32F4xx_HAL_Driver/Src/stm32f4xx_hal_rtc_ex.c **** /* Exported functions --------------------------------------------------------*/
 145:stm/stm32f4xx/STM32F4xx_HAL_Driver/Src/stm32f4xx_hal_rtc_ex.c **** 
 146:stm/stm32f4xx/STM32F4xx_HAL_Driver/Src/stm32f4xx_hal_rtc_ex.c **** /** @defgroup RTCEx_Exported_Functions RTCEx Exported Functions
 147:stm/stm32f4xx/STM32F4xx_HAL_Driver/Src/stm32f4xx_hal_rtc_ex.c ****   * @{
 148:stm/stm32f4xx/STM32F4xx_HAL_Driver/Src/stm32f4xx_hal_rtc_ex.c ****   */
 149:stm/stm32f4xx/STM32F4xx_HAL_Driver/Src/stm32f4xx_hal_rtc_ex.c **** 
 150:stm/stm32f4xx/STM32F4xx_HAL_Driver/Src/stm32f4xx_hal_rtc_ex.c **** /** @defgroup RTCEx_Exported_Functions_Group1 RTC Timestamp and Tamper functions
 151:stm/stm32f4xx/STM32F4xx_HAL_Driver/Src/stm32f4xx_hal_rtc_ex.c ****   * @brief    RTC Timestamp and Tamper functions
 152:stm/stm32f4xx/STM32F4xx_HAL_Driver/Src/stm32f4xx_hal_rtc_ex.c ****   *
 153:stm/stm32f4xx/STM32F4xx_HAL_Driver/Src/stm32f4xx_hal_rtc_ex.c **** @verbatim
 154:stm/stm32f4xx/STM32F4xx_HAL_Driver/Src/stm32f4xx_hal_rtc_ex.c ****  ===============================================================================
 155:stm/stm32f4xx/STM32F4xx_HAL_Driver/Src/stm32f4xx_hal_rtc_ex.c ****                  ##### RTC Timestamp and Tamper functions #####
 156:stm/stm32f4xx/STM32F4xx_HAL_Driver/Src/stm32f4xx_hal_rtc_ex.c ****  ===============================================================================
 157:stm/stm32f4xx/STM32F4xx_HAL_Driver/Src/stm32f4xx_hal_rtc_ex.c **** 
 158:stm/stm32f4xx/STM32F4xx_HAL_Driver/Src/stm32f4xx_hal_rtc_ex.c ****  [..] This section provides functions allowing to configure Timestamp feature
 159:stm/stm32f4xx/STM32F4xx_HAL_Driver/Src/stm32f4xx_hal_rtc_ex.c **** 
 160:stm/stm32f4xx/STM32F4xx_HAL_Driver/Src/stm32f4xx_hal_rtc_ex.c **** @endverbatim
 161:stm/stm32f4xx/STM32F4xx_HAL_Driver/Src/stm32f4xx_hal_rtc_ex.c ****   * @{
 162:stm/stm32f4xx/STM32F4xx_HAL_Driver/Src/stm32f4xx_hal_rtc_ex.c ****   */
 163:stm/stm32f4xx/STM32F4xx_HAL_Driver/Src/stm32f4xx_hal_rtc_ex.c **** 
 164:stm/stm32f4xx/STM32F4xx_HAL_Driver/Src/stm32f4xx_hal_rtc_ex.c **** /**
 165:stm/stm32f4xx/STM32F4xx_HAL_Driver/Src/stm32f4xx_hal_rtc_ex.c ****   * @brief  Sets Timestamp.
 166:stm/stm32f4xx/STM32F4xx_HAL_Driver/Src/stm32f4xx_hal_rtc_ex.c ****   * @note   This API must be called before enabling the Timestamp feature.
 167:stm/stm32f4xx/STM32F4xx_HAL_Driver/Src/stm32f4xx_hal_rtc_ex.c ****   * @param  hrtc pointer to a RTC_HandleTypeDef structure that contains
 168:stm/stm32f4xx/STM32F4xx_HAL_Driver/Src/stm32f4xx_hal_rtc_ex.c ****   *                the configuration information for RTC.
 169:stm/stm32f4xx/STM32F4xx_HAL_Driver/Src/stm32f4xx_hal_rtc_ex.c ****   * @param  RTC_TimeStampEdge Specifies the pin edge on which the Timestamp is
 170:stm/stm32f4xx/STM32F4xx_HAL_Driver/Src/stm32f4xx_hal_rtc_ex.c ****   *         activated.
 171:stm/stm32f4xx/STM32F4xx_HAL_Driver/Src/stm32f4xx_hal_rtc_ex.c ****   *          This parameter can be one of the following values:
 172:stm/stm32f4xx/STM32F4xx_HAL_Driver/Src/stm32f4xx_hal_rtc_ex.c ****   *             @arg RTC_TIMESTAMPEDGE_RISING: the Timestamp event occurs on
 173:stm/stm32f4xx/STM32F4xx_HAL_Driver/Src/stm32f4xx_hal_rtc_ex.c ****   *                                        the rising edge of the related pin.
 174:stm/stm32f4xx/STM32F4xx_HAL_Driver/Src/stm32f4xx_hal_rtc_ex.c ****   *             @arg RTC_TIMESTAMPEDGE_FALLING: the Timestamp event occurs on
 175:stm/stm32f4xx/STM32F4xx_HAL_Driver/Src/stm32f4xx_hal_rtc_ex.c ****   *                                        the falling edge of the related pin.
 176:stm/stm32f4xx/STM32F4xx_HAL_Driver/Src/stm32f4xx_hal_rtc_ex.c ****   * @param  RTC_TimeStampPin Specifies the RTC Timestamp Pin.
 177:stm/stm32f4xx/STM32F4xx_HAL_Driver/Src/stm32f4xx_hal_rtc_ex.c ****   *          This parameter can be one of the following values:
 178:stm/stm32f4xx/STM32F4xx_HAL_Driver/Src/stm32f4xx_hal_rtc_ex.c ****   *             @arg RTC_TIMESTAMPPIN_DEFAULT: PC13 is selected as RTC Timestamp Pin.
 179:stm/stm32f4xx/STM32F4xx_HAL_Driver/Src/stm32f4xx_hal_rtc_ex.c ****   *             @arg RTC_TIMESTAMPPIN_POS1: PI8 is selected as RTC Timestamp Pin.
 180:stm/stm32f4xx/STM32F4xx_HAL_Driver/Src/stm32f4xx_hal_rtc_ex.c ****   * @note RTC_TIMESTAMPPIN_POS1 corresponds to pin PA0 in the case of
 181:stm/stm32f4xx/STM32F4xx_HAL_Driver/Src/stm32f4xx_hal_rtc_ex.c ****   *       STM32F446xx devices.
 182:stm/stm32f4xx/STM32F4xx_HAL_Driver/Src/stm32f4xx_hal_rtc_ex.c ****   * @note RTC_TIMESTAMPPIN_POS1 is not applicable to the following list of devices:
 183:stm/stm32f4xx/STM32F4xx_HAL_Driver/Src/stm32f4xx_hal_rtc_ex.c ****   *       STM32F412xx, STM32F413xx and STM32F423xx.
 184:stm/stm32f4xx/STM32F4xx_HAL_Driver/Src/stm32f4xx_hal_rtc_ex.c ****   * @retval HAL status
 185:stm/stm32f4xx/STM32F4xx_HAL_Driver/Src/stm32f4xx_hal_rtc_ex.c ****   */
 186:stm/stm32f4xx/STM32F4xx_HAL_Driver/Src/stm32f4xx_hal_rtc_ex.c **** HAL_StatusTypeDef HAL_RTCEx_SetTimeStamp(RTC_HandleTypeDef *hrtc, uint32_t RTC_TimeStampEdge, uint3
 187:stm/stm32f4xx/STM32F4xx_HAL_Driver/Src/stm32f4xx_hal_rtc_ex.c **** {
  30              		.loc 1 187 1 view -0
  31              		.cfi_startproc
  32              		@ args = 0, pretend = 0, frame = 0
  33              		@ frame_needed = 0, uses_anonymous_args = 0
  34              		@ link register save eliminated.
  35              		.loc 1 187 1 is_stmt 0 view .LVU1
  36 0000 0346     		mov	r3, r0
 188:stm/stm32f4xx/STM32F4xx_HAL_Driver/Src/stm32f4xx_hal_rtc_ex.c ****   uint32_t tmpreg = 0U;
  37              		.loc 1 188 3 is_stmt 1 view .LVU2
  38              	.LVL1:
 189:stm/stm32f4xx/STM32F4xx_HAL_Driver/Src/stm32f4xx_hal_rtc_ex.c **** 
 190:stm/stm32f4xx/STM32F4xx_HAL_Driver/Src/stm32f4xx_hal_rtc_ex.c ****   /* Check the parameters */
 191:stm/stm32f4xx/STM32F4xx_HAL_Driver/Src/stm32f4xx_hal_rtc_ex.c ****   assert_param(IS_TIMESTAMP_EDGE(RTC_TimeStampEdge));
ARM GAS  /tmp/ccYCz6LM.s 			page 5


  39              		.loc 1 191 3 view .LVU3
 192:stm/stm32f4xx/STM32F4xx_HAL_Driver/Src/stm32f4xx_hal_rtc_ex.c ****   assert_param(IS_RTC_TIMESTAMP_PIN(RTC_TimeStampPin));
  40              		.loc 1 192 3 view .LVU4
 193:stm/stm32f4xx/STM32F4xx_HAL_Driver/Src/stm32f4xx_hal_rtc_ex.c **** 
 194:stm/stm32f4xx/STM32F4xx_HAL_Driver/Src/stm32f4xx_hal_rtc_ex.c ****   /* Process Locked */
 195:stm/stm32f4xx/STM32F4xx_HAL_Driver/Src/stm32f4xx_hal_rtc_ex.c ****   __HAL_LOCK(hrtc);
  41              		.loc 1 195 3 view .LVU5
  42              		.loc 1 195 3 view .LVU6
  43 0002 007F     		ldrb	r0, [r0, #28]	@ zero_extendqisi2
  44              	.LVL2:
  45              		.loc 1 195 3 is_stmt 0 view .LVU7
  46 0004 0128     		cmp	r0, #1
  47 0006 34D0     		beq	.L3
 187:stm/stm32f4xx/STM32F4xx_HAL_Driver/Src/stm32f4xx_hal_rtc_ex.c ****   uint32_t tmpreg = 0U;
  48              		.loc 1 187 1 view .LVU8
  49 0008 30B4     		push	{r4, r5}
  50              	.LCFI0:
  51              		.cfi_def_cfa_offset 8
  52              		.cfi_offset 4, -8
  53              		.cfi_offset 5, -4
  54              		.loc 1 195 3 is_stmt 1 discriminator 2 view .LVU9
  55 000a 0120     		movs	r0, #1
  56 000c 1877     		strb	r0, [r3, #28]
  57              		.loc 1 195 3 discriminator 2 view .LVU10
 196:stm/stm32f4xx/STM32F4xx_HAL_Driver/Src/stm32f4xx_hal_rtc_ex.c **** 
 197:stm/stm32f4xx/STM32F4xx_HAL_Driver/Src/stm32f4xx_hal_rtc_ex.c ****   /* Change RTC state to BUSY */
 198:stm/stm32f4xx/STM32F4xx_HAL_Driver/Src/stm32f4xx_hal_rtc_ex.c ****   hrtc->State = HAL_RTC_STATE_BUSY;
  58              		.loc 1 198 3 view .LVU11
  59              		.loc 1 198 15 is_stmt 0 view .LVU12
  60 000e 0224     		movs	r4, #2
  61 0010 5C77     		strb	r4, [r3, #29]
 199:stm/stm32f4xx/STM32F4xx_HAL_Driver/Src/stm32f4xx_hal_rtc_ex.c **** 
 200:stm/stm32f4xx/STM32F4xx_HAL_Driver/Src/stm32f4xx_hal_rtc_ex.c ****   hrtc->Instance->TAFCR &= (uint32_t)~RTC_TAFCR_TSINSEL;
  62              		.loc 1 200 3 is_stmt 1 view .LVU13
  63              		.loc 1 200 7 is_stmt 0 view .LVU14
  64 0012 1D68     		ldr	r5, [r3]
  65              		.loc 1 200 17 view .LVU15
  66 0014 2C6C     		ldr	r4, [r5, #64]
  67              		.loc 1 200 25 view .LVU16
  68 0016 24F40034 		bic	r4, r4, #131072
  69 001a 2C64     		str	r4, [r5, #64]
 201:stm/stm32f4xx/STM32F4xx_HAL_Driver/Src/stm32f4xx_hal_rtc_ex.c ****   hrtc->Instance->TAFCR |= (uint32_t)(RTC_TimeStampPin);
  70              		.loc 1 201 3 is_stmt 1 view .LVU17
  71              		.loc 1 201 7 is_stmt 0 view .LVU18
  72 001c 1D68     		ldr	r5, [r3]
  73              		.loc 1 201 17 view .LVU19
  74 001e 2C6C     		ldr	r4, [r5, #64]
  75              		.loc 1 201 25 view .LVU20
  76 0020 2243     		orrs	r2, r2, r4
  77              	.LVL3:
  78              		.loc 1 201 25 view .LVU21
  79 0022 2A64     		str	r2, [r5, #64]
 202:stm/stm32f4xx/STM32F4xx_HAL_Driver/Src/stm32f4xx_hal_rtc_ex.c **** 
 203:stm/stm32f4xx/STM32F4xx_HAL_Driver/Src/stm32f4xx_hal_rtc_ex.c ****   /* Get the RTC_CR register and clear the bits to be configured */
 204:stm/stm32f4xx/STM32F4xx_HAL_Driver/Src/stm32f4xx_hal_rtc_ex.c ****   tmpreg = (uint32_t)(hrtc->Instance->CR & (uint32_t)~(RTC_CR_TSEDGE | RTC_CR_TSE));
  80              		.loc 1 204 3 is_stmt 1 view .LVU22
  81              		.loc 1 204 27 is_stmt 0 view .LVU23
ARM GAS  /tmp/ccYCz6LM.s 			page 6


  82 0024 1C68     		ldr	r4, [r3]
  83              		.loc 1 204 37 view .LVU24
  84 0026 A268     		ldr	r2, [r4, #8]
  85              		.loc 1 204 10 view .LVU25
  86 0028 22F40062 		bic	r2, r2, #2048
  87 002c 22F00802 		bic	r2, r2, #8
  88              	.LVL4:
 205:stm/stm32f4xx/STM32F4xx_HAL_Driver/Src/stm32f4xx_hal_rtc_ex.c **** 
 206:stm/stm32f4xx/STM32F4xx_HAL_Driver/Src/stm32f4xx_hal_rtc_ex.c ****   /* Configure the Timestamp TSEDGE bit */
 207:stm/stm32f4xx/STM32F4xx_HAL_Driver/Src/stm32f4xx_hal_rtc_ex.c ****   tmpreg |= RTC_TimeStampEdge;
  89              		.loc 1 207 3 is_stmt 1 view .LVU26
  90              		.loc 1 207 10 is_stmt 0 view .LVU27
  91 0030 0A43     		orrs	r2, r2, r1
  92              	.LVL5:
 208:stm/stm32f4xx/STM32F4xx_HAL_Driver/Src/stm32f4xx_hal_rtc_ex.c **** 
 209:stm/stm32f4xx/STM32F4xx_HAL_Driver/Src/stm32f4xx_hal_rtc_ex.c ****   /* Disable the write protection for RTC registers */
 210:stm/stm32f4xx/STM32F4xx_HAL_Driver/Src/stm32f4xx_hal_rtc_ex.c ****   __HAL_RTC_WRITEPROTECTION_DISABLE(hrtc);
  93              		.loc 1 210 3 is_stmt 1 view .LVU28
  94              		.loc 1 210 3 view .LVU29
  95 0032 CA21     		movs	r1, #202
  96              	.LVL6:
  97              		.loc 1 210 3 is_stmt 0 view .LVU30
  98 0034 6162     		str	r1, [r4, #36]
  99              		.loc 1 210 3 is_stmt 1 view .LVU31
 100 0036 1968     		ldr	r1, [r3]
 101 0038 5324     		movs	r4, #83
 102 003a 4C62     		str	r4, [r1, #36]
 103              		.loc 1 210 3 view .LVU32
 211:stm/stm32f4xx/STM32F4xx_HAL_Driver/Src/stm32f4xx_hal_rtc_ex.c **** 
 212:stm/stm32f4xx/STM32F4xx_HAL_Driver/Src/stm32f4xx_hal_rtc_ex.c ****   /* Copy the desired configuration into the CR register */
 213:stm/stm32f4xx/STM32F4xx_HAL_Driver/Src/stm32f4xx_hal_rtc_ex.c ****   hrtc->Instance->CR = (uint32_t)tmpreg;
 104              		.loc 1 213 3 view .LVU33
 105              		.loc 1 213 7 is_stmt 0 view .LVU34
 106 003c 1968     		ldr	r1, [r3]
 107              		.loc 1 213 22 view .LVU35
 108 003e 8A60     		str	r2, [r1, #8]
 214:stm/stm32f4xx/STM32F4xx_HAL_Driver/Src/stm32f4xx_hal_rtc_ex.c **** 
 215:stm/stm32f4xx/STM32F4xx_HAL_Driver/Src/stm32f4xx_hal_rtc_ex.c ****   /* Clear RTC Timestamp flag */
 216:stm/stm32f4xx/STM32F4xx_HAL_Driver/Src/stm32f4xx_hal_rtc_ex.c ****   __HAL_RTC_TIMESTAMP_CLEAR_FLAG(hrtc, RTC_FLAG_TSF);
 109              		.loc 1 216 3 is_stmt 1 view .LVU36
 110 0040 1968     		ldr	r1, [r3]
 111 0042 CA68     		ldr	r2, [r1, #12]
 112              	.LVL7:
 113              		.loc 1 216 3 is_stmt 0 view .LVU37
 114 0044 D2B2     		uxtb	r2, r2
 115 0046 62F40862 		orn	r2, r2, #2176
 116 004a CA60     		str	r2, [r1, #12]
 217:stm/stm32f4xx/STM32F4xx_HAL_Driver/Src/stm32f4xx_hal_rtc_ex.c **** 
 218:stm/stm32f4xx/STM32F4xx_HAL_Driver/Src/stm32f4xx_hal_rtc_ex.c ****   /* Clear RTC Timestamp overrun Flag */
 219:stm/stm32f4xx/STM32F4xx_HAL_Driver/Src/stm32f4xx_hal_rtc_ex.c ****   __HAL_RTC_TIMESTAMP_CLEAR_FLAG(hrtc, RTC_FLAG_TSOVF);
 117              		.loc 1 219 3 is_stmt 1 view .LVU38
 118 004c 1968     		ldr	r1, [r3]
 119 004e CA68     		ldr	r2, [r1, #12]
 120 0050 D2B2     		uxtb	r2, r2
 121 0052 62F48452 		orn	r2, r2, #4224
 122 0056 CA60     		str	r2, [r1, #12]
 220:stm/stm32f4xx/STM32F4xx_HAL_Driver/Src/stm32f4xx_hal_rtc_ex.c **** 
ARM GAS  /tmp/ccYCz6LM.s 			page 7


 221:stm/stm32f4xx/STM32F4xx_HAL_Driver/Src/stm32f4xx_hal_rtc_ex.c ****   /* Enable the Timestamp saving */
 222:stm/stm32f4xx/STM32F4xx_HAL_Driver/Src/stm32f4xx_hal_rtc_ex.c ****   __HAL_RTC_TIMESTAMP_ENABLE(hrtc);
 123              		.loc 1 222 3 view .LVU39
 124 0058 1968     		ldr	r1, [r3]
 125 005a 8A68     		ldr	r2, [r1, #8]
 126 005c 42F40062 		orr	r2, r2, #2048
 127 0060 8A60     		str	r2, [r1, #8]
 223:stm/stm32f4xx/STM32F4xx_HAL_Driver/Src/stm32f4xx_hal_rtc_ex.c **** 
 224:stm/stm32f4xx/STM32F4xx_HAL_Driver/Src/stm32f4xx_hal_rtc_ex.c ****   /* Enable the write protection for RTC registers */
 225:stm/stm32f4xx/STM32F4xx_HAL_Driver/Src/stm32f4xx_hal_rtc_ex.c ****   __HAL_RTC_WRITEPROTECTION_ENABLE(hrtc);
 128              		.loc 1 225 3 view .LVU40
 129              		.loc 1 225 3 view .LVU41
 130 0062 1A68     		ldr	r2, [r3]
 131 0064 FF21     		movs	r1, #255
 132 0066 5162     		str	r1, [r2, #36]
 133              		.loc 1 225 3 view .LVU42
 226:stm/stm32f4xx/STM32F4xx_HAL_Driver/Src/stm32f4xx_hal_rtc_ex.c **** 
 227:stm/stm32f4xx/STM32F4xx_HAL_Driver/Src/stm32f4xx_hal_rtc_ex.c ****   /* Change RTC state back to READY */
 228:stm/stm32f4xx/STM32F4xx_HAL_Driver/Src/stm32f4xx_hal_rtc_ex.c ****   hrtc->State = HAL_RTC_STATE_READY;
 134              		.loc 1 228 3 view .LVU43
 135              		.loc 1 228 15 is_stmt 0 view .LVU44
 136 0068 5877     		strb	r0, [r3, #29]
 229:stm/stm32f4xx/STM32F4xx_HAL_Driver/Src/stm32f4xx_hal_rtc_ex.c **** 
 230:stm/stm32f4xx/STM32F4xx_HAL_Driver/Src/stm32f4xx_hal_rtc_ex.c ****   /* Process Unlocked */
 231:stm/stm32f4xx/STM32F4xx_HAL_Driver/Src/stm32f4xx_hal_rtc_ex.c ****   __HAL_UNLOCK(hrtc);
 137              		.loc 1 231 3 is_stmt 1 view .LVU45
 138              		.loc 1 231 3 view .LVU46
 139 006a 0020     		movs	r0, #0
 140 006c 1877     		strb	r0, [r3, #28]
 141              		.loc 1 231 3 view .LVU47
 232:stm/stm32f4xx/STM32F4xx_HAL_Driver/Src/stm32f4xx_hal_rtc_ex.c **** 
 233:stm/stm32f4xx/STM32F4xx_HAL_Driver/Src/stm32f4xx_hal_rtc_ex.c ****   return HAL_OK;
 142              		.loc 1 233 3 view .LVU48
 234:stm/stm32f4xx/STM32F4xx_HAL_Driver/Src/stm32f4xx_hal_rtc_ex.c **** }
 143              		.loc 1 234 1 is_stmt 0 view .LVU49
 144 006e 30BC     		pop	{r4, r5}
 145              	.LCFI1:
 146              		.cfi_restore 5
 147              		.cfi_restore 4
 148              		.cfi_def_cfa_offset 0
 149 0070 7047     		bx	lr
 150              	.LVL8:
 151              	.L3:
 195:stm/stm32f4xx/STM32F4xx_HAL_Driver/Src/stm32f4xx_hal_rtc_ex.c **** 
 152              		.loc 1 195 3 discriminator 1 view .LVU50
 153 0072 0220     		movs	r0, #2
 154              		.loc 1 234 1 view .LVU51
 155 0074 7047     		bx	lr
 156              		.cfi_endproc
 157              	.LFE239:
 159              		.section	.text.HAL_RTCEx_SetTimeStamp_IT,"ax",%progbits
 160              		.align	1
 161              		.global	HAL_RTCEx_SetTimeStamp_IT
 162              		.syntax unified
 163              		.thumb
 164              		.thumb_func
 166              	HAL_RTCEx_SetTimeStamp_IT:
ARM GAS  /tmp/ccYCz6LM.s 			page 8


 167              	.LVL9:
 168              	.LFB240:
 235:stm/stm32f4xx/STM32F4xx_HAL_Driver/Src/stm32f4xx_hal_rtc_ex.c **** 
 236:stm/stm32f4xx/STM32F4xx_HAL_Driver/Src/stm32f4xx_hal_rtc_ex.c **** /**
 237:stm/stm32f4xx/STM32F4xx_HAL_Driver/Src/stm32f4xx_hal_rtc_ex.c ****   * @brief  Sets Timestamp with Interrupt.
 238:stm/stm32f4xx/STM32F4xx_HAL_Driver/Src/stm32f4xx_hal_rtc_ex.c ****   * @param  hrtc pointer to a RTC_HandleTypeDef structure that contains
 239:stm/stm32f4xx/STM32F4xx_HAL_Driver/Src/stm32f4xx_hal_rtc_ex.c ****   *                the configuration information for RTC.
 240:stm/stm32f4xx/STM32F4xx_HAL_Driver/Src/stm32f4xx_hal_rtc_ex.c ****   * @note   This API must be called before enabling the Timestamp feature.
 241:stm/stm32f4xx/STM32F4xx_HAL_Driver/Src/stm32f4xx_hal_rtc_ex.c ****   * @param  RTC_TimeStampEdge Specifies the pin edge on which the Timestamp is
 242:stm/stm32f4xx/STM32F4xx_HAL_Driver/Src/stm32f4xx_hal_rtc_ex.c ****   *         activated.
 243:stm/stm32f4xx/STM32F4xx_HAL_Driver/Src/stm32f4xx_hal_rtc_ex.c ****   *          This parameter can be one of the following values:
 244:stm/stm32f4xx/STM32F4xx_HAL_Driver/Src/stm32f4xx_hal_rtc_ex.c ****   *             @arg RTC_TIMESTAMPEDGE_RISING: the Timestamp event occurs on
 245:stm/stm32f4xx/STM32F4xx_HAL_Driver/Src/stm32f4xx_hal_rtc_ex.c ****   *                                        the rising edge of the related pin.
 246:stm/stm32f4xx/STM32F4xx_HAL_Driver/Src/stm32f4xx_hal_rtc_ex.c ****   *             @arg RTC_TIMESTAMPEDGE_FALLING: the Timestamp event occurs on
 247:stm/stm32f4xx/STM32F4xx_HAL_Driver/Src/stm32f4xx_hal_rtc_ex.c ****   *                                        the falling edge of the related pin.
 248:stm/stm32f4xx/STM32F4xx_HAL_Driver/Src/stm32f4xx_hal_rtc_ex.c ****   * @param  RTC_TimeStampPin Specifies the RTC Timestamp Pin.
 249:stm/stm32f4xx/STM32F4xx_HAL_Driver/Src/stm32f4xx_hal_rtc_ex.c ****   *          This parameter can be one of the following values:
 250:stm/stm32f4xx/STM32F4xx_HAL_Driver/Src/stm32f4xx_hal_rtc_ex.c ****   *             @arg RTC_TIMESTAMPPIN_DEFAULT: PC13 is selected as RTC Timestamp Pin.
 251:stm/stm32f4xx/STM32F4xx_HAL_Driver/Src/stm32f4xx_hal_rtc_ex.c ****   *             @arg RTC_TIMESTAMPPIN_POS1: PI8 is selected as RTC Timestamp Pin.
 252:stm/stm32f4xx/STM32F4xx_HAL_Driver/Src/stm32f4xx_hal_rtc_ex.c ****   * @note RTC_TIMESTAMPPIN_POS1 corresponds to pin PA0 in the case of
 253:stm/stm32f4xx/STM32F4xx_HAL_Driver/Src/stm32f4xx_hal_rtc_ex.c ****   *       STM32F446xx devices.
 254:stm/stm32f4xx/STM32F4xx_HAL_Driver/Src/stm32f4xx_hal_rtc_ex.c ****   * @note RTC_TIMESTAMPPIN_POS1 is not applicable to the following list of devices:
 255:stm/stm32f4xx/STM32F4xx_HAL_Driver/Src/stm32f4xx_hal_rtc_ex.c ****   *       STM32F412xx, STM32F413xx and STM32F423xx.
 256:stm/stm32f4xx/STM32F4xx_HAL_Driver/Src/stm32f4xx_hal_rtc_ex.c ****   * @retval HAL status
 257:stm/stm32f4xx/STM32F4xx_HAL_Driver/Src/stm32f4xx_hal_rtc_ex.c ****   */
 258:stm/stm32f4xx/STM32F4xx_HAL_Driver/Src/stm32f4xx_hal_rtc_ex.c **** HAL_StatusTypeDef HAL_RTCEx_SetTimeStamp_IT(RTC_HandleTypeDef *hrtc, uint32_t RTC_TimeStampEdge, ui
 259:stm/stm32f4xx/STM32F4xx_HAL_Driver/Src/stm32f4xx_hal_rtc_ex.c **** {
 169              		.loc 1 259 1 is_stmt 1 view -0
 170              		.cfi_startproc
 171              		@ args = 0, pretend = 0, frame = 0
 172              		@ frame_needed = 0, uses_anonymous_args = 0
 173              		@ link register save eliminated.
 174              		.loc 1 259 1 is_stmt 0 view .LVU53
 175 0000 0346     		mov	r3, r0
 260:stm/stm32f4xx/STM32F4xx_HAL_Driver/Src/stm32f4xx_hal_rtc_ex.c ****   uint32_t tmpreg = 0U;
 176              		.loc 1 260 3 is_stmt 1 view .LVU54
 177              	.LVL10:
 261:stm/stm32f4xx/STM32F4xx_HAL_Driver/Src/stm32f4xx_hal_rtc_ex.c **** 
 262:stm/stm32f4xx/STM32F4xx_HAL_Driver/Src/stm32f4xx_hal_rtc_ex.c ****   /* Check the parameters */
 263:stm/stm32f4xx/STM32F4xx_HAL_Driver/Src/stm32f4xx_hal_rtc_ex.c ****   assert_param(IS_TIMESTAMP_EDGE(RTC_TimeStampEdge));
 178              		.loc 1 263 3 view .LVU55
 264:stm/stm32f4xx/STM32F4xx_HAL_Driver/Src/stm32f4xx_hal_rtc_ex.c ****   assert_param(IS_RTC_TIMESTAMP_PIN(RTC_TimeStampPin));
 179              		.loc 1 264 3 view .LVU56
 265:stm/stm32f4xx/STM32F4xx_HAL_Driver/Src/stm32f4xx_hal_rtc_ex.c **** 
 266:stm/stm32f4xx/STM32F4xx_HAL_Driver/Src/stm32f4xx_hal_rtc_ex.c ****   /* Process Locked */
 267:stm/stm32f4xx/STM32F4xx_HAL_Driver/Src/stm32f4xx_hal_rtc_ex.c ****   __HAL_LOCK(hrtc);
 180              		.loc 1 267 3 view .LVU57
 181              		.loc 1 267 3 view .LVU58
 182 0002 007F     		ldrb	r0, [r0, #28]	@ zero_extendqisi2
 183              	.LVL11:
 184              		.loc 1 267 3 is_stmt 0 view .LVU59
 185 0004 0128     		cmp	r0, #1
 186 0006 42D0     		beq	.L10
 259:stm/stm32f4xx/STM32F4xx_HAL_Driver/Src/stm32f4xx_hal_rtc_ex.c ****   uint32_t tmpreg = 0U;
 187              		.loc 1 259 1 view .LVU60
 188 0008 30B4     		push	{r4, r5}
 189              	.LCFI2:
ARM GAS  /tmp/ccYCz6LM.s 			page 9


 190              		.cfi_def_cfa_offset 8
 191              		.cfi_offset 4, -8
 192              		.cfi_offset 5, -4
 193              		.loc 1 267 3 is_stmt 1 discriminator 2 view .LVU61
 194 000a 0120     		movs	r0, #1
 195 000c 1877     		strb	r0, [r3, #28]
 196              		.loc 1 267 3 discriminator 2 view .LVU62
 268:stm/stm32f4xx/STM32F4xx_HAL_Driver/Src/stm32f4xx_hal_rtc_ex.c **** 
 269:stm/stm32f4xx/STM32F4xx_HAL_Driver/Src/stm32f4xx_hal_rtc_ex.c ****   /* Change RTC state to BUSY */
 270:stm/stm32f4xx/STM32F4xx_HAL_Driver/Src/stm32f4xx_hal_rtc_ex.c ****   hrtc->State = HAL_RTC_STATE_BUSY;
 197              		.loc 1 270 3 view .LVU63
 198              		.loc 1 270 15 is_stmt 0 view .LVU64
 199 000e 0224     		movs	r4, #2
 200 0010 5C77     		strb	r4, [r3, #29]
 271:stm/stm32f4xx/STM32F4xx_HAL_Driver/Src/stm32f4xx_hal_rtc_ex.c **** 
 272:stm/stm32f4xx/STM32F4xx_HAL_Driver/Src/stm32f4xx_hal_rtc_ex.c ****   hrtc->Instance->TAFCR &= (uint32_t)~RTC_TAFCR_TSINSEL;
 201              		.loc 1 272 3 is_stmt 1 view .LVU65
 202              		.loc 1 272 7 is_stmt 0 view .LVU66
 203 0012 1D68     		ldr	r5, [r3]
 204              		.loc 1 272 17 view .LVU67
 205 0014 2C6C     		ldr	r4, [r5, #64]
 206              		.loc 1 272 25 view .LVU68
 207 0016 24F40034 		bic	r4, r4, #131072
 208 001a 2C64     		str	r4, [r5, #64]
 273:stm/stm32f4xx/STM32F4xx_HAL_Driver/Src/stm32f4xx_hal_rtc_ex.c ****   hrtc->Instance->TAFCR |= (uint32_t)(RTC_TimeStampPin);
 209              		.loc 1 273 3 is_stmt 1 view .LVU69
 210              		.loc 1 273 7 is_stmt 0 view .LVU70
 211 001c 1D68     		ldr	r5, [r3]
 212              		.loc 1 273 17 view .LVU71
 213 001e 2C6C     		ldr	r4, [r5, #64]
 214              		.loc 1 273 25 view .LVU72
 215 0020 2243     		orrs	r2, r2, r4
 216              	.LVL12:
 217              		.loc 1 273 25 view .LVU73
 218 0022 2A64     		str	r2, [r5, #64]
 274:stm/stm32f4xx/STM32F4xx_HAL_Driver/Src/stm32f4xx_hal_rtc_ex.c **** 
 275:stm/stm32f4xx/STM32F4xx_HAL_Driver/Src/stm32f4xx_hal_rtc_ex.c ****   /* Get the RTC_CR register and clear the bits to be configured */
 276:stm/stm32f4xx/STM32F4xx_HAL_Driver/Src/stm32f4xx_hal_rtc_ex.c ****   tmpreg = (uint32_t)(hrtc->Instance->CR & (uint32_t)~(RTC_CR_TSEDGE | RTC_CR_TSE));
 219              		.loc 1 276 3 is_stmt 1 view .LVU74
 220              		.loc 1 276 27 is_stmt 0 view .LVU75
 221 0024 1C68     		ldr	r4, [r3]
 222              		.loc 1 276 37 view .LVU76
 223 0026 A268     		ldr	r2, [r4, #8]
 224              		.loc 1 276 10 view .LVU77
 225 0028 22F40062 		bic	r2, r2, #2048
 226 002c 22F00802 		bic	r2, r2, #8
 227              	.LVL13:
 277:stm/stm32f4xx/STM32F4xx_HAL_Driver/Src/stm32f4xx_hal_rtc_ex.c **** 
 278:stm/stm32f4xx/STM32F4xx_HAL_Driver/Src/stm32f4xx_hal_rtc_ex.c ****   /* Configure the Timestamp TSEDGE bit */
 279:stm/stm32f4xx/STM32F4xx_HAL_Driver/Src/stm32f4xx_hal_rtc_ex.c ****   tmpreg |= RTC_TimeStampEdge;
 228              		.loc 1 279 3 is_stmt 1 view .LVU78
 229              		.loc 1 279 10 is_stmt 0 view .LVU79
 230 0030 0A43     		orrs	r2, r2, r1
 231              	.LVL14:
 280:stm/stm32f4xx/STM32F4xx_HAL_Driver/Src/stm32f4xx_hal_rtc_ex.c **** 
 281:stm/stm32f4xx/STM32F4xx_HAL_Driver/Src/stm32f4xx_hal_rtc_ex.c ****   /* Disable the write protection for RTC registers */
 282:stm/stm32f4xx/STM32F4xx_HAL_Driver/Src/stm32f4xx_hal_rtc_ex.c ****   __HAL_RTC_WRITEPROTECTION_DISABLE(hrtc);
ARM GAS  /tmp/ccYCz6LM.s 			page 10


 232              		.loc 1 282 3 is_stmt 1 view .LVU80
 233              		.loc 1 282 3 view .LVU81
 234 0032 CA21     		movs	r1, #202
 235              	.LVL15:
 236              		.loc 1 282 3 is_stmt 0 view .LVU82
 237 0034 6162     		str	r1, [r4, #36]
 238              		.loc 1 282 3 is_stmt 1 view .LVU83
 239 0036 1968     		ldr	r1, [r3]
 240 0038 5324     		movs	r4, #83
 241 003a 4C62     		str	r4, [r1, #36]
 242              		.loc 1 282 3 view .LVU84
 283:stm/stm32f4xx/STM32F4xx_HAL_Driver/Src/stm32f4xx_hal_rtc_ex.c **** 
 284:stm/stm32f4xx/STM32F4xx_HAL_Driver/Src/stm32f4xx_hal_rtc_ex.c ****   /* Copy the desired configuration into the CR register */
 285:stm/stm32f4xx/STM32F4xx_HAL_Driver/Src/stm32f4xx_hal_rtc_ex.c ****   hrtc->Instance->CR = (uint32_t)tmpreg;
 243              		.loc 1 285 3 view .LVU85
 244              		.loc 1 285 7 is_stmt 0 view .LVU86
 245 003c 1968     		ldr	r1, [r3]
 246              		.loc 1 285 22 view .LVU87
 247 003e 8A60     		str	r2, [r1, #8]
 286:stm/stm32f4xx/STM32F4xx_HAL_Driver/Src/stm32f4xx_hal_rtc_ex.c **** 
 287:stm/stm32f4xx/STM32F4xx_HAL_Driver/Src/stm32f4xx_hal_rtc_ex.c ****   /* Clear RTC Timestamp flag */
 288:stm/stm32f4xx/STM32F4xx_HAL_Driver/Src/stm32f4xx_hal_rtc_ex.c ****   __HAL_RTC_TIMESTAMP_CLEAR_FLAG(hrtc, RTC_FLAG_TSF);
 248              		.loc 1 288 3 is_stmt 1 view .LVU88
 249 0040 1968     		ldr	r1, [r3]
 250 0042 CA68     		ldr	r2, [r1, #12]
 251              	.LVL16:
 252              		.loc 1 288 3 is_stmt 0 view .LVU89
 253 0044 D2B2     		uxtb	r2, r2
 254 0046 62F40862 		orn	r2, r2, #2176
 255 004a CA60     		str	r2, [r1, #12]
 289:stm/stm32f4xx/STM32F4xx_HAL_Driver/Src/stm32f4xx_hal_rtc_ex.c **** 
 290:stm/stm32f4xx/STM32F4xx_HAL_Driver/Src/stm32f4xx_hal_rtc_ex.c ****   /* Clear RTC Timestamp overrun Flag */
 291:stm/stm32f4xx/STM32F4xx_HAL_Driver/Src/stm32f4xx_hal_rtc_ex.c ****   __HAL_RTC_TIMESTAMP_CLEAR_FLAG(hrtc, RTC_FLAG_TSOVF);
 256              		.loc 1 291 3 is_stmt 1 view .LVU90
 257 004c 1968     		ldr	r1, [r3]
 258 004e CA68     		ldr	r2, [r1, #12]
 259 0050 D2B2     		uxtb	r2, r2
 260 0052 62F48452 		orn	r2, r2, #4224
 261 0056 CA60     		str	r2, [r1, #12]
 292:stm/stm32f4xx/STM32F4xx_HAL_Driver/Src/stm32f4xx_hal_rtc_ex.c **** 
 293:stm/stm32f4xx/STM32F4xx_HAL_Driver/Src/stm32f4xx_hal_rtc_ex.c ****   /* Enable the Timestamp saving */
 294:stm/stm32f4xx/STM32F4xx_HAL_Driver/Src/stm32f4xx_hal_rtc_ex.c ****   __HAL_RTC_TIMESTAMP_ENABLE(hrtc);
 262              		.loc 1 294 3 view .LVU91
 263 0058 1968     		ldr	r1, [r3]
 264 005a 8A68     		ldr	r2, [r1, #8]
 265 005c 42F40062 		orr	r2, r2, #2048
 266 0060 8A60     		str	r2, [r1, #8]
 295:stm/stm32f4xx/STM32F4xx_HAL_Driver/Src/stm32f4xx_hal_rtc_ex.c **** 
 296:stm/stm32f4xx/STM32F4xx_HAL_Driver/Src/stm32f4xx_hal_rtc_ex.c ****   /* Enable IT Timestamp */
 297:stm/stm32f4xx/STM32F4xx_HAL_Driver/Src/stm32f4xx_hal_rtc_ex.c ****   __HAL_RTC_TIMESTAMP_ENABLE_IT(hrtc, RTC_IT_TS);
 267              		.loc 1 297 3 view .LVU92
 268 0062 1968     		ldr	r1, [r3]
 269 0064 8A68     		ldr	r2, [r1, #8]
 270 0066 42F40042 		orr	r2, r2, #32768
 271 006a 8A60     		str	r2, [r1, #8]
 298:stm/stm32f4xx/STM32F4xx_HAL_Driver/Src/stm32f4xx_hal_rtc_ex.c **** 
 299:stm/stm32f4xx/STM32F4xx_HAL_Driver/Src/stm32f4xx_hal_rtc_ex.c ****   /* Enable the write protection for RTC registers */
ARM GAS  /tmp/ccYCz6LM.s 			page 11


 300:stm/stm32f4xx/STM32F4xx_HAL_Driver/Src/stm32f4xx_hal_rtc_ex.c ****   __HAL_RTC_WRITEPROTECTION_ENABLE(hrtc);
 272              		.loc 1 300 3 view .LVU93
 273              		.loc 1 300 3 view .LVU94
 274 006c 1A68     		ldr	r2, [r3]
 275 006e FF21     		movs	r1, #255
 276 0070 5162     		str	r1, [r2, #36]
 277              		.loc 1 300 3 view .LVU95
 301:stm/stm32f4xx/STM32F4xx_HAL_Driver/Src/stm32f4xx_hal_rtc_ex.c **** 
 302:stm/stm32f4xx/STM32F4xx_HAL_Driver/Src/stm32f4xx_hal_rtc_ex.c ****   /* RTC Timestamp Interrupt Configuration: EXTI configuration */
 303:stm/stm32f4xx/STM32F4xx_HAL_Driver/Src/stm32f4xx_hal_rtc_ex.c ****   __HAL_RTC_TAMPER_TIMESTAMP_EXTI_ENABLE_IT();
 278              		.loc 1 303 3 view .LVU96
 279 0072 084A     		ldr	r2, .L15
 280 0074 1168     		ldr	r1, [r2]
 281 0076 41F40011 		orr	r1, r1, #2097152
 282 007a 1160     		str	r1, [r2]
 304:stm/stm32f4xx/STM32F4xx_HAL_Driver/Src/stm32f4xx_hal_rtc_ex.c ****   __HAL_RTC_TAMPER_TIMESTAMP_EXTI_ENABLE_RISING_EDGE();
 283              		.loc 1 304 3 view .LVU97
 284 007c 9168     		ldr	r1, [r2, #8]
 285 007e 41F40011 		orr	r1, r1, #2097152
 286 0082 9160     		str	r1, [r2, #8]
 305:stm/stm32f4xx/STM32F4xx_HAL_Driver/Src/stm32f4xx_hal_rtc_ex.c **** 
 306:stm/stm32f4xx/STM32F4xx_HAL_Driver/Src/stm32f4xx_hal_rtc_ex.c ****   /* Change RTC state back to READY */
 307:stm/stm32f4xx/STM32F4xx_HAL_Driver/Src/stm32f4xx_hal_rtc_ex.c ****   hrtc->State = HAL_RTC_STATE_READY;
 287              		.loc 1 307 3 view .LVU98
 288              		.loc 1 307 15 is_stmt 0 view .LVU99
 289 0084 5877     		strb	r0, [r3, #29]
 308:stm/stm32f4xx/STM32F4xx_HAL_Driver/Src/stm32f4xx_hal_rtc_ex.c **** 
 309:stm/stm32f4xx/STM32F4xx_HAL_Driver/Src/stm32f4xx_hal_rtc_ex.c ****   /* Process Unlocked */
 310:stm/stm32f4xx/STM32F4xx_HAL_Driver/Src/stm32f4xx_hal_rtc_ex.c ****   __HAL_UNLOCK(hrtc);
 290              		.loc 1 310 3 is_stmt 1 view .LVU100
 291              		.loc 1 310 3 view .LVU101
 292 0086 0020     		movs	r0, #0
 293 0088 1877     		strb	r0, [r3, #28]
 294              		.loc 1 310 3 view .LVU102
 311:stm/stm32f4xx/STM32F4xx_HAL_Driver/Src/stm32f4xx_hal_rtc_ex.c **** 
 312:stm/stm32f4xx/STM32F4xx_HAL_Driver/Src/stm32f4xx_hal_rtc_ex.c ****   return HAL_OK;
 295              		.loc 1 312 3 view .LVU103
 313:stm/stm32f4xx/STM32F4xx_HAL_Driver/Src/stm32f4xx_hal_rtc_ex.c **** }
 296              		.loc 1 313 1 is_stmt 0 view .LVU104
 297 008a 30BC     		pop	{r4, r5}
 298              	.LCFI3:
 299              		.cfi_restore 5
 300              		.cfi_restore 4
 301              		.cfi_def_cfa_offset 0
 302 008c 7047     		bx	lr
 303              	.LVL17:
 304              	.L10:
 267:stm/stm32f4xx/STM32F4xx_HAL_Driver/Src/stm32f4xx_hal_rtc_ex.c **** 
 305              		.loc 1 267 3 discriminator 1 view .LVU105
 306 008e 0220     		movs	r0, #2
 307              		.loc 1 313 1 view .LVU106
 308 0090 7047     		bx	lr
 309              	.L16:
 310 0092 00BF     		.align	2
 311              	.L15:
 312 0094 003C0140 		.word	1073822720
 313              		.cfi_endproc
ARM GAS  /tmp/ccYCz6LM.s 			page 12


 314              	.LFE240:
 316              		.section	.text.HAL_RTCEx_DeactivateTimeStamp,"ax",%progbits
 317              		.align	1
 318              		.global	HAL_RTCEx_DeactivateTimeStamp
 319              		.syntax unified
 320              		.thumb
 321              		.thumb_func
 323              	HAL_RTCEx_DeactivateTimeStamp:
 324              	.LVL18:
 325              	.LFB241:
 314:stm/stm32f4xx/STM32F4xx_HAL_Driver/Src/stm32f4xx_hal_rtc_ex.c **** 
 315:stm/stm32f4xx/STM32F4xx_HAL_Driver/Src/stm32f4xx_hal_rtc_ex.c **** /**
 316:stm/stm32f4xx/STM32F4xx_HAL_Driver/Src/stm32f4xx_hal_rtc_ex.c ****   * @brief  Deactivates Timestamp.
 317:stm/stm32f4xx/STM32F4xx_HAL_Driver/Src/stm32f4xx_hal_rtc_ex.c ****   * @param  hrtc pointer to a RTC_HandleTypeDef structure that contains
 318:stm/stm32f4xx/STM32F4xx_HAL_Driver/Src/stm32f4xx_hal_rtc_ex.c ****   *                the configuration information for RTC.
 319:stm/stm32f4xx/STM32F4xx_HAL_Driver/Src/stm32f4xx_hal_rtc_ex.c ****   * @retval HAL status
 320:stm/stm32f4xx/STM32F4xx_HAL_Driver/Src/stm32f4xx_hal_rtc_ex.c ****   */
 321:stm/stm32f4xx/STM32F4xx_HAL_Driver/Src/stm32f4xx_hal_rtc_ex.c **** HAL_StatusTypeDef HAL_RTCEx_DeactivateTimeStamp(RTC_HandleTypeDef *hrtc)
 322:stm/stm32f4xx/STM32F4xx_HAL_Driver/Src/stm32f4xx_hal_rtc_ex.c **** {
 326              		.loc 1 322 1 is_stmt 1 view -0
 327              		.cfi_startproc
 328              		@ args = 0, pretend = 0, frame = 0
 329              		@ frame_needed = 0, uses_anonymous_args = 0
 330              		@ link register save eliminated.
 331              		.loc 1 322 1 is_stmt 0 view .LVU108
 332 0000 0346     		mov	r3, r0
 323:stm/stm32f4xx/STM32F4xx_HAL_Driver/Src/stm32f4xx_hal_rtc_ex.c ****   uint32_t tmpreg = 0U;
 333              		.loc 1 323 3 is_stmt 1 view .LVU109
 334              	.LVL19:
 324:stm/stm32f4xx/STM32F4xx_HAL_Driver/Src/stm32f4xx_hal_rtc_ex.c **** 
 325:stm/stm32f4xx/STM32F4xx_HAL_Driver/Src/stm32f4xx_hal_rtc_ex.c ****   /* Process Locked */
 326:stm/stm32f4xx/STM32F4xx_HAL_Driver/Src/stm32f4xx_hal_rtc_ex.c ****   __HAL_LOCK(hrtc);
 335              		.loc 1 326 3 view .LVU110
 336              		.loc 1 326 3 view .LVU111
 337 0002 027F     		ldrb	r2, [r0, #28]	@ zero_extendqisi2
 338 0004 012A     		cmp	r2, #1
 339 0006 1CD0     		beq	.L19
 340              		.loc 1 326 3 discriminator 2 view .LVU112
 341 0008 0121     		movs	r1, #1
 342 000a 0177     		strb	r1, [r0, #28]
 343              		.loc 1 326 3 discriminator 2 view .LVU113
 327:stm/stm32f4xx/STM32F4xx_HAL_Driver/Src/stm32f4xx_hal_rtc_ex.c **** 
 328:stm/stm32f4xx/STM32F4xx_HAL_Driver/Src/stm32f4xx_hal_rtc_ex.c ****   hrtc->State = HAL_RTC_STATE_BUSY;
 344              		.loc 1 328 3 view .LVU114
 345              		.loc 1 328 15 is_stmt 0 view .LVU115
 346 000c 0222     		movs	r2, #2
 347 000e 4277     		strb	r2, [r0, #29]
 329:stm/stm32f4xx/STM32F4xx_HAL_Driver/Src/stm32f4xx_hal_rtc_ex.c **** 
 330:stm/stm32f4xx/STM32F4xx_HAL_Driver/Src/stm32f4xx_hal_rtc_ex.c ****   /* Disable the write protection for RTC registers */
 331:stm/stm32f4xx/STM32F4xx_HAL_Driver/Src/stm32f4xx_hal_rtc_ex.c ****   __HAL_RTC_WRITEPROTECTION_DISABLE(hrtc);
 348              		.loc 1 331 3 is_stmt 1 view .LVU116
 349              		.loc 1 331 3 view .LVU117
 350 0010 0268     		ldr	r2, [r0]
 351 0012 CA20     		movs	r0, #202
 352              	.LVL20:
 353              		.loc 1 331 3 is_stmt 0 view .LVU118
 354 0014 5062     		str	r0, [r2, #36]
ARM GAS  /tmp/ccYCz6LM.s 			page 13


 355              		.loc 1 331 3 is_stmt 1 view .LVU119
 356 0016 1A68     		ldr	r2, [r3]
 357 0018 5320     		movs	r0, #83
 358 001a 5062     		str	r0, [r2, #36]
 359              		.loc 1 331 3 view .LVU120
 332:stm/stm32f4xx/STM32F4xx_HAL_Driver/Src/stm32f4xx_hal_rtc_ex.c **** 
 333:stm/stm32f4xx/STM32F4xx_HAL_Driver/Src/stm32f4xx_hal_rtc_ex.c ****   /* In case of interrupt mode is used, the interrupt source must disabled */
 334:stm/stm32f4xx/STM32F4xx_HAL_Driver/Src/stm32f4xx_hal_rtc_ex.c ****   __HAL_RTC_TIMESTAMP_DISABLE_IT(hrtc, RTC_IT_TS);
 360              		.loc 1 334 3 view .LVU121
 361 001c 1868     		ldr	r0, [r3]
 362 001e 8268     		ldr	r2, [r0, #8]
 363 0020 22F40042 		bic	r2, r2, #32768
 364 0024 8260     		str	r2, [r0, #8]
 335:stm/stm32f4xx/STM32F4xx_HAL_Driver/Src/stm32f4xx_hal_rtc_ex.c **** 
 336:stm/stm32f4xx/STM32F4xx_HAL_Driver/Src/stm32f4xx_hal_rtc_ex.c ****   /* Get the RTC_CR register and clear the bits to be configured */
 337:stm/stm32f4xx/STM32F4xx_HAL_Driver/Src/stm32f4xx_hal_rtc_ex.c ****   tmpreg = (uint32_t)(hrtc->Instance->CR & (uint32_t)~(RTC_CR_TSEDGE | RTC_CR_TSE));
 365              		.loc 1 337 3 view .LVU122
 366              		.loc 1 337 27 is_stmt 0 view .LVU123
 367 0026 1868     		ldr	r0, [r3]
 368              		.loc 1 337 37 view .LVU124
 369 0028 8268     		ldr	r2, [r0, #8]
 370              		.loc 1 337 10 view .LVU125
 371 002a 22F40062 		bic	r2, r2, #2048
 372 002e 22F00802 		bic	r2, r2, #8
 373              	.LVL21:
 338:stm/stm32f4xx/STM32F4xx_HAL_Driver/Src/stm32f4xx_hal_rtc_ex.c **** 
 339:stm/stm32f4xx/STM32F4xx_HAL_Driver/Src/stm32f4xx_hal_rtc_ex.c ****   /* Configure the Timestamp TSEDGE and Enable bits */
 340:stm/stm32f4xx/STM32F4xx_HAL_Driver/Src/stm32f4xx_hal_rtc_ex.c ****   hrtc->Instance->CR = (uint32_t)tmpreg;
 374              		.loc 1 340 3 is_stmt 1 view .LVU126
 375              		.loc 1 340 22 is_stmt 0 view .LVU127
 376 0032 8260     		str	r2, [r0, #8]
 341:stm/stm32f4xx/STM32F4xx_HAL_Driver/Src/stm32f4xx_hal_rtc_ex.c **** 
 342:stm/stm32f4xx/STM32F4xx_HAL_Driver/Src/stm32f4xx_hal_rtc_ex.c ****   /* Enable the write protection for RTC registers */
 343:stm/stm32f4xx/STM32F4xx_HAL_Driver/Src/stm32f4xx_hal_rtc_ex.c ****   __HAL_RTC_WRITEPROTECTION_ENABLE(hrtc);
 377              		.loc 1 343 3 is_stmt 1 view .LVU128
 378              		.loc 1 343 3 view .LVU129
 379 0034 1A68     		ldr	r2, [r3]
 380              	.LVL22:
 381              		.loc 1 343 3 is_stmt 0 view .LVU130
 382 0036 FF20     		movs	r0, #255
 383              	.LVL23:
 384              		.loc 1 343 3 view .LVU131
 385 0038 5062     		str	r0, [r2, #36]
 386              		.loc 1 343 3 is_stmt 1 view .LVU132
 344:stm/stm32f4xx/STM32F4xx_HAL_Driver/Src/stm32f4xx_hal_rtc_ex.c **** 
 345:stm/stm32f4xx/STM32F4xx_HAL_Driver/Src/stm32f4xx_hal_rtc_ex.c ****   hrtc->State = HAL_RTC_STATE_READY;
 387              		.loc 1 345 3 view .LVU133
 388              		.loc 1 345 15 is_stmt 0 view .LVU134
 389 003a 5977     		strb	r1, [r3, #29]
 346:stm/stm32f4xx/STM32F4xx_HAL_Driver/Src/stm32f4xx_hal_rtc_ex.c **** 
 347:stm/stm32f4xx/STM32F4xx_HAL_Driver/Src/stm32f4xx_hal_rtc_ex.c ****   /* Process Unlocked */
 348:stm/stm32f4xx/STM32F4xx_HAL_Driver/Src/stm32f4xx_hal_rtc_ex.c ****   __HAL_UNLOCK(hrtc);
 390              		.loc 1 348 3 is_stmt 1 view .LVU135
 391              		.loc 1 348 3 view .LVU136
 392 003c 0020     		movs	r0, #0
 393 003e 1877     		strb	r0, [r3, #28]
 394              		.loc 1 348 3 view .LVU137
ARM GAS  /tmp/ccYCz6LM.s 			page 14


 349:stm/stm32f4xx/STM32F4xx_HAL_Driver/Src/stm32f4xx_hal_rtc_ex.c **** 
 350:stm/stm32f4xx/STM32F4xx_HAL_Driver/Src/stm32f4xx_hal_rtc_ex.c ****   return HAL_OK;
 395              		.loc 1 350 3 view .LVU138
 396              		.loc 1 350 10 is_stmt 0 view .LVU139
 397 0040 7047     		bx	lr
 398              	.LVL24:
 399              	.L19:
 326:stm/stm32f4xx/STM32F4xx_HAL_Driver/Src/stm32f4xx_hal_rtc_ex.c **** 
 400              		.loc 1 326 3 discriminator 1 view .LVU140
 401 0042 0220     		movs	r0, #2
 402              	.LVL25:
 351:stm/stm32f4xx/STM32F4xx_HAL_Driver/Src/stm32f4xx_hal_rtc_ex.c **** }
 403              		.loc 1 351 1 view .LVU141
 404 0044 7047     		bx	lr
 405              		.cfi_endproc
 406              	.LFE241:
 408              		.section	.text.HAL_RTCEx_GetTimeStamp,"ax",%progbits
 409              		.align	1
 410              		.global	HAL_RTCEx_GetTimeStamp
 411              		.syntax unified
 412              		.thumb
 413              		.thumb_func
 415              	HAL_RTCEx_GetTimeStamp:
 416              	.LVL26:
 417              	.LFB242:
 352:stm/stm32f4xx/STM32F4xx_HAL_Driver/Src/stm32f4xx_hal_rtc_ex.c **** 
 353:stm/stm32f4xx/STM32F4xx_HAL_Driver/Src/stm32f4xx_hal_rtc_ex.c **** /**
 354:stm/stm32f4xx/STM32F4xx_HAL_Driver/Src/stm32f4xx_hal_rtc_ex.c ****   * @brief  Gets the RTC Timestamp value.
 355:stm/stm32f4xx/STM32F4xx_HAL_Driver/Src/stm32f4xx_hal_rtc_ex.c ****   * @param  hrtc pointer to a RTC_HandleTypeDef structure that contains
 356:stm/stm32f4xx/STM32F4xx_HAL_Driver/Src/stm32f4xx_hal_rtc_ex.c ****   *                the configuration information for RTC.
 357:stm/stm32f4xx/STM32F4xx_HAL_Driver/Src/stm32f4xx_hal_rtc_ex.c ****   * @param  sTimeStamp Pointer to Time structure
 358:stm/stm32f4xx/STM32F4xx_HAL_Driver/Src/stm32f4xx_hal_rtc_ex.c ****   * @param  sTimeStampDate Pointer to Date structure
 359:stm/stm32f4xx/STM32F4xx_HAL_Driver/Src/stm32f4xx_hal_rtc_ex.c ****   * @param  Format specifies the format of the entered parameters.
 360:stm/stm32f4xx/STM32F4xx_HAL_Driver/Src/stm32f4xx_hal_rtc_ex.c ****   *          This parameter can be one of the following values:
 361:stm/stm32f4xx/STM32F4xx_HAL_Driver/Src/stm32f4xx_hal_rtc_ex.c ****   *             @arg RTC_FORMAT_BIN: Binary data format
 362:stm/stm32f4xx/STM32F4xx_HAL_Driver/Src/stm32f4xx_hal_rtc_ex.c ****   *             @arg RTC_FORMAT_BCD: BCD data format
 363:stm/stm32f4xx/STM32F4xx_HAL_Driver/Src/stm32f4xx_hal_rtc_ex.c ****   * @retval HAL status
 364:stm/stm32f4xx/STM32F4xx_HAL_Driver/Src/stm32f4xx_hal_rtc_ex.c ****   */
 365:stm/stm32f4xx/STM32F4xx_HAL_Driver/Src/stm32f4xx_hal_rtc_ex.c **** HAL_StatusTypeDef HAL_RTCEx_GetTimeStamp(RTC_HandleTypeDef *hrtc, RTC_TimeTypeDef *sTimeStamp, RTC_
 366:stm/stm32f4xx/STM32F4xx_HAL_Driver/Src/stm32f4xx_hal_rtc_ex.c **** {
 418              		.loc 1 366 1 is_stmt 1 view -0
 419              		.cfi_startproc
 420              		@ args = 0, pretend = 0, frame = 0
 421              		@ frame_needed = 0, uses_anonymous_args = 0
 422              		.loc 1 366 1 is_stmt 0 view .LVU143
 423 0000 70B5     		push	{r4, r5, r6, lr}
 424              	.LCFI4:
 425              		.cfi_def_cfa_offset 16
 426              		.cfi_offset 4, -16
 427              		.cfi_offset 5, -12
 428              		.cfi_offset 6, -8
 429              		.cfi_offset 14, -4
 430 0002 0646     		mov	r6, r0
 431 0004 0C46     		mov	r4, r1
 432 0006 1546     		mov	r5, r2
 367:stm/stm32f4xx/STM32F4xx_HAL_Driver/Src/stm32f4xx_hal_rtc_ex.c ****   uint32_t tmptime = 0U;
 433              		.loc 1 367 3 is_stmt 1 view .LVU144
ARM GAS  /tmp/ccYCz6LM.s 			page 15


 434              	.LVL27:
 368:stm/stm32f4xx/STM32F4xx_HAL_Driver/Src/stm32f4xx_hal_rtc_ex.c ****   uint32_t tmpdate = 0U;
 435              		.loc 1 368 3 view .LVU145
 369:stm/stm32f4xx/STM32F4xx_HAL_Driver/Src/stm32f4xx_hal_rtc_ex.c **** 
 370:stm/stm32f4xx/STM32F4xx_HAL_Driver/Src/stm32f4xx_hal_rtc_ex.c ****   /* Check the parameters */
 371:stm/stm32f4xx/STM32F4xx_HAL_Driver/Src/stm32f4xx_hal_rtc_ex.c ****   assert_param(IS_RTC_FORMAT(Format));
 436              		.loc 1 371 3 view .LVU146
 372:stm/stm32f4xx/STM32F4xx_HAL_Driver/Src/stm32f4xx_hal_rtc_ex.c **** 
 373:stm/stm32f4xx/STM32F4xx_HAL_Driver/Src/stm32f4xx_hal_rtc_ex.c ****   /* Get the Timestamp time and date registers values */
 374:stm/stm32f4xx/STM32F4xx_HAL_Driver/Src/stm32f4xx_hal_rtc_ex.c ****   tmptime = (uint32_t)(hrtc->Instance->TSTR & RTC_TR_RESERVED_MASK);
 437              		.loc 1 374 3 view .LVU147
 438              		.loc 1 374 28 is_stmt 0 view .LVU148
 439 0008 0168     		ldr	r1, [r0]
 440              	.LVL28:
 441              		.loc 1 374 38 view .LVU149
 442 000a 0A6B     		ldr	r2, [r1, #48]
 443              	.LVL29:
 375:stm/stm32f4xx/STM32F4xx_HAL_Driver/Src/stm32f4xx_hal_rtc_ex.c ****   tmpdate = (uint32_t)(hrtc->Instance->TSDR & RTC_DR_RESERVED_MASK);
 444              		.loc 1 375 3 is_stmt 1 view .LVU150
 445              		.loc 1 375 38 is_stmt 0 view .LVU151
 446 000c 496B     		ldr	r1, [r1, #52]
 447              	.LVL30:
 376:stm/stm32f4xx/STM32F4xx_HAL_Driver/Src/stm32f4xx_hal_rtc_ex.c **** 
 377:stm/stm32f4xx/STM32F4xx_HAL_Driver/Src/stm32f4xx_hal_rtc_ex.c ****   /* Fill the Time structure fields with the read parameters */
 378:stm/stm32f4xx/STM32F4xx_HAL_Driver/Src/stm32f4xx_hal_rtc_ex.c ****   sTimeStamp->Hours      = (uint8_t)((tmptime & (RTC_TSTR_HT  | RTC_TSTR_HU))  >> RTC_TSTR_HU_Pos);
 448              		.loc 1 378 3 is_stmt 1 view .LVU152
 449              		.loc 1 378 28 is_stmt 0 view .LVU153
 450 000e C2F30540 		ubfx	r0, r2, #16, #6
 451              	.LVL31:
 452              		.loc 1 378 26 view .LVU154
 453 0012 2070     		strb	r0, [r4]
 379:stm/stm32f4xx/STM32F4xx_HAL_Driver/Src/stm32f4xx_hal_rtc_ex.c ****   sTimeStamp->Minutes    = (uint8_t)((tmptime & (RTC_TSTR_MNT | RTC_TSTR_MNU)) >> RTC_TSTR_MNU_Pos)
 454              		.loc 1 379 3 is_stmt 1 view .LVU155
 455              		.loc 1 379 28 is_stmt 0 view .LVU156
 456 0014 C2F30620 		ubfx	r0, r2, #8, #7
 457              		.loc 1 379 26 view .LVU157
 458 0018 6070     		strb	r0, [r4, #1]
 380:stm/stm32f4xx/STM32F4xx_HAL_Driver/Src/stm32f4xx_hal_rtc_ex.c ****   sTimeStamp->Seconds    = (uint8_t)((tmptime & (RTC_TSTR_ST  | RTC_TSTR_SU))  >> RTC_TSTR_SU_Pos);
 459              		.loc 1 380 3 is_stmt 1 view .LVU158
 460              		.loc 1 380 28 is_stmt 0 view .LVU159
 461 001a 02F07F00 		and	r0, r2, #127
 462              		.loc 1 380 26 view .LVU160
 463 001e A070     		strb	r0, [r4, #2]
 381:stm/stm32f4xx/STM32F4xx_HAL_Driver/Src/stm32f4xx_hal_rtc_ex.c ****   sTimeStamp->TimeFormat = (uint8_t)((tmptime & (RTC_TSTR_PM))                 >> RTC_TSTR_PM_Pos);
 464              		.loc 1 381 3 is_stmt 1 view .LVU161
 465              		.loc 1 381 28 is_stmt 0 view .LVU162
 466 0020 C2F38052 		ubfx	r2, r2, #22, #1
 467              	.LVL32:
 468              		.loc 1 381 26 view .LVU163
 469 0024 E270     		strb	r2, [r4, #3]
 382:stm/stm32f4xx/STM32F4xx_HAL_Driver/Src/stm32f4xx_hal_rtc_ex.c ****   sTimeStamp->SubSeconds = (uint32_t) hrtc->Instance->TSSSR;
 470              		.loc 1 382 3 is_stmt 1 view .LVU164
 471              		.loc 1 382 43 is_stmt 0 view .LVU165
 472 0026 3268     		ldr	r2, [r6]
 473              		.loc 1 382 53 view .LVU166
 474 0028 926B     		ldr	r2, [r2, #56]
 475              		.loc 1 382 26 view .LVU167
ARM GAS  /tmp/ccYCz6LM.s 			page 16


 476 002a 6260     		str	r2, [r4, #4]
 383:stm/stm32f4xx/STM32F4xx_HAL_Driver/Src/stm32f4xx_hal_rtc_ex.c **** 
 384:stm/stm32f4xx/STM32F4xx_HAL_Driver/Src/stm32f4xx_hal_rtc_ex.c ****   /* Fill the Date structure fields with the read parameters */
 385:stm/stm32f4xx/STM32F4xx_HAL_Driver/Src/stm32f4xx_hal_rtc_ex.c ****   sTimeStampDate->Year    = 0U;
 477              		.loc 1 385 3 is_stmt 1 view .LVU168
 478              		.loc 1 385 27 is_stmt 0 view .LVU169
 479 002c 0022     		movs	r2, #0
 480 002e EA70     		strb	r2, [r5, #3]
 386:stm/stm32f4xx/STM32F4xx_HAL_Driver/Src/stm32f4xx_hal_rtc_ex.c ****   sTimeStampDate->Month   = (uint8_t)((tmpdate & (RTC_TSDR_MT | RTC_TSDR_MU)) >> RTC_TSDR_MU_Pos);
 481              		.loc 1 386 3 is_stmt 1 view .LVU170
 482              		.loc 1 386 29 is_stmt 0 view .LVU171
 483 0030 C1F30422 		ubfx	r2, r1, #8, #5
 484              		.loc 1 386 27 view .LVU172
 485 0034 6A70     		strb	r2, [r5, #1]
 387:stm/stm32f4xx/STM32F4xx_HAL_Driver/Src/stm32f4xx_hal_rtc_ex.c ****   sTimeStampDate->Date    = (uint8_t)((tmpdate & (RTC_TSDR_DT | RTC_TSDR_DU)) >> RTC_TSDR_DU_Pos);
 486              		.loc 1 387 3 is_stmt 1 view .LVU173
 487              		.loc 1 387 29 is_stmt 0 view .LVU174
 488 0036 01F03F02 		and	r2, r1, #63
 489              		.loc 1 387 27 view .LVU175
 490 003a AA70     		strb	r2, [r5, #2]
 388:stm/stm32f4xx/STM32F4xx_HAL_Driver/Src/stm32f4xx_hal_rtc_ex.c ****   sTimeStampDate->WeekDay = (uint8_t)((tmpdate & (RTC_TSDR_WDU))              >> RTC_TSDR_WDU_Pos);
 491              		.loc 1 388 3 is_stmt 1 view .LVU176
 492              		.loc 1 388 29 is_stmt 0 view .LVU177
 493 003c C1F34231 		ubfx	r1, r1, #13, #3
 494              	.LVL33:
 495              		.loc 1 388 27 view .LVU178
 496 0040 2970     		strb	r1, [r5]
 389:stm/stm32f4xx/STM32F4xx_HAL_Driver/Src/stm32f4xx_hal_rtc_ex.c **** 
 390:stm/stm32f4xx/STM32F4xx_HAL_Driver/Src/stm32f4xx_hal_rtc_ex.c ****   /* Check the input parameters format */
 391:stm/stm32f4xx/STM32F4xx_HAL_Driver/Src/stm32f4xx_hal_rtc_ex.c ****   if (Format == RTC_FORMAT_BIN)
 497              		.loc 1 391 3 is_stmt 1 view .LVU179
 498              		.loc 1 391 6 is_stmt 0 view .LVU180
 499 0042 3BB1     		cbz	r3, .L23
 500              	.LVL34:
 501              	.L21:
 392:stm/stm32f4xx/STM32F4xx_HAL_Driver/Src/stm32f4xx_hal_rtc_ex.c ****   {
 393:stm/stm32f4xx/STM32F4xx_HAL_Driver/Src/stm32f4xx_hal_rtc_ex.c ****     /* Convert the Timestamp structure parameters to Binary format */
 394:stm/stm32f4xx/STM32F4xx_HAL_Driver/Src/stm32f4xx_hal_rtc_ex.c ****     sTimeStamp->Hours   = (uint8_t)RTC_Bcd2ToByte(sTimeStamp->Hours);
 395:stm/stm32f4xx/STM32F4xx_HAL_Driver/Src/stm32f4xx_hal_rtc_ex.c ****     sTimeStamp->Minutes = (uint8_t)RTC_Bcd2ToByte(sTimeStamp->Minutes);
 396:stm/stm32f4xx/STM32F4xx_HAL_Driver/Src/stm32f4xx_hal_rtc_ex.c ****     sTimeStamp->Seconds = (uint8_t)RTC_Bcd2ToByte(sTimeStamp->Seconds);
 397:stm/stm32f4xx/STM32F4xx_HAL_Driver/Src/stm32f4xx_hal_rtc_ex.c **** 
 398:stm/stm32f4xx/STM32F4xx_HAL_Driver/Src/stm32f4xx_hal_rtc_ex.c ****     /* Convert the DateTimeStamp structure parameters to Binary format */
 399:stm/stm32f4xx/STM32F4xx_HAL_Driver/Src/stm32f4xx_hal_rtc_ex.c ****     sTimeStampDate->Month   = (uint8_t)RTC_Bcd2ToByte(sTimeStampDate->Month);
 400:stm/stm32f4xx/STM32F4xx_HAL_Driver/Src/stm32f4xx_hal_rtc_ex.c ****     sTimeStampDate->Date    = (uint8_t)RTC_Bcd2ToByte(sTimeStampDate->Date);
 401:stm/stm32f4xx/STM32F4xx_HAL_Driver/Src/stm32f4xx_hal_rtc_ex.c ****     sTimeStampDate->WeekDay = (uint8_t)RTC_Bcd2ToByte(sTimeStampDate->WeekDay);
 402:stm/stm32f4xx/STM32F4xx_HAL_Driver/Src/stm32f4xx_hal_rtc_ex.c ****   }
 403:stm/stm32f4xx/STM32F4xx_HAL_Driver/Src/stm32f4xx_hal_rtc_ex.c **** 
 404:stm/stm32f4xx/STM32F4xx_HAL_Driver/Src/stm32f4xx_hal_rtc_ex.c ****   /* Clear the Timestamp Flag */
 405:stm/stm32f4xx/STM32F4xx_HAL_Driver/Src/stm32f4xx_hal_rtc_ex.c ****   __HAL_RTC_TIMESTAMP_CLEAR_FLAG(hrtc, RTC_FLAG_TSF);
 502              		.loc 1 405 3 is_stmt 1 view .LVU181
 503 0044 3268     		ldr	r2, [r6]
 504 0046 D368     		ldr	r3, [r2, #12]
 505 0048 DBB2     		uxtb	r3, r3
 506 004a 63F40863 		orn	r3, r3, #2176
 507 004e D360     		str	r3, [r2, #12]
 406:stm/stm32f4xx/STM32F4xx_HAL_Driver/Src/stm32f4xx_hal_rtc_ex.c **** 
 407:stm/stm32f4xx/STM32F4xx_HAL_Driver/Src/stm32f4xx_hal_rtc_ex.c ****   return HAL_OK;
ARM GAS  /tmp/ccYCz6LM.s 			page 17


 508              		.loc 1 407 3 view .LVU182
 408:stm/stm32f4xx/STM32F4xx_HAL_Driver/Src/stm32f4xx_hal_rtc_ex.c **** }
 509              		.loc 1 408 1 is_stmt 0 view .LVU183
 510 0050 0020     		movs	r0, #0
 511 0052 70BD     		pop	{r4, r5, r6, pc}
 512              	.LVL35:
 513              	.L23:
 394:stm/stm32f4xx/STM32F4xx_HAL_Driver/Src/stm32f4xx_hal_rtc_ex.c ****     sTimeStamp->Minutes = (uint8_t)RTC_Bcd2ToByte(sTimeStamp->Minutes);
 514              		.loc 1 394 5 is_stmt 1 view .LVU184
 394:stm/stm32f4xx/STM32F4xx_HAL_Driver/Src/stm32f4xx_hal_rtc_ex.c ****     sTimeStamp->Minutes = (uint8_t)RTC_Bcd2ToByte(sTimeStamp->Minutes);
 515              		.loc 1 394 36 is_stmt 0 view .LVU185
 516 0054 2078     		ldrb	r0, [r4]	@ zero_extendqisi2
 517 0056 FFF7FEFF 		bl	RTC_Bcd2ToByte
 518              	.LVL36:
 394:stm/stm32f4xx/STM32F4xx_HAL_Driver/Src/stm32f4xx_hal_rtc_ex.c ****     sTimeStamp->Minutes = (uint8_t)RTC_Bcd2ToByte(sTimeStamp->Minutes);
 519              		.loc 1 394 25 discriminator 1 view .LVU186
 520 005a 2070     		strb	r0, [r4]
 395:stm/stm32f4xx/STM32F4xx_HAL_Driver/Src/stm32f4xx_hal_rtc_ex.c ****     sTimeStamp->Seconds = (uint8_t)RTC_Bcd2ToByte(sTimeStamp->Seconds);
 521              		.loc 1 395 5 is_stmt 1 view .LVU187
 395:stm/stm32f4xx/STM32F4xx_HAL_Driver/Src/stm32f4xx_hal_rtc_ex.c ****     sTimeStamp->Seconds = (uint8_t)RTC_Bcd2ToByte(sTimeStamp->Seconds);
 522              		.loc 1 395 36 is_stmt 0 view .LVU188
 523 005c 6078     		ldrb	r0, [r4, #1]	@ zero_extendqisi2
 524 005e FFF7FEFF 		bl	RTC_Bcd2ToByte
 525              	.LVL37:
 395:stm/stm32f4xx/STM32F4xx_HAL_Driver/Src/stm32f4xx_hal_rtc_ex.c ****     sTimeStamp->Seconds = (uint8_t)RTC_Bcd2ToByte(sTimeStamp->Seconds);
 526              		.loc 1 395 25 discriminator 1 view .LVU189
 527 0062 6070     		strb	r0, [r4, #1]
 396:stm/stm32f4xx/STM32F4xx_HAL_Driver/Src/stm32f4xx_hal_rtc_ex.c **** 
 528              		.loc 1 396 5 is_stmt 1 view .LVU190
 396:stm/stm32f4xx/STM32F4xx_HAL_Driver/Src/stm32f4xx_hal_rtc_ex.c **** 
 529              		.loc 1 396 36 is_stmt 0 view .LVU191
 530 0064 A078     		ldrb	r0, [r4, #2]	@ zero_extendqisi2
 531 0066 FFF7FEFF 		bl	RTC_Bcd2ToByte
 532              	.LVL38:
 396:stm/stm32f4xx/STM32F4xx_HAL_Driver/Src/stm32f4xx_hal_rtc_ex.c **** 
 533              		.loc 1 396 25 discriminator 1 view .LVU192
 534 006a A070     		strb	r0, [r4, #2]
 399:stm/stm32f4xx/STM32F4xx_HAL_Driver/Src/stm32f4xx_hal_rtc_ex.c ****     sTimeStampDate->Date    = (uint8_t)RTC_Bcd2ToByte(sTimeStampDate->Date);
 535              		.loc 1 399 5 is_stmt 1 view .LVU193
 399:stm/stm32f4xx/STM32F4xx_HAL_Driver/Src/stm32f4xx_hal_rtc_ex.c ****     sTimeStampDate->Date    = (uint8_t)RTC_Bcd2ToByte(sTimeStampDate->Date);
 536              		.loc 1 399 40 is_stmt 0 view .LVU194
 537 006c 6878     		ldrb	r0, [r5, #1]	@ zero_extendqisi2
 538 006e FFF7FEFF 		bl	RTC_Bcd2ToByte
 539              	.LVL39:
 399:stm/stm32f4xx/STM32F4xx_HAL_Driver/Src/stm32f4xx_hal_rtc_ex.c ****     sTimeStampDate->Date    = (uint8_t)RTC_Bcd2ToByte(sTimeStampDate->Date);
 540              		.loc 1 399 29 discriminator 1 view .LVU195
 541 0072 6870     		strb	r0, [r5, #1]
 400:stm/stm32f4xx/STM32F4xx_HAL_Driver/Src/stm32f4xx_hal_rtc_ex.c ****     sTimeStampDate->WeekDay = (uint8_t)RTC_Bcd2ToByte(sTimeStampDate->WeekDay);
 542              		.loc 1 400 5 is_stmt 1 view .LVU196
 400:stm/stm32f4xx/STM32F4xx_HAL_Driver/Src/stm32f4xx_hal_rtc_ex.c ****     sTimeStampDate->WeekDay = (uint8_t)RTC_Bcd2ToByte(sTimeStampDate->WeekDay);
 543              		.loc 1 400 40 is_stmt 0 view .LVU197
 544 0074 A878     		ldrb	r0, [r5, #2]	@ zero_extendqisi2
 545 0076 FFF7FEFF 		bl	RTC_Bcd2ToByte
 546              	.LVL40:
 400:stm/stm32f4xx/STM32F4xx_HAL_Driver/Src/stm32f4xx_hal_rtc_ex.c ****     sTimeStampDate->WeekDay = (uint8_t)RTC_Bcd2ToByte(sTimeStampDate->WeekDay);
 547              		.loc 1 400 29 discriminator 1 view .LVU198
 548 007a A870     		strb	r0, [r5, #2]
ARM GAS  /tmp/ccYCz6LM.s 			page 18


 401:stm/stm32f4xx/STM32F4xx_HAL_Driver/Src/stm32f4xx_hal_rtc_ex.c ****   }
 549              		.loc 1 401 5 is_stmt 1 view .LVU199
 401:stm/stm32f4xx/STM32F4xx_HAL_Driver/Src/stm32f4xx_hal_rtc_ex.c ****   }
 550              		.loc 1 401 40 is_stmt 0 view .LVU200
 551 007c 2878     		ldrb	r0, [r5]	@ zero_extendqisi2
 552 007e FFF7FEFF 		bl	RTC_Bcd2ToByte
 553              	.LVL41:
 401:stm/stm32f4xx/STM32F4xx_HAL_Driver/Src/stm32f4xx_hal_rtc_ex.c ****   }
 554              		.loc 1 401 29 discriminator 1 view .LVU201
 555 0082 2870     		strb	r0, [r5]
 556 0084 DEE7     		b	.L21
 557              		.cfi_endproc
 558              	.LFE242:
 560              		.section	.text.HAL_RTCEx_SetTamper,"ax",%progbits
 561              		.align	1
 562              		.global	HAL_RTCEx_SetTamper
 563              		.syntax unified
 564              		.thumb
 565              		.thumb_func
 567              	HAL_RTCEx_SetTamper:
 568              	.LVL42:
 569              	.LFB243:
 409:stm/stm32f4xx/STM32F4xx_HAL_Driver/Src/stm32f4xx_hal_rtc_ex.c **** 
 410:stm/stm32f4xx/STM32F4xx_HAL_Driver/Src/stm32f4xx_hal_rtc_ex.c **** /**
 411:stm/stm32f4xx/STM32F4xx_HAL_Driver/Src/stm32f4xx_hal_rtc_ex.c ****   * @brief  Sets Tamper.
 412:stm/stm32f4xx/STM32F4xx_HAL_Driver/Src/stm32f4xx_hal_rtc_ex.c ****   * @note   By calling this API the tamper global interrupt will be disabled.
 413:stm/stm32f4xx/STM32F4xx_HAL_Driver/Src/stm32f4xx_hal_rtc_ex.c ****   * @param  hrtc pointer to a RTC_HandleTypeDef structure that contains
 414:stm/stm32f4xx/STM32F4xx_HAL_Driver/Src/stm32f4xx_hal_rtc_ex.c ****   *                the configuration information for RTC.
 415:stm/stm32f4xx/STM32F4xx_HAL_Driver/Src/stm32f4xx_hal_rtc_ex.c ****   * @param  sTamper Pointer to Tamper Structure.
 416:stm/stm32f4xx/STM32F4xx_HAL_Driver/Src/stm32f4xx_hal_rtc_ex.c ****   * @retval HAL status
 417:stm/stm32f4xx/STM32F4xx_HAL_Driver/Src/stm32f4xx_hal_rtc_ex.c ****   */
 418:stm/stm32f4xx/STM32F4xx_HAL_Driver/Src/stm32f4xx_hal_rtc_ex.c **** HAL_StatusTypeDef HAL_RTCEx_SetTamper(RTC_HandleTypeDef *hrtc, RTC_TamperTypeDef *sTamper)
 419:stm/stm32f4xx/STM32F4xx_HAL_Driver/Src/stm32f4xx_hal_rtc_ex.c **** {
 570              		.loc 1 419 1 is_stmt 1 view -0
 571              		.cfi_startproc
 572              		@ args = 0, pretend = 0, frame = 0
 573              		@ frame_needed = 0, uses_anonymous_args = 0
 574              		@ link register save eliminated.
 420:stm/stm32f4xx/STM32F4xx_HAL_Driver/Src/stm32f4xx_hal_rtc_ex.c ****   uint32_t tmpreg = 0U;
 575              		.loc 1 420 3 view .LVU203
 421:stm/stm32f4xx/STM32F4xx_HAL_Driver/Src/stm32f4xx_hal_rtc_ex.c **** 
 422:stm/stm32f4xx/STM32F4xx_HAL_Driver/Src/stm32f4xx_hal_rtc_ex.c ****   /* Check the parameters */
 423:stm/stm32f4xx/STM32F4xx_HAL_Driver/Src/stm32f4xx_hal_rtc_ex.c ****   assert_param(IS_RTC_TAMPER(sTamper->Tamper));
 576              		.loc 1 423 3 view .LVU204
 424:stm/stm32f4xx/STM32F4xx_HAL_Driver/Src/stm32f4xx_hal_rtc_ex.c ****   assert_param(IS_RTC_TAMPER_PIN(sTamper->PinSelection));
 577              		.loc 1 424 3 view .LVU205
 425:stm/stm32f4xx/STM32F4xx_HAL_Driver/Src/stm32f4xx_hal_rtc_ex.c ****   assert_param(IS_RTC_TAMPER_TRIGGER(sTamper->Trigger));
 578              		.loc 1 425 3 view .LVU206
 426:stm/stm32f4xx/STM32F4xx_HAL_Driver/Src/stm32f4xx_hal_rtc_ex.c ****   assert_param(IS_RTC_TAMPER_FILTER(sTamper->Filter));
 579              		.loc 1 426 3 view .LVU207
 427:stm/stm32f4xx/STM32F4xx_HAL_Driver/Src/stm32f4xx_hal_rtc_ex.c ****   assert_param(IS_RTC_TAMPER_FILTER_CONFIG_CORRECT(sTamper->Filter, sTamper->Trigger));
 580              		.loc 1 427 3 view .LVU208
 428:stm/stm32f4xx/STM32F4xx_HAL_Driver/Src/stm32f4xx_hal_rtc_ex.c ****   assert_param(IS_RTC_TAMPER_SAMPLING_FREQ(sTamper->SamplingFrequency));
 581              		.loc 1 428 3 view .LVU209
 429:stm/stm32f4xx/STM32F4xx_HAL_Driver/Src/stm32f4xx_hal_rtc_ex.c ****   assert_param(IS_RTC_TAMPER_PRECHARGE_DURATION(sTamper->PrechargeDuration));
 582              		.loc 1 429 3 view .LVU210
 430:stm/stm32f4xx/STM32F4xx_HAL_Driver/Src/stm32f4xx_hal_rtc_ex.c ****   assert_param(IS_RTC_TAMPER_PULLUP_STATE(sTamper->TamperPullUp));
ARM GAS  /tmp/ccYCz6LM.s 			page 19


 583              		.loc 1 430 3 view .LVU211
 431:stm/stm32f4xx/STM32F4xx_HAL_Driver/Src/stm32f4xx_hal_rtc_ex.c ****   assert_param(IS_RTC_TAMPER_TIMESTAMPONTAMPER_DETECTION(sTamper->TimeStampOnTamperDetection));
 584              		.loc 1 431 3 view .LVU212
 432:stm/stm32f4xx/STM32F4xx_HAL_Driver/Src/stm32f4xx_hal_rtc_ex.c **** 
 433:stm/stm32f4xx/STM32F4xx_HAL_Driver/Src/stm32f4xx_hal_rtc_ex.c ****   /* Process Locked */
 434:stm/stm32f4xx/STM32F4xx_HAL_Driver/Src/stm32f4xx_hal_rtc_ex.c ****   __HAL_LOCK(hrtc);
 585              		.loc 1 434 3 view .LVU213
 586              		.loc 1 434 3 view .LVU214
 587 0000 037F     		ldrb	r3, [r0, #28]	@ zero_extendqisi2
 588 0002 012B     		cmp	r3, #1
 589 0004 28D0     		beq	.L28
 419:stm/stm32f4xx/STM32F4xx_HAL_Driver/Src/stm32f4xx_hal_rtc_ex.c ****   uint32_t tmpreg = 0U;
 590              		.loc 1 419 1 is_stmt 0 view .LVU215
 591 0006 30B4     		push	{r4, r5}
 592              	.LCFI5:
 593              		.cfi_def_cfa_offset 8
 594              		.cfi_offset 4, -8
 595              		.cfi_offset 5, -4
 596 0008 0246     		mov	r2, r0
 597              		.loc 1 434 3 is_stmt 1 discriminator 2 view .LVU216
 598 000a 0123     		movs	r3, #1
 599 000c 0377     		strb	r3, [r0, #28]
 600              		.loc 1 434 3 discriminator 2 view .LVU217
 435:stm/stm32f4xx/STM32F4xx_HAL_Driver/Src/stm32f4xx_hal_rtc_ex.c **** 
 436:stm/stm32f4xx/STM32F4xx_HAL_Driver/Src/stm32f4xx_hal_rtc_ex.c ****   hrtc->State = HAL_RTC_STATE_BUSY;
 601              		.loc 1 436 3 view .LVU218
 602              		.loc 1 436 15 is_stmt 0 view .LVU219
 603 000e 0223     		movs	r3, #2
 604 0010 4377     		strb	r3, [r0, #29]
 437:stm/stm32f4xx/STM32F4xx_HAL_Driver/Src/stm32f4xx_hal_rtc_ex.c **** 
 438:stm/stm32f4xx/STM32F4xx_HAL_Driver/Src/stm32f4xx_hal_rtc_ex.c ****   /* Copy control register into temporary variable */
 439:stm/stm32f4xx/STM32F4xx_HAL_Driver/Src/stm32f4xx_hal_rtc_ex.c ****   tmpreg = hrtc->Instance->TAFCR;
 605              		.loc 1 439 3 is_stmt 1 view .LVU220
 606              		.loc 1 439 16 is_stmt 0 view .LVU221
 607 0012 0468     		ldr	r4, [r0]
 608              		.loc 1 439 10 view .LVU222
 609 0014 206C     		ldr	r0, [r4, #64]
 610              	.LVL43:
 440:stm/stm32f4xx/STM32F4xx_HAL_Driver/Src/stm32f4xx_hal_rtc_ex.c **** 
 441:stm/stm32f4xx/STM32F4xx_HAL_Driver/Src/stm32f4xx_hal_rtc_ex.c ****   /* Enable selected tamper */
 442:stm/stm32f4xx/STM32F4xx_HAL_Driver/Src/stm32f4xx_hal_rtc_ex.c ****   tmpreg |= (sTamper->Tamper);
 611              		.loc 1 442 3 is_stmt 1 view .LVU223
 612              		.loc 1 442 21 is_stmt 0 view .LVU224
 613 0016 0D68     		ldr	r5, [r1]
 614              		.loc 1 442 10 view .LVU225
 615 0018 2843     		orrs	r0, r0, r5
 616              	.LVL44:
 443:stm/stm32f4xx/STM32F4xx_HAL_Driver/Src/stm32f4xx_hal_rtc_ex.c **** 
 444:stm/stm32f4xx/STM32F4xx_HAL_Driver/Src/stm32f4xx_hal_rtc_ex.c ****   /* Configure the tamper trigger bit (this bit is just on the right of the
 445:stm/stm32f4xx/STM32F4xx_HAL_Driver/Src/stm32f4xx_hal_rtc_ex.c ****        tamper enable bit, hence the one-time right shift before updating it) */
 446:stm/stm32f4xx/STM32F4xx_HAL_Driver/Src/stm32f4xx_hal_rtc_ex.c ****   if (sTamper->Trigger == RTC_TAMPERTRIGGER_FALLINGEDGE)
 617              		.loc 1 446 3 is_stmt 1 view .LVU226
 618              		.loc 1 446 14 is_stmt 0 view .LVU227
 619 001a 8B68     		ldr	r3, [r1, #8]
 620              		.loc 1 446 6 view .LVU228
 621 001c 022B     		cmp	r3, #2
 622 001e 18D0     		beq	.L33
ARM GAS  /tmp/ccYCz6LM.s 			page 20


 447:stm/stm32f4xx/STM32F4xx_HAL_Driver/Src/stm32f4xx_hal_rtc_ex.c ****   {
 448:stm/stm32f4xx/STM32F4xx_HAL_Driver/Src/stm32f4xx_hal_rtc_ex.c ****     /* Set the tamper trigger bit (case of falling edge or high level) */
 449:stm/stm32f4xx/STM32F4xx_HAL_Driver/Src/stm32f4xx_hal_rtc_ex.c ****     tmpreg |= (uint32_t)(sTamper->Tamper << 1U);
 450:stm/stm32f4xx/STM32F4xx_HAL_Driver/Src/stm32f4xx_hal_rtc_ex.c ****   }
 451:stm/stm32f4xx/STM32F4xx_HAL_Driver/Src/stm32f4xx_hal_rtc_ex.c ****   else
 452:stm/stm32f4xx/STM32F4xx_HAL_Driver/Src/stm32f4xx_hal_rtc_ex.c ****   {
 453:stm/stm32f4xx/STM32F4xx_HAL_Driver/Src/stm32f4xx_hal_rtc_ex.c ****     /* Clear the tamper trigger bit (case of rising edge or low level) */
 454:stm/stm32f4xx/STM32F4xx_HAL_Driver/Src/stm32f4xx_hal_rtc_ex.c ****     tmpreg &= (uint32_t)~(sTamper->Tamper << 1U);
 623              		.loc 1 454 5 is_stmt 1 view .LVU229
 624              		.loc 1 454 12 is_stmt 0 view .LVU230
 625 0020 20EA4500 		bic	r0, r0, r5, lsl #1
 626              	.LVL45:
 627              	.L27:
 455:stm/stm32f4xx/STM32F4xx_HAL_Driver/Src/stm32f4xx_hal_rtc_ex.c ****   }
 456:stm/stm32f4xx/STM32F4xx_HAL_Driver/Src/stm32f4xx_hal_rtc_ex.c **** 
 457:stm/stm32f4xx/STM32F4xx_HAL_Driver/Src/stm32f4xx_hal_rtc_ex.c ****   /* Clear remaining fields before setting them */
 458:stm/stm32f4xx/STM32F4xx_HAL_Driver/Src/stm32f4xx_hal_rtc_ex.c ****   tmpreg &= ~(RTC_TAMPERFILTER_MASK              | \
 628              		.loc 1 458 3 is_stmt 1 view .LVU231
 629              		.loc 1 458 10 is_stmt 0 view .LVU232
 630 0024 6FF3D010 		bfc	r0, #7, #10
 631              	.LVL46:
 459:stm/stm32f4xx/STM32F4xx_HAL_Driver/Src/stm32f4xx_hal_rtc_ex.c ****               RTC_TAMPERSAMPLINGFREQ_RTCCLK_MASK | \
 460:stm/stm32f4xx/STM32F4xx_HAL_Driver/Src/stm32f4xx_hal_rtc_ex.c ****               RTC_TAMPERPRECHARGEDURATION_MASK   | \
 461:stm/stm32f4xx/STM32F4xx_HAL_Driver/Src/stm32f4xx_hal_rtc_ex.c ****               RTC_TAMPER_PULLUP_MASK             | \
 462:stm/stm32f4xx/STM32F4xx_HAL_Driver/Src/stm32f4xx_hal_rtc_ex.c ****               RTC_TAFCR_TAMP1INSEL               | \
 463:stm/stm32f4xx/STM32F4xx_HAL_Driver/Src/stm32f4xx_hal_rtc_ex.c ****               RTC_TIMESTAMPONTAMPERDETECTION_MASK);
 464:stm/stm32f4xx/STM32F4xx_HAL_Driver/Src/stm32f4xx_hal_rtc_ex.c **** 
 465:stm/stm32f4xx/STM32F4xx_HAL_Driver/Src/stm32f4xx_hal_rtc_ex.c ****   /* Set remaining parameters of desired configuration into temporary variable */
 466:stm/stm32f4xx/STM32F4xx_HAL_Driver/Src/stm32f4xx_hal_rtc_ex.c ****   tmpreg |= ((uint32_t)sTamper->Filter            | \
 632              		.loc 1 466 3 is_stmt 1 view .LVU233
 633              		.loc 1 466 31 is_stmt 0 view .LVU234
 634 0028 CB68     		ldr	r3, [r1, #12]
 467:stm/stm32f4xx/STM32F4xx_HAL_Driver/Src/stm32f4xx_hal_rtc_ex.c ****              (uint32_t)sTamper->SamplingFrequency | \
 635              		.loc 1 467 31 view .LVU235
 636 002a 0D69     		ldr	r5, [r1, #16]
 466:stm/stm32f4xx/STM32F4xx_HAL_Driver/Src/stm32f4xx_hal_rtc_ex.c ****              (uint32_t)sTamper->SamplingFrequency | \
 637              		.loc 1 466 51 view .LVU236
 638 002c 2B43     		orrs	r3, r3, r5
 468:stm/stm32f4xx/STM32F4xx_HAL_Driver/Src/stm32f4xx_hal_rtc_ex.c ****              (uint32_t)sTamper->PrechargeDuration | \
 639              		.loc 1 468 31 view .LVU237
 640 002e 4D69     		ldr	r5, [r1, #20]
 467:stm/stm32f4xx/STM32F4xx_HAL_Driver/Src/stm32f4xx_hal_rtc_ex.c ****              (uint32_t)sTamper->SamplingFrequency | \
 641              		.loc 1 467 51 view .LVU238
 642 0030 2B43     		orrs	r3, r3, r5
 469:stm/stm32f4xx/STM32F4xx_HAL_Driver/Src/stm32f4xx_hal_rtc_ex.c ****              (uint32_t)sTamper->TamperPullUp      | \
 643              		.loc 1 469 31 view .LVU239
 644 0032 8D69     		ldr	r5, [r1, #24]
 468:stm/stm32f4xx/STM32F4xx_HAL_Driver/Src/stm32f4xx_hal_rtc_ex.c ****              (uint32_t)sTamper->PrechargeDuration | \
 645              		.loc 1 468 51 view .LVU240
 646 0034 2B43     		orrs	r3, r3, r5
 470:stm/stm32f4xx/STM32F4xx_HAL_Driver/Src/stm32f4xx_hal_rtc_ex.c ****              (uint32_t)sTamper->PinSelection      | \
 647              		.loc 1 470 31 view .LVU241
 648 0036 4D68     		ldr	r5, [r1, #4]
 469:stm/stm32f4xx/STM32F4xx_HAL_Driver/Src/stm32f4xx_hal_rtc_ex.c ****              (uint32_t)sTamper->TamperPullUp      | \
 649              		.loc 1 469 51 view .LVU242
 650 0038 2B43     		orrs	r3, r3, r5
 471:stm/stm32f4xx/STM32F4xx_HAL_Driver/Src/stm32f4xx_hal_rtc_ex.c ****              (uint32_t)sTamper->TimeStampOnTamperDetection);
ARM GAS  /tmp/ccYCz6LM.s 			page 21


 651              		.loc 1 471 31 view .LVU243
 652 003a C969     		ldr	r1, [r1, #28]
 653              	.LVL47:
 470:stm/stm32f4xx/STM32F4xx_HAL_Driver/Src/stm32f4xx_hal_rtc_ex.c ****              (uint32_t)sTamper->PinSelection      | \
 654              		.loc 1 470 51 view .LVU244
 655 003c 0B43     		orrs	r3, r3, r1
 466:stm/stm32f4xx/STM32F4xx_HAL_Driver/Src/stm32f4xx_hal_rtc_ex.c ****              (uint32_t)sTamper->SamplingFrequency | \
 656              		.loc 1 466 10 view .LVU245
 657 003e 0343     		orrs	r3, r3, r0
 658              	.LVL48:
 472:stm/stm32f4xx/STM32F4xx_HAL_Driver/Src/stm32f4xx_hal_rtc_ex.c **** 
 473:stm/stm32f4xx/STM32F4xx_HAL_Driver/Src/stm32f4xx_hal_rtc_ex.c ****   /* Disable tamper global interrupt in case it is enabled */
 474:stm/stm32f4xx/STM32F4xx_HAL_Driver/Src/stm32f4xx_hal_rtc_ex.c ****   tmpreg &= (uint32_t)~RTC_TAFCR_TAMPIE;
 659              		.loc 1 474 3 is_stmt 1 view .LVU246
 660              		.loc 1 474 10 is_stmt 0 view .LVU247
 661 0040 23F00403 		bic	r3, r3, #4
 662              	.LVL49:
 475:stm/stm32f4xx/STM32F4xx_HAL_Driver/Src/stm32f4xx_hal_rtc_ex.c **** 
 476:stm/stm32f4xx/STM32F4xx_HAL_Driver/Src/stm32f4xx_hal_rtc_ex.c ****   /* Copy desired configuration into configuration register */
 477:stm/stm32f4xx/STM32F4xx_HAL_Driver/Src/stm32f4xx_hal_rtc_ex.c ****   hrtc->Instance->TAFCR = tmpreg;
 663              		.loc 1 477 3 is_stmt 1 view .LVU248
 664              		.loc 1 477 25 is_stmt 0 view .LVU249
 665 0044 2364     		str	r3, [r4, #64]
 478:stm/stm32f4xx/STM32F4xx_HAL_Driver/Src/stm32f4xx_hal_rtc_ex.c **** 
 479:stm/stm32f4xx/STM32F4xx_HAL_Driver/Src/stm32f4xx_hal_rtc_ex.c ****   hrtc->State = HAL_RTC_STATE_READY;
 666              		.loc 1 479 3 is_stmt 1 view .LVU250
 667              		.loc 1 479 15 is_stmt 0 view .LVU251
 668 0046 0123     		movs	r3, #1
 669              	.LVL50:
 670              		.loc 1 479 15 view .LVU252
 671 0048 5377     		strb	r3, [r2, #29]
 672              	.LVL51:
 480:stm/stm32f4xx/STM32F4xx_HAL_Driver/Src/stm32f4xx_hal_rtc_ex.c **** 
 481:stm/stm32f4xx/STM32F4xx_HAL_Driver/Src/stm32f4xx_hal_rtc_ex.c ****   /* Process Unlocked */
 482:stm/stm32f4xx/STM32F4xx_HAL_Driver/Src/stm32f4xx_hal_rtc_ex.c ****   __HAL_UNLOCK(hrtc);
 673              		.loc 1 482 3 is_stmt 1 view .LVU253
 674              		.loc 1 482 3 view .LVU254
 675 004a 0020     		movs	r0, #0
 676 004c 1077     		strb	r0, [r2, #28]
 677              		.loc 1 482 3 view .LVU255
 483:stm/stm32f4xx/STM32F4xx_HAL_Driver/Src/stm32f4xx_hal_rtc_ex.c **** 
 484:stm/stm32f4xx/STM32F4xx_HAL_Driver/Src/stm32f4xx_hal_rtc_ex.c ****   return HAL_OK;
 678              		.loc 1 484 3 view .LVU256
 485:stm/stm32f4xx/STM32F4xx_HAL_Driver/Src/stm32f4xx_hal_rtc_ex.c **** }
 679              		.loc 1 485 1 is_stmt 0 view .LVU257
 680 004e 30BC     		pop	{r4, r5}
 681              	.LCFI6:
 682              		.cfi_remember_state
 683              		.cfi_restore 5
 684              		.cfi_restore 4
 685              		.cfi_def_cfa_offset 0
 686 0050 7047     		bx	lr
 687              	.LVL52:
 688              	.L33:
 689              	.LCFI7:
 690              		.cfi_restore_state
 449:stm/stm32f4xx/STM32F4xx_HAL_Driver/Src/stm32f4xx_hal_rtc_ex.c ****   }
ARM GAS  /tmp/ccYCz6LM.s 			page 22


 691              		.loc 1 449 5 is_stmt 1 view .LVU258
 449:stm/stm32f4xx/STM32F4xx_HAL_Driver/Src/stm32f4xx_hal_rtc_ex.c ****   }
 692              		.loc 1 449 12 is_stmt 0 view .LVU259
 693 0052 40EA4500 		orr	r0, r0, r5, lsl #1
 694              	.LVL53:
 449:stm/stm32f4xx/STM32F4xx_HAL_Driver/Src/stm32f4xx_hal_rtc_ex.c ****   }
 695              		.loc 1 449 12 view .LVU260
 696 0056 E5E7     		b	.L27
 697              	.LVL54:
 698              	.L28:
 699              	.LCFI8:
 700              		.cfi_def_cfa_offset 0
 701              		.cfi_restore 4
 702              		.cfi_restore 5
 434:stm/stm32f4xx/STM32F4xx_HAL_Driver/Src/stm32f4xx_hal_rtc_ex.c **** 
 703              		.loc 1 434 3 discriminator 1 view .LVU261
 704 0058 0220     		movs	r0, #2
 705              	.LVL55:
 706              		.loc 1 485 1 view .LVU262
 707 005a 7047     		bx	lr
 708              		.cfi_endproc
 709              	.LFE243:
 711              		.section	.text.HAL_RTCEx_SetTamper_IT,"ax",%progbits
 712              		.align	1
 713              		.global	HAL_RTCEx_SetTamper_IT
 714              		.syntax unified
 715              		.thumb
 716              		.thumb_func
 718              	HAL_RTCEx_SetTamper_IT:
 719              	.LVL56:
 720              	.LFB244:
 486:stm/stm32f4xx/STM32F4xx_HAL_Driver/Src/stm32f4xx_hal_rtc_ex.c **** 
 487:stm/stm32f4xx/STM32F4xx_HAL_Driver/Src/stm32f4xx_hal_rtc_ex.c **** /**
 488:stm/stm32f4xx/STM32F4xx_HAL_Driver/Src/stm32f4xx_hal_rtc_ex.c ****   * @brief  Sets Tamper with interrupt.
 489:stm/stm32f4xx/STM32F4xx_HAL_Driver/Src/stm32f4xx_hal_rtc_ex.c ****   * @note   By calling this API the tamper global interrupt will be enabled.
 490:stm/stm32f4xx/STM32F4xx_HAL_Driver/Src/stm32f4xx_hal_rtc_ex.c ****   * @param  hrtc pointer to a RTC_HandleTypeDef structure that contains
 491:stm/stm32f4xx/STM32F4xx_HAL_Driver/Src/stm32f4xx_hal_rtc_ex.c ****   *                the configuration information for RTC.
 492:stm/stm32f4xx/STM32F4xx_HAL_Driver/Src/stm32f4xx_hal_rtc_ex.c ****   * @param  sTamper Pointer to RTC Tamper.
 493:stm/stm32f4xx/STM32F4xx_HAL_Driver/Src/stm32f4xx_hal_rtc_ex.c ****   * @retval HAL status
 494:stm/stm32f4xx/STM32F4xx_HAL_Driver/Src/stm32f4xx_hal_rtc_ex.c ****   */
 495:stm/stm32f4xx/STM32F4xx_HAL_Driver/Src/stm32f4xx_hal_rtc_ex.c **** HAL_StatusTypeDef HAL_RTCEx_SetTamper_IT(RTC_HandleTypeDef *hrtc, RTC_TamperTypeDef *sTamper)
 496:stm/stm32f4xx/STM32F4xx_HAL_Driver/Src/stm32f4xx_hal_rtc_ex.c **** {
 721              		.loc 1 496 1 is_stmt 1 view -0
 722              		.cfi_startproc
 723              		@ args = 0, pretend = 0, frame = 0
 724              		@ frame_needed = 0, uses_anonymous_args = 0
 725              		@ link register save eliminated.
 497:stm/stm32f4xx/STM32F4xx_HAL_Driver/Src/stm32f4xx_hal_rtc_ex.c ****   uint32_t tmpreg = 0U;
 726              		.loc 1 497 3 view .LVU264
 498:stm/stm32f4xx/STM32F4xx_HAL_Driver/Src/stm32f4xx_hal_rtc_ex.c **** 
 499:stm/stm32f4xx/STM32F4xx_HAL_Driver/Src/stm32f4xx_hal_rtc_ex.c ****   /* Check the parameters */
 500:stm/stm32f4xx/STM32F4xx_HAL_Driver/Src/stm32f4xx_hal_rtc_ex.c ****   assert_param(IS_RTC_TAMPER(sTamper->Tamper));
 727              		.loc 1 500 3 view .LVU265
 501:stm/stm32f4xx/STM32F4xx_HAL_Driver/Src/stm32f4xx_hal_rtc_ex.c ****   assert_param(IS_RTC_TAMPER_PIN(sTamper->PinSelection));
 728              		.loc 1 501 3 view .LVU266
 502:stm/stm32f4xx/STM32F4xx_HAL_Driver/Src/stm32f4xx_hal_rtc_ex.c ****   assert_param(IS_RTC_TAMPER_TRIGGER(sTamper->Trigger));
 729              		.loc 1 502 3 view .LVU267
ARM GAS  /tmp/ccYCz6LM.s 			page 23


 503:stm/stm32f4xx/STM32F4xx_HAL_Driver/Src/stm32f4xx_hal_rtc_ex.c ****   assert_param(IS_RTC_TAMPER_FILTER(sTamper->Filter));
 730              		.loc 1 503 3 view .LVU268
 504:stm/stm32f4xx/STM32F4xx_HAL_Driver/Src/stm32f4xx_hal_rtc_ex.c ****   assert_param(IS_RTC_TAMPER_FILTER_CONFIG_CORRECT(sTamper->Filter, sTamper->Trigger));
 731              		.loc 1 504 3 view .LVU269
 505:stm/stm32f4xx/STM32F4xx_HAL_Driver/Src/stm32f4xx_hal_rtc_ex.c ****   assert_param(IS_RTC_TAMPER_SAMPLING_FREQ(sTamper->SamplingFrequency));
 732              		.loc 1 505 3 view .LVU270
 506:stm/stm32f4xx/STM32F4xx_HAL_Driver/Src/stm32f4xx_hal_rtc_ex.c ****   assert_param(IS_RTC_TAMPER_PRECHARGE_DURATION(sTamper->PrechargeDuration));
 733              		.loc 1 506 3 view .LVU271
 507:stm/stm32f4xx/STM32F4xx_HAL_Driver/Src/stm32f4xx_hal_rtc_ex.c ****   assert_param(IS_RTC_TAMPER_PULLUP_STATE(sTamper->TamperPullUp));
 734              		.loc 1 507 3 view .LVU272
 508:stm/stm32f4xx/STM32F4xx_HAL_Driver/Src/stm32f4xx_hal_rtc_ex.c ****   assert_param(IS_RTC_TAMPER_TIMESTAMPONTAMPER_DETECTION(sTamper->TimeStampOnTamperDetection));
 735              		.loc 1 508 3 view .LVU273
 509:stm/stm32f4xx/STM32F4xx_HAL_Driver/Src/stm32f4xx_hal_rtc_ex.c **** 
 510:stm/stm32f4xx/STM32F4xx_HAL_Driver/Src/stm32f4xx_hal_rtc_ex.c ****   /* Process Locked */
 511:stm/stm32f4xx/STM32F4xx_HAL_Driver/Src/stm32f4xx_hal_rtc_ex.c ****   __HAL_LOCK(hrtc);
 736              		.loc 1 511 3 view .LVU274
 737              		.loc 1 511 3 view .LVU275
 738 0000 037F     		ldrb	r3, [r0, #28]	@ zero_extendqisi2
 739 0002 012B     		cmp	r3, #1
 740 0004 31D0     		beq	.L38
 496:stm/stm32f4xx/STM32F4xx_HAL_Driver/Src/stm32f4xx_hal_rtc_ex.c ****   uint32_t tmpreg = 0U;
 741              		.loc 1 496 1 is_stmt 0 view .LVU276
 742 0006 30B4     		push	{r4, r5}
 743              	.LCFI9:
 744              		.cfi_def_cfa_offset 8
 745              		.cfi_offset 4, -8
 746              		.cfi_offset 5, -4
 747 0008 0246     		mov	r2, r0
 748              		.loc 1 511 3 is_stmt 1 discriminator 2 view .LVU277
 749 000a 0123     		movs	r3, #1
 750 000c 0377     		strb	r3, [r0, #28]
 751              		.loc 1 511 3 discriminator 2 view .LVU278
 512:stm/stm32f4xx/STM32F4xx_HAL_Driver/Src/stm32f4xx_hal_rtc_ex.c **** 
 513:stm/stm32f4xx/STM32F4xx_HAL_Driver/Src/stm32f4xx_hal_rtc_ex.c ****   hrtc->State = HAL_RTC_STATE_BUSY;
 752              		.loc 1 513 3 view .LVU279
 753              		.loc 1 513 15 is_stmt 0 view .LVU280
 754 000e 0223     		movs	r3, #2
 755 0010 4377     		strb	r3, [r0, #29]
 514:stm/stm32f4xx/STM32F4xx_HAL_Driver/Src/stm32f4xx_hal_rtc_ex.c **** 
 515:stm/stm32f4xx/STM32F4xx_HAL_Driver/Src/stm32f4xx_hal_rtc_ex.c ****   /* Copy control register into temporary variable */
 516:stm/stm32f4xx/STM32F4xx_HAL_Driver/Src/stm32f4xx_hal_rtc_ex.c ****   tmpreg = hrtc->Instance->TAFCR;
 756              		.loc 1 516 3 is_stmt 1 view .LVU281
 757              		.loc 1 516 16 is_stmt 0 view .LVU282
 758 0012 0468     		ldr	r4, [r0]
 759              		.loc 1 516 10 view .LVU283
 760 0014 206C     		ldr	r0, [r4, #64]
 761              	.LVL57:
 517:stm/stm32f4xx/STM32F4xx_HAL_Driver/Src/stm32f4xx_hal_rtc_ex.c **** 
 518:stm/stm32f4xx/STM32F4xx_HAL_Driver/Src/stm32f4xx_hal_rtc_ex.c ****   /* Enable selected tamper */
 519:stm/stm32f4xx/STM32F4xx_HAL_Driver/Src/stm32f4xx_hal_rtc_ex.c ****   tmpreg |= (sTamper->Tamper);
 762              		.loc 1 519 3 is_stmt 1 view .LVU284
 763              		.loc 1 519 21 is_stmt 0 view .LVU285
 764 0016 0D68     		ldr	r5, [r1]
 765              		.loc 1 519 10 view .LVU286
 766 0018 2843     		orrs	r0, r0, r5
 767              	.LVL58:
 520:stm/stm32f4xx/STM32F4xx_HAL_Driver/Src/stm32f4xx_hal_rtc_ex.c **** 
ARM GAS  /tmp/ccYCz6LM.s 			page 24


 521:stm/stm32f4xx/STM32F4xx_HAL_Driver/Src/stm32f4xx_hal_rtc_ex.c ****   /* Configure the tamper trigger bit (this bit is just on the right of the
 522:stm/stm32f4xx/STM32F4xx_HAL_Driver/Src/stm32f4xx_hal_rtc_ex.c ****        tamper enable bit, hence the one-time right shift before updating it) */
 523:stm/stm32f4xx/STM32F4xx_HAL_Driver/Src/stm32f4xx_hal_rtc_ex.c ****   if (sTamper->Trigger == RTC_TAMPERTRIGGER_FALLINGEDGE)
 768              		.loc 1 523 3 is_stmt 1 view .LVU287
 769              		.loc 1 523 14 is_stmt 0 view .LVU288
 770 001a 8B68     		ldr	r3, [r1, #8]
 771              		.loc 1 523 6 view .LVU289
 772 001c 022B     		cmp	r3, #2
 773 001e 21D0     		beq	.L43
 524:stm/stm32f4xx/STM32F4xx_HAL_Driver/Src/stm32f4xx_hal_rtc_ex.c ****   {
 525:stm/stm32f4xx/STM32F4xx_HAL_Driver/Src/stm32f4xx_hal_rtc_ex.c ****     /* Set the tamper trigger bit (case of falling edge or high level) */
 526:stm/stm32f4xx/STM32F4xx_HAL_Driver/Src/stm32f4xx_hal_rtc_ex.c ****     tmpreg |= (uint32_t)(sTamper->Tamper << 1U);
 527:stm/stm32f4xx/STM32F4xx_HAL_Driver/Src/stm32f4xx_hal_rtc_ex.c ****   }
 528:stm/stm32f4xx/STM32F4xx_HAL_Driver/Src/stm32f4xx_hal_rtc_ex.c ****   else
 529:stm/stm32f4xx/STM32F4xx_HAL_Driver/Src/stm32f4xx_hal_rtc_ex.c ****   {
 530:stm/stm32f4xx/STM32F4xx_HAL_Driver/Src/stm32f4xx_hal_rtc_ex.c ****     /* Clear the tamper trigger bit (case of rising edge or low level) */
 531:stm/stm32f4xx/STM32F4xx_HAL_Driver/Src/stm32f4xx_hal_rtc_ex.c ****     tmpreg &= (uint32_t)~(sTamper->Tamper << 1U);
 774              		.loc 1 531 5 is_stmt 1 view .LVU290
 775              		.loc 1 531 12 is_stmt 0 view .LVU291
 776 0020 20EA4500 		bic	r0, r0, r5, lsl #1
 777              	.LVL59:
 778              	.L37:
 532:stm/stm32f4xx/STM32F4xx_HAL_Driver/Src/stm32f4xx_hal_rtc_ex.c ****   }
 533:stm/stm32f4xx/STM32F4xx_HAL_Driver/Src/stm32f4xx_hal_rtc_ex.c **** 
 534:stm/stm32f4xx/STM32F4xx_HAL_Driver/Src/stm32f4xx_hal_rtc_ex.c ****   /* Clear remaining fields before setting them */
 535:stm/stm32f4xx/STM32F4xx_HAL_Driver/Src/stm32f4xx_hal_rtc_ex.c ****   tmpreg &= ~(RTC_TAMPERFILTER_MASK              | \
 779              		.loc 1 535 3 is_stmt 1 view .LVU292
 780              		.loc 1 535 10 is_stmt 0 view .LVU293
 781 0024 6FF3D010 		bfc	r0, #7, #10
 782              	.LVL60:
 536:stm/stm32f4xx/STM32F4xx_HAL_Driver/Src/stm32f4xx_hal_rtc_ex.c ****               RTC_TAMPERSAMPLINGFREQ_RTCCLK_MASK | \
 537:stm/stm32f4xx/STM32F4xx_HAL_Driver/Src/stm32f4xx_hal_rtc_ex.c ****               RTC_TAMPERPRECHARGEDURATION_MASK   | \
 538:stm/stm32f4xx/STM32F4xx_HAL_Driver/Src/stm32f4xx_hal_rtc_ex.c ****               RTC_TAMPER_PULLUP_MASK             | \
 539:stm/stm32f4xx/STM32F4xx_HAL_Driver/Src/stm32f4xx_hal_rtc_ex.c ****               RTC_TAFCR_TAMP1INSEL               | \
 540:stm/stm32f4xx/STM32F4xx_HAL_Driver/Src/stm32f4xx_hal_rtc_ex.c ****               RTC_TIMESTAMPONTAMPERDETECTION_MASK);
 541:stm/stm32f4xx/STM32F4xx_HAL_Driver/Src/stm32f4xx_hal_rtc_ex.c **** 
 542:stm/stm32f4xx/STM32F4xx_HAL_Driver/Src/stm32f4xx_hal_rtc_ex.c ****   /* Set remaining parameters of desired configuration into temporary variable */
 543:stm/stm32f4xx/STM32F4xx_HAL_Driver/Src/stm32f4xx_hal_rtc_ex.c ****   tmpreg |= ((uint32_t)sTamper->Filter            | \
 783              		.loc 1 543 3 is_stmt 1 view .LVU294
 784              		.loc 1 543 31 is_stmt 0 view .LVU295
 785 0028 CB68     		ldr	r3, [r1, #12]
 544:stm/stm32f4xx/STM32F4xx_HAL_Driver/Src/stm32f4xx_hal_rtc_ex.c ****              (uint32_t)sTamper->SamplingFrequency | \
 786              		.loc 1 544 31 view .LVU296
 787 002a 0D69     		ldr	r5, [r1, #16]
 543:stm/stm32f4xx/STM32F4xx_HAL_Driver/Src/stm32f4xx_hal_rtc_ex.c ****              (uint32_t)sTamper->SamplingFrequency | \
 788              		.loc 1 543 51 view .LVU297
 789 002c 2B43     		orrs	r3, r3, r5
 545:stm/stm32f4xx/STM32F4xx_HAL_Driver/Src/stm32f4xx_hal_rtc_ex.c ****              (uint32_t)sTamper->PrechargeDuration | \
 790              		.loc 1 545 31 view .LVU298
 791 002e 4D69     		ldr	r5, [r1, #20]
 544:stm/stm32f4xx/STM32F4xx_HAL_Driver/Src/stm32f4xx_hal_rtc_ex.c ****              (uint32_t)sTamper->SamplingFrequency | \
 792              		.loc 1 544 51 view .LVU299
 793 0030 2B43     		orrs	r3, r3, r5
 546:stm/stm32f4xx/STM32F4xx_HAL_Driver/Src/stm32f4xx_hal_rtc_ex.c ****              (uint32_t)sTamper->TamperPullUp      | \
 794              		.loc 1 546 31 view .LVU300
 795 0032 8D69     		ldr	r5, [r1, #24]
 545:stm/stm32f4xx/STM32F4xx_HAL_Driver/Src/stm32f4xx_hal_rtc_ex.c ****              (uint32_t)sTamper->PrechargeDuration | \
ARM GAS  /tmp/ccYCz6LM.s 			page 25


 796              		.loc 1 545 51 view .LVU301
 797 0034 2B43     		orrs	r3, r3, r5
 547:stm/stm32f4xx/STM32F4xx_HAL_Driver/Src/stm32f4xx_hal_rtc_ex.c ****              (uint32_t)sTamper->PinSelection      | \
 798              		.loc 1 547 31 view .LVU302
 799 0036 4D68     		ldr	r5, [r1, #4]
 546:stm/stm32f4xx/STM32F4xx_HAL_Driver/Src/stm32f4xx_hal_rtc_ex.c ****              (uint32_t)sTamper->TamperPullUp      | \
 800              		.loc 1 546 51 view .LVU303
 801 0038 2B43     		orrs	r3, r3, r5
 548:stm/stm32f4xx/STM32F4xx_HAL_Driver/Src/stm32f4xx_hal_rtc_ex.c ****              (uint32_t)sTamper->TimeStampOnTamperDetection);
 802              		.loc 1 548 31 view .LVU304
 803 003a C969     		ldr	r1, [r1, #28]
 804              	.LVL61:
 547:stm/stm32f4xx/STM32F4xx_HAL_Driver/Src/stm32f4xx_hal_rtc_ex.c ****              (uint32_t)sTamper->PinSelection      | \
 805              		.loc 1 547 51 view .LVU305
 806 003c 0B43     		orrs	r3, r3, r1
 543:stm/stm32f4xx/STM32F4xx_HAL_Driver/Src/stm32f4xx_hal_rtc_ex.c ****              (uint32_t)sTamper->SamplingFrequency | \
 807              		.loc 1 543 10 view .LVU306
 808 003e 0343     		orrs	r3, r3, r0
 809              	.LVL62:
 549:stm/stm32f4xx/STM32F4xx_HAL_Driver/Src/stm32f4xx_hal_rtc_ex.c **** 
 550:stm/stm32f4xx/STM32F4xx_HAL_Driver/Src/stm32f4xx_hal_rtc_ex.c ****   /* Enable global tamper interrupt */
 551:stm/stm32f4xx/STM32F4xx_HAL_Driver/Src/stm32f4xx_hal_rtc_ex.c ****   tmpreg |= (uint32_t)RTC_TAFCR_TAMPIE;
 810              		.loc 1 551 3 is_stmt 1 view .LVU307
 811              		.loc 1 551 10 is_stmt 0 view .LVU308
 812 0040 43F00403 		orr	r3, r3, #4
 813              	.LVL63:
 552:stm/stm32f4xx/STM32F4xx_HAL_Driver/Src/stm32f4xx_hal_rtc_ex.c **** 
 553:stm/stm32f4xx/STM32F4xx_HAL_Driver/Src/stm32f4xx_hal_rtc_ex.c ****   /* Copy desired configuration into configuration register */
 554:stm/stm32f4xx/STM32F4xx_HAL_Driver/Src/stm32f4xx_hal_rtc_ex.c ****   hrtc->Instance->TAFCR = tmpreg;
 814              		.loc 1 554 3 is_stmt 1 view .LVU309
 815              		.loc 1 554 25 is_stmt 0 view .LVU310
 816 0044 2364     		str	r3, [r4, #64]
 555:stm/stm32f4xx/STM32F4xx_HAL_Driver/Src/stm32f4xx_hal_rtc_ex.c **** 
 556:stm/stm32f4xx/STM32F4xx_HAL_Driver/Src/stm32f4xx_hal_rtc_ex.c ****   /* RTC Tamper Interrupt Configuration: EXTI configuration */
 557:stm/stm32f4xx/STM32F4xx_HAL_Driver/Src/stm32f4xx_hal_rtc_ex.c ****   __HAL_RTC_TAMPER_TIMESTAMP_EXTI_ENABLE_IT();
 817              		.loc 1 557 3 is_stmt 1 view .LVU311
 818 0046 0A4B     		ldr	r3, .L44
 819              	.LVL64:
 820              		.loc 1 557 3 is_stmt 0 view .LVU312
 821 0048 1968     		ldr	r1, [r3]
 822 004a 41F40011 		orr	r1, r1, #2097152
 823 004e 1960     		str	r1, [r3]
 824              	.LVL65:
 558:stm/stm32f4xx/STM32F4xx_HAL_Driver/Src/stm32f4xx_hal_rtc_ex.c ****   __HAL_RTC_TAMPER_TIMESTAMP_EXTI_ENABLE_RISING_EDGE();
 825              		.loc 1 558 3 is_stmt 1 view .LVU313
 826 0050 9968     		ldr	r1, [r3, #8]
 827 0052 41F40011 		orr	r1, r1, #2097152
 828 0056 9960     		str	r1, [r3, #8]
 559:stm/stm32f4xx/STM32F4xx_HAL_Driver/Src/stm32f4xx_hal_rtc_ex.c **** 
 560:stm/stm32f4xx/STM32F4xx_HAL_Driver/Src/stm32f4xx_hal_rtc_ex.c ****   hrtc->State = HAL_RTC_STATE_READY;
 829              		.loc 1 560 3 view .LVU314
 830              		.loc 1 560 15 is_stmt 0 view .LVU315
 831 0058 0123     		movs	r3, #1
 832 005a 5377     		strb	r3, [r2, #29]
 561:stm/stm32f4xx/STM32F4xx_HAL_Driver/Src/stm32f4xx_hal_rtc_ex.c **** 
 562:stm/stm32f4xx/STM32F4xx_HAL_Driver/Src/stm32f4xx_hal_rtc_ex.c ****   /* Process Unlocked */
 563:stm/stm32f4xx/STM32F4xx_HAL_Driver/Src/stm32f4xx_hal_rtc_ex.c ****   __HAL_UNLOCK(hrtc);
ARM GAS  /tmp/ccYCz6LM.s 			page 26


 833              		.loc 1 563 3 is_stmt 1 view .LVU316
 834              		.loc 1 563 3 view .LVU317
 835 005c 0020     		movs	r0, #0
 836 005e 1077     		strb	r0, [r2, #28]
 837              		.loc 1 563 3 view .LVU318
 564:stm/stm32f4xx/STM32F4xx_HAL_Driver/Src/stm32f4xx_hal_rtc_ex.c **** 
 565:stm/stm32f4xx/STM32F4xx_HAL_Driver/Src/stm32f4xx_hal_rtc_ex.c ****   return HAL_OK;
 838              		.loc 1 565 3 view .LVU319
 566:stm/stm32f4xx/STM32F4xx_HAL_Driver/Src/stm32f4xx_hal_rtc_ex.c **** }
 839              		.loc 1 566 1 is_stmt 0 view .LVU320
 840 0060 30BC     		pop	{r4, r5}
 841              	.LCFI10:
 842              		.cfi_remember_state
 843              		.cfi_restore 5
 844              		.cfi_restore 4
 845              		.cfi_def_cfa_offset 0
 846 0062 7047     		bx	lr
 847              	.LVL66:
 848              	.L43:
 849              	.LCFI11:
 850              		.cfi_restore_state
 526:stm/stm32f4xx/STM32F4xx_HAL_Driver/Src/stm32f4xx_hal_rtc_ex.c ****   }
 851              		.loc 1 526 5 is_stmt 1 view .LVU321
 526:stm/stm32f4xx/STM32F4xx_HAL_Driver/Src/stm32f4xx_hal_rtc_ex.c ****   }
 852              		.loc 1 526 12 is_stmt 0 view .LVU322
 853 0064 40EA4500 		orr	r0, r0, r5, lsl #1
 854              	.LVL67:
 526:stm/stm32f4xx/STM32F4xx_HAL_Driver/Src/stm32f4xx_hal_rtc_ex.c ****   }
 855              		.loc 1 526 12 view .LVU323
 856 0068 DCE7     		b	.L37
 857              	.LVL68:
 858              	.L38:
 859              	.LCFI12:
 860              		.cfi_def_cfa_offset 0
 861              		.cfi_restore 4
 862              		.cfi_restore 5
 511:stm/stm32f4xx/STM32F4xx_HAL_Driver/Src/stm32f4xx_hal_rtc_ex.c **** 
 863              		.loc 1 511 3 discriminator 1 view .LVU324
 864 006a 0220     		movs	r0, #2
 865              	.LVL69:
 866              		.loc 1 566 1 view .LVU325
 867 006c 7047     		bx	lr
 868              	.L45:
 869 006e 00BF     		.align	2
 870              	.L44:
 871 0070 003C0140 		.word	1073822720
 872              		.cfi_endproc
 873              	.LFE244:
 875              		.section	.text.HAL_RTCEx_DeactivateTamper,"ax",%progbits
 876              		.align	1
 877              		.global	HAL_RTCEx_DeactivateTamper
 878              		.syntax unified
 879              		.thumb
 880              		.thumb_func
 882              	HAL_RTCEx_DeactivateTamper:
 883              	.LVL70:
 884              	.LFB245:
ARM GAS  /tmp/ccYCz6LM.s 			page 27


 567:stm/stm32f4xx/STM32F4xx_HAL_Driver/Src/stm32f4xx_hal_rtc_ex.c **** 
 568:stm/stm32f4xx/STM32F4xx_HAL_Driver/Src/stm32f4xx_hal_rtc_ex.c **** /**
 569:stm/stm32f4xx/STM32F4xx_HAL_Driver/Src/stm32f4xx_hal_rtc_ex.c ****   * @brief  Deactivates Tamper.
 570:stm/stm32f4xx/STM32F4xx_HAL_Driver/Src/stm32f4xx_hal_rtc_ex.c ****   * @note   The tamper global interrupt bit will remain unchanged.
 571:stm/stm32f4xx/STM32F4xx_HAL_Driver/Src/stm32f4xx_hal_rtc_ex.c ****   * @param  hrtc pointer to a RTC_HandleTypeDef structure that contains
 572:stm/stm32f4xx/STM32F4xx_HAL_Driver/Src/stm32f4xx_hal_rtc_ex.c ****   *                the configuration information for RTC.
 573:stm/stm32f4xx/STM32F4xx_HAL_Driver/Src/stm32f4xx_hal_rtc_ex.c ****   * @param  Tamper Selected tamper pin.
 574:stm/stm32f4xx/STM32F4xx_HAL_Driver/Src/stm32f4xx_hal_rtc_ex.c ****   *          This parameter can be any combination of the following values:
 575:stm/stm32f4xx/STM32F4xx_HAL_Driver/Src/stm32f4xx_hal_rtc_ex.c ****   *            @arg RTC_TAMPER_1:  Tamper 1
 576:stm/stm32f4xx/STM32F4xx_HAL_Driver/Src/stm32f4xx_hal_rtc_ex.c ****   *            @arg RTC_TAMPER_2:  Tamper 2
 577:stm/stm32f4xx/STM32F4xx_HAL_Driver/Src/stm32f4xx_hal_rtc_ex.c ****   * @note   RTC_TAMPER_2 is not applicable to all devices.
 578:stm/stm32f4xx/STM32F4xx_HAL_Driver/Src/stm32f4xx_hal_rtc_ex.c ****   * @retval HAL status
 579:stm/stm32f4xx/STM32F4xx_HAL_Driver/Src/stm32f4xx_hal_rtc_ex.c ****   */
 580:stm/stm32f4xx/STM32F4xx_HAL_Driver/Src/stm32f4xx_hal_rtc_ex.c **** HAL_StatusTypeDef HAL_RTCEx_DeactivateTamper(RTC_HandleTypeDef *hrtc, uint32_t Tamper)
 581:stm/stm32f4xx/STM32F4xx_HAL_Driver/Src/stm32f4xx_hal_rtc_ex.c **** {
 885              		.loc 1 581 1 is_stmt 1 view -0
 886              		.cfi_startproc
 887              		@ args = 0, pretend = 0, frame = 0
 888              		@ frame_needed = 0, uses_anonymous_args = 0
 889              		@ link register save eliminated.
 582:stm/stm32f4xx/STM32F4xx_HAL_Driver/Src/stm32f4xx_hal_rtc_ex.c ****   assert_param(IS_RTC_TAMPER(Tamper));
 890              		.loc 1 582 3 view .LVU327
 583:stm/stm32f4xx/STM32F4xx_HAL_Driver/Src/stm32f4xx_hal_rtc_ex.c **** 
 584:stm/stm32f4xx/STM32F4xx_HAL_Driver/Src/stm32f4xx_hal_rtc_ex.c ****   /* Process Locked */
 585:stm/stm32f4xx/STM32F4xx_HAL_Driver/Src/stm32f4xx_hal_rtc_ex.c ****   __HAL_LOCK(hrtc);
 891              		.loc 1 585 3 view .LVU328
 892              		.loc 1 585 3 view .LVU329
 893 0000 037F     		ldrb	r3, [r0, #28]	@ zero_extendqisi2
 894 0002 012B     		cmp	r3, #1
 895 0004 10D0     		beq	.L48
 581:stm/stm32f4xx/STM32F4xx_HAL_Driver/Src/stm32f4xx_hal_rtc_ex.c ****   assert_param(IS_RTC_TAMPER(Tamper));
 896              		.loc 1 581 1 is_stmt 0 view .LVU330
 897 0006 10B4     		push	{r4}
 898              	.LCFI13:
 899              		.cfi_def_cfa_offset 4
 900              		.cfi_offset 4, -4
 901              		.loc 1 585 3 is_stmt 1 discriminator 2 view .LVU331
 902 0008 0122     		movs	r2, #1
 903 000a 0277     		strb	r2, [r0, #28]
 904              		.loc 1 585 3 discriminator 2 view .LVU332
 586:stm/stm32f4xx/STM32F4xx_HAL_Driver/Src/stm32f4xx_hal_rtc_ex.c **** 
 587:stm/stm32f4xx/STM32F4xx_HAL_Driver/Src/stm32f4xx_hal_rtc_ex.c ****   hrtc->State = HAL_RTC_STATE_BUSY;
 905              		.loc 1 587 3 view .LVU333
 906              		.loc 1 587 15 is_stmt 0 view .LVU334
 907 000c 0223     		movs	r3, #2
 908 000e 4377     		strb	r3, [r0, #29]
 588:stm/stm32f4xx/STM32F4xx_HAL_Driver/Src/stm32f4xx_hal_rtc_ex.c **** 
 589:stm/stm32f4xx/STM32F4xx_HAL_Driver/Src/stm32f4xx_hal_rtc_ex.c ****   /* Disable the selected Tamper pin */
 590:stm/stm32f4xx/STM32F4xx_HAL_Driver/Src/stm32f4xx_hal_rtc_ex.c ****   hrtc->Instance->TAFCR &= (uint32_t)~Tamper;
 909              		.loc 1 590 3 is_stmt 1 view .LVU335
 910              		.loc 1 590 7 is_stmt 0 view .LVU336
 911 0010 0468     		ldr	r4, [r0]
 912              		.loc 1 590 17 view .LVU337
 913 0012 236C     		ldr	r3, [r4, #64]
 914              		.loc 1 590 25 view .LVU338
 915 0014 23EA0103 		bic	r3, r3, r1
 916 0018 2364     		str	r3, [r4, #64]
ARM GAS  /tmp/ccYCz6LM.s 			page 28


 591:stm/stm32f4xx/STM32F4xx_HAL_Driver/Src/stm32f4xx_hal_rtc_ex.c **** 
 592:stm/stm32f4xx/STM32F4xx_HAL_Driver/Src/stm32f4xx_hal_rtc_ex.c ****   hrtc->State = HAL_RTC_STATE_READY;
 917              		.loc 1 592 3 is_stmt 1 view .LVU339
 918              		.loc 1 592 15 is_stmt 0 view .LVU340
 919 001a 4277     		strb	r2, [r0, #29]
 593:stm/stm32f4xx/STM32F4xx_HAL_Driver/Src/stm32f4xx_hal_rtc_ex.c **** 
 594:stm/stm32f4xx/STM32F4xx_HAL_Driver/Src/stm32f4xx_hal_rtc_ex.c ****   /* Process Unlocked */
 595:stm/stm32f4xx/STM32F4xx_HAL_Driver/Src/stm32f4xx_hal_rtc_ex.c ****   __HAL_UNLOCK(hrtc);
 920              		.loc 1 595 3 is_stmt 1 view .LVU341
 921              		.loc 1 595 3 view .LVU342
 922 001c 0023     		movs	r3, #0
 923 001e 0377     		strb	r3, [r0, #28]
 924              		.loc 1 595 3 view .LVU343
 596:stm/stm32f4xx/STM32F4xx_HAL_Driver/Src/stm32f4xx_hal_rtc_ex.c **** 
 597:stm/stm32f4xx/STM32F4xx_HAL_Driver/Src/stm32f4xx_hal_rtc_ex.c ****   return HAL_OK;
 925              		.loc 1 597 3 view .LVU344
 926              		.loc 1 597 10 is_stmt 0 view .LVU345
 927 0020 1846     		mov	r0, r3
 928              	.LVL71:
 598:stm/stm32f4xx/STM32F4xx_HAL_Driver/Src/stm32f4xx_hal_rtc_ex.c **** }
 929              		.loc 1 598 1 view .LVU346
 930 0022 5DF8044B 		ldr	r4, [sp], #4
 931              	.LCFI14:
 932              		.cfi_restore 4
 933              		.cfi_def_cfa_offset 0
 934 0026 7047     		bx	lr
 935              	.LVL72:
 936              	.L48:
 585:stm/stm32f4xx/STM32F4xx_HAL_Driver/Src/stm32f4xx_hal_rtc_ex.c **** 
 937              		.loc 1 585 3 discriminator 1 view .LVU347
 938 0028 0220     		movs	r0, #2
 939              	.LVL73:
 940              		.loc 1 598 1 view .LVU348
 941 002a 7047     		bx	lr
 942              		.cfi_endproc
 943              	.LFE245:
 945              		.section	.text.HAL_RTCEx_TimeStampEventCallback,"ax",%progbits
 946              		.align	1
 947              		.weak	HAL_RTCEx_TimeStampEventCallback
 948              		.syntax unified
 949              		.thumb
 950              		.thumb_func
 952              	HAL_RTCEx_TimeStampEventCallback:
 953              	.LVL74:
 954              	.LFB247:
 599:stm/stm32f4xx/STM32F4xx_HAL_Driver/Src/stm32f4xx_hal_rtc_ex.c **** 
 600:stm/stm32f4xx/STM32F4xx_HAL_Driver/Src/stm32f4xx_hal_rtc_ex.c **** /**
 601:stm/stm32f4xx/STM32F4xx_HAL_Driver/Src/stm32f4xx_hal_rtc_ex.c ****   * @brief  Handles Timestamp and Tamper interrupt request.
 602:stm/stm32f4xx/STM32F4xx_HAL_Driver/Src/stm32f4xx_hal_rtc_ex.c ****   * @param  hrtc pointer to a RTC_HandleTypeDef structure that contains
 603:stm/stm32f4xx/STM32F4xx_HAL_Driver/Src/stm32f4xx_hal_rtc_ex.c ****   *                the configuration information for RTC.
 604:stm/stm32f4xx/STM32F4xx_HAL_Driver/Src/stm32f4xx_hal_rtc_ex.c ****   * @retval None
 605:stm/stm32f4xx/STM32F4xx_HAL_Driver/Src/stm32f4xx_hal_rtc_ex.c ****   */
 606:stm/stm32f4xx/STM32F4xx_HAL_Driver/Src/stm32f4xx_hal_rtc_ex.c **** void HAL_RTCEx_TamperTimeStampIRQHandler(RTC_HandleTypeDef *hrtc)
 607:stm/stm32f4xx/STM32F4xx_HAL_Driver/Src/stm32f4xx_hal_rtc_ex.c **** {
 608:stm/stm32f4xx/STM32F4xx_HAL_Driver/Src/stm32f4xx_hal_rtc_ex.c ****   /* Clear the EXTI's Flag for RTC Timestamp and Tamper */
 609:stm/stm32f4xx/STM32F4xx_HAL_Driver/Src/stm32f4xx_hal_rtc_ex.c ****   __HAL_RTC_TAMPER_TIMESTAMP_EXTI_CLEAR_FLAG();
 610:stm/stm32f4xx/STM32F4xx_HAL_Driver/Src/stm32f4xx_hal_rtc_ex.c **** 
ARM GAS  /tmp/ccYCz6LM.s 			page 29


 611:stm/stm32f4xx/STM32F4xx_HAL_Driver/Src/stm32f4xx_hal_rtc_ex.c ****   /* Get the Timestamp interrupt source enable status */
 612:stm/stm32f4xx/STM32F4xx_HAL_Driver/Src/stm32f4xx_hal_rtc_ex.c ****   if (__HAL_RTC_TIMESTAMP_GET_IT_SOURCE(hrtc, RTC_IT_TS) != 0U)
 613:stm/stm32f4xx/STM32F4xx_HAL_Driver/Src/stm32f4xx_hal_rtc_ex.c ****   {
 614:stm/stm32f4xx/STM32F4xx_HAL_Driver/Src/stm32f4xx_hal_rtc_ex.c ****     /* Get the pending status of the Timestamp Interrupt */
 615:stm/stm32f4xx/STM32F4xx_HAL_Driver/Src/stm32f4xx_hal_rtc_ex.c ****     if (__HAL_RTC_TIMESTAMP_GET_FLAG(hrtc, RTC_FLAG_TSF) != 0U)
 616:stm/stm32f4xx/STM32F4xx_HAL_Driver/Src/stm32f4xx_hal_rtc_ex.c ****     {
 617:stm/stm32f4xx/STM32F4xx_HAL_Driver/Src/stm32f4xx_hal_rtc_ex.c ****       /* Timestamp callback */
 618:stm/stm32f4xx/STM32F4xx_HAL_Driver/Src/stm32f4xx_hal_rtc_ex.c **** #if (USE_HAL_RTC_REGISTER_CALLBACKS == 1)
 619:stm/stm32f4xx/STM32F4xx_HAL_Driver/Src/stm32f4xx_hal_rtc_ex.c ****       hrtc->TimeStampEventCallback(hrtc);
 620:stm/stm32f4xx/STM32F4xx_HAL_Driver/Src/stm32f4xx_hal_rtc_ex.c **** #else
 621:stm/stm32f4xx/STM32F4xx_HAL_Driver/Src/stm32f4xx_hal_rtc_ex.c ****       HAL_RTCEx_TimeStampEventCallback(hrtc);
 622:stm/stm32f4xx/STM32F4xx_HAL_Driver/Src/stm32f4xx_hal_rtc_ex.c **** #endif /* USE_HAL_RTC_REGISTER_CALLBACKS */
 623:stm/stm32f4xx/STM32F4xx_HAL_Driver/Src/stm32f4xx_hal_rtc_ex.c **** 
 624:stm/stm32f4xx/STM32F4xx_HAL_Driver/Src/stm32f4xx_hal_rtc_ex.c ****       /* Clear the Timestamp interrupt pending bit after returning from callback
 625:stm/stm32f4xx/STM32F4xx_HAL_Driver/Src/stm32f4xx_hal_rtc_ex.c ****          as RTC_TSTR and RTC_TSDR registers are cleared when TSF bit is reset */
 626:stm/stm32f4xx/STM32F4xx_HAL_Driver/Src/stm32f4xx_hal_rtc_ex.c ****       __HAL_RTC_TIMESTAMP_CLEAR_FLAG(hrtc, RTC_FLAG_TSF);
 627:stm/stm32f4xx/STM32F4xx_HAL_Driver/Src/stm32f4xx_hal_rtc_ex.c ****     }
 628:stm/stm32f4xx/STM32F4xx_HAL_Driver/Src/stm32f4xx_hal_rtc_ex.c ****   }
 629:stm/stm32f4xx/STM32F4xx_HAL_Driver/Src/stm32f4xx_hal_rtc_ex.c **** 
 630:stm/stm32f4xx/STM32F4xx_HAL_Driver/Src/stm32f4xx_hal_rtc_ex.c ****   /* Get the Tamper 1 interrupt source enable status */
 631:stm/stm32f4xx/STM32F4xx_HAL_Driver/Src/stm32f4xx_hal_rtc_ex.c ****   if (__HAL_RTC_TAMPER_GET_IT_SOURCE(hrtc, RTC_IT_TAMP) != 0U)
 632:stm/stm32f4xx/STM32F4xx_HAL_Driver/Src/stm32f4xx_hal_rtc_ex.c ****   {
 633:stm/stm32f4xx/STM32F4xx_HAL_Driver/Src/stm32f4xx_hal_rtc_ex.c ****     /* Get the pending status of the Tamper 1 Interrupt */
 634:stm/stm32f4xx/STM32F4xx_HAL_Driver/Src/stm32f4xx_hal_rtc_ex.c ****     if (__HAL_RTC_TAMPER_GET_FLAG(hrtc, RTC_FLAG_TAMP1F) != 0U)
 635:stm/stm32f4xx/STM32F4xx_HAL_Driver/Src/stm32f4xx_hal_rtc_ex.c ****     {
 636:stm/stm32f4xx/STM32F4xx_HAL_Driver/Src/stm32f4xx_hal_rtc_ex.c ****       /* Clear the Tamper interrupt pending bit */
 637:stm/stm32f4xx/STM32F4xx_HAL_Driver/Src/stm32f4xx_hal_rtc_ex.c ****       __HAL_RTC_TAMPER_CLEAR_FLAG(hrtc, RTC_FLAG_TAMP1F);
 638:stm/stm32f4xx/STM32F4xx_HAL_Driver/Src/stm32f4xx_hal_rtc_ex.c **** 
 639:stm/stm32f4xx/STM32F4xx_HAL_Driver/Src/stm32f4xx_hal_rtc_ex.c ****       /* Tamper callback */
 640:stm/stm32f4xx/STM32F4xx_HAL_Driver/Src/stm32f4xx_hal_rtc_ex.c **** #if (USE_HAL_RTC_REGISTER_CALLBACKS == 1)
 641:stm/stm32f4xx/STM32F4xx_HAL_Driver/Src/stm32f4xx_hal_rtc_ex.c ****       hrtc->Tamper1EventCallback(hrtc);
 642:stm/stm32f4xx/STM32F4xx_HAL_Driver/Src/stm32f4xx_hal_rtc_ex.c **** #else
 643:stm/stm32f4xx/STM32F4xx_HAL_Driver/Src/stm32f4xx_hal_rtc_ex.c ****       HAL_RTCEx_Tamper1EventCallback(hrtc);
 644:stm/stm32f4xx/STM32F4xx_HAL_Driver/Src/stm32f4xx_hal_rtc_ex.c **** #endif /* USE_HAL_RTC_REGISTER_CALLBACKS */
 645:stm/stm32f4xx/STM32F4xx_HAL_Driver/Src/stm32f4xx_hal_rtc_ex.c ****     }
 646:stm/stm32f4xx/STM32F4xx_HAL_Driver/Src/stm32f4xx_hal_rtc_ex.c ****   }
 647:stm/stm32f4xx/STM32F4xx_HAL_Driver/Src/stm32f4xx_hal_rtc_ex.c **** 
 648:stm/stm32f4xx/STM32F4xx_HAL_Driver/Src/stm32f4xx_hal_rtc_ex.c **** #if defined(RTC_TAMPER2_SUPPORT)
 649:stm/stm32f4xx/STM32F4xx_HAL_Driver/Src/stm32f4xx_hal_rtc_ex.c ****   /* Get the Tamper 2 interrupt source enable status */
 650:stm/stm32f4xx/STM32F4xx_HAL_Driver/Src/stm32f4xx_hal_rtc_ex.c ****   if (__HAL_RTC_TAMPER_GET_IT_SOURCE(hrtc, RTC_IT_TAMP) != 0U)
 651:stm/stm32f4xx/STM32F4xx_HAL_Driver/Src/stm32f4xx_hal_rtc_ex.c ****   {
 652:stm/stm32f4xx/STM32F4xx_HAL_Driver/Src/stm32f4xx_hal_rtc_ex.c ****     /* Get the pending status of the Tamper 2 Interrupt */
 653:stm/stm32f4xx/STM32F4xx_HAL_Driver/Src/stm32f4xx_hal_rtc_ex.c ****     if (__HAL_RTC_TAMPER_GET_FLAG(hrtc, RTC_FLAG_TAMP2F) != 0U)
 654:stm/stm32f4xx/STM32F4xx_HAL_Driver/Src/stm32f4xx_hal_rtc_ex.c ****     {
 655:stm/stm32f4xx/STM32F4xx_HAL_Driver/Src/stm32f4xx_hal_rtc_ex.c ****       /* Clear the Tamper interrupt pending bit */
 656:stm/stm32f4xx/STM32F4xx_HAL_Driver/Src/stm32f4xx_hal_rtc_ex.c ****       __HAL_RTC_TAMPER_CLEAR_FLAG(hrtc, RTC_FLAG_TAMP2F);
 657:stm/stm32f4xx/STM32F4xx_HAL_Driver/Src/stm32f4xx_hal_rtc_ex.c **** 
 658:stm/stm32f4xx/STM32F4xx_HAL_Driver/Src/stm32f4xx_hal_rtc_ex.c ****       /* Tamper callback */
 659:stm/stm32f4xx/STM32F4xx_HAL_Driver/Src/stm32f4xx_hal_rtc_ex.c **** #if (USE_HAL_RTC_REGISTER_CALLBACKS == 1)
 660:stm/stm32f4xx/STM32F4xx_HAL_Driver/Src/stm32f4xx_hal_rtc_ex.c ****       hrtc->Tamper2EventCallback(hrtc);
 661:stm/stm32f4xx/STM32F4xx_HAL_Driver/Src/stm32f4xx_hal_rtc_ex.c **** #else
 662:stm/stm32f4xx/STM32F4xx_HAL_Driver/Src/stm32f4xx_hal_rtc_ex.c ****       HAL_RTCEx_Tamper2EventCallback(hrtc);
 663:stm/stm32f4xx/STM32F4xx_HAL_Driver/Src/stm32f4xx_hal_rtc_ex.c **** #endif /* USE_HAL_RTC_REGISTER_CALLBACKS */
 664:stm/stm32f4xx/STM32F4xx_HAL_Driver/Src/stm32f4xx_hal_rtc_ex.c ****     }
 665:stm/stm32f4xx/STM32F4xx_HAL_Driver/Src/stm32f4xx_hal_rtc_ex.c ****   }
 666:stm/stm32f4xx/STM32F4xx_HAL_Driver/Src/stm32f4xx_hal_rtc_ex.c **** #endif /* RTC_TAMPER2_SUPPORT */
 667:stm/stm32f4xx/STM32F4xx_HAL_Driver/Src/stm32f4xx_hal_rtc_ex.c **** 
ARM GAS  /tmp/ccYCz6LM.s 			page 30


 668:stm/stm32f4xx/STM32F4xx_HAL_Driver/Src/stm32f4xx_hal_rtc_ex.c ****   /* Change RTC state */
 669:stm/stm32f4xx/STM32F4xx_HAL_Driver/Src/stm32f4xx_hal_rtc_ex.c ****   hrtc->State = HAL_RTC_STATE_READY;
 670:stm/stm32f4xx/STM32F4xx_HAL_Driver/Src/stm32f4xx_hal_rtc_ex.c **** }
 671:stm/stm32f4xx/STM32F4xx_HAL_Driver/Src/stm32f4xx_hal_rtc_ex.c **** 
 672:stm/stm32f4xx/STM32F4xx_HAL_Driver/Src/stm32f4xx_hal_rtc_ex.c **** /**
 673:stm/stm32f4xx/STM32F4xx_HAL_Driver/Src/stm32f4xx_hal_rtc_ex.c ****   * @brief  Timestamp callback.
 674:stm/stm32f4xx/STM32F4xx_HAL_Driver/Src/stm32f4xx_hal_rtc_ex.c ****   * @param  hrtc pointer to a RTC_HandleTypeDef structure that contains
 675:stm/stm32f4xx/STM32F4xx_HAL_Driver/Src/stm32f4xx_hal_rtc_ex.c ****   *                the configuration information for RTC.
 676:stm/stm32f4xx/STM32F4xx_HAL_Driver/Src/stm32f4xx_hal_rtc_ex.c ****   * @retval None
 677:stm/stm32f4xx/STM32F4xx_HAL_Driver/Src/stm32f4xx_hal_rtc_ex.c ****   */
 678:stm/stm32f4xx/STM32F4xx_HAL_Driver/Src/stm32f4xx_hal_rtc_ex.c **** __weak void HAL_RTCEx_TimeStampEventCallback(RTC_HandleTypeDef *hrtc)
 679:stm/stm32f4xx/STM32F4xx_HAL_Driver/Src/stm32f4xx_hal_rtc_ex.c **** {
 955              		.loc 1 679 1 is_stmt 1 view -0
 956              		.cfi_startproc
 957              		@ args = 0, pretend = 0, frame = 0
 958              		@ frame_needed = 0, uses_anonymous_args = 0
 959              		@ link register save eliminated.
 680:stm/stm32f4xx/STM32F4xx_HAL_Driver/Src/stm32f4xx_hal_rtc_ex.c ****   /* Prevent unused argument(s) compilation warning */
 681:stm/stm32f4xx/STM32F4xx_HAL_Driver/Src/stm32f4xx_hal_rtc_ex.c ****   UNUSED(hrtc);
 960              		.loc 1 681 3 view .LVU350
 682:stm/stm32f4xx/STM32F4xx_HAL_Driver/Src/stm32f4xx_hal_rtc_ex.c **** 
 683:stm/stm32f4xx/STM32F4xx_HAL_Driver/Src/stm32f4xx_hal_rtc_ex.c ****   /* NOTE: This function should not be modified, when the callback is needed,
 684:stm/stm32f4xx/STM32F4xx_HAL_Driver/Src/stm32f4xx_hal_rtc_ex.c ****            the HAL_RTCEx_TimeStampEventCallback could be implemented in the user file
 685:stm/stm32f4xx/STM32F4xx_HAL_Driver/Src/stm32f4xx_hal_rtc_ex.c ****   */
 686:stm/stm32f4xx/STM32F4xx_HAL_Driver/Src/stm32f4xx_hal_rtc_ex.c **** }
 961              		.loc 1 686 1 is_stmt 0 view .LVU351
 962 0000 7047     		bx	lr
 963              		.cfi_endproc
 964              	.LFE247:
 966              		.section	.text.HAL_RTCEx_Tamper1EventCallback,"ax",%progbits
 967              		.align	1
 968              		.weak	HAL_RTCEx_Tamper1EventCallback
 969              		.syntax unified
 970              		.thumb
 971              		.thumb_func
 973              	HAL_RTCEx_Tamper1EventCallback:
 974              	.LVL75:
 975              	.LFB248:
 687:stm/stm32f4xx/STM32F4xx_HAL_Driver/Src/stm32f4xx_hal_rtc_ex.c **** 
 688:stm/stm32f4xx/STM32F4xx_HAL_Driver/Src/stm32f4xx_hal_rtc_ex.c **** /**
 689:stm/stm32f4xx/STM32F4xx_HAL_Driver/Src/stm32f4xx_hal_rtc_ex.c ****   * @brief  Tamper 1 callback.
 690:stm/stm32f4xx/STM32F4xx_HAL_Driver/Src/stm32f4xx_hal_rtc_ex.c ****   * @param  hrtc pointer to a RTC_HandleTypeDef structure that contains
 691:stm/stm32f4xx/STM32F4xx_HAL_Driver/Src/stm32f4xx_hal_rtc_ex.c ****   *                the configuration information for RTC.
 692:stm/stm32f4xx/STM32F4xx_HAL_Driver/Src/stm32f4xx_hal_rtc_ex.c ****   * @retval None
 693:stm/stm32f4xx/STM32F4xx_HAL_Driver/Src/stm32f4xx_hal_rtc_ex.c ****   */
 694:stm/stm32f4xx/STM32F4xx_HAL_Driver/Src/stm32f4xx_hal_rtc_ex.c **** __weak void HAL_RTCEx_Tamper1EventCallback(RTC_HandleTypeDef *hrtc)
 695:stm/stm32f4xx/STM32F4xx_HAL_Driver/Src/stm32f4xx_hal_rtc_ex.c **** {
 976              		.loc 1 695 1 is_stmt 1 view -0
 977              		.cfi_startproc
 978              		@ args = 0, pretend = 0, frame = 0
 979              		@ frame_needed = 0, uses_anonymous_args = 0
 980              		@ link register save eliminated.
 696:stm/stm32f4xx/STM32F4xx_HAL_Driver/Src/stm32f4xx_hal_rtc_ex.c ****   /* Prevent unused argument(s) compilation warning */
 697:stm/stm32f4xx/STM32F4xx_HAL_Driver/Src/stm32f4xx_hal_rtc_ex.c ****   UNUSED(hrtc);
 981              		.loc 1 697 3 view .LVU353
 698:stm/stm32f4xx/STM32F4xx_HAL_Driver/Src/stm32f4xx_hal_rtc_ex.c **** 
 699:stm/stm32f4xx/STM32F4xx_HAL_Driver/Src/stm32f4xx_hal_rtc_ex.c ****   /* NOTE: This function should not be modified, when the callback is needed,
ARM GAS  /tmp/ccYCz6LM.s 			page 31


 700:stm/stm32f4xx/STM32F4xx_HAL_Driver/Src/stm32f4xx_hal_rtc_ex.c ****            the HAL_RTCEx_Tamper1EventCallback could be implemented in the user file
 701:stm/stm32f4xx/STM32F4xx_HAL_Driver/Src/stm32f4xx_hal_rtc_ex.c ****    */
 702:stm/stm32f4xx/STM32F4xx_HAL_Driver/Src/stm32f4xx_hal_rtc_ex.c **** }
 982              		.loc 1 702 1 is_stmt 0 view .LVU354
 983 0000 7047     		bx	lr
 984              		.cfi_endproc
 985              	.LFE248:
 987              		.section	.text.HAL_RTCEx_Tamper2EventCallback,"ax",%progbits
 988              		.align	1
 989              		.weak	HAL_RTCEx_Tamper2EventCallback
 990              		.syntax unified
 991              		.thumb
 992              		.thumb_func
 994              	HAL_RTCEx_Tamper2EventCallback:
 995              	.LVL76:
 996              	.LFB249:
 703:stm/stm32f4xx/STM32F4xx_HAL_Driver/Src/stm32f4xx_hal_rtc_ex.c **** 
 704:stm/stm32f4xx/STM32F4xx_HAL_Driver/Src/stm32f4xx_hal_rtc_ex.c **** #if defined(RTC_TAMPER2_SUPPORT)
 705:stm/stm32f4xx/STM32F4xx_HAL_Driver/Src/stm32f4xx_hal_rtc_ex.c **** /**
 706:stm/stm32f4xx/STM32F4xx_HAL_Driver/Src/stm32f4xx_hal_rtc_ex.c ****   * @brief  Tamper 2 callback.
 707:stm/stm32f4xx/STM32F4xx_HAL_Driver/Src/stm32f4xx_hal_rtc_ex.c ****   * @param  hrtc pointer to a RTC_HandleTypeDef structure that contains
 708:stm/stm32f4xx/STM32F4xx_HAL_Driver/Src/stm32f4xx_hal_rtc_ex.c ****   *                the configuration information for RTC.
 709:stm/stm32f4xx/STM32F4xx_HAL_Driver/Src/stm32f4xx_hal_rtc_ex.c ****   * @retval None
 710:stm/stm32f4xx/STM32F4xx_HAL_Driver/Src/stm32f4xx_hal_rtc_ex.c ****   */
 711:stm/stm32f4xx/STM32F4xx_HAL_Driver/Src/stm32f4xx_hal_rtc_ex.c **** __weak void HAL_RTCEx_Tamper2EventCallback(RTC_HandleTypeDef *hrtc)
 712:stm/stm32f4xx/STM32F4xx_HAL_Driver/Src/stm32f4xx_hal_rtc_ex.c **** {
 997              		.loc 1 712 1 is_stmt 1 view -0
 998              		.cfi_startproc
 999              		@ args = 0, pretend = 0, frame = 0
 1000              		@ frame_needed = 0, uses_anonymous_args = 0
 1001              		@ link register save eliminated.
 713:stm/stm32f4xx/STM32F4xx_HAL_Driver/Src/stm32f4xx_hal_rtc_ex.c ****   /* Prevent unused argument(s) compilation warning */
 714:stm/stm32f4xx/STM32F4xx_HAL_Driver/Src/stm32f4xx_hal_rtc_ex.c ****   UNUSED(hrtc);
 1002              		.loc 1 714 3 view .LVU356
 715:stm/stm32f4xx/STM32F4xx_HAL_Driver/Src/stm32f4xx_hal_rtc_ex.c **** 
 716:stm/stm32f4xx/STM32F4xx_HAL_Driver/Src/stm32f4xx_hal_rtc_ex.c ****   /* NOTE: This function should not be modified, when the callback is needed,
 717:stm/stm32f4xx/STM32F4xx_HAL_Driver/Src/stm32f4xx_hal_rtc_ex.c ****            the HAL_RTCEx_Tamper2EventCallback could be implemented in the user file
 718:stm/stm32f4xx/STM32F4xx_HAL_Driver/Src/stm32f4xx_hal_rtc_ex.c ****    */
 719:stm/stm32f4xx/STM32F4xx_HAL_Driver/Src/stm32f4xx_hal_rtc_ex.c **** }
 1003              		.loc 1 719 1 is_stmt 0 view .LVU357
 1004 0000 7047     		bx	lr
 1005              		.cfi_endproc
 1006              	.LFE249:
 1008              		.section	.text.HAL_RTCEx_TamperTimeStampIRQHandler,"ax",%progbits
 1009              		.align	1
 1010              		.global	HAL_RTCEx_TamperTimeStampIRQHandler
 1011              		.syntax unified
 1012              		.thumb
 1013              		.thumb_func
 1015              	HAL_RTCEx_TamperTimeStampIRQHandler:
 1016              	.LVL77:
 1017              	.LFB246:
 607:stm/stm32f4xx/STM32F4xx_HAL_Driver/Src/stm32f4xx_hal_rtc_ex.c ****   /* Clear the EXTI's Flag for RTC Timestamp and Tamper */
 1018              		.loc 1 607 1 is_stmt 1 view -0
 1019              		.cfi_startproc
 1020              		@ args = 0, pretend = 0, frame = 0
 1021              		@ frame_needed = 0, uses_anonymous_args = 0
ARM GAS  /tmp/ccYCz6LM.s 			page 32


 607:stm/stm32f4xx/STM32F4xx_HAL_Driver/Src/stm32f4xx_hal_rtc_ex.c ****   /* Clear the EXTI's Flag for RTC Timestamp and Tamper */
 1022              		.loc 1 607 1 is_stmt 0 view .LVU359
 1023 0000 10B5     		push	{r4, lr}
 1024              	.LCFI15:
 1025              		.cfi_def_cfa_offset 8
 1026              		.cfi_offset 4, -8
 1027              		.cfi_offset 14, -4
 1028 0002 0446     		mov	r4, r0
 609:stm/stm32f4xx/STM32F4xx_HAL_Driver/Src/stm32f4xx_hal_rtc_ex.c **** 
 1029              		.loc 1 609 3 is_stmt 1 view .LVU360
 1030 0004 1E4B     		ldr	r3, .L64
 1031 0006 4FF40012 		mov	r2, #2097152
 1032 000a 5A61     		str	r2, [r3, #20]
 612:stm/stm32f4xx/STM32F4xx_HAL_Driver/Src/stm32f4xx_hal_rtc_ex.c ****   {
 1033              		.loc 1 612 3 view .LVU361
 612:stm/stm32f4xx/STM32F4xx_HAL_Driver/Src/stm32f4xx_hal_rtc_ex.c ****   {
 1034              		.loc 1 612 7 is_stmt 0 view .LVU362
 1035 000c 0368     		ldr	r3, [r0]
 1036 000e 9A68     		ldr	r2, [r3, #8]
 612:stm/stm32f4xx/STM32F4xx_HAL_Driver/Src/stm32f4xx_hal_rtc_ex.c ****   {
 1037              		.loc 1 612 6 view .LVU363
 1038 0010 12F4004F 		tst	r2, #32768
 1039 0014 03D0     		beq	.L57
 615:stm/stm32f4xx/STM32F4xx_HAL_Driver/Src/stm32f4xx_hal_rtc_ex.c ****     {
 1040              		.loc 1 615 5 is_stmt 1 view .LVU364
 615:stm/stm32f4xx/STM32F4xx_HAL_Driver/Src/stm32f4xx_hal_rtc_ex.c ****     {
 1041              		.loc 1 615 9 is_stmt 0 view .LVU365
 1042 0016 DB68     		ldr	r3, [r3, #12]
 615:stm/stm32f4xx/STM32F4xx_HAL_Driver/Src/stm32f4xx_hal_rtc_ex.c ****     {
 1043              		.loc 1 615 8 view .LVU366
 1044 0018 13F4006F 		tst	r3, #2048
 1045 001c 14D1     		bne	.L61
 1046              	.LVL78:
 1047              	.L57:
 631:stm/stm32f4xx/STM32F4xx_HAL_Driver/Src/stm32f4xx_hal_rtc_ex.c ****   {
 1048              		.loc 1 631 3 is_stmt 1 view .LVU367
 631:stm/stm32f4xx/STM32F4xx_HAL_Driver/Src/stm32f4xx_hal_rtc_ex.c ****   {
 1049              		.loc 1 631 7 is_stmt 0 view .LVU368
 1050 001e 2368     		ldr	r3, [r4]
 1051 0020 1A6C     		ldr	r2, [r3, #64]
 631:stm/stm32f4xx/STM32F4xx_HAL_Driver/Src/stm32f4xx_hal_rtc_ex.c ****   {
 1052              		.loc 1 631 6 view .LVU369
 1053 0022 12F0040F 		tst	r2, #4
 1054 0026 03D0     		beq	.L58
 634:stm/stm32f4xx/STM32F4xx_HAL_Driver/Src/stm32f4xx_hal_rtc_ex.c ****     {
 1055              		.loc 1 634 5 is_stmt 1 view .LVU370
 634:stm/stm32f4xx/STM32F4xx_HAL_Driver/Src/stm32f4xx_hal_rtc_ex.c ****     {
 1056              		.loc 1 634 9 is_stmt 0 view .LVU371
 1057 0028 DA68     		ldr	r2, [r3, #12]
 634:stm/stm32f4xx/STM32F4xx_HAL_Driver/Src/stm32f4xx_hal_rtc_ex.c ****     {
 1058              		.loc 1 634 8 view .LVU372
 1059 002a 12F4005F 		tst	r2, #8192
 1060 002e 14D1     		bne	.L62
 1061              	.L58:
 650:stm/stm32f4xx/STM32F4xx_HAL_Driver/Src/stm32f4xx_hal_rtc_ex.c ****   {
 1062              		.loc 1 650 3 is_stmt 1 view .LVU373
 650:stm/stm32f4xx/STM32F4xx_HAL_Driver/Src/stm32f4xx_hal_rtc_ex.c ****   {
ARM GAS  /tmp/ccYCz6LM.s 			page 33


 1063              		.loc 1 650 7 is_stmt 0 view .LVU374
 1064 0030 2368     		ldr	r3, [r4]
 1065 0032 1A6C     		ldr	r2, [r3, #64]
 650:stm/stm32f4xx/STM32F4xx_HAL_Driver/Src/stm32f4xx_hal_rtc_ex.c ****   {
 1066              		.loc 1 650 6 view .LVU375
 1067 0034 12F0040F 		tst	r2, #4
 1068 0038 03D0     		beq	.L59
 653:stm/stm32f4xx/STM32F4xx_HAL_Driver/Src/stm32f4xx_hal_rtc_ex.c ****     {
 1069              		.loc 1 653 5 is_stmt 1 view .LVU376
 653:stm/stm32f4xx/STM32F4xx_HAL_Driver/Src/stm32f4xx_hal_rtc_ex.c ****     {
 1070              		.loc 1 653 9 is_stmt 0 view .LVU377
 1071 003a DA68     		ldr	r2, [r3, #12]
 653:stm/stm32f4xx/STM32F4xx_HAL_Driver/Src/stm32f4xx_hal_rtc_ex.c ****     {
 1072              		.loc 1 653 8 view .LVU378
 1073 003c 12F4804F 		tst	r2, #16384
 1074 0040 14D1     		bne	.L63
 1075              	.L59:
 669:stm/stm32f4xx/STM32F4xx_HAL_Driver/Src/stm32f4xx_hal_rtc_ex.c **** }
 1076              		.loc 1 669 3 is_stmt 1 view .LVU379
 669:stm/stm32f4xx/STM32F4xx_HAL_Driver/Src/stm32f4xx_hal_rtc_ex.c **** }
 1077              		.loc 1 669 15 is_stmt 0 view .LVU380
 1078 0042 0123     		movs	r3, #1
 1079 0044 6377     		strb	r3, [r4, #29]
 670:stm/stm32f4xx/STM32F4xx_HAL_Driver/Src/stm32f4xx_hal_rtc_ex.c **** 
 1080              		.loc 1 670 1 view .LVU381
 1081 0046 10BD     		pop	{r4, pc}
 1082              	.LVL79:
 1083              	.L61:
 621:stm/stm32f4xx/STM32F4xx_HAL_Driver/Src/stm32f4xx_hal_rtc_ex.c **** #endif /* USE_HAL_RTC_REGISTER_CALLBACKS */
 1084              		.loc 1 621 7 is_stmt 1 view .LVU382
 1085 0048 FFF7FEFF 		bl	HAL_RTCEx_TimeStampEventCallback
 1086              	.LVL80:
 626:stm/stm32f4xx/STM32F4xx_HAL_Driver/Src/stm32f4xx_hal_rtc_ex.c ****     }
 1087              		.loc 1 626 7 view .LVU383
 1088 004c 2268     		ldr	r2, [r4]
 1089 004e D368     		ldr	r3, [r2, #12]
 1090 0050 DBB2     		uxtb	r3, r3
 1091 0052 63F40863 		orn	r3, r3, #2176
 1092 0056 D360     		str	r3, [r2, #12]
 1093 0058 E1E7     		b	.L57
 1094              	.L62:
 637:stm/stm32f4xx/STM32F4xx_HAL_Driver/Src/stm32f4xx_hal_rtc_ex.c **** 
 1095              		.loc 1 637 7 view .LVU384
 1096 005a DA68     		ldr	r2, [r3, #12]
 1097 005c D2B2     		uxtb	r2, r2
 1098 005e 62F40252 		orn	r2, r2, #8320
 1099 0062 DA60     		str	r2, [r3, #12]
 643:stm/stm32f4xx/STM32F4xx_HAL_Driver/Src/stm32f4xx_hal_rtc_ex.c **** #endif /* USE_HAL_RTC_REGISTER_CALLBACKS */
 1100              		.loc 1 643 7 view .LVU385
 1101 0064 2046     		mov	r0, r4
 1102 0066 FFF7FEFF 		bl	HAL_RTCEx_Tamper1EventCallback
 1103              	.LVL81:
 1104 006a E1E7     		b	.L58
 1105              	.L63:
 656:stm/stm32f4xx/STM32F4xx_HAL_Driver/Src/stm32f4xx_hal_rtc_ex.c **** 
 1106              		.loc 1 656 7 view .LVU386
 1107 006c DA68     		ldr	r2, [r3, #12]
ARM GAS  /tmp/ccYCz6LM.s 			page 34


 1108 006e D2B2     		uxtb	r2, r2
 1109 0070 62F48142 		orn	r2, r2, #16512
 1110 0074 DA60     		str	r2, [r3, #12]
 662:stm/stm32f4xx/STM32F4xx_HAL_Driver/Src/stm32f4xx_hal_rtc_ex.c **** #endif /* USE_HAL_RTC_REGISTER_CALLBACKS */
 1111              		.loc 1 662 7 view .LVU387
 1112 0076 2046     		mov	r0, r4
 1113 0078 FFF7FEFF 		bl	HAL_RTCEx_Tamper2EventCallback
 1114              	.LVL82:
 1115 007c E1E7     		b	.L59
 1116              	.L65:
 1117 007e 00BF     		.align	2
 1118              	.L64:
 1119 0080 003C0140 		.word	1073822720
 1120              		.cfi_endproc
 1121              	.LFE246:
 1123              		.section	.text.HAL_RTCEx_PollForTimeStampEvent,"ax",%progbits
 1124              		.align	1
 1125              		.global	HAL_RTCEx_PollForTimeStampEvent
 1126              		.syntax unified
 1127              		.thumb
 1128              		.thumb_func
 1130              	HAL_RTCEx_PollForTimeStampEvent:
 1131              	.LVL83:
 1132              	.LFB250:
 720:stm/stm32f4xx/STM32F4xx_HAL_Driver/Src/stm32f4xx_hal_rtc_ex.c **** #endif /* RTC_TAMPER2_SUPPORT */
 721:stm/stm32f4xx/STM32F4xx_HAL_Driver/Src/stm32f4xx_hal_rtc_ex.c **** 
 722:stm/stm32f4xx/STM32F4xx_HAL_Driver/Src/stm32f4xx_hal_rtc_ex.c **** /**
 723:stm/stm32f4xx/STM32F4xx_HAL_Driver/Src/stm32f4xx_hal_rtc_ex.c ****   * @brief  Handles Timestamp polling request.
 724:stm/stm32f4xx/STM32F4xx_HAL_Driver/Src/stm32f4xx_hal_rtc_ex.c ****   * @param  hrtc pointer to a RTC_HandleTypeDef structure that contains
 725:stm/stm32f4xx/STM32F4xx_HAL_Driver/Src/stm32f4xx_hal_rtc_ex.c ****   *                the configuration information for RTC.
 726:stm/stm32f4xx/STM32F4xx_HAL_Driver/Src/stm32f4xx_hal_rtc_ex.c ****   * @param  Timeout Timeout duration
 727:stm/stm32f4xx/STM32F4xx_HAL_Driver/Src/stm32f4xx_hal_rtc_ex.c ****   * @retval HAL status
 728:stm/stm32f4xx/STM32F4xx_HAL_Driver/Src/stm32f4xx_hal_rtc_ex.c ****   */
 729:stm/stm32f4xx/STM32F4xx_HAL_Driver/Src/stm32f4xx_hal_rtc_ex.c **** HAL_StatusTypeDef HAL_RTCEx_PollForTimeStampEvent(RTC_HandleTypeDef *hrtc, uint32_t Timeout)
 730:stm/stm32f4xx/STM32F4xx_HAL_Driver/Src/stm32f4xx_hal_rtc_ex.c **** {
 1133              		.loc 1 730 1 view -0
 1134              		.cfi_startproc
 1135              		@ args = 0, pretend = 0, frame = 0
 1136              		@ frame_needed = 0, uses_anonymous_args = 0
 1137              		.loc 1 730 1 is_stmt 0 view .LVU389
 1138 0000 70B5     		push	{r4, r5, r6, lr}
 1139              	.LCFI16:
 1140              		.cfi_def_cfa_offset 16
 1141              		.cfi_offset 4, -16
 1142              		.cfi_offset 5, -12
 1143              		.cfi_offset 6, -8
 1144              		.cfi_offset 14, -4
 1145 0002 0546     		mov	r5, r0
 1146 0004 0C46     		mov	r4, r1
 731:stm/stm32f4xx/STM32F4xx_HAL_Driver/Src/stm32f4xx_hal_rtc_ex.c ****   uint32_t tickstart = 0U;
 1147              		.loc 1 731 3 is_stmt 1 view .LVU390
 1148              	.LVL84:
 732:stm/stm32f4xx/STM32F4xx_HAL_Driver/Src/stm32f4xx_hal_rtc_ex.c **** 
 733:stm/stm32f4xx/STM32F4xx_HAL_Driver/Src/stm32f4xx_hal_rtc_ex.c ****   /* Get tick */
 734:stm/stm32f4xx/STM32F4xx_HAL_Driver/Src/stm32f4xx_hal_rtc_ex.c ****   tickstart = HAL_GetTick();
 1149              		.loc 1 734 3 view .LVU391
 1150              		.loc 1 734 15 is_stmt 0 view .LVU392
ARM GAS  /tmp/ccYCz6LM.s 			page 35


 1151 0006 FFF7FEFF 		bl	HAL_GetTick
 1152              	.LVL85:
 1153              		.loc 1 734 15 view .LVU393
 1154 000a 0646     		mov	r6, r0
 1155              	.LVL86:
 735:stm/stm32f4xx/STM32F4xx_HAL_Driver/Src/stm32f4xx_hal_rtc_ex.c **** 
 736:stm/stm32f4xx/STM32F4xx_HAL_Driver/Src/stm32f4xx_hal_rtc_ex.c ****   while (__HAL_RTC_TIMESTAMP_GET_FLAG(hrtc, RTC_FLAG_TSF) == 0U)
 1156              		.loc 1 736 3 is_stmt 1 view .LVU394
 1157              		.loc 1 736 9 is_stmt 0 view .LVU395
 1158 000c 04E0     		b	.L67
 1159              	.LVL87:
 1160              	.L68:
 737:stm/stm32f4xx/STM32F4xx_HAL_Driver/Src/stm32f4xx_hal_rtc_ex.c ****   {
 738:stm/stm32f4xx/STM32F4xx_HAL_Driver/Src/stm32f4xx_hal_rtc_ex.c ****     if (Timeout != HAL_MAX_DELAY)
 739:stm/stm32f4xx/STM32F4xx_HAL_Driver/Src/stm32f4xx_hal_rtc_ex.c ****     {
 740:stm/stm32f4xx/STM32F4xx_HAL_Driver/Src/stm32f4xx_hal_rtc_ex.c ****       if ((Timeout == 0U) || ((HAL_GetTick() - tickstart) > Timeout))
 741:stm/stm32f4xx/STM32F4xx_HAL_Driver/Src/stm32f4xx_hal_rtc_ex.c ****       {
 742:stm/stm32f4xx/STM32F4xx_HAL_Driver/Src/stm32f4xx_hal_rtc_ex.c ****         hrtc->State = HAL_RTC_STATE_TIMEOUT;
 743:stm/stm32f4xx/STM32F4xx_HAL_Driver/Src/stm32f4xx_hal_rtc_ex.c ****         return HAL_TIMEOUT;
 744:stm/stm32f4xx/STM32F4xx_HAL_Driver/Src/stm32f4xx_hal_rtc_ex.c ****       }
 745:stm/stm32f4xx/STM32F4xx_HAL_Driver/Src/stm32f4xx_hal_rtc_ex.c ****     }
 746:stm/stm32f4xx/STM32F4xx_HAL_Driver/Src/stm32f4xx_hal_rtc_ex.c **** 
 747:stm/stm32f4xx/STM32F4xx_HAL_Driver/Src/stm32f4xx_hal_rtc_ex.c ****     if (__HAL_RTC_TIMESTAMP_GET_FLAG(hrtc, RTC_FLAG_TSOVF) != 0U)
 1161              		.loc 1 747 5 is_stmt 1 view .LVU396
 1162              		.loc 1 747 9 is_stmt 0 view .LVU397
 1163 000e 2B68     		ldr	r3, [r5]
 1164 0010 DA68     		ldr	r2, [r3, #12]
 1165              		.loc 1 747 8 view .LVU398
 1166 0012 12F4805F 		tst	r2, #4096
 1167 0016 10D1     		bne	.L73
 1168              	.L67:
 736:stm/stm32f4xx/STM32F4xx_HAL_Driver/Src/stm32f4xx_hal_rtc_ex.c ****   {
 1169              		.loc 1 736 59 is_stmt 1 view .LVU399
 736:stm/stm32f4xx/STM32F4xx_HAL_Driver/Src/stm32f4xx_hal_rtc_ex.c ****   {
 1170              		.loc 1 736 10 is_stmt 0 view .LVU400
 1171 0018 2B68     		ldr	r3, [r5]
 1172 001a DB68     		ldr	r3, [r3, #12]
 736:stm/stm32f4xx/STM32F4xx_HAL_Driver/Src/stm32f4xx_hal_rtc_ex.c ****   {
 1173              		.loc 1 736 59 view .LVU401
 1174 001c 13F4006F 		tst	r3, #2048
 1175 0020 14D1     		bne	.L74
 738:stm/stm32f4xx/STM32F4xx_HAL_Driver/Src/stm32f4xx_hal_rtc_ex.c ****     {
 1176              		.loc 1 738 5 is_stmt 1 view .LVU402
 738:stm/stm32f4xx/STM32F4xx_HAL_Driver/Src/stm32f4xx_hal_rtc_ex.c ****     {
 1177              		.loc 1 738 8 is_stmt 0 view .LVU403
 1178 0022 B4F1FF3F 		cmp	r4, #-1
 1179 0026 F2D0     		beq	.L68
 740:stm/stm32f4xx/STM32F4xx_HAL_Driver/Src/stm32f4xx_hal_rtc_ex.c ****       {
 1180              		.loc 1 740 7 is_stmt 1 view .LVU404
 740:stm/stm32f4xx/STM32F4xx_HAL_Driver/Src/stm32f4xx_hal_rtc_ex.c ****       {
 1181              		.loc 1 740 10 is_stmt 0 view .LVU405
 1182 0028 24B1     		cbz	r4, .L69
 740:stm/stm32f4xx/STM32F4xx_HAL_Driver/Src/stm32f4xx_hal_rtc_ex.c ****       {
 1183              		.loc 1 740 32 discriminator 1 view .LVU406
 1184 002a FFF7FEFF 		bl	HAL_GetTick
 1185              	.LVL88:
 740:stm/stm32f4xx/STM32F4xx_HAL_Driver/Src/stm32f4xx_hal_rtc_ex.c ****       {
ARM GAS  /tmp/ccYCz6LM.s 			page 36


 1186              		.loc 1 740 46 discriminator 1 view .LVU407
 1187 002e 831B     		subs	r3, r0, r6
 740:stm/stm32f4xx/STM32F4xx_HAL_Driver/Src/stm32f4xx_hal_rtc_ex.c ****       {
 1188              		.loc 1 740 27 discriminator 1 view .LVU408
 1189 0030 A342     		cmp	r3, r4
 1190 0032 ECD9     		bls	.L68
 1191              	.L69:
 742:stm/stm32f4xx/STM32F4xx_HAL_Driver/Src/stm32f4xx_hal_rtc_ex.c ****         return HAL_TIMEOUT;
 1192              		.loc 1 742 9 is_stmt 1 view .LVU409
 742:stm/stm32f4xx/STM32F4xx_HAL_Driver/Src/stm32f4xx_hal_rtc_ex.c ****         return HAL_TIMEOUT;
 1193              		.loc 1 742 21 is_stmt 0 view .LVU410
 1194 0034 0320     		movs	r0, #3
 1195 0036 6877     		strb	r0, [r5, #29]
 743:stm/stm32f4xx/STM32F4xx_HAL_Driver/Src/stm32f4xx_hal_rtc_ex.c ****       }
 1196              		.loc 1 743 9 is_stmt 1 view .LVU411
 1197              	.L70:
 748:stm/stm32f4xx/STM32F4xx_HAL_Driver/Src/stm32f4xx_hal_rtc_ex.c ****     {
 749:stm/stm32f4xx/STM32F4xx_HAL_Driver/Src/stm32f4xx_hal_rtc_ex.c ****       /* Clear the Timestamp Overrun Flag */
 750:stm/stm32f4xx/STM32F4xx_HAL_Driver/Src/stm32f4xx_hal_rtc_ex.c ****       __HAL_RTC_TIMESTAMP_CLEAR_FLAG(hrtc, RTC_FLAG_TSOVF);
 751:stm/stm32f4xx/STM32F4xx_HAL_Driver/Src/stm32f4xx_hal_rtc_ex.c **** 
 752:stm/stm32f4xx/STM32F4xx_HAL_Driver/Src/stm32f4xx_hal_rtc_ex.c ****       /* Change Timestamp state */
 753:stm/stm32f4xx/STM32F4xx_HAL_Driver/Src/stm32f4xx_hal_rtc_ex.c ****       hrtc->State = HAL_RTC_STATE_ERROR;
 754:stm/stm32f4xx/STM32F4xx_HAL_Driver/Src/stm32f4xx_hal_rtc_ex.c **** 
 755:stm/stm32f4xx/STM32F4xx_HAL_Driver/Src/stm32f4xx_hal_rtc_ex.c ****       return HAL_ERROR;
 756:stm/stm32f4xx/STM32F4xx_HAL_Driver/Src/stm32f4xx_hal_rtc_ex.c ****     }
 757:stm/stm32f4xx/STM32F4xx_HAL_Driver/Src/stm32f4xx_hal_rtc_ex.c ****   }
 758:stm/stm32f4xx/STM32F4xx_HAL_Driver/Src/stm32f4xx_hal_rtc_ex.c **** 
 759:stm/stm32f4xx/STM32F4xx_HAL_Driver/Src/stm32f4xx_hal_rtc_ex.c ****   /* Change RTC state */
 760:stm/stm32f4xx/STM32F4xx_HAL_Driver/Src/stm32f4xx_hal_rtc_ex.c ****   hrtc->State = HAL_RTC_STATE_READY;
 761:stm/stm32f4xx/STM32F4xx_HAL_Driver/Src/stm32f4xx_hal_rtc_ex.c **** 
 762:stm/stm32f4xx/STM32F4xx_HAL_Driver/Src/stm32f4xx_hal_rtc_ex.c ****   return HAL_OK;
 763:stm/stm32f4xx/STM32F4xx_HAL_Driver/Src/stm32f4xx_hal_rtc_ex.c **** }
 1198              		.loc 1 763 1 is_stmt 0 view .LVU412
 1199 0038 70BD     		pop	{r4, r5, r6, pc}
 1200              	.LVL89:
 1201              	.L73:
 750:stm/stm32f4xx/STM32F4xx_HAL_Driver/Src/stm32f4xx_hal_rtc_ex.c **** 
 1202              		.loc 1 750 7 is_stmt 1 view .LVU413
 1203 003a DA68     		ldr	r2, [r3, #12]
 1204 003c D2B2     		uxtb	r2, r2
 1205 003e 62F48452 		orn	r2, r2, #4224
 1206 0042 DA60     		str	r2, [r3, #12]
 753:stm/stm32f4xx/STM32F4xx_HAL_Driver/Src/stm32f4xx_hal_rtc_ex.c **** 
 1207              		.loc 1 753 7 view .LVU414
 753:stm/stm32f4xx/STM32F4xx_HAL_Driver/Src/stm32f4xx_hal_rtc_ex.c **** 
 1208              		.loc 1 753 19 is_stmt 0 view .LVU415
 1209 0044 0423     		movs	r3, #4
 1210 0046 6B77     		strb	r3, [r5, #29]
 755:stm/stm32f4xx/STM32F4xx_HAL_Driver/Src/stm32f4xx_hal_rtc_ex.c ****     }
 1211              		.loc 1 755 7 is_stmt 1 view .LVU416
 755:stm/stm32f4xx/STM32F4xx_HAL_Driver/Src/stm32f4xx_hal_rtc_ex.c ****     }
 1212              		.loc 1 755 14 is_stmt 0 view .LVU417
 1213 0048 0120     		movs	r0, #1
 1214 004a F5E7     		b	.L70
 1215              	.L74:
 760:stm/stm32f4xx/STM32F4xx_HAL_Driver/Src/stm32f4xx_hal_rtc_ex.c **** 
 1216              		.loc 1 760 3 is_stmt 1 view .LVU418
ARM GAS  /tmp/ccYCz6LM.s 			page 37


 760:stm/stm32f4xx/STM32F4xx_HAL_Driver/Src/stm32f4xx_hal_rtc_ex.c **** 
 1217              		.loc 1 760 15 is_stmt 0 view .LVU419
 1218 004c 0123     		movs	r3, #1
 1219 004e 6B77     		strb	r3, [r5, #29]
 762:stm/stm32f4xx/STM32F4xx_HAL_Driver/Src/stm32f4xx_hal_rtc_ex.c **** }
 1220              		.loc 1 762 3 is_stmt 1 view .LVU420
 762:stm/stm32f4xx/STM32F4xx_HAL_Driver/Src/stm32f4xx_hal_rtc_ex.c **** }
 1221              		.loc 1 762 10 is_stmt 0 view .LVU421
 1222 0050 0020     		movs	r0, #0
 1223 0052 F1E7     		b	.L70
 1224              		.cfi_endproc
 1225              	.LFE250:
 1227              		.section	.text.HAL_RTCEx_PollForTamper1Event,"ax",%progbits
 1228              		.align	1
 1229              		.global	HAL_RTCEx_PollForTamper1Event
 1230              		.syntax unified
 1231              		.thumb
 1232              		.thumb_func
 1234              	HAL_RTCEx_PollForTamper1Event:
 1235              	.LVL90:
 1236              	.LFB251:
 764:stm/stm32f4xx/STM32F4xx_HAL_Driver/Src/stm32f4xx_hal_rtc_ex.c **** 
 765:stm/stm32f4xx/STM32F4xx_HAL_Driver/Src/stm32f4xx_hal_rtc_ex.c **** /**
 766:stm/stm32f4xx/STM32F4xx_HAL_Driver/Src/stm32f4xx_hal_rtc_ex.c ****   * @brief  Handles Tamper 1 Polling.
 767:stm/stm32f4xx/STM32F4xx_HAL_Driver/Src/stm32f4xx_hal_rtc_ex.c ****   * @param  hrtc pointer to a RTC_HandleTypeDef structure that contains
 768:stm/stm32f4xx/STM32F4xx_HAL_Driver/Src/stm32f4xx_hal_rtc_ex.c ****   *                the configuration information for RTC.
 769:stm/stm32f4xx/STM32F4xx_HAL_Driver/Src/stm32f4xx_hal_rtc_ex.c ****   * @param  Timeout Timeout duration
 770:stm/stm32f4xx/STM32F4xx_HAL_Driver/Src/stm32f4xx_hal_rtc_ex.c ****   * @retval HAL status
 771:stm/stm32f4xx/STM32F4xx_HAL_Driver/Src/stm32f4xx_hal_rtc_ex.c ****   */
 772:stm/stm32f4xx/STM32F4xx_HAL_Driver/Src/stm32f4xx_hal_rtc_ex.c **** HAL_StatusTypeDef HAL_RTCEx_PollForTamper1Event(RTC_HandleTypeDef *hrtc, uint32_t Timeout)
 773:stm/stm32f4xx/STM32F4xx_HAL_Driver/Src/stm32f4xx_hal_rtc_ex.c **** {
 1237              		.loc 1 773 1 is_stmt 1 view -0
 1238              		.cfi_startproc
 1239              		@ args = 0, pretend = 0, frame = 0
 1240              		@ frame_needed = 0, uses_anonymous_args = 0
 1241              		.loc 1 773 1 is_stmt 0 view .LVU423
 1242 0000 70B5     		push	{r4, r5, r6, lr}
 1243              	.LCFI17:
 1244              		.cfi_def_cfa_offset 16
 1245              		.cfi_offset 4, -16
 1246              		.cfi_offset 5, -12
 1247              		.cfi_offset 6, -8
 1248              		.cfi_offset 14, -4
 1249 0002 0446     		mov	r4, r0
 1250 0004 0D46     		mov	r5, r1
 774:stm/stm32f4xx/STM32F4xx_HAL_Driver/Src/stm32f4xx_hal_rtc_ex.c ****   uint32_t tickstart = 0U;
 1251              		.loc 1 774 3 is_stmt 1 view .LVU424
 1252              	.LVL91:
 775:stm/stm32f4xx/STM32F4xx_HAL_Driver/Src/stm32f4xx_hal_rtc_ex.c **** 
 776:stm/stm32f4xx/STM32F4xx_HAL_Driver/Src/stm32f4xx_hal_rtc_ex.c ****   /* Get tick */
 777:stm/stm32f4xx/STM32F4xx_HAL_Driver/Src/stm32f4xx_hal_rtc_ex.c ****   tickstart = HAL_GetTick();
 1253              		.loc 1 777 3 view .LVU425
 1254              		.loc 1 777 15 is_stmt 0 view .LVU426
 1255 0006 FFF7FEFF 		bl	HAL_GetTick
 1256              	.LVL92:
 1257              		.loc 1 777 15 view .LVU427
 1258 000a 0646     		mov	r6, r0
ARM GAS  /tmp/ccYCz6LM.s 			page 38


 1259              	.LVL93:
 778:stm/stm32f4xx/STM32F4xx_HAL_Driver/Src/stm32f4xx_hal_rtc_ex.c **** 
 779:stm/stm32f4xx/STM32F4xx_HAL_Driver/Src/stm32f4xx_hal_rtc_ex.c ****   /* Get the status of the Interrupt */
 780:stm/stm32f4xx/STM32F4xx_HAL_Driver/Src/stm32f4xx_hal_rtc_ex.c ****   while (__HAL_RTC_TAMPER_GET_FLAG(hrtc, RTC_FLAG_TAMP1F) == 0U)
 1260              		.loc 1 780 3 is_stmt 1 view .LVU428
 1261              	.L77:
 1262              		.loc 1 780 59 view .LVU429
 1263              		.loc 1 780 10 is_stmt 0 view .LVU430
 1264 000c 2368     		ldr	r3, [r4]
 1265 000e DA68     		ldr	r2, [r3, #12]
 1266              		.loc 1 780 59 view .LVU431
 1267 0010 12F4005F 		tst	r2, #8192
 1268 0014 0BD1     		bne	.L82
 781:stm/stm32f4xx/STM32F4xx_HAL_Driver/Src/stm32f4xx_hal_rtc_ex.c ****   {
 782:stm/stm32f4xx/STM32F4xx_HAL_Driver/Src/stm32f4xx_hal_rtc_ex.c ****     if (Timeout != HAL_MAX_DELAY)
 1269              		.loc 1 782 5 is_stmt 1 view .LVU432
 1270              		.loc 1 782 8 is_stmt 0 view .LVU433
 1271 0016 B5F1FF3F 		cmp	r5, #-1
 1272 001a F7D0     		beq	.L77
 783:stm/stm32f4xx/STM32F4xx_HAL_Driver/Src/stm32f4xx_hal_rtc_ex.c ****     {
 784:stm/stm32f4xx/STM32F4xx_HAL_Driver/Src/stm32f4xx_hal_rtc_ex.c ****       if ((Timeout == 0U) || ((HAL_GetTick() - tickstart) > Timeout))
 1273              		.loc 1 784 7 is_stmt 1 view .LVU434
 1274              		.loc 1 784 10 is_stmt 0 view .LVU435
 1275 001c 25B1     		cbz	r5, .L78
 1276              		.loc 1 784 32 discriminator 1 view .LVU436
 1277 001e FFF7FEFF 		bl	HAL_GetTick
 1278              	.LVL94:
 1279              		.loc 1 784 46 discriminator 1 view .LVU437
 1280 0022 801B     		subs	r0, r0, r6
 1281              		.loc 1 784 27 discriminator 1 view .LVU438
 1282 0024 A842     		cmp	r0, r5
 1283 0026 F1D9     		bls	.L77
 1284              	.L78:
 785:stm/stm32f4xx/STM32F4xx_HAL_Driver/Src/stm32f4xx_hal_rtc_ex.c ****       {
 786:stm/stm32f4xx/STM32F4xx_HAL_Driver/Src/stm32f4xx_hal_rtc_ex.c ****         hrtc->State = HAL_RTC_STATE_TIMEOUT;
 1285              		.loc 1 786 9 is_stmt 1 view .LVU439
 1286              		.loc 1 786 21 is_stmt 0 view .LVU440
 1287 0028 0320     		movs	r0, #3
 1288 002a 6077     		strb	r0, [r4, #29]
 787:stm/stm32f4xx/STM32F4xx_HAL_Driver/Src/stm32f4xx_hal_rtc_ex.c ****         return HAL_TIMEOUT;
 1289              		.loc 1 787 9 is_stmt 1 view .LVU441
 1290              		.loc 1 787 16 is_stmt 0 view .LVU442
 1291 002c 07E0     		b	.L79
 1292              	.L82:
 788:stm/stm32f4xx/STM32F4xx_HAL_Driver/Src/stm32f4xx_hal_rtc_ex.c ****       }
 789:stm/stm32f4xx/STM32F4xx_HAL_Driver/Src/stm32f4xx_hal_rtc_ex.c ****     }
 790:stm/stm32f4xx/STM32F4xx_HAL_Driver/Src/stm32f4xx_hal_rtc_ex.c ****   }
 791:stm/stm32f4xx/STM32F4xx_HAL_Driver/Src/stm32f4xx_hal_rtc_ex.c **** 
 792:stm/stm32f4xx/STM32F4xx_HAL_Driver/Src/stm32f4xx_hal_rtc_ex.c ****   /* Clear the Tamper Flag */
 793:stm/stm32f4xx/STM32F4xx_HAL_Driver/Src/stm32f4xx_hal_rtc_ex.c ****   __HAL_RTC_TAMPER_CLEAR_FLAG(hrtc, RTC_FLAG_TAMP1F);
 1293              		.loc 1 793 3 is_stmt 1 view .LVU443
 1294 002e DA68     		ldr	r2, [r3, #12]
 1295 0030 D2B2     		uxtb	r2, r2
 1296 0032 62F40252 		orn	r2, r2, #8320
 1297 0036 DA60     		str	r2, [r3, #12]
 794:stm/stm32f4xx/STM32F4xx_HAL_Driver/Src/stm32f4xx_hal_rtc_ex.c **** 
 795:stm/stm32f4xx/STM32F4xx_HAL_Driver/Src/stm32f4xx_hal_rtc_ex.c ****   /* Change RTC state */
ARM GAS  /tmp/ccYCz6LM.s 			page 39


 796:stm/stm32f4xx/STM32F4xx_HAL_Driver/Src/stm32f4xx_hal_rtc_ex.c ****   hrtc->State = HAL_RTC_STATE_READY;
 1298              		.loc 1 796 3 view .LVU444
 1299              		.loc 1 796 15 is_stmt 0 view .LVU445
 1300 0038 0123     		movs	r3, #1
 1301 003a 6377     		strb	r3, [r4, #29]
 797:stm/stm32f4xx/STM32F4xx_HAL_Driver/Src/stm32f4xx_hal_rtc_ex.c **** 
 798:stm/stm32f4xx/STM32F4xx_HAL_Driver/Src/stm32f4xx_hal_rtc_ex.c ****   return HAL_OK;
 1302              		.loc 1 798 3 is_stmt 1 view .LVU446
 1303              		.loc 1 798 10 is_stmt 0 view .LVU447
 1304 003c 0020     		movs	r0, #0
 1305              	.L79:
 799:stm/stm32f4xx/STM32F4xx_HAL_Driver/Src/stm32f4xx_hal_rtc_ex.c **** }
 1306              		.loc 1 799 1 view .LVU448
 1307 003e 70BD     		pop	{r4, r5, r6, pc}
 1308              		.loc 1 799 1 view .LVU449
 1309              		.cfi_endproc
 1310              	.LFE251:
 1312              		.section	.text.HAL_RTCEx_PollForTamper2Event,"ax",%progbits
 1313              		.align	1
 1314              		.global	HAL_RTCEx_PollForTamper2Event
 1315              		.syntax unified
 1316              		.thumb
 1317              		.thumb_func
 1319              	HAL_RTCEx_PollForTamper2Event:
 1320              	.LVL95:
 1321              	.LFB252:
 800:stm/stm32f4xx/STM32F4xx_HAL_Driver/Src/stm32f4xx_hal_rtc_ex.c **** 
 801:stm/stm32f4xx/STM32F4xx_HAL_Driver/Src/stm32f4xx_hal_rtc_ex.c **** #if defined(RTC_TAMPER2_SUPPORT)
 802:stm/stm32f4xx/STM32F4xx_HAL_Driver/Src/stm32f4xx_hal_rtc_ex.c **** /**
 803:stm/stm32f4xx/STM32F4xx_HAL_Driver/Src/stm32f4xx_hal_rtc_ex.c ****   * @brief  Handles Tamper 2 Polling.
 804:stm/stm32f4xx/STM32F4xx_HAL_Driver/Src/stm32f4xx_hal_rtc_ex.c ****   * @param  hrtc pointer to a RTC_HandleTypeDef structure that contains
 805:stm/stm32f4xx/STM32F4xx_HAL_Driver/Src/stm32f4xx_hal_rtc_ex.c ****   *                the configuration information for RTC.
 806:stm/stm32f4xx/STM32F4xx_HAL_Driver/Src/stm32f4xx_hal_rtc_ex.c ****   * @param  Timeout Timeout duration
 807:stm/stm32f4xx/STM32F4xx_HAL_Driver/Src/stm32f4xx_hal_rtc_ex.c ****   * @retval HAL status
 808:stm/stm32f4xx/STM32F4xx_HAL_Driver/Src/stm32f4xx_hal_rtc_ex.c ****   */
 809:stm/stm32f4xx/STM32F4xx_HAL_Driver/Src/stm32f4xx_hal_rtc_ex.c **** HAL_StatusTypeDef HAL_RTCEx_PollForTamper2Event(RTC_HandleTypeDef *hrtc, uint32_t Timeout)
 810:stm/stm32f4xx/STM32F4xx_HAL_Driver/Src/stm32f4xx_hal_rtc_ex.c **** {
 1322              		.loc 1 810 1 is_stmt 1 view -0
 1323              		.cfi_startproc
 1324              		@ args = 0, pretend = 0, frame = 0
 1325              		@ frame_needed = 0, uses_anonymous_args = 0
 1326              		.loc 1 810 1 is_stmt 0 view .LVU451
 1327 0000 70B5     		push	{r4, r5, r6, lr}
 1328              	.LCFI18:
 1329              		.cfi_def_cfa_offset 16
 1330              		.cfi_offset 4, -16
 1331              		.cfi_offset 5, -12
 1332              		.cfi_offset 6, -8
 1333              		.cfi_offset 14, -4
 1334 0002 0446     		mov	r4, r0
 1335 0004 0D46     		mov	r5, r1
 811:stm/stm32f4xx/STM32F4xx_HAL_Driver/Src/stm32f4xx_hal_rtc_ex.c ****   uint32_t tickstart = 0U;
 1336              		.loc 1 811 3 is_stmt 1 view .LVU452
 1337              	.LVL96:
 812:stm/stm32f4xx/STM32F4xx_HAL_Driver/Src/stm32f4xx_hal_rtc_ex.c **** 
 813:stm/stm32f4xx/STM32F4xx_HAL_Driver/Src/stm32f4xx_hal_rtc_ex.c ****   /* Get tick */
 814:stm/stm32f4xx/STM32F4xx_HAL_Driver/Src/stm32f4xx_hal_rtc_ex.c ****   tickstart = HAL_GetTick();
ARM GAS  /tmp/ccYCz6LM.s 			page 40


 1338              		.loc 1 814 3 view .LVU453
 1339              		.loc 1 814 15 is_stmt 0 view .LVU454
 1340 0006 FFF7FEFF 		bl	HAL_GetTick
 1341              	.LVL97:
 1342              		.loc 1 814 15 view .LVU455
 1343 000a 0646     		mov	r6, r0
 1344              	.LVL98:
 815:stm/stm32f4xx/STM32F4xx_HAL_Driver/Src/stm32f4xx_hal_rtc_ex.c **** 
 816:stm/stm32f4xx/STM32F4xx_HAL_Driver/Src/stm32f4xx_hal_rtc_ex.c ****   /* Get the status of the Interrupt */
 817:stm/stm32f4xx/STM32F4xx_HAL_Driver/Src/stm32f4xx_hal_rtc_ex.c ****   while (__HAL_RTC_TAMPER_GET_FLAG(hrtc, RTC_FLAG_TAMP2F) == 0U)
 1345              		.loc 1 817 3 is_stmt 1 view .LVU456
 1346              	.L85:
 1347              		.loc 1 817 59 view .LVU457
 1348              		.loc 1 817 10 is_stmt 0 view .LVU458
 1349 000c 2368     		ldr	r3, [r4]
 1350 000e DA68     		ldr	r2, [r3, #12]
 1351              		.loc 1 817 59 view .LVU459
 1352 0010 12F4804F 		tst	r2, #16384
 1353 0014 0BD1     		bne	.L90
 818:stm/stm32f4xx/STM32F4xx_HAL_Driver/Src/stm32f4xx_hal_rtc_ex.c ****   {
 819:stm/stm32f4xx/STM32F4xx_HAL_Driver/Src/stm32f4xx_hal_rtc_ex.c ****     if (Timeout != HAL_MAX_DELAY)
 1354              		.loc 1 819 5 is_stmt 1 view .LVU460
 1355              		.loc 1 819 8 is_stmt 0 view .LVU461
 1356 0016 B5F1FF3F 		cmp	r5, #-1
 1357 001a F7D0     		beq	.L85
 820:stm/stm32f4xx/STM32F4xx_HAL_Driver/Src/stm32f4xx_hal_rtc_ex.c ****     {
 821:stm/stm32f4xx/STM32F4xx_HAL_Driver/Src/stm32f4xx_hal_rtc_ex.c ****       if ((Timeout == 0U) || ((HAL_GetTick() - tickstart) > Timeout))
 1358              		.loc 1 821 7 is_stmt 1 view .LVU462
 1359              		.loc 1 821 10 is_stmt 0 view .LVU463
 1360 001c 25B1     		cbz	r5, .L86
 1361              		.loc 1 821 32 discriminator 1 view .LVU464
 1362 001e FFF7FEFF 		bl	HAL_GetTick
 1363              	.LVL99:
 1364              		.loc 1 821 46 discriminator 1 view .LVU465
 1365 0022 801B     		subs	r0, r0, r6
 1366              		.loc 1 821 27 discriminator 1 view .LVU466
 1367 0024 A842     		cmp	r0, r5
 1368 0026 F1D9     		bls	.L85
 1369              	.L86:
 822:stm/stm32f4xx/STM32F4xx_HAL_Driver/Src/stm32f4xx_hal_rtc_ex.c ****       {
 823:stm/stm32f4xx/STM32F4xx_HAL_Driver/Src/stm32f4xx_hal_rtc_ex.c ****         hrtc->State = HAL_RTC_STATE_TIMEOUT;
 1370              		.loc 1 823 9 is_stmt 1 view .LVU467
 1371              		.loc 1 823 21 is_stmt 0 view .LVU468
 1372 0028 0320     		movs	r0, #3
 1373 002a 6077     		strb	r0, [r4, #29]
 824:stm/stm32f4xx/STM32F4xx_HAL_Driver/Src/stm32f4xx_hal_rtc_ex.c ****         return HAL_TIMEOUT;
 1374              		.loc 1 824 9 is_stmt 1 view .LVU469
 1375              		.loc 1 824 16 is_stmt 0 view .LVU470
 1376 002c 07E0     		b	.L87
 1377              	.L90:
 825:stm/stm32f4xx/STM32F4xx_HAL_Driver/Src/stm32f4xx_hal_rtc_ex.c ****       }
 826:stm/stm32f4xx/STM32F4xx_HAL_Driver/Src/stm32f4xx_hal_rtc_ex.c ****     }
 827:stm/stm32f4xx/STM32F4xx_HAL_Driver/Src/stm32f4xx_hal_rtc_ex.c ****   }
 828:stm/stm32f4xx/STM32F4xx_HAL_Driver/Src/stm32f4xx_hal_rtc_ex.c **** 
 829:stm/stm32f4xx/STM32F4xx_HAL_Driver/Src/stm32f4xx_hal_rtc_ex.c ****   /* Clear the Tamper Flag */
 830:stm/stm32f4xx/STM32F4xx_HAL_Driver/Src/stm32f4xx_hal_rtc_ex.c ****   __HAL_RTC_TAMPER_CLEAR_FLAG(hrtc, RTC_FLAG_TAMP2F);
 1378              		.loc 1 830 3 is_stmt 1 view .LVU471
ARM GAS  /tmp/ccYCz6LM.s 			page 41


 1379 002e DA68     		ldr	r2, [r3, #12]
 1380 0030 D2B2     		uxtb	r2, r2
 1381 0032 62F48142 		orn	r2, r2, #16512
 1382 0036 DA60     		str	r2, [r3, #12]
 831:stm/stm32f4xx/STM32F4xx_HAL_Driver/Src/stm32f4xx_hal_rtc_ex.c **** 
 832:stm/stm32f4xx/STM32F4xx_HAL_Driver/Src/stm32f4xx_hal_rtc_ex.c ****   /* Change RTC state */
 833:stm/stm32f4xx/STM32F4xx_HAL_Driver/Src/stm32f4xx_hal_rtc_ex.c ****   hrtc->State = HAL_RTC_STATE_READY;
 1383              		.loc 1 833 3 view .LVU472
 1384              		.loc 1 833 15 is_stmt 0 view .LVU473
 1385 0038 0123     		movs	r3, #1
 1386 003a 6377     		strb	r3, [r4, #29]
 834:stm/stm32f4xx/STM32F4xx_HAL_Driver/Src/stm32f4xx_hal_rtc_ex.c **** 
 835:stm/stm32f4xx/STM32F4xx_HAL_Driver/Src/stm32f4xx_hal_rtc_ex.c ****   return HAL_OK;
 1387              		.loc 1 835 3 is_stmt 1 view .LVU474
 1388              		.loc 1 835 10 is_stmt 0 view .LVU475
 1389 003c 0020     		movs	r0, #0
 1390              	.L87:
 836:stm/stm32f4xx/STM32F4xx_HAL_Driver/Src/stm32f4xx_hal_rtc_ex.c **** }
 1391              		.loc 1 836 1 view .LVU476
 1392 003e 70BD     		pop	{r4, r5, r6, pc}
 1393              		.loc 1 836 1 view .LVU477
 1394              		.cfi_endproc
 1395              	.LFE252:
 1397              		.section	.text.HAL_RTCEx_SetWakeUpTimer,"ax",%progbits
 1398              		.align	1
 1399              		.global	HAL_RTCEx_SetWakeUpTimer
 1400              		.syntax unified
 1401              		.thumb
 1402              		.thumb_func
 1404              	HAL_RTCEx_SetWakeUpTimer:
 1405              	.LVL100:
 1406              	.LFB253:
 837:stm/stm32f4xx/STM32F4xx_HAL_Driver/Src/stm32f4xx_hal_rtc_ex.c **** #endif /* RTC_TAMPER2_SUPPORT */
 838:stm/stm32f4xx/STM32F4xx_HAL_Driver/Src/stm32f4xx_hal_rtc_ex.c **** 
 839:stm/stm32f4xx/STM32F4xx_HAL_Driver/Src/stm32f4xx_hal_rtc_ex.c **** /**
 840:stm/stm32f4xx/STM32F4xx_HAL_Driver/Src/stm32f4xx_hal_rtc_ex.c ****   * @}
 841:stm/stm32f4xx/STM32F4xx_HAL_Driver/Src/stm32f4xx_hal_rtc_ex.c ****   */
 842:stm/stm32f4xx/STM32F4xx_HAL_Driver/Src/stm32f4xx_hal_rtc_ex.c **** 
 843:stm/stm32f4xx/STM32F4xx_HAL_Driver/Src/stm32f4xx_hal_rtc_ex.c **** /** @defgroup RTCEx_Exported_Functions_Group2 RTC Wakeup functions
 844:stm/stm32f4xx/STM32F4xx_HAL_Driver/Src/stm32f4xx_hal_rtc_ex.c ****   * @brief    RTC Wakeup functions
 845:stm/stm32f4xx/STM32F4xx_HAL_Driver/Src/stm32f4xx_hal_rtc_ex.c ****   *
 846:stm/stm32f4xx/STM32F4xx_HAL_Driver/Src/stm32f4xx_hal_rtc_ex.c **** @verbatim
 847:stm/stm32f4xx/STM32F4xx_HAL_Driver/Src/stm32f4xx_hal_rtc_ex.c ****  ===============================================================================
 848:stm/stm32f4xx/STM32F4xx_HAL_Driver/Src/stm32f4xx_hal_rtc_ex.c ****                         ##### RTC Wakeup functions #####
 849:stm/stm32f4xx/STM32F4xx_HAL_Driver/Src/stm32f4xx_hal_rtc_ex.c ****  ===============================================================================
 850:stm/stm32f4xx/STM32F4xx_HAL_Driver/Src/stm32f4xx_hal_rtc_ex.c **** 
 851:stm/stm32f4xx/STM32F4xx_HAL_Driver/Src/stm32f4xx_hal_rtc_ex.c ****  [..] This section provides functions allowing to configure Wakeup feature
 852:stm/stm32f4xx/STM32F4xx_HAL_Driver/Src/stm32f4xx_hal_rtc_ex.c **** 
 853:stm/stm32f4xx/STM32F4xx_HAL_Driver/Src/stm32f4xx_hal_rtc_ex.c **** @endverbatim
 854:stm/stm32f4xx/STM32F4xx_HAL_Driver/Src/stm32f4xx_hal_rtc_ex.c ****   * @{
 855:stm/stm32f4xx/STM32F4xx_HAL_Driver/Src/stm32f4xx_hal_rtc_ex.c ****   */
 856:stm/stm32f4xx/STM32F4xx_HAL_Driver/Src/stm32f4xx_hal_rtc_ex.c **** 
 857:stm/stm32f4xx/STM32F4xx_HAL_Driver/Src/stm32f4xx_hal_rtc_ex.c **** /**
 858:stm/stm32f4xx/STM32F4xx_HAL_Driver/Src/stm32f4xx_hal_rtc_ex.c ****   * @brief  Sets wakeup timer.
 859:stm/stm32f4xx/STM32F4xx_HAL_Driver/Src/stm32f4xx_hal_rtc_ex.c ****   * @param  hrtc pointer to a RTC_HandleTypeDef structure that contains
 860:stm/stm32f4xx/STM32F4xx_HAL_Driver/Src/stm32f4xx_hal_rtc_ex.c ****   *                the configuration information for RTC.
 861:stm/stm32f4xx/STM32F4xx_HAL_Driver/Src/stm32f4xx_hal_rtc_ex.c ****   * @param  WakeUpCounter Wakeup counter
ARM GAS  /tmp/ccYCz6LM.s 			page 42


 862:stm/stm32f4xx/STM32F4xx_HAL_Driver/Src/stm32f4xx_hal_rtc_ex.c ****   * @param  WakeUpClock Wakeup clock
 863:stm/stm32f4xx/STM32F4xx_HAL_Driver/Src/stm32f4xx_hal_rtc_ex.c ****   * @retval HAL status
 864:stm/stm32f4xx/STM32F4xx_HAL_Driver/Src/stm32f4xx_hal_rtc_ex.c ****   */
 865:stm/stm32f4xx/STM32F4xx_HAL_Driver/Src/stm32f4xx_hal_rtc_ex.c **** HAL_StatusTypeDef HAL_RTCEx_SetWakeUpTimer(RTC_HandleTypeDef *hrtc, uint32_t WakeUpCounter, uint32_
 866:stm/stm32f4xx/STM32F4xx_HAL_Driver/Src/stm32f4xx_hal_rtc_ex.c **** {
 1407              		.loc 1 866 1 is_stmt 1 view -0
 1408              		.cfi_startproc
 1409              		@ args = 0, pretend = 0, frame = 0
 1410              		@ frame_needed = 0, uses_anonymous_args = 0
 1411              		.loc 1 866 1 is_stmt 0 view .LVU479
 1412 0000 F8B5     		push	{r3, r4, r5, r6, r7, lr}
 1413              	.LCFI19:
 1414              		.cfi_def_cfa_offset 24
 1415              		.cfi_offset 3, -24
 1416              		.cfi_offset 4, -20
 1417              		.cfi_offset 5, -16
 1418              		.cfi_offset 6, -12
 1419              		.cfi_offset 7, -8
 1420              		.cfi_offset 14, -4
 867:stm/stm32f4xx/STM32F4xx_HAL_Driver/Src/stm32f4xx_hal_rtc_ex.c ****   uint32_t tickstart = 0U;
 1421              		.loc 1 867 3 is_stmt 1 view .LVU480
 1422              	.LVL101:
 868:stm/stm32f4xx/STM32F4xx_HAL_Driver/Src/stm32f4xx_hal_rtc_ex.c **** 
 869:stm/stm32f4xx/STM32F4xx_HAL_Driver/Src/stm32f4xx_hal_rtc_ex.c ****   /* Check the parameters */
 870:stm/stm32f4xx/STM32F4xx_HAL_Driver/Src/stm32f4xx_hal_rtc_ex.c ****   assert_param(IS_RTC_WAKEUP_CLOCK(WakeUpClock));
 1423              		.loc 1 870 3 view .LVU481
 871:stm/stm32f4xx/STM32F4xx_HAL_Driver/Src/stm32f4xx_hal_rtc_ex.c ****   assert_param(IS_RTC_WAKEUP_COUNTER(WakeUpCounter));
 1424              		.loc 1 871 3 view .LVU482
 872:stm/stm32f4xx/STM32F4xx_HAL_Driver/Src/stm32f4xx_hal_rtc_ex.c **** 
 873:stm/stm32f4xx/STM32F4xx_HAL_Driver/Src/stm32f4xx_hal_rtc_ex.c ****   /* Process Locked */
 874:stm/stm32f4xx/STM32F4xx_HAL_Driver/Src/stm32f4xx_hal_rtc_ex.c ****   __HAL_LOCK(hrtc);
 1425              		.loc 1 874 3 view .LVU483
 1426              		.loc 1 874 3 view .LVU484
 1427 0002 037F     		ldrb	r3, [r0, #28]	@ zero_extendqisi2
 1428 0004 012B     		cmp	r3, #1
 1429 0006 5FD0     		beq	.L98
 1430 0008 0446     		mov	r4, r0
 1431 000a 0D46     		mov	r5, r1
 1432 000c 1646     		mov	r6, r2
 1433              		.loc 1 874 3 discriminator 2 view .LVU485
 1434 000e 0123     		movs	r3, #1
 1435 0010 0377     		strb	r3, [r0, #28]
 1436              		.loc 1 874 3 discriminator 2 view .LVU486
 875:stm/stm32f4xx/STM32F4xx_HAL_Driver/Src/stm32f4xx_hal_rtc_ex.c **** 
 876:stm/stm32f4xx/STM32F4xx_HAL_Driver/Src/stm32f4xx_hal_rtc_ex.c ****   hrtc->State = HAL_RTC_STATE_BUSY;
 1437              		.loc 1 876 3 view .LVU487
 1438              		.loc 1 876 15 is_stmt 0 view .LVU488
 1439 0012 0223     		movs	r3, #2
 1440 0014 4377     		strb	r3, [r0, #29]
 877:stm/stm32f4xx/STM32F4xx_HAL_Driver/Src/stm32f4xx_hal_rtc_ex.c **** 
 878:stm/stm32f4xx/STM32F4xx_HAL_Driver/Src/stm32f4xx_hal_rtc_ex.c ****   /* Disable the write protection for RTC registers */
 879:stm/stm32f4xx/STM32F4xx_HAL_Driver/Src/stm32f4xx_hal_rtc_ex.c ****   __HAL_RTC_WRITEPROTECTION_DISABLE(hrtc);
 1441              		.loc 1 879 3 is_stmt 1 view .LVU489
 1442              		.loc 1 879 3 view .LVU490
 1443 0016 0368     		ldr	r3, [r0]
 1444 0018 CA22     		movs	r2, #202
 1445              	.LVL102:
ARM GAS  /tmp/ccYCz6LM.s 			page 43


 1446              		.loc 1 879 3 is_stmt 0 view .LVU491
 1447 001a 5A62     		str	r2, [r3, #36]
 1448              		.loc 1 879 3 is_stmt 1 view .LVU492
 1449 001c 0368     		ldr	r3, [r0]
 1450 001e 5322     		movs	r2, #83
 1451 0020 5A62     		str	r2, [r3, #36]
 1452              		.loc 1 879 3 view .LVU493
 880:stm/stm32f4xx/STM32F4xx_HAL_Driver/Src/stm32f4xx_hal_rtc_ex.c **** 
 881:stm/stm32f4xx/STM32F4xx_HAL_Driver/Src/stm32f4xx_hal_rtc_ex.c ****   /* Check RTC WUTWF flag is reset only when wakeup timer enabled*/
 882:stm/stm32f4xx/STM32F4xx_HAL_Driver/Src/stm32f4xx_hal_rtc_ex.c ****   if ((hrtc->Instance->CR & RTC_CR_WUTE) != 0U)
 1453              		.loc 1 882 3 view .LVU494
 1454              		.loc 1 882 12 is_stmt 0 view .LVU495
 1455 0022 0368     		ldr	r3, [r0]
 1456              		.loc 1 882 22 view .LVU496
 1457 0024 9B68     		ldr	r3, [r3, #8]
 1458              		.loc 1 882 6 view .LVU497
 1459 0026 13F4806F 		tst	r3, #1024
 1460 002a 15D0     		beq	.L93
 883:stm/stm32f4xx/STM32F4xx_HAL_Driver/Src/stm32f4xx_hal_rtc_ex.c ****   {
 884:stm/stm32f4xx/STM32F4xx_HAL_Driver/Src/stm32f4xx_hal_rtc_ex.c ****     tickstart = HAL_GetTick();
 1461              		.loc 1 884 5 is_stmt 1 view .LVU498
 1462              		.loc 1 884 17 is_stmt 0 view .LVU499
 1463 002c FFF7FEFF 		bl	HAL_GetTick
 1464              	.LVL103:
 1465              		.loc 1 884 17 view .LVU500
 1466 0030 0746     		mov	r7, r0
 1467              	.LVL104:
 885:stm/stm32f4xx/STM32F4xx_HAL_Driver/Src/stm32f4xx_hal_rtc_ex.c **** 
 886:stm/stm32f4xx/STM32F4xx_HAL_Driver/Src/stm32f4xx_hal_rtc_ex.c ****     /* Wait till RTC WUTWF flag is reset and if timeout is reached exit */
 887:stm/stm32f4xx/STM32F4xx_HAL_Driver/Src/stm32f4xx_hal_rtc_ex.c ****     while (__HAL_RTC_WAKEUPTIMER_GET_FLAG(hrtc, RTC_FLAG_WUTWF) != 0U)
 1468              		.loc 1 887 5 is_stmt 1 view .LVU501
 1469              	.L94:
 1470              		.loc 1 887 65 view .LVU502
 1471              		.loc 1 887 12 is_stmt 0 view .LVU503
 1472 0032 2368     		ldr	r3, [r4]
 1473 0034 DB68     		ldr	r3, [r3, #12]
 1474              		.loc 1 887 65 view .LVU504
 1475 0036 13F0040F 		tst	r3, #4
 1476 003a 0DD0     		beq	.L93
 888:stm/stm32f4xx/STM32F4xx_HAL_Driver/Src/stm32f4xx_hal_rtc_ex.c ****     {
 889:stm/stm32f4xx/STM32F4xx_HAL_Driver/Src/stm32f4xx_hal_rtc_ex.c ****       if ((HAL_GetTick() - tickstart) > RTC_TIMEOUT_VALUE)
 1477              		.loc 1 889 7 is_stmt 1 view .LVU505
 1478              		.loc 1 889 12 is_stmt 0 view .LVU506
 1479 003c FFF7FEFF 		bl	HAL_GetTick
 1480              	.LVL105:
 1481              		.loc 1 889 26 discriminator 1 view .LVU507
 1482 0040 C01B     		subs	r0, r0, r7
 1483              		.loc 1 889 10 discriminator 1 view .LVU508
 1484 0042 B0F57A7F 		cmp	r0, #1000
 1485 0046 F4D9     		bls	.L94
 890:stm/stm32f4xx/STM32F4xx_HAL_Driver/Src/stm32f4xx_hal_rtc_ex.c ****       {
 891:stm/stm32f4xx/STM32F4xx_HAL_Driver/Src/stm32f4xx_hal_rtc_ex.c ****         /* Enable the write protection for RTC registers */
 892:stm/stm32f4xx/STM32F4xx_HAL_Driver/Src/stm32f4xx_hal_rtc_ex.c ****         __HAL_RTC_WRITEPROTECTION_ENABLE(hrtc);
 1486              		.loc 1 892 9 is_stmt 1 view .LVU509
 1487              		.loc 1 892 9 view .LVU510
 1488 0048 2368     		ldr	r3, [r4]
 1489 004a FF22     		movs	r2, #255
ARM GAS  /tmp/ccYCz6LM.s 			page 44


 1490 004c 5A62     		str	r2, [r3, #36]
 1491              		.loc 1 892 9 view .LVU511
 893:stm/stm32f4xx/STM32F4xx_HAL_Driver/Src/stm32f4xx_hal_rtc_ex.c **** 
 894:stm/stm32f4xx/STM32F4xx_HAL_Driver/Src/stm32f4xx_hal_rtc_ex.c ****         hrtc->State = HAL_RTC_STATE_TIMEOUT;
 1492              		.loc 1 894 9 view .LVU512
 1493              		.loc 1 894 21 is_stmt 0 view .LVU513
 1494 004e 0320     		movs	r0, #3
 1495 0050 6077     		strb	r0, [r4, #29]
 895:stm/stm32f4xx/STM32F4xx_HAL_Driver/Src/stm32f4xx_hal_rtc_ex.c **** 
 896:stm/stm32f4xx/STM32F4xx_HAL_Driver/Src/stm32f4xx_hal_rtc_ex.c ****         /* Process Unlocked */
 897:stm/stm32f4xx/STM32F4xx_HAL_Driver/Src/stm32f4xx_hal_rtc_ex.c ****         __HAL_UNLOCK(hrtc);
 1496              		.loc 1 897 9 is_stmt 1 view .LVU514
 1497              		.loc 1 897 9 view .LVU515
 1498 0052 0023     		movs	r3, #0
 1499 0054 2377     		strb	r3, [r4, #28]
 1500              		.loc 1 897 9 view .LVU516
 898:stm/stm32f4xx/STM32F4xx_HAL_Driver/Src/stm32f4xx_hal_rtc_ex.c **** 
 899:stm/stm32f4xx/STM32F4xx_HAL_Driver/Src/stm32f4xx_hal_rtc_ex.c ****         return HAL_TIMEOUT;
 1501              		.loc 1 899 9 view .LVU517
 1502              		.loc 1 899 16 is_stmt 0 view .LVU518
 1503 0056 36E0     		b	.L92
 1504              	.LVL106:
 1505              	.L93:
 900:stm/stm32f4xx/STM32F4xx_HAL_Driver/Src/stm32f4xx_hal_rtc_ex.c ****       }
 901:stm/stm32f4xx/STM32F4xx_HAL_Driver/Src/stm32f4xx_hal_rtc_ex.c ****     }
 902:stm/stm32f4xx/STM32F4xx_HAL_Driver/Src/stm32f4xx_hal_rtc_ex.c ****   }
 903:stm/stm32f4xx/STM32F4xx_HAL_Driver/Src/stm32f4xx_hal_rtc_ex.c **** 
 904:stm/stm32f4xx/STM32F4xx_HAL_Driver/Src/stm32f4xx_hal_rtc_ex.c ****   /* Disable the Wakeup timer */
 905:stm/stm32f4xx/STM32F4xx_HAL_Driver/Src/stm32f4xx_hal_rtc_ex.c ****   __HAL_RTC_WAKEUPTIMER_DISABLE(hrtc);
 1506              		.loc 1 905 3 is_stmt 1 view .LVU519
 1507 0058 2268     		ldr	r2, [r4]
 1508 005a 9368     		ldr	r3, [r2, #8]
 1509 005c 23F48063 		bic	r3, r3, #1024
 1510 0060 9360     		str	r3, [r2, #8]
 906:stm/stm32f4xx/STM32F4xx_HAL_Driver/Src/stm32f4xx_hal_rtc_ex.c **** 
 907:stm/stm32f4xx/STM32F4xx_HAL_Driver/Src/stm32f4xx_hal_rtc_ex.c ****   /* Clear the Wakeup flag */
 908:stm/stm32f4xx/STM32F4xx_HAL_Driver/Src/stm32f4xx_hal_rtc_ex.c ****   __HAL_RTC_WAKEUPTIMER_CLEAR_FLAG(hrtc, RTC_FLAG_WUTF);
 1511              		.loc 1 908 3 view .LVU520
 1512 0062 2268     		ldr	r2, [r4]
 1513 0064 D368     		ldr	r3, [r2, #12]
 1514 0066 DBB2     		uxtb	r3, r3
 1515 0068 63F49063 		orn	r3, r3, #1152
 1516 006c D360     		str	r3, [r2, #12]
 909:stm/stm32f4xx/STM32F4xx_HAL_Driver/Src/stm32f4xx_hal_rtc_ex.c **** 
 910:stm/stm32f4xx/STM32F4xx_HAL_Driver/Src/stm32f4xx_hal_rtc_ex.c ****   /* Get tick */
 911:stm/stm32f4xx/STM32F4xx_HAL_Driver/Src/stm32f4xx_hal_rtc_ex.c ****   tickstart = HAL_GetTick();
 1517              		.loc 1 911 3 view .LVU521
 1518              		.loc 1 911 15 is_stmt 0 view .LVU522
 1519 006e FFF7FEFF 		bl	HAL_GetTick
 1520              	.LVL107:
 1521 0072 0746     		mov	r7, r0
 1522              	.LVL108:
 912:stm/stm32f4xx/STM32F4xx_HAL_Driver/Src/stm32f4xx_hal_rtc_ex.c **** 
 913:stm/stm32f4xx/STM32F4xx_HAL_Driver/Src/stm32f4xx_hal_rtc_ex.c ****   /* Wait till RTC WUTWF flag is set and if timeout is reached exit */
 914:stm/stm32f4xx/STM32F4xx_HAL_Driver/Src/stm32f4xx_hal_rtc_ex.c ****   while (__HAL_RTC_WAKEUPTIMER_GET_FLAG(hrtc, RTC_FLAG_WUTWF) == 0U)
 1523              		.loc 1 914 3 is_stmt 1 view .LVU523
 1524              	.L96:
ARM GAS  /tmp/ccYCz6LM.s 			page 45


 1525              		.loc 1 914 63 view .LVU524
 1526              		.loc 1 914 10 is_stmt 0 view .LVU525
 1527 0074 2368     		ldr	r3, [r4]
 1528 0076 DA68     		ldr	r2, [r3, #12]
 1529              		.loc 1 914 63 view .LVU526
 1530 0078 12F0040F 		tst	r2, #4
 1531 007c 0DD1     		bne	.L100
 915:stm/stm32f4xx/STM32F4xx_HAL_Driver/Src/stm32f4xx_hal_rtc_ex.c ****   {
 916:stm/stm32f4xx/STM32F4xx_HAL_Driver/Src/stm32f4xx_hal_rtc_ex.c ****     if ((HAL_GetTick() - tickstart) > RTC_TIMEOUT_VALUE)
 1532              		.loc 1 916 5 is_stmt 1 view .LVU527
 1533              		.loc 1 916 10 is_stmt 0 view .LVU528
 1534 007e FFF7FEFF 		bl	HAL_GetTick
 1535              	.LVL109:
 1536              		.loc 1 916 24 discriminator 1 view .LVU529
 1537 0082 C01B     		subs	r0, r0, r7
 1538              		.loc 1 916 8 discriminator 1 view .LVU530
 1539 0084 B0F57A7F 		cmp	r0, #1000
 1540 0088 F4D9     		bls	.L96
 917:stm/stm32f4xx/STM32F4xx_HAL_Driver/Src/stm32f4xx_hal_rtc_ex.c ****     {
 918:stm/stm32f4xx/STM32F4xx_HAL_Driver/Src/stm32f4xx_hal_rtc_ex.c ****       /* Enable the write protection for RTC registers */
 919:stm/stm32f4xx/STM32F4xx_HAL_Driver/Src/stm32f4xx_hal_rtc_ex.c ****       __HAL_RTC_WRITEPROTECTION_ENABLE(hrtc);
 1541              		.loc 1 919 7 is_stmt 1 view .LVU531
 1542              		.loc 1 919 7 view .LVU532
 1543 008a 2368     		ldr	r3, [r4]
 1544 008c FF22     		movs	r2, #255
 1545 008e 5A62     		str	r2, [r3, #36]
 1546              		.loc 1 919 7 view .LVU533
 920:stm/stm32f4xx/STM32F4xx_HAL_Driver/Src/stm32f4xx_hal_rtc_ex.c **** 
 921:stm/stm32f4xx/STM32F4xx_HAL_Driver/Src/stm32f4xx_hal_rtc_ex.c ****       hrtc->State = HAL_RTC_STATE_TIMEOUT;
 1547              		.loc 1 921 7 view .LVU534
 1548              		.loc 1 921 19 is_stmt 0 view .LVU535
 1549 0090 0320     		movs	r0, #3
 1550 0092 6077     		strb	r0, [r4, #29]
 922:stm/stm32f4xx/STM32F4xx_HAL_Driver/Src/stm32f4xx_hal_rtc_ex.c **** 
 923:stm/stm32f4xx/STM32F4xx_HAL_Driver/Src/stm32f4xx_hal_rtc_ex.c ****       /* Process Unlocked */
 924:stm/stm32f4xx/STM32F4xx_HAL_Driver/Src/stm32f4xx_hal_rtc_ex.c ****       __HAL_UNLOCK(hrtc);
 1551              		.loc 1 924 7 is_stmt 1 view .LVU536
 1552              		.loc 1 924 7 view .LVU537
 1553 0094 0023     		movs	r3, #0
 1554 0096 2377     		strb	r3, [r4, #28]
 1555              		.loc 1 924 7 view .LVU538
 925:stm/stm32f4xx/STM32F4xx_HAL_Driver/Src/stm32f4xx_hal_rtc_ex.c **** 
 926:stm/stm32f4xx/STM32F4xx_HAL_Driver/Src/stm32f4xx_hal_rtc_ex.c ****       return HAL_TIMEOUT;
 1556              		.loc 1 926 7 view .LVU539
 1557              		.loc 1 926 14 is_stmt 0 view .LVU540
 1558 0098 15E0     		b	.L92
 1559              	.L100:
 927:stm/stm32f4xx/STM32F4xx_HAL_Driver/Src/stm32f4xx_hal_rtc_ex.c ****     }
 928:stm/stm32f4xx/STM32F4xx_HAL_Driver/Src/stm32f4xx_hal_rtc_ex.c ****   }
 929:stm/stm32f4xx/STM32F4xx_HAL_Driver/Src/stm32f4xx_hal_rtc_ex.c **** 
 930:stm/stm32f4xx/STM32F4xx_HAL_Driver/Src/stm32f4xx_hal_rtc_ex.c ****   /* Clear the Wakeup Timer clock source bits in CR register */
 931:stm/stm32f4xx/STM32F4xx_HAL_Driver/Src/stm32f4xx_hal_rtc_ex.c ****   hrtc->Instance->CR &= (uint32_t)~RTC_CR_WUCKSEL;
 1560              		.loc 1 931 3 is_stmt 1 view .LVU541
 1561              		.loc 1 931 17 is_stmt 0 view .LVU542
 1562 009a 9A68     		ldr	r2, [r3, #8]
 1563              		.loc 1 931 22 view .LVU543
 1564 009c 22F00702 		bic	r2, r2, #7
ARM GAS  /tmp/ccYCz6LM.s 			page 46


 1565 00a0 9A60     		str	r2, [r3, #8]
 932:stm/stm32f4xx/STM32F4xx_HAL_Driver/Src/stm32f4xx_hal_rtc_ex.c **** 
 933:stm/stm32f4xx/STM32F4xx_HAL_Driver/Src/stm32f4xx_hal_rtc_ex.c ****   /* Configure the clock source */
 934:stm/stm32f4xx/STM32F4xx_HAL_Driver/Src/stm32f4xx_hal_rtc_ex.c ****   hrtc->Instance->CR |= (uint32_t)WakeUpClock;
 1566              		.loc 1 934 3 is_stmt 1 view .LVU544
 1567              		.loc 1 934 7 is_stmt 0 view .LVU545
 1568 00a2 2268     		ldr	r2, [r4]
 1569              		.loc 1 934 17 view .LVU546
 1570 00a4 9368     		ldr	r3, [r2, #8]
 1571              		.loc 1 934 22 view .LVU547
 1572 00a6 3343     		orrs	r3, r3, r6
 1573 00a8 9360     		str	r3, [r2, #8]
 935:stm/stm32f4xx/STM32F4xx_HAL_Driver/Src/stm32f4xx_hal_rtc_ex.c **** 
 936:stm/stm32f4xx/STM32F4xx_HAL_Driver/Src/stm32f4xx_hal_rtc_ex.c ****   /* Configure the Wakeup Timer counter */
 937:stm/stm32f4xx/STM32F4xx_HAL_Driver/Src/stm32f4xx_hal_rtc_ex.c ****   hrtc->Instance->WUTR = (uint32_t)WakeUpCounter;
 1574              		.loc 1 937 3 is_stmt 1 view .LVU548
 1575              		.loc 1 937 7 is_stmt 0 view .LVU549
 1576 00aa 2368     		ldr	r3, [r4]
 1577              		.loc 1 937 24 view .LVU550
 1578 00ac 5D61     		str	r5, [r3, #20]
 938:stm/stm32f4xx/STM32F4xx_HAL_Driver/Src/stm32f4xx_hal_rtc_ex.c **** 
 939:stm/stm32f4xx/STM32F4xx_HAL_Driver/Src/stm32f4xx_hal_rtc_ex.c ****   /* Enable the Wakeup Timer */
 940:stm/stm32f4xx/STM32F4xx_HAL_Driver/Src/stm32f4xx_hal_rtc_ex.c ****   __HAL_RTC_WAKEUPTIMER_ENABLE(hrtc);
 1579              		.loc 1 940 3 is_stmt 1 view .LVU551
 1580 00ae 2268     		ldr	r2, [r4]
 1581 00b0 9368     		ldr	r3, [r2, #8]
 1582 00b2 43F48063 		orr	r3, r3, #1024
 1583 00b6 9360     		str	r3, [r2, #8]
 941:stm/stm32f4xx/STM32F4xx_HAL_Driver/Src/stm32f4xx_hal_rtc_ex.c **** 
 942:stm/stm32f4xx/STM32F4xx_HAL_Driver/Src/stm32f4xx_hal_rtc_ex.c ****   /* Enable the write protection for RTC registers */
 943:stm/stm32f4xx/STM32F4xx_HAL_Driver/Src/stm32f4xx_hal_rtc_ex.c ****   __HAL_RTC_WRITEPROTECTION_ENABLE(hrtc);
 1584              		.loc 1 943 3 view .LVU552
 1585              		.loc 1 943 3 view .LVU553
 1586 00b8 2368     		ldr	r3, [r4]
 1587 00ba FF22     		movs	r2, #255
 1588 00bc 5A62     		str	r2, [r3, #36]
 1589              		.loc 1 943 3 view .LVU554
 944:stm/stm32f4xx/STM32F4xx_HAL_Driver/Src/stm32f4xx_hal_rtc_ex.c **** 
 945:stm/stm32f4xx/STM32F4xx_HAL_Driver/Src/stm32f4xx_hal_rtc_ex.c ****   hrtc->State = HAL_RTC_STATE_READY;
 1590              		.loc 1 945 3 view .LVU555
 1591              		.loc 1 945 15 is_stmt 0 view .LVU556
 1592 00be 0123     		movs	r3, #1
 1593 00c0 6377     		strb	r3, [r4, #29]
 946:stm/stm32f4xx/STM32F4xx_HAL_Driver/Src/stm32f4xx_hal_rtc_ex.c **** 
 947:stm/stm32f4xx/STM32F4xx_HAL_Driver/Src/stm32f4xx_hal_rtc_ex.c ****   /* Process Unlocked */
 948:stm/stm32f4xx/STM32F4xx_HAL_Driver/Src/stm32f4xx_hal_rtc_ex.c ****   __HAL_UNLOCK(hrtc);
 1594              		.loc 1 948 3 is_stmt 1 view .LVU557
 1595              		.loc 1 948 3 view .LVU558
 1596 00c2 0020     		movs	r0, #0
 1597 00c4 2077     		strb	r0, [r4, #28]
 1598              		.loc 1 948 3 view .LVU559
 949:stm/stm32f4xx/STM32F4xx_HAL_Driver/Src/stm32f4xx_hal_rtc_ex.c **** 
 950:stm/stm32f4xx/STM32F4xx_HAL_Driver/Src/stm32f4xx_hal_rtc_ex.c ****   return HAL_OK;
 1599              		.loc 1 950 3 view .LVU560
 1600              	.LVL110:
 1601              	.L92:
 951:stm/stm32f4xx/STM32F4xx_HAL_Driver/Src/stm32f4xx_hal_rtc_ex.c **** }
ARM GAS  /tmp/ccYCz6LM.s 			page 47


 1602              		.loc 1 951 1 is_stmt 0 view .LVU561
 1603 00c6 F8BD     		pop	{r3, r4, r5, r6, r7, pc}
 1604              	.LVL111:
 1605              	.L98:
 874:stm/stm32f4xx/STM32F4xx_HAL_Driver/Src/stm32f4xx_hal_rtc_ex.c **** 
 1606              		.loc 1 874 3 discriminator 1 view .LVU562
 1607 00c8 0220     		movs	r0, #2
 1608              	.LVL112:
 874:stm/stm32f4xx/STM32F4xx_HAL_Driver/Src/stm32f4xx_hal_rtc_ex.c **** 
 1609              		.loc 1 874 3 discriminator 1 view .LVU563
 1610 00ca FCE7     		b	.L92
 1611              		.cfi_endproc
 1612              	.LFE253:
 1614              		.section	.text.HAL_RTCEx_SetWakeUpTimer_IT,"ax",%progbits
 1615              		.align	1
 1616              		.global	HAL_RTCEx_SetWakeUpTimer_IT
 1617              		.syntax unified
 1618              		.thumb
 1619              		.thumb_func
 1621              	HAL_RTCEx_SetWakeUpTimer_IT:
 1622              	.LVL113:
 1623              	.LFB254:
 952:stm/stm32f4xx/STM32F4xx_HAL_Driver/Src/stm32f4xx_hal_rtc_ex.c **** 
 953:stm/stm32f4xx/STM32F4xx_HAL_Driver/Src/stm32f4xx_hal_rtc_ex.c **** /**
 954:stm/stm32f4xx/STM32F4xx_HAL_Driver/Src/stm32f4xx_hal_rtc_ex.c ****   * @brief  Sets wakeup timer with interrupt.
 955:stm/stm32f4xx/STM32F4xx_HAL_Driver/Src/stm32f4xx_hal_rtc_ex.c ****   * @param  hrtc pointer to a RTC_HandleTypeDef structure that contains
 956:stm/stm32f4xx/STM32F4xx_HAL_Driver/Src/stm32f4xx_hal_rtc_ex.c ****   *                the configuration information for RTC.
 957:stm/stm32f4xx/STM32F4xx_HAL_Driver/Src/stm32f4xx_hal_rtc_ex.c ****   * @param  WakeUpCounter Wakeup counter
 958:stm/stm32f4xx/STM32F4xx_HAL_Driver/Src/stm32f4xx_hal_rtc_ex.c ****   * @param  WakeUpClock Wakeup clock
 959:stm/stm32f4xx/STM32F4xx_HAL_Driver/Src/stm32f4xx_hal_rtc_ex.c ****   * @retval HAL status
 960:stm/stm32f4xx/STM32F4xx_HAL_Driver/Src/stm32f4xx_hal_rtc_ex.c ****   */
 961:stm/stm32f4xx/STM32F4xx_HAL_Driver/Src/stm32f4xx_hal_rtc_ex.c **** HAL_StatusTypeDef HAL_RTCEx_SetWakeUpTimer_IT(RTC_HandleTypeDef *hrtc, uint32_t WakeUpCounter, uint
 962:stm/stm32f4xx/STM32F4xx_HAL_Driver/Src/stm32f4xx_hal_rtc_ex.c **** {
 1624              		.loc 1 962 1 is_stmt 1 view -0
 1625              		.cfi_startproc
 1626              		@ args = 0, pretend = 0, frame = 8
 1627              		@ frame_needed = 0, uses_anonymous_args = 0
 1628              		@ link register save eliminated.
 1629              		.loc 1 962 1 is_stmt 0 view .LVU565
 1630 0000 10B4     		push	{r4}
 1631              	.LCFI20:
 1632              		.cfi_def_cfa_offset 4
 1633              		.cfi_offset 4, -4
 1634 0002 83B0     		sub	sp, sp, #12
 1635              	.LCFI21:
 1636              		.cfi_def_cfa_offset 16
 1637 0004 8446     		mov	ip, r0
 963:stm/stm32f4xx/STM32F4xx_HAL_Driver/Src/stm32f4xx_hal_rtc_ex.c ****   __IO uint32_t count  = RTC_TIMEOUT_VALUE * (SystemCoreClock / 32U / 1000U);
 1638              		.loc 1 963 3 is_stmt 1 view .LVU566
 1639              		.loc 1 963 69 is_stmt 0 view .LVU567
 1640 0006 454B     		ldr	r3, .L112
 1641 0008 1868     		ldr	r0, [r3]
 1642              	.LVL114:
 1643              		.loc 1 963 69 view .LVU568
 1644 000a 454B     		ldr	r3, .L112+4
 1645 000c A3FB0030 		umull	r3, r0, r3, r0
 1646 0010 C00A     		lsrs	r0, r0, #11
ARM GAS  /tmp/ccYCz6LM.s 			page 48


 1647              		.loc 1 963 44 view .LVU569
 1648 0012 4FF47A73 		mov	r3, #1000
 1649 0016 03FB00F0 		mul	r0, r3, r0
 1650              		.loc 1 963 17 view .LVU570
 1651 001a 0190     		str	r0, [sp, #4]
 964:stm/stm32f4xx/STM32F4xx_HAL_Driver/Src/stm32f4xx_hal_rtc_ex.c **** 
 965:stm/stm32f4xx/STM32F4xx_HAL_Driver/Src/stm32f4xx_hal_rtc_ex.c ****   /* Check the parameters */
 966:stm/stm32f4xx/STM32F4xx_HAL_Driver/Src/stm32f4xx_hal_rtc_ex.c ****   assert_param(IS_RTC_WAKEUP_CLOCK(WakeUpClock));
 1652              		.loc 1 966 3 is_stmt 1 view .LVU571
 967:stm/stm32f4xx/STM32F4xx_HAL_Driver/Src/stm32f4xx_hal_rtc_ex.c ****   assert_param(IS_RTC_WAKEUP_COUNTER(WakeUpCounter));
 1653              		.loc 1 967 3 view .LVU572
 968:stm/stm32f4xx/STM32F4xx_HAL_Driver/Src/stm32f4xx_hal_rtc_ex.c **** 
 969:stm/stm32f4xx/STM32F4xx_HAL_Driver/Src/stm32f4xx_hal_rtc_ex.c ****   /* Process Locked */
 970:stm/stm32f4xx/STM32F4xx_HAL_Driver/Src/stm32f4xx_hal_rtc_ex.c ****   __HAL_LOCK(hrtc);
 1654              		.loc 1 970 3 view .LVU573
 1655              		.loc 1 970 3 view .LVU574
 1656 001c 9CF81C30 		ldrb	r3, [ip, #28]	@ zero_extendqisi2
 1657 0020 012B     		cmp	r3, #1
 1658 0022 78D0     		beq	.L108
 1659              		.loc 1 970 3 discriminator 2 view .LVU575
 1660 0024 0123     		movs	r3, #1
 1661 0026 8CF81C30 		strb	r3, [ip, #28]
 1662              		.loc 1 970 3 discriminator 2 view .LVU576
 971:stm/stm32f4xx/STM32F4xx_HAL_Driver/Src/stm32f4xx_hal_rtc_ex.c **** 
 972:stm/stm32f4xx/STM32F4xx_HAL_Driver/Src/stm32f4xx_hal_rtc_ex.c ****   hrtc->State = HAL_RTC_STATE_BUSY;
 1663              		.loc 1 972 3 view .LVU577
 1664              		.loc 1 972 15 is_stmt 0 view .LVU578
 1665 002a 0223     		movs	r3, #2
 1666 002c 8CF81D30 		strb	r3, [ip, #29]
 973:stm/stm32f4xx/STM32F4xx_HAL_Driver/Src/stm32f4xx_hal_rtc_ex.c **** 
 974:stm/stm32f4xx/STM32F4xx_HAL_Driver/Src/stm32f4xx_hal_rtc_ex.c ****   /* Disable the write protection for RTC registers */
 975:stm/stm32f4xx/STM32F4xx_HAL_Driver/Src/stm32f4xx_hal_rtc_ex.c ****   __HAL_RTC_WRITEPROTECTION_DISABLE(hrtc);
 1667              		.loc 1 975 3 is_stmt 1 view .LVU579
 1668              		.loc 1 975 3 view .LVU580
 1669 0030 DCF80030 		ldr	r3, [ip]
 1670 0034 CA24     		movs	r4, #202
 1671 0036 5C62     		str	r4, [r3, #36]
 1672              		.loc 1 975 3 view .LVU581
 1673 0038 DCF80030 		ldr	r3, [ip]
 1674 003c 5324     		movs	r4, #83
 1675 003e 5C62     		str	r4, [r3, #36]
 1676              		.loc 1 975 3 view .LVU582
 976:stm/stm32f4xx/STM32F4xx_HAL_Driver/Src/stm32f4xx_hal_rtc_ex.c **** 
 977:stm/stm32f4xx/STM32F4xx_HAL_Driver/Src/stm32f4xx_hal_rtc_ex.c ****   /* Check RTC WUTWF flag is reset only when wakeup timer enabled */
 978:stm/stm32f4xx/STM32F4xx_HAL_Driver/Src/stm32f4xx_hal_rtc_ex.c ****   if ((hrtc->Instance->CR & RTC_CR_WUTE) != 0U)
 1677              		.loc 1 978 3 view .LVU583
 1678              		.loc 1 978 12 is_stmt 0 view .LVU584
 1679 0040 DCF80040 		ldr	r4, [ip]
 1680              		.loc 1 978 22 view .LVU585
 1681 0044 A368     		ldr	r3, [r4, #8]
 1682              		.loc 1 978 6 view .LVU586
 1683 0046 13F4806F 		tst	r3, #1024
 1684 004a 09D0     		beq	.L103
 1685              	.L105:
 979:stm/stm32f4xx/STM32F4xx_HAL_Driver/Src/stm32f4xx_hal_rtc_ex.c ****   {
 980:stm/stm32f4xx/STM32F4xx_HAL_Driver/Src/stm32f4xx_hal_rtc_ex.c ****     /* Wait till RTC WUTWF flag is reset and if timeout is reached exit */
 981:stm/stm32f4xx/STM32F4xx_HAL_Driver/Src/stm32f4xx_hal_rtc_ex.c ****     do
ARM GAS  /tmp/ccYCz6LM.s 			page 49


 1686              		.loc 1 981 5 is_stmt 1 view .LVU587
 982:stm/stm32f4xx/STM32F4xx_HAL_Driver/Src/stm32f4xx_hal_rtc_ex.c ****     {
 983:stm/stm32f4xx/STM32F4xx_HAL_Driver/Src/stm32f4xx_hal_rtc_ex.c ****       count = count - 1U;
 1687              		.loc 1 983 7 view .LVU588
 1688              		.loc 1 983 21 is_stmt 0 view .LVU589
 1689 004c 019B     		ldr	r3, [sp, #4]
 1690 004e 013B     		subs	r3, r3, #1
 1691              		.loc 1 983 13 view .LVU590
 1692 0050 0193     		str	r3, [sp, #4]
 984:stm/stm32f4xx/STM32F4xx_HAL_Driver/Src/stm32f4xx_hal_rtc_ex.c ****       if (count == 0U)
 1693              		.loc 1 984 7 is_stmt 1 view .LVU591
 1694              		.loc 1 984 17 is_stmt 0 view .LVU592
 1695 0052 019B     		ldr	r3, [sp, #4]
 1696              		.loc 1 984 10 view .LVU593
 1697 0054 002B     		cmp	r3, #0
 1698 0056 47D0     		beq	.L110
 985:stm/stm32f4xx/STM32F4xx_HAL_Driver/Src/stm32f4xx_hal_rtc_ex.c ****       {
 986:stm/stm32f4xx/STM32F4xx_HAL_Driver/Src/stm32f4xx_hal_rtc_ex.c ****         /* Enable the write protection for RTC registers */
 987:stm/stm32f4xx/STM32F4xx_HAL_Driver/Src/stm32f4xx_hal_rtc_ex.c ****         __HAL_RTC_WRITEPROTECTION_ENABLE(hrtc);
 988:stm/stm32f4xx/STM32F4xx_HAL_Driver/Src/stm32f4xx_hal_rtc_ex.c **** 
 989:stm/stm32f4xx/STM32F4xx_HAL_Driver/Src/stm32f4xx_hal_rtc_ex.c ****         hrtc->State = HAL_RTC_STATE_TIMEOUT;
 990:stm/stm32f4xx/STM32F4xx_HAL_Driver/Src/stm32f4xx_hal_rtc_ex.c **** 
 991:stm/stm32f4xx/STM32F4xx_HAL_Driver/Src/stm32f4xx_hal_rtc_ex.c ****         /* Process Unlocked */
 992:stm/stm32f4xx/STM32F4xx_HAL_Driver/Src/stm32f4xx_hal_rtc_ex.c ****         __HAL_UNLOCK(hrtc);
 993:stm/stm32f4xx/STM32F4xx_HAL_Driver/Src/stm32f4xx_hal_rtc_ex.c **** 
 994:stm/stm32f4xx/STM32F4xx_HAL_Driver/Src/stm32f4xx_hal_rtc_ex.c ****         return HAL_TIMEOUT;
 995:stm/stm32f4xx/STM32F4xx_HAL_Driver/Src/stm32f4xx_hal_rtc_ex.c ****       }
 996:stm/stm32f4xx/STM32F4xx_HAL_Driver/Src/stm32f4xx_hal_rtc_ex.c ****     } while (__HAL_RTC_WAKEUPTIMER_GET_FLAG(hrtc, RTC_FLAG_WUTWF) != 0U);
 1699              		.loc 1 996 67 is_stmt 1 view .LVU594
 1700              		.loc 1 996 14 is_stmt 0 view .LVU595
 1701 0058 E368     		ldr	r3, [r4, #12]
 1702              		.loc 1 996 67 view .LVU596
 1703 005a 13F0040F 		tst	r3, #4
 1704 005e F5D1     		bne	.L105
 1705              	.L103:
 997:stm/stm32f4xx/STM32F4xx_HAL_Driver/Src/stm32f4xx_hal_rtc_ex.c ****   }
 998:stm/stm32f4xx/STM32F4xx_HAL_Driver/Src/stm32f4xx_hal_rtc_ex.c **** 
 999:stm/stm32f4xx/STM32F4xx_HAL_Driver/Src/stm32f4xx_hal_rtc_ex.c ****   /* Disable the Wakeup timer */
1000:stm/stm32f4xx/STM32F4xx_HAL_Driver/Src/stm32f4xx_hal_rtc_ex.c ****   __HAL_RTC_WAKEUPTIMER_DISABLE(hrtc);
 1706              		.loc 1 1000 3 is_stmt 1 view .LVU597
 1707 0060 A368     		ldr	r3, [r4, #8]
 1708 0062 23F48063 		bic	r3, r3, #1024
 1709 0066 A360     		str	r3, [r4, #8]
1001:stm/stm32f4xx/STM32F4xx_HAL_Driver/Src/stm32f4xx_hal_rtc_ex.c **** 
1002:stm/stm32f4xx/STM32F4xx_HAL_Driver/Src/stm32f4xx_hal_rtc_ex.c ****   /* Clear the Wakeup flag */
1003:stm/stm32f4xx/STM32F4xx_HAL_Driver/Src/stm32f4xx_hal_rtc_ex.c ****   __HAL_RTC_WAKEUPTIMER_CLEAR_FLAG(hrtc, RTC_FLAG_WUTF);
 1710              		.loc 1 1003 3 view .LVU598
 1711 0068 DCF80040 		ldr	r4, [ip]
 1712 006c E368     		ldr	r3, [r4, #12]
 1713 006e DBB2     		uxtb	r3, r3
 1714 0070 63F49063 		orn	r3, r3, #1152
 1715 0074 E360     		str	r3, [r4, #12]
1004:stm/stm32f4xx/STM32F4xx_HAL_Driver/Src/stm32f4xx_hal_rtc_ex.c **** 
1005:stm/stm32f4xx/STM32F4xx_HAL_Driver/Src/stm32f4xx_hal_rtc_ex.c ****   /* Reload the counter */
1006:stm/stm32f4xx/STM32F4xx_HAL_Driver/Src/stm32f4xx_hal_rtc_ex.c ****   count = RTC_TIMEOUT_VALUE * (SystemCoreClock / 32U / 1000U);
 1716              		.loc 1 1006 3 view .LVU599
 1717              		.loc 1 1006 9 is_stmt 0 view .LVU600
ARM GAS  /tmp/ccYCz6LM.s 			page 50


 1718 0076 0190     		str	r0, [sp, #4]
 1719              	.L107:
1007:stm/stm32f4xx/STM32F4xx_HAL_Driver/Src/stm32f4xx_hal_rtc_ex.c **** 
1008:stm/stm32f4xx/STM32F4xx_HAL_Driver/Src/stm32f4xx_hal_rtc_ex.c ****   /* Wait till RTC WUTWF flag is set and if timeout is reached exit */
1009:stm/stm32f4xx/STM32F4xx_HAL_Driver/Src/stm32f4xx_hal_rtc_ex.c ****   do
 1720              		.loc 1 1009 3 is_stmt 1 view .LVU601
1010:stm/stm32f4xx/STM32F4xx_HAL_Driver/Src/stm32f4xx_hal_rtc_ex.c ****   {
1011:stm/stm32f4xx/STM32F4xx_HAL_Driver/Src/stm32f4xx_hal_rtc_ex.c ****     count = count - 1U;
 1721              		.loc 1 1011 5 view .LVU602
 1722              		.loc 1 1011 19 is_stmt 0 view .LVU603
 1723 0078 019B     		ldr	r3, [sp, #4]
 1724 007a 013B     		subs	r3, r3, #1
 1725              		.loc 1 1011 11 view .LVU604
 1726 007c 0193     		str	r3, [sp, #4]
1012:stm/stm32f4xx/STM32F4xx_HAL_Driver/Src/stm32f4xx_hal_rtc_ex.c ****     if (count == 0U)
 1727              		.loc 1 1012 5 is_stmt 1 view .LVU605
 1728              		.loc 1 1012 15 is_stmt 0 view .LVU606
 1729 007e 019B     		ldr	r3, [sp, #4]
 1730              		.loc 1 1012 8 view .LVU607
 1731 0080 002B     		cmp	r3, #0
 1732 0082 3AD0     		beq	.L111
1013:stm/stm32f4xx/STM32F4xx_HAL_Driver/Src/stm32f4xx_hal_rtc_ex.c ****     {
1014:stm/stm32f4xx/STM32F4xx_HAL_Driver/Src/stm32f4xx_hal_rtc_ex.c ****       /* Enable the write protection for RTC registers */
1015:stm/stm32f4xx/STM32F4xx_HAL_Driver/Src/stm32f4xx_hal_rtc_ex.c ****       __HAL_RTC_WRITEPROTECTION_ENABLE(hrtc);
1016:stm/stm32f4xx/STM32F4xx_HAL_Driver/Src/stm32f4xx_hal_rtc_ex.c **** 
1017:stm/stm32f4xx/STM32F4xx_HAL_Driver/Src/stm32f4xx_hal_rtc_ex.c ****       hrtc->State = HAL_RTC_STATE_TIMEOUT;
1018:stm/stm32f4xx/STM32F4xx_HAL_Driver/Src/stm32f4xx_hal_rtc_ex.c **** 
1019:stm/stm32f4xx/STM32F4xx_HAL_Driver/Src/stm32f4xx_hal_rtc_ex.c ****       /* Process Unlocked */
1020:stm/stm32f4xx/STM32F4xx_HAL_Driver/Src/stm32f4xx_hal_rtc_ex.c ****       __HAL_UNLOCK(hrtc);
1021:stm/stm32f4xx/STM32F4xx_HAL_Driver/Src/stm32f4xx_hal_rtc_ex.c **** 
1022:stm/stm32f4xx/STM32F4xx_HAL_Driver/Src/stm32f4xx_hal_rtc_ex.c ****       return HAL_TIMEOUT;
1023:stm/stm32f4xx/STM32F4xx_HAL_Driver/Src/stm32f4xx_hal_rtc_ex.c ****     }
1024:stm/stm32f4xx/STM32F4xx_HAL_Driver/Src/stm32f4xx_hal_rtc_ex.c ****   } while (__HAL_RTC_WAKEUPTIMER_GET_FLAG(hrtc, RTC_FLAG_WUTWF) == 0U);
 1733              		.loc 1 1024 65 is_stmt 1 view .LVU608
 1734              		.loc 1 1024 12 is_stmt 0 view .LVU609
 1735 0084 DCF80030 		ldr	r3, [ip]
 1736 0088 D868     		ldr	r0, [r3, #12]
 1737              		.loc 1 1024 65 view .LVU610
 1738 008a 10F0040F 		tst	r0, #4
 1739 008e F3D0     		beq	.L107
1025:stm/stm32f4xx/STM32F4xx_HAL_Driver/Src/stm32f4xx_hal_rtc_ex.c **** 
1026:stm/stm32f4xx/STM32F4xx_HAL_Driver/Src/stm32f4xx_hal_rtc_ex.c ****   /* Clear the Wakeup Timer clock source bits in CR register */
1027:stm/stm32f4xx/STM32F4xx_HAL_Driver/Src/stm32f4xx_hal_rtc_ex.c ****   hrtc->Instance->CR &= (uint32_t)~RTC_CR_WUCKSEL;
 1740              		.loc 1 1027 3 is_stmt 1 view .LVU611
 1741              		.loc 1 1027 17 is_stmt 0 view .LVU612
 1742 0090 9868     		ldr	r0, [r3, #8]
 1743              		.loc 1 1027 22 view .LVU613
 1744 0092 20F00700 		bic	r0, r0, #7
 1745 0096 9860     		str	r0, [r3, #8]
1028:stm/stm32f4xx/STM32F4xx_HAL_Driver/Src/stm32f4xx_hal_rtc_ex.c **** 
1029:stm/stm32f4xx/STM32F4xx_HAL_Driver/Src/stm32f4xx_hal_rtc_ex.c ****   /* Configure the clock source */
1030:stm/stm32f4xx/STM32F4xx_HAL_Driver/Src/stm32f4xx_hal_rtc_ex.c ****   hrtc->Instance->CR |= (uint32_t)WakeUpClock;
 1746              		.loc 1 1030 3 is_stmt 1 view .LVU614
 1747              		.loc 1 1030 7 is_stmt 0 view .LVU615
 1748 0098 DCF80000 		ldr	r0, [ip]
 1749              		.loc 1 1030 17 view .LVU616
 1750 009c 8368     		ldr	r3, [r0, #8]
ARM GAS  /tmp/ccYCz6LM.s 			page 51


 1751              		.loc 1 1030 22 view .LVU617
 1752 009e 1343     		orrs	r3, r3, r2
 1753 00a0 8360     		str	r3, [r0, #8]
1031:stm/stm32f4xx/STM32F4xx_HAL_Driver/Src/stm32f4xx_hal_rtc_ex.c **** 
1032:stm/stm32f4xx/STM32F4xx_HAL_Driver/Src/stm32f4xx_hal_rtc_ex.c ****   /* Configure the Wakeup Timer counter */
1033:stm/stm32f4xx/STM32F4xx_HAL_Driver/Src/stm32f4xx_hal_rtc_ex.c ****   hrtc->Instance->WUTR = (uint32_t)WakeUpCounter;
 1754              		.loc 1 1033 3 is_stmt 1 view .LVU618
 1755              		.loc 1 1033 7 is_stmt 0 view .LVU619
 1756 00a2 DCF80030 		ldr	r3, [ip]
 1757              		.loc 1 1033 24 view .LVU620
 1758 00a6 5961     		str	r1, [r3, #20]
1034:stm/stm32f4xx/STM32F4xx_HAL_Driver/Src/stm32f4xx_hal_rtc_ex.c **** 
1035:stm/stm32f4xx/STM32F4xx_HAL_Driver/Src/stm32f4xx_hal_rtc_ex.c ****   /* RTC wakeup timer Interrupt Configuration: EXTI configuration */
1036:stm/stm32f4xx/STM32F4xx_HAL_Driver/Src/stm32f4xx_hal_rtc_ex.c ****   __HAL_RTC_WAKEUPTIMER_EXTI_ENABLE_IT();
 1759              		.loc 1 1036 3 is_stmt 1 view .LVU621
 1760 00a8 1E4B     		ldr	r3, .L112+8
 1761 00aa 1A68     		ldr	r2, [r3]
 1762              	.LVL115:
 1763              		.loc 1 1036 3 is_stmt 0 view .LVU622
 1764 00ac 42F48002 		orr	r2, r2, #4194304
 1765 00b0 1A60     		str	r2, [r3]
1037:stm/stm32f4xx/STM32F4xx_HAL_Driver/Src/stm32f4xx_hal_rtc_ex.c ****   __HAL_RTC_WAKEUPTIMER_EXTI_ENABLE_RISING_EDGE();
 1766              		.loc 1 1037 3 is_stmt 1 view .LVU623
 1767 00b2 9A68     		ldr	r2, [r3, #8]
 1768 00b4 42F48002 		orr	r2, r2, #4194304
 1769 00b8 9A60     		str	r2, [r3, #8]
1038:stm/stm32f4xx/STM32F4xx_HAL_Driver/Src/stm32f4xx_hal_rtc_ex.c **** 
1039:stm/stm32f4xx/STM32F4xx_HAL_Driver/Src/stm32f4xx_hal_rtc_ex.c ****   /* Configure the interrupt in the RTC_CR register */
1040:stm/stm32f4xx/STM32F4xx_HAL_Driver/Src/stm32f4xx_hal_rtc_ex.c ****   __HAL_RTC_WAKEUPTIMER_ENABLE_IT(hrtc, RTC_IT_WUT);
 1770              		.loc 1 1040 3 view .LVU624
 1771 00ba DCF80020 		ldr	r2, [ip]
 1772 00be 9368     		ldr	r3, [r2, #8]
 1773 00c0 43F48043 		orr	r3, r3, #16384
 1774 00c4 9360     		str	r3, [r2, #8]
1041:stm/stm32f4xx/STM32F4xx_HAL_Driver/Src/stm32f4xx_hal_rtc_ex.c **** 
1042:stm/stm32f4xx/STM32F4xx_HAL_Driver/Src/stm32f4xx_hal_rtc_ex.c ****   /* Enable the Wakeup Timer */
1043:stm/stm32f4xx/STM32F4xx_HAL_Driver/Src/stm32f4xx_hal_rtc_ex.c ****   __HAL_RTC_WAKEUPTIMER_ENABLE(hrtc);
 1775              		.loc 1 1043 3 view .LVU625
 1776 00c6 DCF80020 		ldr	r2, [ip]
 1777 00ca 9368     		ldr	r3, [r2, #8]
 1778 00cc 43F48063 		orr	r3, r3, #1024
 1779 00d0 9360     		str	r3, [r2, #8]
1044:stm/stm32f4xx/STM32F4xx_HAL_Driver/Src/stm32f4xx_hal_rtc_ex.c **** 
1045:stm/stm32f4xx/STM32F4xx_HAL_Driver/Src/stm32f4xx_hal_rtc_ex.c ****   /* Enable the write protection for RTC registers */
1046:stm/stm32f4xx/STM32F4xx_HAL_Driver/Src/stm32f4xx_hal_rtc_ex.c ****   __HAL_RTC_WRITEPROTECTION_ENABLE(hrtc);
 1780              		.loc 1 1046 3 view .LVU626
 1781              		.loc 1 1046 3 view .LVU627
 1782 00d2 DCF80030 		ldr	r3, [ip]
 1783 00d6 FF22     		movs	r2, #255
 1784 00d8 5A62     		str	r2, [r3, #36]
 1785              		.loc 1 1046 3 view .LVU628
1047:stm/stm32f4xx/STM32F4xx_HAL_Driver/Src/stm32f4xx_hal_rtc_ex.c **** 
1048:stm/stm32f4xx/STM32F4xx_HAL_Driver/Src/stm32f4xx_hal_rtc_ex.c ****   hrtc->State = HAL_RTC_STATE_READY;
 1786              		.loc 1 1048 3 view .LVU629
 1787              		.loc 1 1048 15 is_stmt 0 view .LVU630
 1788 00da 0123     		movs	r3, #1
 1789 00dc 8CF81D30 		strb	r3, [ip, #29]
ARM GAS  /tmp/ccYCz6LM.s 			page 52


1049:stm/stm32f4xx/STM32F4xx_HAL_Driver/Src/stm32f4xx_hal_rtc_ex.c **** 
1050:stm/stm32f4xx/STM32F4xx_HAL_Driver/Src/stm32f4xx_hal_rtc_ex.c ****   /* Process Unlocked */
1051:stm/stm32f4xx/STM32F4xx_HAL_Driver/Src/stm32f4xx_hal_rtc_ex.c ****   __HAL_UNLOCK(hrtc);
 1790              		.loc 1 1051 3 is_stmt 1 view .LVU631
 1791              		.loc 1 1051 3 view .LVU632
 1792 00e0 0020     		movs	r0, #0
 1793 00e2 8CF81C00 		strb	r0, [ip, #28]
 1794              		.loc 1 1051 3 view .LVU633
1052:stm/stm32f4xx/STM32F4xx_HAL_Driver/Src/stm32f4xx_hal_rtc_ex.c **** 
1053:stm/stm32f4xx/STM32F4xx_HAL_Driver/Src/stm32f4xx_hal_rtc_ex.c ****   return HAL_OK;
 1795              		.loc 1 1053 3 view .LVU634
 1796              		.loc 1 1053 10 is_stmt 0 view .LVU635
 1797 00e6 12E0     		b	.L102
 1798              	.LVL116:
 1799              	.L110:
 987:stm/stm32f4xx/STM32F4xx_HAL_Driver/Src/stm32f4xx_hal_rtc_ex.c **** 
 1800              		.loc 1 987 9 is_stmt 1 view .LVU636
 987:stm/stm32f4xx/STM32F4xx_HAL_Driver/Src/stm32f4xx_hal_rtc_ex.c **** 
 1801              		.loc 1 987 9 view .LVU637
 1802 00e8 FF23     		movs	r3, #255
 1803 00ea 6362     		str	r3, [r4, #36]
 987:stm/stm32f4xx/STM32F4xx_HAL_Driver/Src/stm32f4xx_hal_rtc_ex.c **** 
 1804              		.loc 1 987 9 view .LVU638
 989:stm/stm32f4xx/STM32F4xx_HAL_Driver/Src/stm32f4xx_hal_rtc_ex.c **** 
 1805              		.loc 1 989 9 view .LVU639
 989:stm/stm32f4xx/STM32F4xx_HAL_Driver/Src/stm32f4xx_hal_rtc_ex.c **** 
 1806              		.loc 1 989 21 is_stmt 0 view .LVU640
 1807 00ec 0320     		movs	r0, #3
 1808 00ee 8CF81D00 		strb	r0, [ip, #29]
 992:stm/stm32f4xx/STM32F4xx_HAL_Driver/Src/stm32f4xx_hal_rtc_ex.c **** 
 1809              		.loc 1 992 9 is_stmt 1 view .LVU641
 992:stm/stm32f4xx/STM32F4xx_HAL_Driver/Src/stm32f4xx_hal_rtc_ex.c **** 
 1810              		.loc 1 992 9 view .LVU642
 1811 00f2 0023     		movs	r3, #0
 1812 00f4 8CF81C30 		strb	r3, [ip, #28]
 992:stm/stm32f4xx/STM32F4xx_HAL_Driver/Src/stm32f4xx_hal_rtc_ex.c **** 
 1813              		.loc 1 992 9 view .LVU643
 994:stm/stm32f4xx/STM32F4xx_HAL_Driver/Src/stm32f4xx_hal_rtc_ex.c ****       }
 1814              		.loc 1 994 9 view .LVU644
 994:stm/stm32f4xx/STM32F4xx_HAL_Driver/Src/stm32f4xx_hal_rtc_ex.c ****       }
 1815              		.loc 1 994 16 is_stmt 0 view .LVU645
 1816 00f8 09E0     		b	.L102
 1817              	.L111:
1015:stm/stm32f4xx/STM32F4xx_HAL_Driver/Src/stm32f4xx_hal_rtc_ex.c **** 
 1818              		.loc 1 1015 7 is_stmt 1 view .LVU646
1015:stm/stm32f4xx/STM32F4xx_HAL_Driver/Src/stm32f4xx_hal_rtc_ex.c **** 
 1819              		.loc 1 1015 7 view .LVU647
 1820 00fa DCF80030 		ldr	r3, [ip]
 1821 00fe FF22     		movs	r2, #255
 1822              	.LVL117:
1015:stm/stm32f4xx/STM32F4xx_HAL_Driver/Src/stm32f4xx_hal_rtc_ex.c **** 
 1823              		.loc 1 1015 7 is_stmt 0 view .LVU648
 1824 0100 5A62     		str	r2, [r3, #36]
1015:stm/stm32f4xx/STM32F4xx_HAL_Driver/Src/stm32f4xx_hal_rtc_ex.c **** 
 1825              		.loc 1 1015 7 is_stmt 1 view .LVU649
1017:stm/stm32f4xx/STM32F4xx_HAL_Driver/Src/stm32f4xx_hal_rtc_ex.c **** 
 1826              		.loc 1 1017 7 view .LVU650
ARM GAS  /tmp/ccYCz6LM.s 			page 53


1017:stm/stm32f4xx/STM32F4xx_HAL_Driver/Src/stm32f4xx_hal_rtc_ex.c **** 
 1827              		.loc 1 1017 19 is_stmt 0 view .LVU651
 1828 0102 0320     		movs	r0, #3
 1829 0104 8CF81D00 		strb	r0, [ip, #29]
1020:stm/stm32f4xx/STM32F4xx_HAL_Driver/Src/stm32f4xx_hal_rtc_ex.c **** 
 1830              		.loc 1 1020 7 is_stmt 1 view .LVU652
1020:stm/stm32f4xx/STM32F4xx_HAL_Driver/Src/stm32f4xx_hal_rtc_ex.c **** 
 1831              		.loc 1 1020 7 view .LVU653
 1832 0108 0023     		movs	r3, #0
 1833 010a 8CF81C30 		strb	r3, [ip, #28]
1020:stm/stm32f4xx/STM32F4xx_HAL_Driver/Src/stm32f4xx_hal_rtc_ex.c **** 
 1834              		.loc 1 1020 7 view .LVU654
1022:stm/stm32f4xx/STM32F4xx_HAL_Driver/Src/stm32f4xx_hal_rtc_ex.c ****     }
 1835              		.loc 1 1022 7 view .LVU655
 1836              	.L102:
1054:stm/stm32f4xx/STM32F4xx_HAL_Driver/Src/stm32f4xx_hal_rtc_ex.c **** }
 1837              		.loc 1 1054 1 is_stmt 0 view .LVU656
 1838 010e 03B0     		add	sp, sp, #12
 1839              	.LCFI22:
 1840              		.cfi_remember_state
 1841              		.cfi_def_cfa_offset 4
 1842              		@ sp needed
 1843 0110 5DF8044B 		ldr	r4, [sp], #4
 1844              	.LCFI23:
 1845              		.cfi_restore 4
 1846              		.cfi_def_cfa_offset 0
 1847 0114 7047     		bx	lr
 1848              	.LVL118:
 1849              	.L108:
 1850              	.LCFI24:
 1851              		.cfi_restore_state
 970:stm/stm32f4xx/STM32F4xx_HAL_Driver/Src/stm32f4xx_hal_rtc_ex.c **** 
 1852              		.loc 1 970 3 discriminator 1 view .LVU657
 1853 0116 0220     		movs	r0, #2
 1854 0118 F9E7     		b	.L102
 1855              	.L113:
 1856 011a 00BF     		.align	2
 1857              	.L112:
 1858 011c 00000000 		.word	SystemCoreClock
 1859 0120 D34D6210 		.word	274877907
 1860 0124 003C0140 		.word	1073822720
 1861              		.cfi_endproc
 1862              	.LFE254:
 1864              		.section	.text.HAL_RTCEx_DeactivateWakeUpTimer,"ax",%progbits
 1865              		.align	1
 1866              		.global	HAL_RTCEx_DeactivateWakeUpTimer
 1867              		.syntax unified
 1868              		.thumb
 1869              		.thumb_func
 1871              	HAL_RTCEx_DeactivateWakeUpTimer:
 1872              	.LVL119:
 1873              	.LFB255:
1055:stm/stm32f4xx/STM32F4xx_HAL_Driver/Src/stm32f4xx_hal_rtc_ex.c **** 
1056:stm/stm32f4xx/STM32F4xx_HAL_Driver/Src/stm32f4xx_hal_rtc_ex.c **** /**
1057:stm/stm32f4xx/STM32F4xx_HAL_Driver/Src/stm32f4xx_hal_rtc_ex.c ****   * @brief  Deactivates wakeup timer counter.
1058:stm/stm32f4xx/STM32F4xx_HAL_Driver/Src/stm32f4xx_hal_rtc_ex.c ****   * @param  hrtc pointer to a RTC_HandleTypeDef structure that contains
1059:stm/stm32f4xx/STM32F4xx_HAL_Driver/Src/stm32f4xx_hal_rtc_ex.c ****   *                the configuration information for RTC.
ARM GAS  /tmp/ccYCz6LM.s 			page 54


1060:stm/stm32f4xx/STM32F4xx_HAL_Driver/Src/stm32f4xx_hal_rtc_ex.c ****   * @retval HAL status
1061:stm/stm32f4xx/STM32F4xx_HAL_Driver/Src/stm32f4xx_hal_rtc_ex.c ****   */
1062:stm/stm32f4xx/STM32F4xx_HAL_Driver/Src/stm32f4xx_hal_rtc_ex.c **** HAL_StatusTypeDef HAL_RTCEx_DeactivateWakeUpTimer(RTC_HandleTypeDef *hrtc)
1063:stm/stm32f4xx/STM32F4xx_HAL_Driver/Src/stm32f4xx_hal_rtc_ex.c **** {
 1874              		.loc 1 1063 1 is_stmt 1 view -0
 1875              		.cfi_startproc
 1876              		@ args = 0, pretend = 0, frame = 0
 1877              		@ frame_needed = 0, uses_anonymous_args = 0
 1878              		.loc 1 1063 1 is_stmt 0 view .LVU659
 1879 0000 38B5     		push	{r3, r4, r5, lr}
 1880              	.LCFI25:
 1881              		.cfi_def_cfa_offset 16
 1882              		.cfi_offset 3, -16
 1883              		.cfi_offset 4, -12
 1884              		.cfi_offset 5, -8
 1885              		.cfi_offset 14, -4
1064:stm/stm32f4xx/STM32F4xx_HAL_Driver/Src/stm32f4xx_hal_rtc_ex.c ****   uint32_t tickstart = 0U;
 1886              		.loc 1 1064 3 is_stmt 1 view .LVU660
 1887              	.LVL120:
1065:stm/stm32f4xx/STM32F4xx_HAL_Driver/Src/stm32f4xx_hal_rtc_ex.c **** 
1066:stm/stm32f4xx/STM32F4xx_HAL_Driver/Src/stm32f4xx_hal_rtc_ex.c ****   /* Process Locked */
1067:stm/stm32f4xx/STM32F4xx_HAL_Driver/Src/stm32f4xx_hal_rtc_ex.c ****   __HAL_LOCK(hrtc);
 1888              		.loc 1 1067 3 view .LVU661
 1889              		.loc 1 1067 3 view .LVU662
 1890 0002 037F     		ldrb	r3, [r0, #28]	@ zero_extendqisi2
 1891 0004 012B     		cmp	r3, #1
 1892 0006 31D0     		beq	.L118
 1893 0008 0446     		mov	r4, r0
 1894              		.loc 1 1067 3 discriminator 2 view .LVU663
 1895 000a 0123     		movs	r3, #1
 1896 000c 0377     		strb	r3, [r0, #28]
 1897              		.loc 1 1067 3 discriminator 2 view .LVU664
1068:stm/stm32f4xx/STM32F4xx_HAL_Driver/Src/stm32f4xx_hal_rtc_ex.c **** 
1069:stm/stm32f4xx/STM32F4xx_HAL_Driver/Src/stm32f4xx_hal_rtc_ex.c ****   hrtc->State = HAL_RTC_STATE_BUSY;
 1898              		.loc 1 1069 3 view .LVU665
 1899              		.loc 1 1069 15 is_stmt 0 view .LVU666
 1900 000e 0223     		movs	r3, #2
 1901 0010 4377     		strb	r3, [r0, #29]
1070:stm/stm32f4xx/STM32F4xx_HAL_Driver/Src/stm32f4xx_hal_rtc_ex.c **** 
1071:stm/stm32f4xx/STM32F4xx_HAL_Driver/Src/stm32f4xx_hal_rtc_ex.c ****   /* Disable the write protection for RTC registers */
1072:stm/stm32f4xx/STM32F4xx_HAL_Driver/Src/stm32f4xx_hal_rtc_ex.c ****   __HAL_RTC_WRITEPROTECTION_DISABLE(hrtc);
 1902              		.loc 1 1072 3 is_stmt 1 view .LVU667
 1903              		.loc 1 1072 3 view .LVU668
 1904 0012 0368     		ldr	r3, [r0]
 1905 0014 CA22     		movs	r2, #202
 1906 0016 5A62     		str	r2, [r3, #36]
 1907              		.loc 1 1072 3 view .LVU669
 1908 0018 0368     		ldr	r3, [r0]
 1909 001a 5322     		movs	r2, #83
 1910 001c 5A62     		str	r2, [r3, #36]
 1911              		.loc 1 1072 3 view .LVU670
1073:stm/stm32f4xx/STM32F4xx_HAL_Driver/Src/stm32f4xx_hal_rtc_ex.c **** 
1074:stm/stm32f4xx/STM32F4xx_HAL_Driver/Src/stm32f4xx_hal_rtc_ex.c ****   /* Disable the Wakeup Timer */
1075:stm/stm32f4xx/STM32F4xx_HAL_Driver/Src/stm32f4xx_hal_rtc_ex.c ****   __HAL_RTC_WAKEUPTIMER_DISABLE(hrtc);
 1912              		.loc 1 1075 3 view .LVU671
 1913 001e 0268     		ldr	r2, [r0]
 1914 0020 9368     		ldr	r3, [r2, #8]
ARM GAS  /tmp/ccYCz6LM.s 			page 55


 1915 0022 23F48063 		bic	r3, r3, #1024
 1916 0026 9360     		str	r3, [r2, #8]
1076:stm/stm32f4xx/STM32F4xx_HAL_Driver/Src/stm32f4xx_hal_rtc_ex.c **** 
1077:stm/stm32f4xx/STM32F4xx_HAL_Driver/Src/stm32f4xx_hal_rtc_ex.c ****   /* In case of interrupt mode is used, the interrupt source must disabled */
1078:stm/stm32f4xx/STM32F4xx_HAL_Driver/Src/stm32f4xx_hal_rtc_ex.c ****   __HAL_RTC_WAKEUPTIMER_DISABLE_IT(hrtc, RTC_IT_WUT);
 1917              		.loc 1 1078 3 view .LVU672
 1918 0028 0268     		ldr	r2, [r0]
 1919 002a 9368     		ldr	r3, [r2, #8]
 1920 002c 23F48043 		bic	r3, r3, #16384
 1921 0030 9360     		str	r3, [r2, #8]
1079:stm/stm32f4xx/STM32F4xx_HAL_Driver/Src/stm32f4xx_hal_rtc_ex.c **** 
1080:stm/stm32f4xx/STM32F4xx_HAL_Driver/Src/stm32f4xx_hal_rtc_ex.c ****   /* Get tick */
1081:stm/stm32f4xx/STM32F4xx_HAL_Driver/Src/stm32f4xx_hal_rtc_ex.c ****   tickstart = HAL_GetTick();
 1922              		.loc 1 1081 3 view .LVU673
 1923              		.loc 1 1081 15 is_stmt 0 view .LVU674
 1924 0032 FFF7FEFF 		bl	HAL_GetTick
 1925              	.LVL121:
 1926              		.loc 1 1081 15 view .LVU675
 1927 0036 0546     		mov	r5, r0
 1928              	.LVL122:
1082:stm/stm32f4xx/STM32F4xx_HAL_Driver/Src/stm32f4xx_hal_rtc_ex.c **** 
1083:stm/stm32f4xx/STM32F4xx_HAL_Driver/Src/stm32f4xx_hal_rtc_ex.c ****   /* Wait till RTC WUTWF flag is set and if timeout is reached exit */
1084:stm/stm32f4xx/STM32F4xx_HAL_Driver/Src/stm32f4xx_hal_rtc_ex.c ****   while (__HAL_RTC_WAKEUPTIMER_GET_FLAG(hrtc, RTC_FLAG_WUTWF) == 0U)
 1929              		.loc 1 1084 3 is_stmt 1 view .LVU676
 1930              	.L116:
 1931              		.loc 1 1084 63 view .LVU677
 1932              		.loc 1 1084 10 is_stmt 0 view .LVU678
 1933 0038 2368     		ldr	r3, [r4]
 1934 003a DA68     		ldr	r2, [r3, #12]
 1935              		.loc 1 1084 63 view .LVU679
 1936 003c 12F0040F 		tst	r2, #4
 1937 0040 0DD1     		bne	.L120
1085:stm/stm32f4xx/STM32F4xx_HAL_Driver/Src/stm32f4xx_hal_rtc_ex.c ****   {
1086:stm/stm32f4xx/STM32F4xx_HAL_Driver/Src/stm32f4xx_hal_rtc_ex.c ****     if ((HAL_GetTick() - tickstart) > RTC_TIMEOUT_VALUE)
 1938              		.loc 1 1086 5 is_stmt 1 view .LVU680
 1939              		.loc 1 1086 10 is_stmt 0 view .LVU681
 1940 0042 FFF7FEFF 		bl	HAL_GetTick
 1941              	.LVL123:
 1942              		.loc 1 1086 24 discriminator 1 view .LVU682
 1943 0046 431B     		subs	r3, r0, r5
 1944              		.loc 1 1086 8 discriminator 1 view .LVU683
 1945 0048 B3F57A7F 		cmp	r3, #1000
 1946 004c F4D9     		bls	.L116
1087:stm/stm32f4xx/STM32F4xx_HAL_Driver/Src/stm32f4xx_hal_rtc_ex.c ****     {
1088:stm/stm32f4xx/STM32F4xx_HAL_Driver/Src/stm32f4xx_hal_rtc_ex.c ****       /* Enable the write protection for RTC registers */
1089:stm/stm32f4xx/STM32F4xx_HAL_Driver/Src/stm32f4xx_hal_rtc_ex.c ****       __HAL_RTC_WRITEPROTECTION_ENABLE(hrtc);
 1947              		.loc 1 1089 7 is_stmt 1 view .LVU684
 1948              		.loc 1 1089 7 view .LVU685
 1949 004e 2368     		ldr	r3, [r4]
 1950 0050 FF22     		movs	r2, #255
 1951 0052 5A62     		str	r2, [r3, #36]
 1952              		.loc 1 1089 7 view .LVU686
1090:stm/stm32f4xx/STM32F4xx_HAL_Driver/Src/stm32f4xx_hal_rtc_ex.c **** 
1091:stm/stm32f4xx/STM32F4xx_HAL_Driver/Src/stm32f4xx_hal_rtc_ex.c ****       hrtc->State = HAL_RTC_STATE_TIMEOUT;
 1953              		.loc 1 1091 7 view .LVU687
 1954              		.loc 1 1091 19 is_stmt 0 view .LVU688
 1955 0054 0320     		movs	r0, #3
ARM GAS  /tmp/ccYCz6LM.s 			page 56


 1956 0056 6077     		strb	r0, [r4, #29]
1092:stm/stm32f4xx/STM32F4xx_HAL_Driver/Src/stm32f4xx_hal_rtc_ex.c **** 
1093:stm/stm32f4xx/STM32F4xx_HAL_Driver/Src/stm32f4xx_hal_rtc_ex.c ****       /* Process Unlocked */
1094:stm/stm32f4xx/STM32F4xx_HAL_Driver/Src/stm32f4xx_hal_rtc_ex.c ****       __HAL_UNLOCK(hrtc);
 1957              		.loc 1 1094 7 is_stmt 1 view .LVU689
 1958              		.loc 1 1094 7 view .LVU690
 1959 0058 0023     		movs	r3, #0
 1960 005a 2377     		strb	r3, [r4, #28]
 1961              		.loc 1 1094 7 view .LVU691
1095:stm/stm32f4xx/STM32F4xx_HAL_Driver/Src/stm32f4xx_hal_rtc_ex.c **** 
1096:stm/stm32f4xx/STM32F4xx_HAL_Driver/Src/stm32f4xx_hal_rtc_ex.c ****       return HAL_TIMEOUT;
 1962              		.loc 1 1096 7 view .LVU692
 1963              		.loc 1 1096 14 is_stmt 0 view .LVU693
 1964 005c 05E0     		b	.L115
 1965              	.L120:
1097:stm/stm32f4xx/STM32F4xx_HAL_Driver/Src/stm32f4xx_hal_rtc_ex.c ****     }
1098:stm/stm32f4xx/STM32F4xx_HAL_Driver/Src/stm32f4xx_hal_rtc_ex.c ****   }
1099:stm/stm32f4xx/STM32F4xx_HAL_Driver/Src/stm32f4xx_hal_rtc_ex.c **** 
1100:stm/stm32f4xx/STM32F4xx_HAL_Driver/Src/stm32f4xx_hal_rtc_ex.c ****   /* Enable the write protection for RTC registers */
1101:stm/stm32f4xx/STM32F4xx_HAL_Driver/Src/stm32f4xx_hal_rtc_ex.c ****   __HAL_RTC_WRITEPROTECTION_ENABLE(hrtc);
 1966              		.loc 1 1101 3 is_stmt 1 view .LVU694
 1967              		.loc 1 1101 3 view .LVU695
 1968 005e FF22     		movs	r2, #255
 1969 0060 5A62     		str	r2, [r3, #36]
 1970              		.loc 1 1101 3 view .LVU696
1102:stm/stm32f4xx/STM32F4xx_HAL_Driver/Src/stm32f4xx_hal_rtc_ex.c **** 
1103:stm/stm32f4xx/STM32F4xx_HAL_Driver/Src/stm32f4xx_hal_rtc_ex.c ****   hrtc->State = HAL_RTC_STATE_READY;
 1971              		.loc 1 1103 3 view .LVU697
 1972              		.loc 1 1103 15 is_stmt 0 view .LVU698
 1973 0062 0123     		movs	r3, #1
 1974 0064 6377     		strb	r3, [r4, #29]
1104:stm/stm32f4xx/STM32F4xx_HAL_Driver/Src/stm32f4xx_hal_rtc_ex.c **** 
1105:stm/stm32f4xx/STM32F4xx_HAL_Driver/Src/stm32f4xx_hal_rtc_ex.c ****   /* Process Unlocked */
1106:stm/stm32f4xx/STM32F4xx_HAL_Driver/Src/stm32f4xx_hal_rtc_ex.c ****   __HAL_UNLOCK(hrtc);
 1975              		.loc 1 1106 3 is_stmt 1 view .LVU699
 1976              		.loc 1 1106 3 view .LVU700
 1977 0066 0020     		movs	r0, #0
 1978 0068 2077     		strb	r0, [r4, #28]
 1979              		.loc 1 1106 3 view .LVU701
1107:stm/stm32f4xx/STM32F4xx_HAL_Driver/Src/stm32f4xx_hal_rtc_ex.c **** 
1108:stm/stm32f4xx/STM32F4xx_HAL_Driver/Src/stm32f4xx_hal_rtc_ex.c ****   return HAL_OK;
 1980              		.loc 1 1108 3 view .LVU702
 1981              	.LVL124:
 1982              	.L115:
1109:stm/stm32f4xx/STM32F4xx_HAL_Driver/Src/stm32f4xx_hal_rtc_ex.c **** }
 1983              		.loc 1 1109 1 is_stmt 0 view .LVU703
 1984 006a 38BD     		pop	{r3, r4, r5, pc}
 1985              	.LVL125:
 1986              	.L118:
1067:stm/stm32f4xx/STM32F4xx_HAL_Driver/Src/stm32f4xx_hal_rtc_ex.c **** 
 1987              		.loc 1 1067 3 discriminator 1 view .LVU704
 1988 006c 0220     		movs	r0, #2
 1989              	.LVL126:
1067:stm/stm32f4xx/STM32F4xx_HAL_Driver/Src/stm32f4xx_hal_rtc_ex.c **** 
 1990              		.loc 1 1067 3 discriminator 1 view .LVU705
 1991 006e FCE7     		b	.L115
 1992              		.cfi_endproc
ARM GAS  /tmp/ccYCz6LM.s 			page 57


 1993              	.LFE255:
 1995              		.section	.text.HAL_RTCEx_GetWakeUpTimer,"ax",%progbits
 1996              		.align	1
 1997              		.global	HAL_RTCEx_GetWakeUpTimer
 1998              		.syntax unified
 1999              		.thumb
 2000              		.thumb_func
 2002              	HAL_RTCEx_GetWakeUpTimer:
 2003              	.LVL127:
 2004              	.LFB256:
1110:stm/stm32f4xx/STM32F4xx_HAL_Driver/Src/stm32f4xx_hal_rtc_ex.c **** 
1111:stm/stm32f4xx/STM32F4xx_HAL_Driver/Src/stm32f4xx_hal_rtc_ex.c **** /**
1112:stm/stm32f4xx/STM32F4xx_HAL_Driver/Src/stm32f4xx_hal_rtc_ex.c ****   * @brief  Gets wakeup timer counter.
1113:stm/stm32f4xx/STM32F4xx_HAL_Driver/Src/stm32f4xx_hal_rtc_ex.c ****   * @param  hrtc pointer to a RTC_HandleTypeDef structure that contains
1114:stm/stm32f4xx/STM32F4xx_HAL_Driver/Src/stm32f4xx_hal_rtc_ex.c ****   *                the configuration information for RTC.
1115:stm/stm32f4xx/STM32F4xx_HAL_Driver/Src/stm32f4xx_hal_rtc_ex.c ****   * @retval Counter value
1116:stm/stm32f4xx/STM32F4xx_HAL_Driver/Src/stm32f4xx_hal_rtc_ex.c ****   */
1117:stm/stm32f4xx/STM32F4xx_HAL_Driver/Src/stm32f4xx_hal_rtc_ex.c **** uint32_t HAL_RTCEx_GetWakeUpTimer(RTC_HandleTypeDef *hrtc)
1118:stm/stm32f4xx/STM32F4xx_HAL_Driver/Src/stm32f4xx_hal_rtc_ex.c **** {
 2005              		.loc 1 1118 1 is_stmt 1 view -0
 2006              		.cfi_startproc
 2007              		@ args = 0, pretend = 0, frame = 0
 2008              		@ frame_needed = 0, uses_anonymous_args = 0
 2009              		@ link register save eliminated.
1119:stm/stm32f4xx/STM32F4xx_HAL_Driver/Src/stm32f4xx_hal_rtc_ex.c ****   /* Get the counter value */
1120:stm/stm32f4xx/STM32F4xx_HAL_Driver/Src/stm32f4xx_hal_rtc_ex.c ****   return ((uint32_t)(hrtc->Instance->WUTR & RTC_WUTR_WUT));
 2010              		.loc 1 1120 3 view .LVU707
 2011              		.loc 1 1120 26 is_stmt 0 view .LVU708
 2012 0000 0368     		ldr	r3, [r0]
 2013              		.loc 1 1120 36 view .LVU709
 2014 0002 5869     		ldr	r0, [r3, #20]
 2015              	.LVL128:
1121:stm/stm32f4xx/STM32F4xx_HAL_Driver/Src/stm32f4xx_hal_rtc_ex.c **** }
 2016              		.loc 1 1121 1 view .LVU710
 2017 0004 80B2     		uxth	r0, r0
 2018 0006 7047     		bx	lr
 2019              		.cfi_endproc
 2020              	.LFE256:
 2022              		.section	.text.HAL_RTCEx_WakeUpTimerEventCallback,"ax",%progbits
 2023              		.align	1
 2024              		.weak	HAL_RTCEx_WakeUpTimerEventCallback
 2025              		.syntax unified
 2026              		.thumb
 2027              		.thumb_func
 2029              	HAL_RTCEx_WakeUpTimerEventCallback:
 2030              	.LVL129:
 2031              	.LFB258:
1122:stm/stm32f4xx/STM32F4xx_HAL_Driver/Src/stm32f4xx_hal_rtc_ex.c **** 
1123:stm/stm32f4xx/STM32F4xx_HAL_Driver/Src/stm32f4xx_hal_rtc_ex.c **** /**
1124:stm/stm32f4xx/STM32F4xx_HAL_Driver/Src/stm32f4xx_hal_rtc_ex.c ****   * @brief  Handles Wakeup Timer interrupt request.
1125:stm/stm32f4xx/STM32F4xx_HAL_Driver/Src/stm32f4xx_hal_rtc_ex.c ****   * @note   Unlike alarm interrupt line (shared by Alarms A and B) or tamper
1126:stm/stm32f4xx/STM32F4xx_HAL_Driver/Src/stm32f4xx_hal_rtc_ex.c ****   *         interrupt line (shared by timestamp and tampers) wakeup timer
1127:stm/stm32f4xx/STM32F4xx_HAL_Driver/Src/stm32f4xx_hal_rtc_ex.c ****   *         interrupt line is exclusive to the wakeup timer.
1128:stm/stm32f4xx/STM32F4xx_HAL_Driver/Src/stm32f4xx_hal_rtc_ex.c ****   *         There is no need in this case to check on the interrupt enable
1129:stm/stm32f4xx/STM32F4xx_HAL_Driver/Src/stm32f4xx_hal_rtc_ex.c ****   *         status via __HAL_RTC_WAKEUPTIMER_GET_IT_SOURCE().
1130:stm/stm32f4xx/STM32F4xx_HAL_Driver/Src/stm32f4xx_hal_rtc_ex.c ****   * @param  hrtc pointer to a RTC_HandleTypeDef structure that contains
1131:stm/stm32f4xx/STM32F4xx_HAL_Driver/Src/stm32f4xx_hal_rtc_ex.c ****   *                the configuration information for RTC.
ARM GAS  /tmp/ccYCz6LM.s 			page 58


1132:stm/stm32f4xx/STM32F4xx_HAL_Driver/Src/stm32f4xx_hal_rtc_ex.c ****   * @retval None
1133:stm/stm32f4xx/STM32F4xx_HAL_Driver/Src/stm32f4xx_hal_rtc_ex.c ****   */
1134:stm/stm32f4xx/STM32F4xx_HAL_Driver/Src/stm32f4xx_hal_rtc_ex.c **** void HAL_RTCEx_WakeUpTimerIRQHandler(RTC_HandleTypeDef *hrtc)
1135:stm/stm32f4xx/STM32F4xx_HAL_Driver/Src/stm32f4xx_hal_rtc_ex.c **** {
1136:stm/stm32f4xx/STM32F4xx_HAL_Driver/Src/stm32f4xx_hal_rtc_ex.c ****   /* Clear the EXTI's line Flag for RTC WakeUpTimer */
1137:stm/stm32f4xx/STM32F4xx_HAL_Driver/Src/stm32f4xx_hal_rtc_ex.c ****   __HAL_RTC_WAKEUPTIMER_EXTI_CLEAR_FLAG();
1138:stm/stm32f4xx/STM32F4xx_HAL_Driver/Src/stm32f4xx_hal_rtc_ex.c **** 
1139:stm/stm32f4xx/STM32F4xx_HAL_Driver/Src/stm32f4xx_hal_rtc_ex.c ****   /* Get the pending status of the Wakeup timer Interrupt */
1140:stm/stm32f4xx/STM32F4xx_HAL_Driver/Src/stm32f4xx_hal_rtc_ex.c ****   if (__HAL_RTC_WAKEUPTIMER_GET_FLAG(hrtc, RTC_FLAG_WUTF) != 0U)
1141:stm/stm32f4xx/STM32F4xx_HAL_Driver/Src/stm32f4xx_hal_rtc_ex.c ****   {
1142:stm/stm32f4xx/STM32F4xx_HAL_Driver/Src/stm32f4xx_hal_rtc_ex.c ****     /* Clear the Wakeup timer interrupt pending bit */
1143:stm/stm32f4xx/STM32F4xx_HAL_Driver/Src/stm32f4xx_hal_rtc_ex.c ****     __HAL_RTC_WAKEUPTIMER_CLEAR_FLAG(hrtc, RTC_FLAG_WUTF);
1144:stm/stm32f4xx/STM32F4xx_HAL_Driver/Src/stm32f4xx_hal_rtc_ex.c **** 
1145:stm/stm32f4xx/STM32F4xx_HAL_Driver/Src/stm32f4xx_hal_rtc_ex.c ****     /* Wakeup timer callback */
1146:stm/stm32f4xx/STM32F4xx_HAL_Driver/Src/stm32f4xx_hal_rtc_ex.c **** #if (USE_HAL_RTC_REGISTER_CALLBACKS == 1)
1147:stm/stm32f4xx/STM32F4xx_HAL_Driver/Src/stm32f4xx_hal_rtc_ex.c ****     hrtc->WakeUpTimerEventCallback(hrtc);
1148:stm/stm32f4xx/STM32F4xx_HAL_Driver/Src/stm32f4xx_hal_rtc_ex.c **** #else
1149:stm/stm32f4xx/STM32F4xx_HAL_Driver/Src/stm32f4xx_hal_rtc_ex.c ****     HAL_RTCEx_WakeUpTimerEventCallback(hrtc);
1150:stm/stm32f4xx/STM32F4xx_HAL_Driver/Src/stm32f4xx_hal_rtc_ex.c **** #endif /* USE_HAL_RTC_REGISTER_CALLBACKS */
1151:stm/stm32f4xx/STM32F4xx_HAL_Driver/Src/stm32f4xx_hal_rtc_ex.c ****   }
1152:stm/stm32f4xx/STM32F4xx_HAL_Driver/Src/stm32f4xx_hal_rtc_ex.c **** 
1153:stm/stm32f4xx/STM32F4xx_HAL_Driver/Src/stm32f4xx_hal_rtc_ex.c ****   /* Change RTC state */
1154:stm/stm32f4xx/STM32F4xx_HAL_Driver/Src/stm32f4xx_hal_rtc_ex.c ****   hrtc->State = HAL_RTC_STATE_READY;
1155:stm/stm32f4xx/STM32F4xx_HAL_Driver/Src/stm32f4xx_hal_rtc_ex.c **** }
1156:stm/stm32f4xx/STM32F4xx_HAL_Driver/Src/stm32f4xx_hal_rtc_ex.c **** 
1157:stm/stm32f4xx/STM32F4xx_HAL_Driver/Src/stm32f4xx_hal_rtc_ex.c **** /**
1158:stm/stm32f4xx/STM32F4xx_HAL_Driver/Src/stm32f4xx_hal_rtc_ex.c ****   * @brief  Wakeup Timer callback.
1159:stm/stm32f4xx/STM32F4xx_HAL_Driver/Src/stm32f4xx_hal_rtc_ex.c ****   * @param  hrtc pointer to a RTC_HandleTypeDef structure that contains
1160:stm/stm32f4xx/STM32F4xx_HAL_Driver/Src/stm32f4xx_hal_rtc_ex.c ****   *                the configuration information for RTC.
1161:stm/stm32f4xx/STM32F4xx_HAL_Driver/Src/stm32f4xx_hal_rtc_ex.c ****   * @retval None
1162:stm/stm32f4xx/STM32F4xx_HAL_Driver/Src/stm32f4xx_hal_rtc_ex.c ****   */
1163:stm/stm32f4xx/STM32F4xx_HAL_Driver/Src/stm32f4xx_hal_rtc_ex.c **** __weak void HAL_RTCEx_WakeUpTimerEventCallback(RTC_HandleTypeDef *hrtc)
1164:stm/stm32f4xx/STM32F4xx_HAL_Driver/Src/stm32f4xx_hal_rtc_ex.c **** {
 2032              		.loc 1 1164 1 is_stmt 1 view -0
 2033              		.cfi_startproc
 2034              		@ args = 0, pretend = 0, frame = 0
 2035              		@ frame_needed = 0, uses_anonymous_args = 0
 2036              		@ link register save eliminated.
1165:stm/stm32f4xx/STM32F4xx_HAL_Driver/Src/stm32f4xx_hal_rtc_ex.c ****   /* Prevent unused argument(s) compilation warning */
1166:stm/stm32f4xx/STM32F4xx_HAL_Driver/Src/stm32f4xx_hal_rtc_ex.c ****   UNUSED(hrtc);
 2037              		.loc 1 1166 3 view .LVU712
1167:stm/stm32f4xx/STM32F4xx_HAL_Driver/Src/stm32f4xx_hal_rtc_ex.c **** 
1168:stm/stm32f4xx/STM32F4xx_HAL_Driver/Src/stm32f4xx_hal_rtc_ex.c ****   /* NOTE: This function should not be modified, when the callback is needed,
1169:stm/stm32f4xx/STM32F4xx_HAL_Driver/Src/stm32f4xx_hal_rtc_ex.c ****            the HAL_RTCEx_WakeUpTimerEventCallback could be implemented in the user file
1170:stm/stm32f4xx/STM32F4xx_HAL_Driver/Src/stm32f4xx_hal_rtc_ex.c ****    */
1171:stm/stm32f4xx/STM32F4xx_HAL_Driver/Src/stm32f4xx_hal_rtc_ex.c **** }
 2038              		.loc 1 1171 1 is_stmt 0 view .LVU713
 2039 0000 7047     		bx	lr
 2040              		.cfi_endproc
 2041              	.LFE258:
 2043              		.section	.text.HAL_RTCEx_WakeUpTimerIRQHandler,"ax",%progbits
 2044              		.align	1
 2045              		.global	HAL_RTCEx_WakeUpTimerIRQHandler
 2046              		.syntax unified
 2047              		.thumb
 2048              		.thumb_func
 2050              	HAL_RTCEx_WakeUpTimerIRQHandler:
ARM GAS  /tmp/ccYCz6LM.s 			page 59


 2051              	.LVL130:
 2052              	.LFB257:
1135:stm/stm32f4xx/STM32F4xx_HAL_Driver/Src/stm32f4xx_hal_rtc_ex.c ****   /* Clear the EXTI's line Flag for RTC WakeUpTimer */
 2053              		.loc 1 1135 1 is_stmt 1 view -0
 2054              		.cfi_startproc
 2055              		@ args = 0, pretend = 0, frame = 0
 2056              		@ frame_needed = 0, uses_anonymous_args = 0
1135:stm/stm32f4xx/STM32F4xx_HAL_Driver/Src/stm32f4xx_hal_rtc_ex.c ****   /* Clear the EXTI's line Flag for RTC WakeUpTimer */
 2057              		.loc 1 1135 1 is_stmt 0 view .LVU715
 2058 0000 10B5     		push	{r4, lr}
 2059              	.LCFI26:
 2060              		.cfi_def_cfa_offset 8
 2061              		.cfi_offset 4, -8
 2062              		.cfi_offset 14, -4
 2063 0002 0446     		mov	r4, r0
1137:stm/stm32f4xx/STM32F4xx_HAL_Driver/Src/stm32f4xx_hal_rtc_ex.c **** 
 2064              		.loc 1 1137 3 is_stmt 1 view .LVU716
 2065 0004 094B     		ldr	r3, .L127
 2066 0006 4FF48002 		mov	r2, #4194304
 2067 000a 5A61     		str	r2, [r3, #20]
1140:stm/stm32f4xx/STM32F4xx_HAL_Driver/Src/stm32f4xx_hal_rtc_ex.c ****   {
 2068              		.loc 1 1140 3 view .LVU717
1140:stm/stm32f4xx/STM32F4xx_HAL_Driver/Src/stm32f4xx_hal_rtc_ex.c ****   {
 2069              		.loc 1 1140 7 is_stmt 0 view .LVU718
 2070 000c 0368     		ldr	r3, [r0]
 2071 000e DA68     		ldr	r2, [r3, #12]
1140:stm/stm32f4xx/STM32F4xx_HAL_Driver/Src/stm32f4xx_hal_rtc_ex.c ****   {
 2072              		.loc 1 1140 6 view .LVU719
 2073 0010 12F4806F 		tst	r2, #1024
 2074 0014 02D1     		bne	.L126
 2075              	.LVL131:
 2076              	.L124:
1154:stm/stm32f4xx/STM32F4xx_HAL_Driver/Src/stm32f4xx_hal_rtc_ex.c **** }
 2077              		.loc 1 1154 3 is_stmt 1 view .LVU720
1154:stm/stm32f4xx/STM32F4xx_HAL_Driver/Src/stm32f4xx_hal_rtc_ex.c **** }
 2078              		.loc 1 1154 15 is_stmt 0 view .LVU721
 2079 0016 0123     		movs	r3, #1
 2080 0018 6377     		strb	r3, [r4, #29]
1155:stm/stm32f4xx/STM32F4xx_HAL_Driver/Src/stm32f4xx_hal_rtc_ex.c **** 
 2081              		.loc 1 1155 1 view .LVU722
 2082 001a 10BD     		pop	{r4, pc}
 2083              	.LVL132:
 2084              	.L126:
1143:stm/stm32f4xx/STM32F4xx_HAL_Driver/Src/stm32f4xx_hal_rtc_ex.c **** 
 2085              		.loc 1 1143 5 is_stmt 1 view .LVU723
 2086 001c DA68     		ldr	r2, [r3, #12]
 2087 001e D2B2     		uxtb	r2, r2
 2088 0020 62F49062 		orn	r2, r2, #1152
 2089 0024 DA60     		str	r2, [r3, #12]
1149:stm/stm32f4xx/STM32F4xx_HAL_Driver/Src/stm32f4xx_hal_rtc_ex.c **** #endif /* USE_HAL_RTC_REGISTER_CALLBACKS */
 2090              		.loc 1 1149 5 view .LVU724
 2091 0026 FFF7FEFF 		bl	HAL_RTCEx_WakeUpTimerEventCallback
 2092              	.LVL133:
1149:stm/stm32f4xx/STM32F4xx_HAL_Driver/Src/stm32f4xx_hal_rtc_ex.c **** #endif /* USE_HAL_RTC_REGISTER_CALLBACKS */
 2093              		.loc 1 1149 5 is_stmt 0 view .LVU725
 2094 002a F4E7     		b	.L124
 2095              	.L128:
ARM GAS  /tmp/ccYCz6LM.s 			page 60


 2096              		.align	2
 2097              	.L127:
 2098 002c 003C0140 		.word	1073822720
 2099              		.cfi_endproc
 2100              	.LFE257:
 2102              		.section	.text.HAL_RTCEx_PollForWakeUpTimerEvent,"ax",%progbits
 2103              		.align	1
 2104              		.global	HAL_RTCEx_PollForWakeUpTimerEvent
 2105              		.syntax unified
 2106              		.thumb
 2107              		.thumb_func
 2109              	HAL_RTCEx_PollForWakeUpTimerEvent:
 2110              	.LVL134:
 2111              	.LFB259:
1172:stm/stm32f4xx/STM32F4xx_HAL_Driver/Src/stm32f4xx_hal_rtc_ex.c **** 
1173:stm/stm32f4xx/STM32F4xx_HAL_Driver/Src/stm32f4xx_hal_rtc_ex.c **** /**
1174:stm/stm32f4xx/STM32F4xx_HAL_Driver/Src/stm32f4xx_hal_rtc_ex.c ****   * @brief  Handles Wakeup Timer Polling.
1175:stm/stm32f4xx/STM32F4xx_HAL_Driver/Src/stm32f4xx_hal_rtc_ex.c ****   * @param  hrtc pointer to a RTC_HandleTypeDef structure that contains
1176:stm/stm32f4xx/STM32F4xx_HAL_Driver/Src/stm32f4xx_hal_rtc_ex.c ****   *                the configuration information for RTC.
1177:stm/stm32f4xx/STM32F4xx_HAL_Driver/Src/stm32f4xx_hal_rtc_ex.c ****   * @param  Timeout Timeout duration
1178:stm/stm32f4xx/STM32F4xx_HAL_Driver/Src/stm32f4xx_hal_rtc_ex.c ****   * @retval HAL status
1179:stm/stm32f4xx/STM32F4xx_HAL_Driver/Src/stm32f4xx_hal_rtc_ex.c ****   */
1180:stm/stm32f4xx/STM32F4xx_HAL_Driver/Src/stm32f4xx_hal_rtc_ex.c **** HAL_StatusTypeDef HAL_RTCEx_PollForWakeUpTimerEvent(RTC_HandleTypeDef *hrtc, uint32_t Timeout)
1181:stm/stm32f4xx/STM32F4xx_HAL_Driver/Src/stm32f4xx_hal_rtc_ex.c **** {
 2112              		.loc 1 1181 1 is_stmt 1 view -0
 2113              		.cfi_startproc
 2114              		@ args = 0, pretend = 0, frame = 0
 2115              		@ frame_needed = 0, uses_anonymous_args = 0
 2116              		.loc 1 1181 1 is_stmt 0 view .LVU727
 2117 0000 70B5     		push	{r4, r5, r6, lr}
 2118              	.LCFI27:
 2119              		.cfi_def_cfa_offset 16
 2120              		.cfi_offset 4, -16
 2121              		.cfi_offset 5, -12
 2122              		.cfi_offset 6, -8
 2123              		.cfi_offset 14, -4
 2124 0002 0446     		mov	r4, r0
 2125 0004 0D46     		mov	r5, r1
1182:stm/stm32f4xx/STM32F4xx_HAL_Driver/Src/stm32f4xx_hal_rtc_ex.c ****   uint32_t tickstart = 0U;
 2126              		.loc 1 1182 3 is_stmt 1 view .LVU728
 2127              	.LVL135:
1183:stm/stm32f4xx/STM32F4xx_HAL_Driver/Src/stm32f4xx_hal_rtc_ex.c **** 
1184:stm/stm32f4xx/STM32F4xx_HAL_Driver/Src/stm32f4xx_hal_rtc_ex.c ****   /* Get tick */
1185:stm/stm32f4xx/STM32F4xx_HAL_Driver/Src/stm32f4xx_hal_rtc_ex.c ****   tickstart = HAL_GetTick();
 2128              		.loc 1 1185 3 view .LVU729
 2129              		.loc 1 1185 15 is_stmt 0 view .LVU730
 2130 0006 FFF7FEFF 		bl	HAL_GetTick
 2131              	.LVL136:
 2132              		.loc 1 1185 15 view .LVU731
 2133 000a 0646     		mov	r6, r0
 2134              	.LVL137:
1186:stm/stm32f4xx/STM32F4xx_HAL_Driver/Src/stm32f4xx_hal_rtc_ex.c **** 
1187:stm/stm32f4xx/STM32F4xx_HAL_Driver/Src/stm32f4xx_hal_rtc_ex.c ****   while (__HAL_RTC_WAKEUPTIMER_GET_FLAG(hrtc, RTC_FLAG_WUTF) == 0U)
 2135              		.loc 1 1187 3 is_stmt 1 view .LVU732
 2136              	.L131:
 2137              		.loc 1 1187 62 view .LVU733
 2138              		.loc 1 1187 10 is_stmt 0 view .LVU734
ARM GAS  /tmp/ccYCz6LM.s 			page 61


 2139 000c 2368     		ldr	r3, [r4]
 2140 000e DA68     		ldr	r2, [r3, #12]
 2141              		.loc 1 1187 62 view .LVU735
 2142 0010 12F4806F 		tst	r2, #1024
 2143 0014 0BD1     		bne	.L136
1188:stm/stm32f4xx/STM32F4xx_HAL_Driver/Src/stm32f4xx_hal_rtc_ex.c ****   {
1189:stm/stm32f4xx/STM32F4xx_HAL_Driver/Src/stm32f4xx_hal_rtc_ex.c ****     if (Timeout != HAL_MAX_DELAY)
 2144              		.loc 1 1189 5 is_stmt 1 view .LVU736
 2145              		.loc 1 1189 8 is_stmt 0 view .LVU737
 2146 0016 B5F1FF3F 		cmp	r5, #-1
 2147 001a F7D0     		beq	.L131
1190:stm/stm32f4xx/STM32F4xx_HAL_Driver/Src/stm32f4xx_hal_rtc_ex.c ****     {
1191:stm/stm32f4xx/STM32F4xx_HAL_Driver/Src/stm32f4xx_hal_rtc_ex.c ****       if ((Timeout == 0U) || ((HAL_GetTick() - tickstart) > Timeout))
 2148              		.loc 1 1191 7 is_stmt 1 view .LVU738
 2149              		.loc 1 1191 10 is_stmt 0 view .LVU739
 2150 001c 25B1     		cbz	r5, .L132
 2151              		.loc 1 1191 32 discriminator 1 view .LVU740
 2152 001e FFF7FEFF 		bl	HAL_GetTick
 2153              	.LVL138:
 2154              		.loc 1 1191 46 discriminator 1 view .LVU741
 2155 0022 801B     		subs	r0, r0, r6
 2156              		.loc 1 1191 27 discriminator 1 view .LVU742
 2157 0024 A842     		cmp	r0, r5
 2158 0026 F1D9     		bls	.L131
 2159              	.L132:
1192:stm/stm32f4xx/STM32F4xx_HAL_Driver/Src/stm32f4xx_hal_rtc_ex.c ****       {
1193:stm/stm32f4xx/STM32F4xx_HAL_Driver/Src/stm32f4xx_hal_rtc_ex.c ****         hrtc->State = HAL_RTC_STATE_TIMEOUT;
 2160              		.loc 1 1193 9 is_stmt 1 view .LVU743
 2161              		.loc 1 1193 21 is_stmt 0 view .LVU744
 2162 0028 0320     		movs	r0, #3
 2163 002a 6077     		strb	r0, [r4, #29]
1194:stm/stm32f4xx/STM32F4xx_HAL_Driver/Src/stm32f4xx_hal_rtc_ex.c ****         return HAL_TIMEOUT;
 2164              		.loc 1 1194 9 is_stmt 1 view .LVU745
 2165              		.loc 1 1194 16 is_stmt 0 view .LVU746
 2166 002c 07E0     		b	.L133
 2167              	.L136:
1195:stm/stm32f4xx/STM32F4xx_HAL_Driver/Src/stm32f4xx_hal_rtc_ex.c ****       }
1196:stm/stm32f4xx/STM32F4xx_HAL_Driver/Src/stm32f4xx_hal_rtc_ex.c ****     }
1197:stm/stm32f4xx/STM32F4xx_HAL_Driver/Src/stm32f4xx_hal_rtc_ex.c ****   }
1198:stm/stm32f4xx/STM32F4xx_HAL_Driver/Src/stm32f4xx_hal_rtc_ex.c **** 
1199:stm/stm32f4xx/STM32F4xx_HAL_Driver/Src/stm32f4xx_hal_rtc_ex.c ****   /* Clear the Wakeup timer Flag */
1200:stm/stm32f4xx/STM32F4xx_HAL_Driver/Src/stm32f4xx_hal_rtc_ex.c ****   __HAL_RTC_WAKEUPTIMER_CLEAR_FLAG(hrtc, RTC_FLAG_WUTF);
 2168              		.loc 1 1200 3 is_stmt 1 view .LVU747
 2169 002e DA68     		ldr	r2, [r3, #12]
 2170 0030 D2B2     		uxtb	r2, r2
 2171 0032 62F49062 		orn	r2, r2, #1152
 2172 0036 DA60     		str	r2, [r3, #12]
1201:stm/stm32f4xx/STM32F4xx_HAL_Driver/Src/stm32f4xx_hal_rtc_ex.c **** 
1202:stm/stm32f4xx/STM32F4xx_HAL_Driver/Src/stm32f4xx_hal_rtc_ex.c ****   /* Change RTC state */
1203:stm/stm32f4xx/STM32F4xx_HAL_Driver/Src/stm32f4xx_hal_rtc_ex.c ****   hrtc->State = HAL_RTC_STATE_READY;
 2173              		.loc 1 1203 3 view .LVU748
 2174              		.loc 1 1203 15 is_stmt 0 view .LVU749
 2175 0038 0123     		movs	r3, #1
 2176 003a 6377     		strb	r3, [r4, #29]
1204:stm/stm32f4xx/STM32F4xx_HAL_Driver/Src/stm32f4xx_hal_rtc_ex.c **** 
1205:stm/stm32f4xx/STM32F4xx_HAL_Driver/Src/stm32f4xx_hal_rtc_ex.c ****   return HAL_OK;
 2177              		.loc 1 1205 3 is_stmt 1 view .LVU750
ARM GAS  /tmp/ccYCz6LM.s 			page 62


 2178              		.loc 1 1205 10 is_stmt 0 view .LVU751
 2179 003c 0020     		movs	r0, #0
 2180              	.L133:
1206:stm/stm32f4xx/STM32F4xx_HAL_Driver/Src/stm32f4xx_hal_rtc_ex.c **** }
 2181              		.loc 1 1206 1 view .LVU752
 2182 003e 70BD     		pop	{r4, r5, r6, pc}
 2183              		.loc 1 1206 1 view .LVU753
 2184              		.cfi_endproc
 2185              	.LFE259:
 2187              		.section	.text.HAL_RTCEx_BKUPWrite,"ax",%progbits
 2188              		.align	1
 2189              		.global	HAL_RTCEx_BKUPWrite
 2190              		.syntax unified
 2191              		.thumb
 2192              		.thumb_func
 2194              	HAL_RTCEx_BKUPWrite:
 2195              	.LVL139:
 2196              	.LFB260:
1207:stm/stm32f4xx/STM32F4xx_HAL_Driver/Src/stm32f4xx_hal_rtc_ex.c **** 
1208:stm/stm32f4xx/STM32F4xx_HAL_Driver/Src/stm32f4xx_hal_rtc_ex.c **** /**
1209:stm/stm32f4xx/STM32F4xx_HAL_Driver/Src/stm32f4xx_hal_rtc_ex.c ****   * @}
1210:stm/stm32f4xx/STM32F4xx_HAL_Driver/Src/stm32f4xx_hal_rtc_ex.c ****   */
1211:stm/stm32f4xx/STM32F4xx_HAL_Driver/Src/stm32f4xx_hal_rtc_ex.c **** 
1212:stm/stm32f4xx/STM32F4xx_HAL_Driver/Src/stm32f4xx_hal_rtc_ex.c **** /** @defgroup RTCEx_Exported_Functions_Group3 Extended Peripheral Control functions
1213:stm/stm32f4xx/STM32F4xx_HAL_Driver/Src/stm32f4xx_hal_rtc_ex.c ****   * @brief    Extended Peripheral Control functions
1214:stm/stm32f4xx/STM32F4xx_HAL_Driver/Src/stm32f4xx_hal_rtc_ex.c ****   *
1215:stm/stm32f4xx/STM32F4xx_HAL_Driver/Src/stm32f4xx_hal_rtc_ex.c **** @verbatim
1216:stm/stm32f4xx/STM32F4xx_HAL_Driver/Src/stm32f4xx_hal_rtc_ex.c ****  ===============================================================================
1217:stm/stm32f4xx/STM32F4xx_HAL_Driver/Src/stm32f4xx_hal_rtc_ex.c ****               ##### Extended Peripheral Control functions #####
1218:stm/stm32f4xx/STM32F4xx_HAL_Driver/Src/stm32f4xx_hal_rtc_ex.c ****  ===============================================================================
1219:stm/stm32f4xx/STM32F4xx_HAL_Driver/Src/stm32f4xx_hal_rtc_ex.c ****     [..]
1220:stm/stm32f4xx/STM32F4xx_HAL_Driver/Src/stm32f4xx_hal_rtc_ex.c ****     This subsection provides functions allowing to
1221:stm/stm32f4xx/STM32F4xx_HAL_Driver/Src/stm32f4xx_hal_rtc_ex.c ****       (+) Write a data in a specified RTC Backup data register
1222:stm/stm32f4xx/STM32F4xx_HAL_Driver/Src/stm32f4xx_hal_rtc_ex.c ****       (+) Read a data in a specified RTC Backup data register
1223:stm/stm32f4xx/STM32F4xx_HAL_Driver/Src/stm32f4xx_hal_rtc_ex.c ****       (+) Set the Coarse calibration parameters.
1224:stm/stm32f4xx/STM32F4xx_HAL_Driver/Src/stm32f4xx_hal_rtc_ex.c ****       (+) Deactivate the Coarse calibration parameters
1225:stm/stm32f4xx/STM32F4xx_HAL_Driver/Src/stm32f4xx_hal_rtc_ex.c ****       (+) Set the Smooth calibration parameters.
1226:stm/stm32f4xx/STM32F4xx_HAL_Driver/Src/stm32f4xx_hal_rtc_ex.c ****       (+) Configure the Synchronization Shift Control Settings.
1227:stm/stm32f4xx/STM32F4xx_HAL_Driver/Src/stm32f4xx_hal_rtc_ex.c ****       (+) Configure the Calibration Pinout (RTC_CALIB) Selection (1Hz or 512Hz).
1228:stm/stm32f4xx/STM32F4xx_HAL_Driver/Src/stm32f4xx_hal_rtc_ex.c ****       (+) Deactivate the Calibration Pinout (RTC_CALIB) Selection (1Hz or 512Hz).
1229:stm/stm32f4xx/STM32F4xx_HAL_Driver/Src/stm32f4xx_hal_rtc_ex.c ****       (+) Enable the RTC reference clock detection.
1230:stm/stm32f4xx/STM32F4xx_HAL_Driver/Src/stm32f4xx_hal_rtc_ex.c ****       (+) Disable the RTC reference clock detection.
1231:stm/stm32f4xx/STM32F4xx_HAL_Driver/Src/stm32f4xx_hal_rtc_ex.c ****       (+) Enable the Bypass Shadow feature.
1232:stm/stm32f4xx/STM32F4xx_HAL_Driver/Src/stm32f4xx_hal_rtc_ex.c ****       (+) Disable the Bypass Shadow feature.
1233:stm/stm32f4xx/STM32F4xx_HAL_Driver/Src/stm32f4xx_hal_rtc_ex.c **** 
1234:stm/stm32f4xx/STM32F4xx_HAL_Driver/Src/stm32f4xx_hal_rtc_ex.c **** @endverbatim
1235:stm/stm32f4xx/STM32F4xx_HAL_Driver/Src/stm32f4xx_hal_rtc_ex.c ****   * @{
1236:stm/stm32f4xx/STM32F4xx_HAL_Driver/Src/stm32f4xx_hal_rtc_ex.c ****   */
1237:stm/stm32f4xx/STM32F4xx_HAL_Driver/Src/stm32f4xx_hal_rtc_ex.c **** 
1238:stm/stm32f4xx/STM32F4xx_HAL_Driver/Src/stm32f4xx_hal_rtc_ex.c **** /**
1239:stm/stm32f4xx/STM32F4xx_HAL_Driver/Src/stm32f4xx_hal_rtc_ex.c ****   * @brief  Writes a data in a specified RTC Backup data register.
1240:stm/stm32f4xx/STM32F4xx_HAL_Driver/Src/stm32f4xx_hal_rtc_ex.c ****   * @param  hrtc pointer to a RTC_HandleTypeDef structure that contains
1241:stm/stm32f4xx/STM32F4xx_HAL_Driver/Src/stm32f4xx_hal_rtc_ex.c ****   *                the configuration information for RTC.
1242:stm/stm32f4xx/STM32F4xx_HAL_Driver/Src/stm32f4xx_hal_rtc_ex.c ****   * @param  BackupRegister RTC Backup data Register number.
1243:stm/stm32f4xx/STM32F4xx_HAL_Driver/Src/stm32f4xx_hal_rtc_ex.c ****   *          This parameter can be: RTC_BKP_DRx (where x can be from 0 to 19)
1244:stm/stm32f4xx/STM32F4xx_HAL_Driver/Src/stm32f4xx_hal_rtc_ex.c ****   *                                 to specify the register.
1245:stm/stm32f4xx/STM32F4xx_HAL_Driver/Src/stm32f4xx_hal_rtc_ex.c ****   * @param  Data Data to be written in the specified RTC Backup data register.
ARM GAS  /tmp/ccYCz6LM.s 			page 63


1246:stm/stm32f4xx/STM32F4xx_HAL_Driver/Src/stm32f4xx_hal_rtc_ex.c ****   * @retval None
1247:stm/stm32f4xx/STM32F4xx_HAL_Driver/Src/stm32f4xx_hal_rtc_ex.c ****   */
1248:stm/stm32f4xx/STM32F4xx_HAL_Driver/Src/stm32f4xx_hal_rtc_ex.c **** void HAL_RTCEx_BKUPWrite(RTC_HandleTypeDef *hrtc, uint32_t BackupRegister, uint32_t Data)
1249:stm/stm32f4xx/STM32F4xx_HAL_Driver/Src/stm32f4xx_hal_rtc_ex.c **** {
 2197              		.loc 1 1249 1 is_stmt 1 view -0
 2198              		.cfi_startproc
 2199              		@ args = 0, pretend = 0, frame = 0
 2200              		@ frame_needed = 0, uses_anonymous_args = 0
 2201              		@ link register save eliminated.
1250:stm/stm32f4xx/STM32F4xx_HAL_Driver/Src/stm32f4xx_hal_rtc_ex.c ****   uint32_t tmp = 0U;
 2202              		.loc 1 1250 3 view .LVU755
1251:stm/stm32f4xx/STM32F4xx_HAL_Driver/Src/stm32f4xx_hal_rtc_ex.c **** 
1252:stm/stm32f4xx/STM32F4xx_HAL_Driver/Src/stm32f4xx_hal_rtc_ex.c ****   /* Check the parameters */
1253:stm/stm32f4xx/STM32F4xx_HAL_Driver/Src/stm32f4xx_hal_rtc_ex.c ****   assert_param(IS_RTC_BKP(BackupRegister));
 2203              		.loc 1 1253 3 view .LVU756
1254:stm/stm32f4xx/STM32F4xx_HAL_Driver/Src/stm32f4xx_hal_rtc_ex.c **** 
1255:stm/stm32f4xx/STM32F4xx_HAL_Driver/Src/stm32f4xx_hal_rtc_ex.c ****   tmp = (uint32_t) & (hrtc->Instance->BKP0R);
 2204              		.loc 1 1255 3 view .LVU757
 2205              		.loc 1 1255 27 is_stmt 0 view .LVU758
 2206 0000 0368     		ldr	r3, [r0]
 2207              		.loc 1 1255 20 view .LVU759
 2208 0002 5033     		adds	r3, r3, #80
 2209              	.LVL140:
1256:stm/stm32f4xx/STM32F4xx_HAL_Driver/Src/stm32f4xx_hal_rtc_ex.c ****   tmp += (BackupRegister * 4U);
 2210              		.loc 1 1256 3 is_stmt 1 view .LVU760
1257:stm/stm32f4xx/STM32F4xx_HAL_Driver/Src/stm32f4xx_hal_rtc_ex.c **** 
1258:stm/stm32f4xx/STM32F4xx_HAL_Driver/Src/stm32f4xx_hal_rtc_ex.c ****   /* Write the specified register */
1259:stm/stm32f4xx/STM32F4xx_HAL_Driver/Src/stm32f4xx_hal_rtc_ex.c ****   *(__IO uint32_t *)tmp = (uint32_t)Data;
 2211              		.loc 1 1259 3 view .LVU761
 2212              		.loc 1 1259 25 is_stmt 0 view .LVU762
 2213 0004 43F82120 		str	r2, [r3, r1, lsl #2]
1260:stm/stm32f4xx/STM32F4xx_HAL_Driver/Src/stm32f4xx_hal_rtc_ex.c **** }
 2214              		.loc 1 1260 1 view .LVU763
 2215 0008 7047     		bx	lr
 2216              		.cfi_endproc
 2217              	.LFE260:
 2219              		.section	.text.HAL_RTCEx_BKUPRead,"ax",%progbits
 2220              		.align	1
 2221              		.global	HAL_RTCEx_BKUPRead
 2222              		.syntax unified
 2223              		.thumb
 2224              		.thumb_func
 2226              	HAL_RTCEx_BKUPRead:
 2227              	.LVL141:
 2228              	.LFB261:
1261:stm/stm32f4xx/STM32F4xx_HAL_Driver/Src/stm32f4xx_hal_rtc_ex.c **** 
1262:stm/stm32f4xx/STM32F4xx_HAL_Driver/Src/stm32f4xx_hal_rtc_ex.c **** /**
1263:stm/stm32f4xx/STM32F4xx_HAL_Driver/Src/stm32f4xx_hal_rtc_ex.c ****   * @brief  Reads data from the specified RTC Backup data Register.
1264:stm/stm32f4xx/STM32F4xx_HAL_Driver/Src/stm32f4xx_hal_rtc_ex.c ****   * @param  hrtc pointer to a RTC_HandleTypeDef structure that contains
1265:stm/stm32f4xx/STM32F4xx_HAL_Driver/Src/stm32f4xx_hal_rtc_ex.c ****   *                the configuration information for RTC.
1266:stm/stm32f4xx/STM32F4xx_HAL_Driver/Src/stm32f4xx_hal_rtc_ex.c ****   * @param  BackupRegister RTC Backup data Register number.
1267:stm/stm32f4xx/STM32F4xx_HAL_Driver/Src/stm32f4xx_hal_rtc_ex.c ****   *          This parameter can be: RTC_BKP_DRx (where x can be from 0 to 19)
1268:stm/stm32f4xx/STM32F4xx_HAL_Driver/Src/stm32f4xx_hal_rtc_ex.c ****   *                                 to specify the register.
1269:stm/stm32f4xx/STM32F4xx_HAL_Driver/Src/stm32f4xx_hal_rtc_ex.c ****   * @retval Read value
1270:stm/stm32f4xx/STM32F4xx_HAL_Driver/Src/stm32f4xx_hal_rtc_ex.c ****   */
1271:stm/stm32f4xx/STM32F4xx_HAL_Driver/Src/stm32f4xx_hal_rtc_ex.c **** uint32_t HAL_RTCEx_BKUPRead(RTC_HandleTypeDef *hrtc, uint32_t BackupRegister)
1272:stm/stm32f4xx/STM32F4xx_HAL_Driver/Src/stm32f4xx_hal_rtc_ex.c **** {
ARM GAS  /tmp/ccYCz6LM.s 			page 64


 2229              		.loc 1 1272 1 is_stmt 1 view -0
 2230              		.cfi_startproc
 2231              		@ args = 0, pretend = 0, frame = 0
 2232              		@ frame_needed = 0, uses_anonymous_args = 0
 2233              		@ link register save eliminated.
1273:stm/stm32f4xx/STM32F4xx_HAL_Driver/Src/stm32f4xx_hal_rtc_ex.c ****   uint32_t tmp = 0U;
 2234              		.loc 1 1273 3 view .LVU765
1274:stm/stm32f4xx/STM32F4xx_HAL_Driver/Src/stm32f4xx_hal_rtc_ex.c **** 
1275:stm/stm32f4xx/STM32F4xx_HAL_Driver/Src/stm32f4xx_hal_rtc_ex.c ****   /* Check the parameters */
1276:stm/stm32f4xx/STM32F4xx_HAL_Driver/Src/stm32f4xx_hal_rtc_ex.c ****   assert_param(IS_RTC_BKP(BackupRegister));
 2235              		.loc 1 1276 3 view .LVU766
1277:stm/stm32f4xx/STM32F4xx_HAL_Driver/Src/stm32f4xx_hal_rtc_ex.c **** 
1278:stm/stm32f4xx/STM32F4xx_HAL_Driver/Src/stm32f4xx_hal_rtc_ex.c ****   tmp = (uint32_t) & (hrtc->Instance->BKP0R);
 2236              		.loc 1 1278 3 view .LVU767
 2237              		.loc 1 1278 27 is_stmt 0 view .LVU768
 2238 0000 0368     		ldr	r3, [r0]
 2239              		.loc 1 1278 20 view .LVU769
 2240 0002 5033     		adds	r3, r3, #80
 2241              	.LVL142:
1279:stm/stm32f4xx/STM32F4xx_HAL_Driver/Src/stm32f4xx_hal_rtc_ex.c ****   tmp += (BackupRegister * 4U);
 2242              		.loc 1 1279 3 is_stmt 1 view .LVU770
1280:stm/stm32f4xx/STM32F4xx_HAL_Driver/Src/stm32f4xx_hal_rtc_ex.c **** 
1281:stm/stm32f4xx/STM32F4xx_HAL_Driver/Src/stm32f4xx_hal_rtc_ex.c ****   /* Read the specified register */
1282:stm/stm32f4xx/STM32F4xx_HAL_Driver/Src/stm32f4xx_hal_rtc_ex.c ****   return (*(__IO uint32_t *)tmp);
 2243              		.loc 1 1282 3 view .LVU771
 2244              		.loc 1 1282 11 is_stmt 0 view .LVU772
 2245 0004 53F82100 		ldr	r0, [r3, r1, lsl #2]
 2246              	.LVL143:
1283:stm/stm32f4xx/STM32F4xx_HAL_Driver/Src/stm32f4xx_hal_rtc_ex.c **** }
 2247              		.loc 1 1283 1 view .LVU773
 2248 0008 7047     		bx	lr
 2249              		.cfi_endproc
 2250              	.LFE261:
 2252              		.section	.text.HAL_RTCEx_SetCoarseCalib,"ax",%progbits
 2253              		.align	1
 2254              		.global	HAL_RTCEx_SetCoarseCalib
 2255              		.syntax unified
 2256              		.thumb
 2257              		.thumb_func
 2259              	HAL_RTCEx_SetCoarseCalib:
 2260              	.LVL144:
 2261              	.LFB262:
1284:stm/stm32f4xx/STM32F4xx_HAL_Driver/Src/stm32f4xx_hal_rtc_ex.c **** 
1285:stm/stm32f4xx/STM32F4xx_HAL_Driver/Src/stm32f4xx_hal_rtc_ex.c **** /**
1286:stm/stm32f4xx/STM32F4xx_HAL_Driver/Src/stm32f4xx_hal_rtc_ex.c ****   * @brief  Sets the Coarse calibration parameters.
1287:stm/stm32f4xx/STM32F4xx_HAL_Driver/Src/stm32f4xx_hal_rtc_ex.c ****   * @param  hrtc pointer to a RTC_HandleTypeDef structure that contains
1288:stm/stm32f4xx/STM32F4xx_HAL_Driver/Src/stm32f4xx_hal_rtc_ex.c ****   *                the configuration information for RTC.
1289:stm/stm32f4xx/STM32F4xx_HAL_Driver/Src/stm32f4xx_hal_rtc_ex.c ****   * @param  CalibSign Specifies the sign of the coarse calibration value.
1290:stm/stm32f4xx/STM32F4xx_HAL_Driver/Src/stm32f4xx_hal_rtc_ex.c ****   *          This parameter can be  one of the following values:
1291:stm/stm32f4xx/STM32F4xx_HAL_Driver/Src/stm32f4xx_hal_rtc_ex.c ****   *             @arg RTC_CALIBSIGN_POSITIVE: The value sign is positive
1292:stm/stm32f4xx/STM32F4xx_HAL_Driver/Src/stm32f4xx_hal_rtc_ex.c ****   *             @arg RTC_CALIBSIGN_NEGATIVE: The value sign is negative
1293:stm/stm32f4xx/STM32F4xx_HAL_Driver/Src/stm32f4xx_hal_rtc_ex.c ****   * @param  Value value of coarse calibration expressed in ppm (coded on 5 bits).
1294:stm/stm32f4xx/STM32F4xx_HAL_Driver/Src/stm32f4xx_hal_rtc_ex.c ****   *
1295:stm/stm32f4xx/STM32F4xx_HAL_Driver/Src/stm32f4xx_hal_rtc_ex.c ****   * @note   This Calibration value should be between 0 and 63 when using negative
1296:stm/stm32f4xx/STM32F4xx_HAL_Driver/Src/stm32f4xx_hal_rtc_ex.c ****   *         sign with a 2-ppm step.
1297:stm/stm32f4xx/STM32F4xx_HAL_Driver/Src/stm32f4xx_hal_rtc_ex.c ****   *
1298:stm/stm32f4xx/STM32F4xx_HAL_Driver/Src/stm32f4xx_hal_rtc_ex.c ****   * @note   This Calibration value should be between 0 and 126 when using positive
ARM GAS  /tmp/ccYCz6LM.s 			page 65


1299:stm/stm32f4xx/STM32F4xx_HAL_Driver/Src/stm32f4xx_hal_rtc_ex.c ****   *         sign with a 4-ppm step.
1300:stm/stm32f4xx/STM32F4xx_HAL_Driver/Src/stm32f4xx_hal_rtc_ex.c ****   * @retval HAL status
1301:stm/stm32f4xx/STM32F4xx_HAL_Driver/Src/stm32f4xx_hal_rtc_ex.c ****   */
1302:stm/stm32f4xx/STM32F4xx_HAL_Driver/Src/stm32f4xx_hal_rtc_ex.c **** HAL_StatusTypeDef HAL_RTCEx_SetCoarseCalib(RTC_HandleTypeDef *hrtc, uint32_t CalibSign, uint32_t Va
1303:stm/stm32f4xx/STM32F4xx_HAL_Driver/Src/stm32f4xx_hal_rtc_ex.c **** {
 2262              		.loc 1 1303 1 is_stmt 1 view -0
 2263              		.cfi_startproc
 2264              		@ args = 0, pretend = 0, frame = 0
 2265              		@ frame_needed = 0, uses_anonymous_args = 0
1304:stm/stm32f4xx/STM32F4xx_HAL_Driver/Src/stm32f4xx_hal_rtc_ex.c ****   HAL_StatusTypeDef status;
 2266              		.loc 1 1304 3 view .LVU775
1305:stm/stm32f4xx/STM32F4xx_HAL_Driver/Src/stm32f4xx_hal_rtc_ex.c **** 
1306:stm/stm32f4xx/STM32F4xx_HAL_Driver/Src/stm32f4xx_hal_rtc_ex.c ****   /* Check the parameters */
1307:stm/stm32f4xx/STM32F4xx_HAL_Driver/Src/stm32f4xx_hal_rtc_ex.c ****   assert_param(IS_RTC_CALIB_SIGN(CalibSign));
 2267              		.loc 1 1307 3 view .LVU776
1308:stm/stm32f4xx/STM32F4xx_HAL_Driver/Src/stm32f4xx_hal_rtc_ex.c ****   assert_param(IS_RTC_CALIB_VALUE(Value));
 2268              		.loc 1 1308 3 view .LVU777
1309:stm/stm32f4xx/STM32F4xx_HAL_Driver/Src/stm32f4xx_hal_rtc_ex.c **** 
1310:stm/stm32f4xx/STM32F4xx_HAL_Driver/Src/stm32f4xx_hal_rtc_ex.c ****   /* Process Locked */
1311:stm/stm32f4xx/STM32F4xx_HAL_Driver/Src/stm32f4xx_hal_rtc_ex.c ****   __HAL_LOCK(hrtc);
 2269              		.loc 1 1311 3 view .LVU778
 2270              		.loc 1 1311 3 view .LVU779
 2271 0000 037F     		ldrb	r3, [r0, #28]	@ zero_extendqisi2
 2272 0002 012B     		cmp	r3, #1
 2273 0004 26D0     		beq	.L142
1303:stm/stm32f4xx/STM32F4xx_HAL_Driver/Src/stm32f4xx_hal_rtc_ex.c ****   HAL_StatusTypeDef status;
 2274              		.loc 1 1303 1 is_stmt 0 view .LVU780
 2275 0006 70B5     		push	{r4, r5, r6, lr}
 2276              	.LCFI28:
 2277              		.cfi_def_cfa_offset 16
 2278              		.cfi_offset 4, -16
 2279              		.cfi_offset 5, -12
 2280              		.cfi_offset 6, -8
 2281              		.cfi_offset 14, -4
 2282 0008 0446     		mov	r4, r0
 2283 000a 0E46     		mov	r6, r1
 2284 000c 1546     		mov	r5, r2
 2285              		.loc 1 1311 3 is_stmt 1 discriminator 2 view .LVU781
 2286 000e 0123     		movs	r3, #1
 2287 0010 0377     		strb	r3, [r0, #28]
 2288              		.loc 1 1311 3 discriminator 2 view .LVU782
1312:stm/stm32f4xx/STM32F4xx_HAL_Driver/Src/stm32f4xx_hal_rtc_ex.c **** 
1313:stm/stm32f4xx/STM32F4xx_HAL_Driver/Src/stm32f4xx_hal_rtc_ex.c ****   hrtc->State = HAL_RTC_STATE_BUSY;
 2289              		.loc 1 1313 3 view .LVU783
 2290              		.loc 1 1313 15 is_stmt 0 view .LVU784
 2291 0012 0223     		movs	r3, #2
 2292 0014 4377     		strb	r3, [r0, #29]
1314:stm/stm32f4xx/STM32F4xx_HAL_Driver/Src/stm32f4xx_hal_rtc_ex.c **** 
1315:stm/stm32f4xx/STM32F4xx_HAL_Driver/Src/stm32f4xx_hal_rtc_ex.c ****   /* Disable the write protection for RTC registers */
1316:stm/stm32f4xx/STM32F4xx_HAL_Driver/Src/stm32f4xx_hal_rtc_ex.c ****   __HAL_RTC_WRITEPROTECTION_DISABLE(hrtc);
 2293              		.loc 1 1316 3 is_stmt 1 view .LVU785
 2294              		.loc 1 1316 3 view .LVU786
 2295 0016 0368     		ldr	r3, [r0]
 2296 0018 CA22     		movs	r2, #202
 2297              	.LVL145:
 2298              		.loc 1 1316 3 is_stmt 0 view .LVU787
 2299 001a 5A62     		str	r2, [r3, #36]
ARM GAS  /tmp/ccYCz6LM.s 			page 66


 2300              		.loc 1 1316 3 is_stmt 1 view .LVU788
 2301 001c 0368     		ldr	r3, [r0]
 2302 001e 5322     		movs	r2, #83
 2303 0020 5A62     		str	r2, [r3, #36]
 2304              		.loc 1 1316 3 view .LVU789
1317:stm/stm32f4xx/STM32F4xx_HAL_Driver/Src/stm32f4xx_hal_rtc_ex.c **** 
1318:stm/stm32f4xx/STM32F4xx_HAL_Driver/Src/stm32f4xx_hal_rtc_ex.c ****   /* Enter Initialization mode */
1319:stm/stm32f4xx/STM32F4xx_HAL_Driver/Src/stm32f4xx_hal_rtc_ex.c ****   status = RTC_EnterInitMode(hrtc);
 2305              		.loc 1 1319 3 view .LVU790
 2306              		.loc 1 1319 12 is_stmt 0 view .LVU791
 2307 0022 FFF7FEFF 		bl	RTC_EnterInitMode
 2308              	.LVL146:
1320:stm/stm32f4xx/STM32F4xx_HAL_Driver/Src/stm32f4xx_hal_rtc_ex.c **** 
1321:stm/stm32f4xx/STM32F4xx_HAL_Driver/Src/stm32f4xx_hal_rtc_ex.c ****   if (status == HAL_OK)
 2309              		.loc 1 1321 3 is_stmt 1 view .LVU792
 2310              		.loc 1 1321 6 is_stmt 0 view .LVU793
 2311 0026 28B1     		cbz	r0, .L147
 2312              	.LVL147:
 2313              	.L141:
1322:stm/stm32f4xx/STM32F4xx_HAL_Driver/Src/stm32f4xx_hal_rtc_ex.c ****   {
1323:stm/stm32f4xx/STM32F4xx_HAL_Driver/Src/stm32f4xx_hal_rtc_ex.c ****     /* Enable the Coarse Calibration */
1324:stm/stm32f4xx/STM32F4xx_HAL_Driver/Src/stm32f4xx_hal_rtc_ex.c ****     __HAL_RTC_COARSE_CALIB_ENABLE(hrtc);
1325:stm/stm32f4xx/STM32F4xx_HAL_Driver/Src/stm32f4xx_hal_rtc_ex.c **** 
1326:stm/stm32f4xx/STM32F4xx_HAL_Driver/Src/stm32f4xx_hal_rtc_ex.c ****     /* Set the coarse calibration value */
1327:stm/stm32f4xx/STM32F4xx_HAL_Driver/Src/stm32f4xx_hal_rtc_ex.c ****     hrtc->Instance->CALIBR = (uint32_t)(CalibSign | Value);
1328:stm/stm32f4xx/STM32F4xx_HAL_Driver/Src/stm32f4xx_hal_rtc_ex.c **** 
1329:stm/stm32f4xx/STM32F4xx_HAL_Driver/Src/stm32f4xx_hal_rtc_ex.c ****     /* Exit Initialization mode */
1330:stm/stm32f4xx/STM32F4xx_HAL_Driver/Src/stm32f4xx_hal_rtc_ex.c ****     status = RTC_ExitInitMode(hrtc);
1331:stm/stm32f4xx/STM32F4xx_HAL_Driver/Src/stm32f4xx_hal_rtc_ex.c ****   }
1332:stm/stm32f4xx/STM32F4xx_HAL_Driver/Src/stm32f4xx_hal_rtc_ex.c **** 
1333:stm/stm32f4xx/STM32F4xx_HAL_Driver/Src/stm32f4xx_hal_rtc_ex.c ****   if (status == HAL_OK)
1334:stm/stm32f4xx/STM32F4xx_HAL_Driver/Src/stm32f4xx_hal_rtc_ex.c ****   {
1335:stm/stm32f4xx/STM32F4xx_HAL_Driver/Src/stm32f4xx_hal_rtc_ex.c ****     hrtc->State = HAL_RTC_STATE_READY;
1336:stm/stm32f4xx/STM32F4xx_HAL_Driver/Src/stm32f4xx_hal_rtc_ex.c ****   }
1337:stm/stm32f4xx/STM32F4xx_HAL_Driver/Src/stm32f4xx_hal_rtc_ex.c **** 
1338:stm/stm32f4xx/STM32F4xx_HAL_Driver/Src/stm32f4xx_hal_rtc_ex.c ****   /* Enable the write protection for RTC registers */
1339:stm/stm32f4xx/STM32F4xx_HAL_Driver/Src/stm32f4xx_hal_rtc_ex.c ****   __HAL_RTC_WRITEPROTECTION_ENABLE(hrtc);
 2314              		.loc 1 1339 3 is_stmt 1 view .LVU794
 2315              		.loc 1 1339 3 view .LVU795
 2316 0028 2368     		ldr	r3, [r4]
 2317 002a FF22     		movs	r2, #255
 2318 002c 5A62     		str	r2, [r3, #36]
 2319              		.loc 1 1339 3 view .LVU796
1340:stm/stm32f4xx/STM32F4xx_HAL_Driver/Src/stm32f4xx_hal_rtc_ex.c **** 
1341:stm/stm32f4xx/STM32F4xx_HAL_Driver/Src/stm32f4xx_hal_rtc_ex.c ****   /* Process Unlocked */
1342:stm/stm32f4xx/STM32F4xx_HAL_Driver/Src/stm32f4xx_hal_rtc_ex.c ****   __HAL_UNLOCK(hrtc);
 2320              		.loc 1 1342 3 view .LVU797
 2321              		.loc 1 1342 3 view .LVU798
 2322 002e 0023     		movs	r3, #0
 2323 0030 2377     		strb	r3, [r4, #28]
 2324              		.loc 1 1342 3 view .LVU799
1343:stm/stm32f4xx/STM32F4xx_HAL_Driver/Src/stm32f4xx_hal_rtc_ex.c **** 
1344:stm/stm32f4xx/STM32F4xx_HAL_Driver/Src/stm32f4xx_hal_rtc_ex.c ****   return status;
 2325              		.loc 1 1344 3 view .LVU800
1345:stm/stm32f4xx/STM32F4xx_HAL_Driver/Src/stm32f4xx_hal_rtc_ex.c **** }
 2326              		.loc 1 1345 1 is_stmt 0 view .LVU801
 2327 0032 70BD     		pop	{r4, r5, r6, pc}
ARM GAS  /tmp/ccYCz6LM.s 			page 67


 2328              	.LVL148:
 2329              	.L147:
1324:stm/stm32f4xx/STM32F4xx_HAL_Driver/Src/stm32f4xx_hal_rtc_ex.c **** 
 2330              		.loc 1 1324 5 is_stmt 1 view .LVU802
 2331 0034 2268     		ldr	r2, [r4]
 2332 0036 9368     		ldr	r3, [r2, #8]
 2333 0038 43F08003 		orr	r3, r3, #128
 2334 003c 9360     		str	r3, [r2, #8]
1327:stm/stm32f4xx/STM32F4xx_HAL_Driver/Src/stm32f4xx_hal_rtc_ex.c **** 
 2335              		.loc 1 1327 5 view .LVU803
1327:stm/stm32f4xx/STM32F4xx_HAL_Driver/Src/stm32f4xx_hal_rtc_ex.c **** 
 2336              		.loc 1 1327 9 is_stmt 0 view .LVU804
 2337 003e 2368     		ldr	r3, [r4]
1327:stm/stm32f4xx/STM32F4xx_HAL_Driver/Src/stm32f4xx_hal_rtc_ex.c **** 
 2338              		.loc 1 1327 51 view .LVU805
 2339 0040 3543     		orrs	r5, r5, r6
 2340              	.LVL149:
1327:stm/stm32f4xx/STM32F4xx_HAL_Driver/Src/stm32f4xx_hal_rtc_ex.c **** 
 2341              		.loc 1 1327 28 view .LVU806
 2342 0042 9D61     		str	r5, [r3, #24]
1330:stm/stm32f4xx/STM32F4xx_HAL_Driver/Src/stm32f4xx_hal_rtc_ex.c ****   }
 2343              		.loc 1 1330 5 is_stmt 1 view .LVU807
1330:stm/stm32f4xx/STM32F4xx_HAL_Driver/Src/stm32f4xx_hal_rtc_ex.c ****   }
 2344              		.loc 1 1330 14 is_stmt 0 view .LVU808
 2345 0044 2046     		mov	r0, r4
 2346              	.LVL150:
1330:stm/stm32f4xx/STM32F4xx_HAL_Driver/Src/stm32f4xx_hal_rtc_ex.c ****   }
 2347              		.loc 1 1330 14 view .LVU809
 2348 0046 FFF7FEFF 		bl	RTC_ExitInitMode
 2349              	.LVL151:
1333:stm/stm32f4xx/STM32F4xx_HAL_Driver/Src/stm32f4xx_hal_rtc_ex.c ****   {
 2350              		.loc 1 1333 3 is_stmt 1 view .LVU810
1333:stm/stm32f4xx/STM32F4xx_HAL_Driver/Src/stm32f4xx_hal_rtc_ex.c ****   {
 2351              		.loc 1 1333 6 is_stmt 0 view .LVU811
 2352 004a 0028     		cmp	r0, #0
 2353 004c ECD1     		bne	.L141
1335:stm/stm32f4xx/STM32F4xx_HAL_Driver/Src/stm32f4xx_hal_rtc_ex.c ****   }
 2354              		.loc 1 1335 5 is_stmt 1 view .LVU812
1335:stm/stm32f4xx/STM32F4xx_HAL_Driver/Src/stm32f4xx_hal_rtc_ex.c ****   }
 2355              		.loc 1 1335 17 is_stmt 0 view .LVU813
 2356 004e 0123     		movs	r3, #1
 2357 0050 6377     		strb	r3, [r4, #29]
 2358 0052 E9E7     		b	.L141
 2359              	.LVL152:
 2360              	.L142:
 2361              	.LCFI29:
 2362              		.cfi_def_cfa_offset 0
 2363              		.cfi_restore 4
 2364              		.cfi_restore 5
 2365              		.cfi_restore 6
 2366              		.cfi_restore 14
1311:stm/stm32f4xx/STM32F4xx_HAL_Driver/Src/stm32f4xx_hal_rtc_ex.c **** 
 2367              		.loc 1 1311 3 discriminator 1 view .LVU814
 2368 0054 0220     		movs	r0, #2
 2369              	.LVL153:
 2370              		.loc 1 1345 1 view .LVU815
 2371 0056 7047     		bx	lr
ARM GAS  /tmp/ccYCz6LM.s 			page 68


 2372              		.cfi_endproc
 2373              	.LFE262:
 2375              		.section	.text.HAL_RTCEx_DeactivateCoarseCalib,"ax",%progbits
 2376              		.align	1
 2377              		.global	HAL_RTCEx_DeactivateCoarseCalib
 2378              		.syntax unified
 2379              		.thumb
 2380              		.thumb_func
 2382              	HAL_RTCEx_DeactivateCoarseCalib:
 2383              	.LVL154:
 2384              	.LFB263:
1346:stm/stm32f4xx/STM32F4xx_HAL_Driver/Src/stm32f4xx_hal_rtc_ex.c **** 
1347:stm/stm32f4xx/STM32F4xx_HAL_Driver/Src/stm32f4xx_hal_rtc_ex.c **** /**
1348:stm/stm32f4xx/STM32F4xx_HAL_Driver/Src/stm32f4xx_hal_rtc_ex.c ****   * @brief  Deactivates the Coarse calibration parameters.
1349:stm/stm32f4xx/STM32F4xx_HAL_Driver/Src/stm32f4xx_hal_rtc_ex.c ****   * @param  hrtc pointer to a RTC_HandleTypeDef structure that contains
1350:stm/stm32f4xx/STM32F4xx_HAL_Driver/Src/stm32f4xx_hal_rtc_ex.c ****   *                the configuration information for RTC.
1351:stm/stm32f4xx/STM32F4xx_HAL_Driver/Src/stm32f4xx_hal_rtc_ex.c ****   * @retval HAL status
1352:stm/stm32f4xx/STM32F4xx_HAL_Driver/Src/stm32f4xx_hal_rtc_ex.c ****   */
1353:stm/stm32f4xx/STM32F4xx_HAL_Driver/Src/stm32f4xx_hal_rtc_ex.c **** HAL_StatusTypeDef HAL_RTCEx_DeactivateCoarseCalib(RTC_HandleTypeDef *hrtc)
1354:stm/stm32f4xx/STM32F4xx_HAL_Driver/Src/stm32f4xx_hal_rtc_ex.c **** {
 2385              		.loc 1 1354 1 is_stmt 1 view -0
 2386              		.cfi_startproc
 2387              		@ args = 0, pretend = 0, frame = 0
 2388              		@ frame_needed = 0, uses_anonymous_args = 0
1355:stm/stm32f4xx/STM32F4xx_HAL_Driver/Src/stm32f4xx_hal_rtc_ex.c ****   HAL_StatusTypeDef status;
 2389              		.loc 1 1355 3 view .LVU817
1356:stm/stm32f4xx/STM32F4xx_HAL_Driver/Src/stm32f4xx_hal_rtc_ex.c **** 
1357:stm/stm32f4xx/STM32F4xx_HAL_Driver/Src/stm32f4xx_hal_rtc_ex.c ****   /* Process Locked */
1358:stm/stm32f4xx/STM32F4xx_HAL_Driver/Src/stm32f4xx_hal_rtc_ex.c ****   __HAL_LOCK(hrtc);
 2390              		.loc 1 1358 3 view .LVU818
 2391              		.loc 1 1358 3 view .LVU819
 2392 0000 037F     		ldrb	r3, [r0, #28]	@ zero_extendqisi2
 2393 0002 012B     		cmp	r3, #1
 2394 0004 21D0     		beq	.L151
1354:stm/stm32f4xx/STM32F4xx_HAL_Driver/Src/stm32f4xx_hal_rtc_ex.c ****   HAL_StatusTypeDef status;
 2395              		.loc 1 1354 1 is_stmt 0 view .LVU820
 2396 0006 10B5     		push	{r4, lr}
 2397              	.LCFI30:
 2398              		.cfi_def_cfa_offset 8
 2399              		.cfi_offset 4, -8
 2400              		.cfi_offset 14, -4
 2401 0008 0446     		mov	r4, r0
 2402              		.loc 1 1358 3 is_stmt 1 discriminator 2 view .LVU821
 2403 000a 0123     		movs	r3, #1
 2404 000c 0377     		strb	r3, [r0, #28]
 2405              		.loc 1 1358 3 discriminator 2 view .LVU822
1359:stm/stm32f4xx/STM32F4xx_HAL_Driver/Src/stm32f4xx_hal_rtc_ex.c **** 
1360:stm/stm32f4xx/STM32F4xx_HAL_Driver/Src/stm32f4xx_hal_rtc_ex.c ****   hrtc->State = HAL_RTC_STATE_BUSY;
 2406              		.loc 1 1360 3 view .LVU823
 2407              		.loc 1 1360 15 is_stmt 0 view .LVU824
 2408 000e 0223     		movs	r3, #2
 2409 0010 4377     		strb	r3, [r0, #29]
1361:stm/stm32f4xx/STM32F4xx_HAL_Driver/Src/stm32f4xx_hal_rtc_ex.c **** 
1362:stm/stm32f4xx/STM32F4xx_HAL_Driver/Src/stm32f4xx_hal_rtc_ex.c ****   /* Disable the write protection for RTC registers */
1363:stm/stm32f4xx/STM32F4xx_HAL_Driver/Src/stm32f4xx_hal_rtc_ex.c ****   __HAL_RTC_WRITEPROTECTION_DISABLE(hrtc);
 2410              		.loc 1 1363 3 is_stmt 1 view .LVU825
 2411              		.loc 1 1363 3 view .LVU826
ARM GAS  /tmp/ccYCz6LM.s 			page 69


 2412 0012 0368     		ldr	r3, [r0]
 2413 0014 CA22     		movs	r2, #202
 2414 0016 5A62     		str	r2, [r3, #36]
 2415              		.loc 1 1363 3 view .LVU827
 2416 0018 0368     		ldr	r3, [r0]
 2417 001a 5322     		movs	r2, #83
 2418 001c 5A62     		str	r2, [r3, #36]
 2419              		.loc 1 1363 3 view .LVU828
1364:stm/stm32f4xx/STM32F4xx_HAL_Driver/Src/stm32f4xx_hal_rtc_ex.c **** 
1365:stm/stm32f4xx/STM32F4xx_HAL_Driver/Src/stm32f4xx_hal_rtc_ex.c ****   /* Enter Initialization mode */
1366:stm/stm32f4xx/STM32F4xx_HAL_Driver/Src/stm32f4xx_hal_rtc_ex.c ****   status = RTC_EnterInitMode(hrtc);
 2420              		.loc 1 1366 3 view .LVU829
 2421              		.loc 1 1366 12 is_stmt 0 view .LVU830
 2422 001e FFF7FEFF 		bl	RTC_EnterInitMode
 2423              	.LVL155:
1367:stm/stm32f4xx/STM32F4xx_HAL_Driver/Src/stm32f4xx_hal_rtc_ex.c **** 
1368:stm/stm32f4xx/STM32F4xx_HAL_Driver/Src/stm32f4xx_hal_rtc_ex.c ****   if (status == HAL_OK)
 2424              		.loc 1 1368 3 is_stmt 1 view .LVU831
 2425              		.loc 1 1368 6 is_stmt 0 view .LVU832
 2426 0022 28B1     		cbz	r0, .L156
 2427              	.L150:
 2428              	.LVL156:
1369:stm/stm32f4xx/STM32F4xx_HAL_Driver/Src/stm32f4xx_hal_rtc_ex.c ****   {
1370:stm/stm32f4xx/STM32F4xx_HAL_Driver/Src/stm32f4xx_hal_rtc_ex.c ****     /* Disable the Coarse Calibration */
1371:stm/stm32f4xx/STM32F4xx_HAL_Driver/Src/stm32f4xx_hal_rtc_ex.c ****     __HAL_RTC_COARSE_CALIB_DISABLE(hrtc);
1372:stm/stm32f4xx/STM32F4xx_HAL_Driver/Src/stm32f4xx_hal_rtc_ex.c **** 
1373:stm/stm32f4xx/STM32F4xx_HAL_Driver/Src/stm32f4xx_hal_rtc_ex.c ****     /* Exit Initialization mode */
1374:stm/stm32f4xx/STM32F4xx_HAL_Driver/Src/stm32f4xx_hal_rtc_ex.c ****     status = RTC_ExitInitMode(hrtc);
1375:stm/stm32f4xx/STM32F4xx_HAL_Driver/Src/stm32f4xx_hal_rtc_ex.c ****   }
1376:stm/stm32f4xx/STM32F4xx_HAL_Driver/Src/stm32f4xx_hal_rtc_ex.c **** 
1377:stm/stm32f4xx/STM32F4xx_HAL_Driver/Src/stm32f4xx_hal_rtc_ex.c ****   if (status == HAL_OK)
1378:stm/stm32f4xx/STM32F4xx_HAL_Driver/Src/stm32f4xx_hal_rtc_ex.c ****   {
1379:stm/stm32f4xx/STM32F4xx_HAL_Driver/Src/stm32f4xx_hal_rtc_ex.c ****     hrtc->State = HAL_RTC_STATE_READY;
1380:stm/stm32f4xx/STM32F4xx_HAL_Driver/Src/stm32f4xx_hal_rtc_ex.c ****   }
1381:stm/stm32f4xx/STM32F4xx_HAL_Driver/Src/stm32f4xx_hal_rtc_ex.c **** 
1382:stm/stm32f4xx/STM32F4xx_HAL_Driver/Src/stm32f4xx_hal_rtc_ex.c ****   /* Enable the write protection for RTC registers */
1383:stm/stm32f4xx/STM32F4xx_HAL_Driver/Src/stm32f4xx_hal_rtc_ex.c ****   __HAL_RTC_WRITEPROTECTION_ENABLE(hrtc);
 2429              		.loc 1 1383 3 is_stmt 1 view .LVU833
 2430              		.loc 1 1383 3 view .LVU834
 2431 0024 2368     		ldr	r3, [r4]
 2432 0026 FF22     		movs	r2, #255
 2433 0028 5A62     		str	r2, [r3, #36]
 2434              		.loc 1 1383 3 view .LVU835
1384:stm/stm32f4xx/STM32F4xx_HAL_Driver/Src/stm32f4xx_hal_rtc_ex.c **** 
1385:stm/stm32f4xx/STM32F4xx_HAL_Driver/Src/stm32f4xx_hal_rtc_ex.c ****   /* Process Unlocked */
1386:stm/stm32f4xx/STM32F4xx_HAL_Driver/Src/stm32f4xx_hal_rtc_ex.c ****   __HAL_UNLOCK(hrtc);
 2435              		.loc 1 1386 3 view .LVU836
 2436              		.loc 1 1386 3 view .LVU837
 2437 002a 0023     		movs	r3, #0
 2438 002c 2377     		strb	r3, [r4, #28]
 2439              		.loc 1 1386 3 view .LVU838
1387:stm/stm32f4xx/STM32F4xx_HAL_Driver/Src/stm32f4xx_hal_rtc_ex.c **** 
1388:stm/stm32f4xx/STM32F4xx_HAL_Driver/Src/stm32f4xx_hal_rtc_ex.c ****   return status;
 2440              		.loc 1 1388 3 view .LVU839
1389:stm/stm32f4xx/STM32F4xx_HAL_Driver/Src/stm32f4xx_hal_rtc_ex.c **** }
 2441              		.loc 1 1389 1 is_stmt 0 view .LVU840
 2442 002e 10BD     		pop	{r4, pc}
ARM GAS  /tmp/ccYCz6LM.s 			page 70


 2443              	.LVL157:
 2444              	.L156:
1371:stm/stm32f4xx/STM32F4xx_HAL_Driver/Src/stm32f4xx_hal_rtc_ex.c **** 
 2445              		.loc 1 1371 5 is_stmt 1 view .LVU841
 2446 0030 2268     		ldr	r2, [r4]
 2447 0032 9368     		ldr	r3, [r2, #8]
 2448 0034 23F08003 		bic	r3, r3, #128
 2449 0038 9360     		str	r3, [r2, #8]
1374:stm/stm32f4xx/STM32F4xx_HAL_Driver/Src/stm32f4xx_hal_rtc_ex.c ****   }
 2450              		.loc 1 1374 5 view .LVU842
1374:stm/stm32f4xx/STM32F4xx_HAL_Driver/Src/stm32f4xx_hal_rtc_ex.c ****   }
 2451              		.loc 1 1374 14 is_stmt 0 view .LVU843
 2452 003a 2046     		mov	r0, r4
 2453              	.LVL158:
1374:stm/stm32f4xx/STM32F4xx_HAL_Driver/Src/stm32f4xx_hal_rtc_ex.c ****   }
 2454              		.loc 1 1374 14 view .LVU844
 2455 003c FFF7FEFF 		bl	RTC_ExitInitMode
 2456              	.LVL159:
1377:stm/stm32f4xx/STM32F4xx_HAL_Driver/Src/stm32f4xx_hal_rtc_ex.c ****   {
 2457              		.loc 1 1377 3 is_stmt 1 view .LVU845
1377:stm/stm32f4xx/STM32F4xx_HAL_Driver/Src/stm32f4xx_hal_rtc_ex.c ****   {
 2458              		.loc 1 1377 6 is_stmt 0 view .LVU846
 2459 0040 0028     		cmp	r0, #0
 2460 0042 EFD1     		bne	.L150
1379:stm/stm32f4xx/STM32F4xx_HAL_Driver/Src/stm32f4xx_hal_rtc_ex.c ****   }
 2461              		.loc 1 1379 5 is_stmt 1 view .LVU847
1379:stm/stm32f4xx/STM32F4xx_HAL_Driver/Src/stm32f4xx_hal_rtc_ex.c ****   }
 2462              		.loc 1 1379 17 is_stmt 0 view .LVU848
 2463 0044 0123     		movs	r3, #1
 2464 0046 6377     		strb	r3, [r4, #29]
 2465 0048 ECE7     		b	.L150
 2466              	.LVL160:
 2467              	.L151:
 2468              	.LCFI31:
 2469              		.cfi_def_cfa_offset 0
 2470              		.cfi_restore 4
 2471              		.cfi_restore 14
1358:stm/stm32f4xx/STM32F4xx_HAL_Driver/Src/stm32f4xx_hal_rtc_ex.c **** 
 2472              		.loc 1 1358 3 discriminator 1 view .LVU849
 2473 004a 0220     		movs	r0, #2
 2474              	.LVL161:
 2475              		.loc 1 1389 1 view .LVU850
 2476 004c 7047     		bx	lr
 2477              		.cfi_endproc
 2478              	.LFE263:
 2480              		.section	.text.HAL_RTCEx_SetSmoothCalib,"ax",%progbits
 2481              		.align	1
 2482              		.global	HAL_RTCEx_SetSmoothCalib
 2483              		.syntax unified
 2484              		.thumb
 2485              		.thumb_func
 2487              	HAL_RTCEx_SetSmoothCalib:
 2488              	.LVL162:
 2489              	.LFB264:
1390:stm/stm32f4xx/STM32F4xx_HAL_Driver/Src/stm32f4xx_hal_rtc_ex.c **** 
1391:stm/stm32f4xx/STM32F4xx_HAL_Driver/Src/stm32f4xx_hal_rtc_ex.c **** /**
1392:stm/stm32f4xx/STM32F4xx_HAL_Driver/Src/stm32f4xx_hal_rtc_ex.c ****   * @brief  Sets the Smooth calibration parameters.
ARM GAS  /tmp/ccYCz6LM.s 			page 71


1393:stm/stm32f4xx/STM32F4xx_HAL_Driver/Src/stm32f4xx_hal_rtc_ex.c ****   * @param  hrtc pointer to a RTC_HandleTypeDef structure that contains
1394:stm/stm32f4xx/STM32F4xx_HAL_Driver/Src/stm32f4xx_hal_rtc_ex.c ****   *                the configuration information for RTC.
1395:stm/stm32f4xx/STM32F4xx_HAL_Driver/Src/stm32f4xx_hal_rtc_ex.c ****   * @param  SmoothCalibPeriod Select the Smooth Calibration Period.
1396:stm/stm32f4xx/STM32F4xx_HAL_Driver/Src/stm32f4xx_hal_rtc_ex.c ****   *          This parameter can be can be one of the following values:
1397:stm/stm32f4xx/STM32F4xx_HAL_Driver/Src/stm32f4xx_hal_rtc_ex.c ****   *             @arg RTC_SMOOTHCALIB_PERIOD_32SEC: The smooth calibration period is 32s.
1398:stm/stm32f4xx/STM32F4xx_HAL_Driver/Src/stm32f4xx_hal_rtc_ex.c ****   *             @arg RTC_SMOOTHCALIB_PERIOD_16SEC: The smooth calibration period is 16s.
1399:stm/stm32f4xx/STM32F4xx_HAL_Driver/Src/stm32f4xx_hal_rtc_ex.c ****   *             @arg RTC_SMOOTHCALIB_PERIOD_8SEC: The smooth calibration period is 8s.
1400:stm/stm32f4xx/STM32F4xx_HAL_Driver/Src/stm32f4xx_hal_rtc_ex.c ****   * @param  SmoothCalibPlusPulses Select to Set or reset the CALP bit.
1401:stm/stm32f4xx/STM32F4xx_HAL_Driver/Src/stm32f4xx_hal_rtc_ex.c ****   *          This parameter can be one of the following values:
1402:stm/stm32f4xx/STM32F4xx_HAL_Driver/Src/stm32f4xx_hal_rtc_ex.c ****   *             @arg RTC_SMOOTHCALIB_PLUSPULSES_SET: Add one RTCCLK pulse every 2*11 pulses.
1403:stm/stm32f4xx/STM32F4xx_HAL_Driver/Src/stm32f4xx_hal_rtc_ex.c ****   *             @arg RTC_SMOOTHCALIB_PLUSPULSES_RESET: No RTCCLK pulses are added.
1404:stm/stm32f4xx/STM32F4xx_HAL_Driver/Src/stm32f4xx_hal_rtc_ex.c ****   * @param  SmoothCalibMinusPulsesValue Select the value of CALM[8:0] bits.
1405:stm/stm32f4xx/STM32F4xx_HAL_Driver/Src/stm32f4xx_hal_rtc_ex.c ****   *          This parameter can be one any value from 0 to 0x000001FF.
1406:stm/stm32f4xx/STM32F4xx_HAL_Driver/Src/stm32f4xx_hal_rtc_ex.c ****   * @note   To deactivate the smooth calibration, the field SmoothCalibPlusPulses
1407:stm/stm32f4xx/STM32F4xx_HAL_Driver/Src/stm32f4xx_hal_rtc_ex.c ****   *         must be equal to SMOOTHCALIB_PLUSPULSES_RESET and the field
1408:stm/stm32f4xx/STM32F4xx_HAL_Driver/Src/stm32f4xx_hal_rtc_ex.c ****   *         SmoothCalibMinusPulsesValue must be equal to 0.
1409:stm/stm32f4xx/STM32F4xx_HAL_Driver/Src/stm32f4xx_hal_rtc_ex.c ****   * @retval HAL status
1410:stm/stm32f4xx/STM32F4xx_HAL_Driver/Src/stm32f4xx_hal_rtc_ex.c ****   */
1411:stm/stm32f4xx/STM32F4xx_HAL_Driver/Src/stm32f4xx_hal_rtc_ex.c **** HAL_StatusTypeDef HAL_RTCEx_SetSmoothCalib(RTC_HandleTypeDef *hrtc, uint32_t SmoothCalibPeriod, uin
1412:stm/stm32f4xx/STM32F4xx_HAL_Driver/Src/stm32f4xx_hal_rtc_ex.c **** {
 2490              		.loc 1 1412 1 is_stmt 1 view -0
 2491              		.cfi_startproc
 2492              		@ args = 0, pretend = 0, frame = 0
 2493              		@ frame_needed = 0, uses_anonymous_args = 0
 2494              		.loc 1 1412 1 is_stmt 0 view .LVU852
 2495 0000 2DE9F041 		push	{r4, r5, r6, r7, r8, lr}
 2496              	.LCFI32:
 2497              		.cfi_def_cfa_offset 24
 2498              		.cfi_offset 4, -24
 2499              		.cfi_offset 5, -20
 2500              		.cfi_offset 6, -16
 2501              		.cfi_offset 7, -12
 2502              		.cfi_offset 8, -8
 2503              		.cfi_offset 14, -4
 2504 0004 1E46     		mov	r6, r3
1413:stm/stm32f4xx/STM32F4xx_HAL_Driver/Src/stm32f4xx_hal_rtc_ex.c ****   uint32_t tickstart = 0U;
 2505              		.loc 1 1413 3 is_stmt 1 view .LVU853
 2506              	.LVL163:
1414:stm/stm32f4xx/STM32F4xx_HAL_Driver/Src/stm32f4xx_hal_rtc_ex.c **** 
1415:stm/stm32f4xx/STM32F4xx_HAL_Driver/Src/stm32f4xx_hal_rtc_ex.c ****   /* Check the parameters */
1416:stm/stm32f4xx/STM32F4xx_HAL_Driver/Src/stm32f4xx_hal_rtc_ex.c ****   assert_param(IS_RTC_SMOOTH_CALIB_PERIOD(SmoothCalibPeriod));
 2507              		.loc 1 1416 3 view .LVU854
1417:stm/stm32f4xx/STM32F4xx_HAL_Driver/Src/stm32f4xx_hal_rtc_ex.c ****   assert_param(IS_RTC_SMOOTH_CALIB_PLUS(SmoothCalibPlusPulses));
 2508              		.loc 1 1417 3 view .LVU855
1418:stm/stm32f4xx/STM32F4xx_HAL_Driver/Src/stm32f4xx_hal_rtc_ex.c ****   assert_param(IS_RTC_SMOOTH_CALIB_MINUS(SmoothCalibMinusPulsesValue));
 2509              		.loc 1 1418 3 view .LVU856
1419:stm/stm32f4xx/STM32F4xx_HAL_Driver/Src/stm32f4xx_hal_rtc_ex.c **** 
1420:stm/stm32f4xx/STM32F4xx_HAL_Driver/Src/stm32f4xx_hal_rtc_ex.c ****   /* Process Locked */
1421:stm/stm32f4xx/STM32F4xx_HAL_Driver/Src/stm32f4xx_hal_rtc_ex.c ****   __HAL_LOCK(hrtc);
 2510              		.loc 1 1421 3 view .LVU857
 2511              		.loc 1 1421 3 view .LVU858
 2512 0006 037F     		ldrb	r3, [r0, #28]	@ zero_extendqisi2
 2513              	.LVL164:
 2514              		.loc 1 1421 3 is_stmt 0 view .LVU859
 2515 0008 012B     		cmp	r3, #1
 2516 000a 35D0     		beq	.L162
 2517 000c 0446     		mov	r4, r0
ARM GAS  /tmp/ccYCz6LM.s 			page 72


 2518 000e 0D46     		mov	r5, r1
 2519 0010 1746     		mov	r7, r2
 2520              		.loc 1 1421 3 is_stmt 1 discriminator 2 view .LVU860
 2521 0012 0123     		movs	r3, #1
 2522 0014 0377     		strb	r3, [r0, #28]
 2523              		.loc 1 1421 3 discriminator 2 view .LVU861
1422:stm/stm32f4xx/STM32F4xx_HAL_Driver/Src/stm32f4xx_hal_rtc_ex.c **** 
1423:stm/stm32f4xx/STM32F4xx_HAL_Driver/Src/stm32f4xx_hal_rtc_ex.c ****   hrtc->State = HAL_RTC_STATE_BUSY;
 2524              		.loc 1 1423 3 view .LVU862
 2525              		.loc 1 1423 15 is_stmt 0 view .LVU863
 2526 0016 0223     		movs	r3, #2
 2527 0018 4377     		strb	r3, [r0, #29]
1424:stm/stm32f4xx/STM32F4xx_HAL_Driver/Src/stm32f4xx_hal_rtc_ex.c **** 
1425:stm/stm32f4xx/STM32F4xx_HAL_Driver/Src/stm32f4xx_hal_rtc_ex.c ****   /* Disable the write protection for RTC registers */
1426:stm/stm32f4xx/STM32F4xx_HAL_Driver/Src/stm32f4xx_hal_rtc_ex.c ****   __HAL_RTC_WRITEPROTECTION_DISABLE(hrtc);
 2528              		.loc 1 1426 3 is_stmt 1 view .LVU864
 2529              		.loc 1 1426 3 view .LVU865
 2530 001a 0368     		ldr	r3, [r0]
 2531 001c CA22     		movs	r2, #202
 2532              	.LVL165:
 2533              		.loc 1 1426 3 is_stmt 0 view .LVU866
 2534 001e 5A62     		str	r2, [r3, #36]
 2535              		.loc 1 1426 3 is_stmt 1 view .LVU867
 2536 0020 0368     		ldr	r3, [r0]
 2537 0022 5322     		movs	r2, #83
 2538 0024 5A62     		str	r2, [r3, #36]
 2539              		.loc 1 1426 3 view .LVU868
1427:stm/stm32f4xx/STM32F4xx_HAL_Driver/Src/stm32f4xx_hal_rtc_ex.c **** 
1428:stm/stm32f4xx/STM32F4xx_HAL_Driver/Src/stm32f4xx_hal_rtc_ex.c ****   /* check if a calibration is pending*/
1429:stm/stm32f4xx/STM32F4xx_HAL_Driver/Src/stm32f4xx_hal_rtc_ex.c ****   if ((hrtc->Instance->ISR & RTC_ISR_RECALPF) != 0U)
 2540              		.loc 1 1429 3 view .LVU869
 2541              		.loc 1 1429 12 is_stmt 0 view .LVU870
 2542 0026 0368     		ldr	r3, [r0]
 2543              		.loc 1 1429 22 view .LVU871
 2544 0028 DB68     		ldr	r3, [r3, #12]
 2545              		.loc 1 1429 6 view .LVU872
 2546 002a 13F4803F 		tst	r3, #65536
 2547 002e 0CD1     		bne	.L164
 2548              	.LVL166:
 2549              	.L159:
1430:stm/stm32f4xx/STM32F4xx_HAL_Driver/Src/stm32f4xx_hal_rtc_ex.c ****   {
1431:stm/stm32f4xx/STM32F4xx_HAL_Driver/Src/stm32f4xx_hal_rtc_ex.c ****     /* Get tick */
1432:stm/stm32f4xx/STM32F4xx_HAL_Driver/Src/stm32f4xx_hal_rtc_ex.c ****     tickstart = HAL_GetTick();
1433:stm/stm32f4xx/STM32F4xx_HAL_Driver/Src/stm32f4xx_hal_rtc_ex.c **** 
1434:stm/stm32f4xx/STM32F4xx_HAL_Driver/Src/stm32f4xx_hal_rtc_ex.c ****     /* check if a calibration is pending*/
1435:stm/stm32f4xx/STM32F4xx_HAL_Driver/Src/stm32f4xx_hal_rtc_ex.c ****     while ((hrtc->Instance->ISR & RTC_ISR_RECALPF) != 0U)
1436:stm/stm32f4xx/STM32F4xx_HAL_Driver/Src/stm32f4xx_hal_rtc_ex.c ****     {
1437:stm/stm32f4xx/STM32F4xx_HAL_Driver/Src/stm32f4xx_hal_rtc_ex.c ****       if ((HAL_GetTick() - tickstart) > RTC_TIMEOUT_VALUE)
1438:stm/stm32f4xx/STM32F4xx_HAL_Driver/Src/stm32f4xx_hal_rtc_ex.c ****       {
1439:stm/stm32f4xx/STM32F4xx_HAL_Driver/Src/stm32f4xx_hal_rtc_ex.c ****         /* Enable the write protection for RTC registers */
1440:stm/stm32f4xx/STM32F4xx_HAL_Driver/Src/stm32f4xx_hal_rtc_ex.c ****         __HAL_RTC_WRITEPROTECTION_ENABLE(hrtc);
1441:stm/stm32f4xx/STM32F4xx_HAL_Driver/Src/stm32f4xx_hal_rtc_ex.c **** 
1442:stm/stm32f4xx/STM32F4xx_HAL_Driver/Src/stm32f4xx_hal_rtc_ex.c ****         /* Change RTC state */
1443:stm/stm32f4xx/STM32F4xx_HAL_Driver/Src/stm32f4xx_hal_rtc_ex.c ****         hrtc->State = HAL_RTC_STATE_TIMEOUT;
1444:stm/stm32f4xx/STM32F4xx_HAL_Driver/Src/stm32f4xx_hal_rtc_ex.c **** 
1445:stm/stm32f4xx/STM32F4xx_HAL_Driver/Src/stm32f4xx_hal_rtc_ex.c ****         /* Process Unlocked */
1446:stm/stm32f4xx/STM32F4xx_HAL_Driver/Src/stm32f4xx_hal_rtc_ex.c ****         __HAL_UNLOCK(hrtc);
ARM GAS  /tmp/ccYCz6LM.s 			page 73


1447:stm/stm32f4xx/STM32F4xx_HAL_Driver/Src/stm32f4xx_hal_rtc_ex.c **** 
1448:stm/stm32f4xx/STM32F4xx_HAL_Driver/Src/stm32f4xx_hal_rtc_ex.c ****         return HAL_TIMEOUT;
1449:stm/stm32f4xx/STM32F4xx_HAL_Driver/Src/stm32f4xx_hal_rtc_ex.c ****       }
1450:stm/stm32f4xx/STM32F4xx_HAL_Driver/Src/stm32f4xx_hal_rtc_ex.c ****     }
1451:stm/stm32f4xx/STM32F4xx_HAL_Driver/Src/stm32f4xx_hal_rtc_ex.c ****   }
1452:stm/stm32f4xx/STM32F4xx_HAL_Driver/Src/stm32f4xx_hal_rtc_ex.c **** 
1453:stm/stm32f4xx/STM32F4xx_HAL_Driver/Src/stm32f4xx_hal_rtc_ex.c ****   /* Configure the Smooth calibration settings */
1454:stm/stm32f4xx/STM32F4xx_HAL_Driver/Src/stm32f4xx_hal_rtc_ex.c ****   hrtc->Instance->CALR = (uint32_t)((uint32_t)SmoothCalibPeriod     | \
 2550              		.loc 1 1454 3 is_stmt 1 view .LVU873
 2551              		.loc 1 1454 69 is_stmt 0 view .LVU874
 2552 0030 3D43     		orrs	r5, r5, r7
 2553              	.LVL167:
 2554              		.loc 1 1454 7 view .LVU875
 2555 0032 2368     		ldr	r3, [r4]
 2556              		.loc 1 1454 26 view .LVU876
 2557 0034 3543     		orrs	r5, r5, r6
 2558              		.loc 1 1454 24 view .LVU877
 2559 0036 DD63     		str	r5, [r3, #60]
1455:stm/stm32f4xx/STM32F4xx_HAL_Driver/Src/stm32f4xx_hal_rtc_ex.c ****                                     (uint32_t)SmoothCalibPlusPulses | \
1456:stm/stm32f4xx/STM32F4xx_HAL_Driver/Src/stm32f4xx_hal_rtc_ex.c ****                                     (uint32_t)SmoothCalibMinusPulsesValue);
1457:stm/stm32f4xx/STM32F4xx_HAL_Driver/Src/stm32f4xx_hal_rtc_ex.c **** 
1458:stm/stm32f4xx/STM32F4xx_HAL_Driver/Src/stm32f4xx_hal_rtc_ex.c ****   /* Enable the write protection for RTC registers */
1459:stm/stm32f4xx/STM32F4xx_HAL_Driver/Src/stm32f4xx_hal_rtc_ex.c ****   __HAL_RTC_WRITEPROTECTION_ENABLE(hrtc);
 2560              		.loc 1 1459 3 is_stmt 1 view .LVU878
 2561              		.loc 1 1459 3 view .LVU879
 2562 0038 2368     		ldr	r3, [r4]
 2563 003a FF22     		movs	r2, #255
 2564 003c 5A62     		str	r2, [r3, #36]
 2565              		.loc 1 1459 3 view .LVU880
1460:stm/stm32f4xx/STM32F4xx_HAL_Driver/Src/stm32f4xx_hal_rtc_ex.c **** 
1461:stm/stm32f4xx/STM32F4xx_HAL_Driver/Src/stm32f4xx_hal_rtc_ex.c ****   /* Change RTC state */
1462:stm/stm32f4xx/STM32F4xx_HAL_Driver/Src/stm32f4xx_hal_rtc_ex.c ****   hrtc->State = HAL_RTC_STATE_READY;
 2566              		.loc 1 1462 3 view .LVU881
 2567              		.loc 1 1462 15 is_stmt 0 view .LVU882
 2568 003e 0123     		movs	r3, #1
 2569 0040 6377     		strb	r3, [r4, #29]
1463:stm/stm32f4xx/STM32F4xx_HAL_Driver/Src/stm32f4xx_hal_rtc_ex.c **** 
1464:stm/stm32f4xx/STM32F4xx_HAL_Driver/Src/stm32f4xx_hal_rtc_ex.c ****   /* Process Unlocked */
1465:stm/stm32f4xx/STM32F4xx_HAL_Driver/Src/stm32f4xx_hal_rtc_ex.c ****   __HAL_UNLOCK(hrtc);
 2570              		.loc 1 1465 3 is_stmt 1 view .LVU883
 2571              		.loc 1 1465 3 view .LVU884
 2572 0042 0020     		movs	r0, #0
 2573 0044 2077     		strb	r0, [r4, #28]
 2574              		.loc 1 1465 3 view .LVU885
1466:stm/stm32f4xx/STM32F4xx_HAL_Driver/Src/stm32f4xx_hal_rtc_ex.c **** 
1467:stm/stm32f4xx/STM32F4xx_HAL_Driver/Src/stm32f4xx_hal_rtc_ex.c ****   return HAL_OK;
 2575              		.loc 1 1467 3 view .LVU886
 2576              	.LVL168:
 2577              	.L158:
1468:stm/stm32f4xx/STM32F4xx_HAL_Driver/Src/stm32f4xx_hal_rtc_ex.c **** }
 2578              		.loc 1 1468 1 is_stmt 0 view .LVU887
 2579 0046 BDE8F081 		pop	{r4, r5, r6, r7, r8, pc}
 2580              	.LVL169:
 2581              	.L164:
1432:stm/stm32f4xx/STM32F4xx_HAL_Driver/Src/stm32f4xx_hal_rtc_ex.c **** 
 2582              		.loc 1 1432 5 is_stmt 1 view .LVU888
1432:stm/stm32f4xx/STM32F4xx_HAL_Driver/Src/stm32f4xx_hal_rtc_ex.c **** 
ARM GAS  /tmp/ccYCz6LM.s 			page 74


 2583              		.loc 1 1432 17 is_stmt 0 view .LVU889
 2584 004a FFF7FEFF 		bl	HAL_GetTick
 2585              	.LVL170:
1432:stm/stm32f4xx/STM32F4xx_HAL_Driver/Src/stm32f4xx_hal_rtc_ex.c **** 
 2586              		.loc 1 1432 17 view .LVU890
 2587 004e 8046     		mov	r8, r0
 2588              	.LVL171:
1435:stm/stm32f4xx/STM32F4xx_HAL_Driver/Src/stm32f4xx_hal_rtc_ex.c ****     {
 2589              		.loc 1 1435 5 is_stmt 1 view .LVU891
 2590              	.L160:
1435:stm/stm32f4xx/STM32F4xx_HAL_Driver/Src/stm32f4xx_hal_rtc_ex.c ****     {
 2591              		.loc 1 1435 52 view .LVU892
1435:stm/stm32f4xx/STM32F4xx_HAL_Driver/Src/stm32f4xx_hal_rtc_ex.c ****     {
 2592              		.loc 1 1435 17 is_stmt 0 view .LVU893
 2593 0050 2368     		ldr	r3, [r4]
1435:stm/stm32f4xx/STM32F4xx_HAL_Driver/Src/stm32f4xx_hal_rtc_ex.c ****     {
 2594              		.loc 1 1435 27 view .LVU894
 2595 0052 D968     		ldr	r1, [r3, #12]
1435:stm/stm32f4xx/STM32F4xx_HAL_Driver/Src/stm32f4xx_hal_rtc_ex.c ****     {
 2596              		.loc 1 1435 52 view .LVU895
 2597 0054 11F4803F 		tst	r1, #65536
 2598 0058 EAD0     		beq	.L159
1437:stm/stm32f4xx/STM32F4xx_HAL_Driver/Src/stm32f4xx_hal_rtc_ex.c ****       {
 2599              		.loc 1 1437 7 is_stmt 1 view .LVU896
1437:stm/stm32f4xx/STM32F4xx_HAL_Driver/Src/stm32f4xx_hal_rtc_ex.c ****       {
 2600              		.loc 1 1437 12 is_stmt 0 view .LVU897
 2601 005a FFF7FEFF 		bl	HAL_GetTick
 2602              	.LVL172:
1437:stm/stm32f4xx/STM32F4xx_HAL_Driver/Src/stm32f4xx_hal_rtc_ex.c ****       {
 2603              		.loc 1 1437 26 discriminator 1 view .LVU898
 2604 005e A0EB0800 		sub	r0, r0, r8
1437:stm/stm32f4xx/STM32F4xx_HAL_Driver/Src/stm32f4xx_hal_rtc_ex.c ****       {
 2605              		.loc 1 1437 10 discriminator 1 view .LVU899
 2606 0062 B0F57A7F 		cmp	r0, #1000
 2607 0066 F3D9     		bls	.L160
1440:stm/stm32f4xx/STM32F4xx_HAL_Driver/Src/stm32f4xx_hal_rtc_ex.c **** 
 2608              		.loc 1 1440 9 is_stmt 1 view .LVU900
1440:stm/stm32f4xx/STM32F4xx_HAL_Driver/Src/stm32f4xx_hal_rtc_ex.c **** 
 2609              		.loc 1 1440 9 view .LVU901
 2610 0068 2368     		ldr	r3, [r4]
 2611 006a FF22     		movs	r2, #255
 2612 006c 5A62     		str	r2, [r3, #36]
1440:stm/stm32f4xx/STM32F4xx_HAL_Driver/Src/stm32f4xx_hal_rtc_ex.c **** 
 2613              		.loc 1 1440 9 view .LVU902
1443:stm/stm32f4xx/STM32F4xx_HAL_Driver/Src/stm32f4xx_hal_rtc_ex.c **** 
 2614              		.loc 1 1443 9 view .LVU903
1443:stm/stm32f4xx/STM32F4xx_HAL_Driver/Src/stm32f4xx_hal_rtc_ex.c **** 
 2615              		.loc 1 1443 21 is_stmt 0 view .LVU904
 2616 006e 0320     		movs	r0, #3
 2617 0070 6077     		strb	r0, [r4, #29]
1446:stm/stm32f4xx/STM32F4xx_HAL_Driver/Src/stm32f4xx_hal_rtc_ex.c **** 
 2618              		.loc 1 1446 9 is_stmt 1 view .LVU905
1446:stm/stm32f4xx/STM32F4xx_HAL_Driver/Src/stm32f4xx_hal_rtc_ex.c **** 
 2619              		.loc 1 1446 9 view .LVU906
 2620 0072 0023     		movs	r3, #0
 2621 0074 2377     		strb	r3, [r4, #28]
1446:stm/stm32f4xx/STM32F4xx_HAL_Driver/Src/stm32f4xx_hal_rtc_ex.c **** 
ARM GAS  /tmp/ccYCz6LM.s 			page 75


 2622              		.loc 1 1446 9 view .LVU907
1448:stm/stm32f4xx/STM32F4xx_HAL_Driver/Src/stm32f4xx_hal_rtc_ex.c ****       }
 2623              		.loc 1 1448 9 view .LVU908
1448:stm/stm32f4xx/STM32F4xx_HAL_Driver/Src/stm32f4xx_hal_rtc_ex.c ****       }
 2624              		.loc 1 1448 16 is_stmt 0 view .LVU909
 2625 0076 E6E7     		b	.L158
 2626              	.LVL173:
 2627              	.L162:
1421:stm/stm32f4xx/STM32F4xx_HAL_Driver/Src/stm32f4xx_hal_rtc_ex.c **** 
 2628              		.loc 1 1421 3 discriminator 1 view .LVU910
 2629 0078 0220     		movs	r0, #2
 2630              	.LVL174:
1421:stm/stm32f4xx/STM32F4xx_HAL_Driver/Src/stm32f4xx_hal_rtc_ex.c **** 
 2631              		.loc 1 1421 3 discriminator 1 view .LVU911
 2632 007a E4E7     		b	.L158
 2633              		.cfi_endproc
 2634              	.LFE264:
 2636              		.section	.text.HAL_RTCEx_SetSynchroShift,"ax",%progbits
 2637              		.align	1
 2638              		.global	HAL_RTCEx_SetSynchroShift
 2639              		.syntax unified
 2640              		.thumb
 2641              		.thumb_func
 2643              	HAL_RTCEx_SetSynchroShift:
 2644              	.LVL175:
 2645              	.LFB265:
1469:stm/stm32f4xx/STM32F4xx_HAL_Driver/Src/stm32f4xx_hal_rtc_ex.c **** 
1470:stm/stm32f4xx/STM32F4xx_HAL_Driver/Src/stm32f4xx_hal_rtc_ex.c **** /**
1471:stm/stm32f4xx/STM32F4xx_HAL_Driver/Src/stm32f4xx_hal_rtc_ex.c ****   * @brief  Configures the Synchronization Shift Control Settings.
1472:stm/stm32f4xx/STM32F4xx_HAL_Driver/Src/stm32f4xx_hal_rtc_ex.c ****   * @note   When REFCKON is set, firmware must not write to Shift control register.
1473:stm/stm32f4xx/STM32F4xx_HAL_Driver/Src/stm32f4xx_hal_rtc_ex.c ****   * @param  hrtc pointer to a RTC_HandleTypeDef structure that contains
1474:stm/stm32f4xx/STM32F4xx_HAL_Driver/Src/stm32f4xx_hal_rtc_ex.c ****   *                the configuration information for RTC.
1475:stm/stm32f4xx/STM32F4xx_HAL_Driver/Src/stm32f4xx_hal_rtc_ex.c ****   * @param  ShiftAdd1S Select to add or not 1 second to the time calendar.
1476:stm/stm32f4xx/STM32F4xx_HAL_Driver/Src/stm32f4xx_hal_rtc_ex.c ****   *          This parameter can be one of the following values:
1477:stm/stm32f4xx/STM32F4xx_HAL_Driver/Src/stm32f4xx_hal_rtc_ex.c ****   *             @arg RTC_SHIFTADD1S_SET: Add one second to the clock calendar.
1478:stm/stm32f4xx/STM32F4xx_HAL_Driver/Src/stm32f4xx_hal_rtc_ex.c ****   *             @arg RTC_SHIFTADD1S_RESET: No effect.
1479:stm/stm32f4xx/STM32F4xx_HAL_Driver/Src/stm32f4xx_hal_rtc_ex.c ****   * @param  ShiftSubFS Select the number of Second Fractions to substitute.
1480:stm/stm32f4xx/STM32F4xx_HAL_Driver/Src/stm32f4xx_hal_rtc_ex.c ****   *          This parameter can be one any value from 0 to 0x7FFF.
1481:stm/stm32f4xx/STM32F4xx_HAL_Driver/Src/stm32f4xx_hal_rtc_ex.c ****   * @retval HAL status
1482:stm/stm32f4xx/STM32F4xx_HAL_Driver/Src/stm32f4xx_hal_rtc_ex.c ****   */
1483:stm/stm32f4xx/STM32F4xx_HAL_Driver/Src/stm32f4xx_hal_rtc_ex.c **** HAL_StatusTypeDef HAL_RTCEx_SetSynchroShift(RTC_HandleTypeDef *hrtc, uint32_t ShiftAdd1S, uint32_t 
1484:stm/stm32f4xx/STM32F4xx_HAL_Driver/Src/stm32f4xx_hal_rtc_ex.c **** {
 2646              		.loc 1 1484 1 is_stmt 1 view -0
 2647              		.cfi_startproc
 2648              		@ args = 0, pretend = 0, frame = 0
 2649              		@ frame_needed = 0, uses_anonymous_args = 0
1485:stm/stm32f4xx/STM32F4xx_HAL_Driver/Src/stm32f4xx_hal_rtc_ex.c ****   uint32_t tickstart = 0U;
 2650              		.loc 1 1485 3 view .LVU913
1486:stm/stm32f4xx/STM32F4xx_HAL_Driver/Src/stm32f4xx_hal_rtc_ex.c **** 
1487:stm/stm32f4xx/STM32F4xx_HAL_Driver/Src/stm32f4xx_hal_rtc_ex.c ****   /* Check the parameters */
1488:stm/stm32f4xx/STM32F4xx_HAL_Driver/Src/stm32f4xx_hal_rtc_ex.c ****   assert_param(IS_RTC_SHIFT_ADD1S(ShiftAdd1S));
 2651              		.loc 1 1488 3 view .LVU914
1489:stm/stm32f4xx/STM32F4xx_HAL_Driver/Src/stm32f4xx_hal_rtc_ex.c ****   assert_param(IS_RTC_SHIFT_SUBFS(ShiftSubFS));
 2652              		.loc 1 1489 3 view .LVU915
1490:stm/stm32f4xx/STM32F4xx_HAL_Driver/Src/stm32f4xx_hal_rtc_ex.c **** 
1491:stm/stm32f4xx/STM32F4xx_HAL_Driver/Src/stm32f4xx_hal_rtc_ex.c ****   /* Process Locked */
1492:stm/stm32f4xx/STM32F4xx_HAL_Driver/Src/stm32f4xx_hal_rtc_ex.c ****   __HAL_LOCK(hrtc);
ARM GAS  /tmp/ccYCz6LM.s 			page 76


 2653              		.loc 1 1492 3 view .LVU916
 2654              		.loc 1 1492 3 view .LVU917
 2655 0000 037F     		ldrb	r3, [r0, #28]	@ zero_extendqisi2
 2656 0002 012B     		cmp	r3, #1
 2657 0004 4FD0     		beq	.L171
1484:stm/stm32f4xx/STM32F4xx_HAL_Driver/Src/stm32f4xx_hal_rtc_ex.c ****   uint32_t tickstart = 0U;
 2658              		.loc 1 1484 1 is_stmt 0 view .LVU918
 2659 0006 2DE9F041 		push	{r4, r5, r6, r7, r8, lr}
 2660              	.LCFI33:
 2661              		.cfi_def_cfa_offset 24
 2662              		.cfi_offset 4, -24
 2663              		.cfi_offset 5, -20
 2664              		.cfi_offset 6, -16
 2665              		.cfi_offset 7, -12
 2666              		.cfi_offset 8, -8
 2667              		.cfi_offset 14, -4
 2668 000a 0446     		mov	r4, r0
 2669 000c 8846     		mov	r8, r1
 2670 000e 1746     		mov	r7, r2
 2671              		.loc 1 1492 3 is_stmt 1 discriminator 2 view .LVU919
 2672 0010 0123     		movs	r3, #1
 2673 0012 0377     		strb	r3, [r0, #28]
 2674              		.loc 1 1492 3 discriminator 2 view .LVU920
1493:stm/stm32f4xx/STM32F4xx_HAL_Driver/Src/stm32f4xx_hal_rtc_ex.c **** 
1494:stm/stm32f4xx/STM32F4xx_HAL_Driver/Src/stm32f4xx_hal_rtc_ex.c ****   hrtc->State = HAL_RTC_STATE_BUSY;
 2675              		.loc 1 1494 3 view .LVU921
 2676              		.loc 1 1494 15 is_stmt 0 view .LVU922
 2677 0014 0223     		movs	r3, #2
 2678 0016 4377     		strb	r3, [r0, #29]
1495:stm/stm32f4xx/STM32F4xx_HAL_Driver/Src/stm32f4xx_hal_rtc_ex.c **** 
1496:stm/stm32f4xx/STM32F4xx_HAL_Driver/Src/stm32f4xx_hal_rtc_ex.c ****   /* Disable the write protection for RTC registers */
1497:stm/stm32f4xx/STM32F4xx_HAL_Driver/Src/stm32f4xx_hal_rtc_ex.c ****   __HAL_RTC_WRITEPROTECTION_DISABLE(hrtc);
 2679              		.loc 1 1497 3 is_stmt 1 view .LVU923
 2680              		.loc 1 1497 3 view .LVU924
 2681 0018 0368     		ldr	r3, [r0]
 2682 001a CA22     		movs	r2, #202
 2683              	.LVL176:
 2684              		.loc 1 1497 3 is_stmt 0 view .LVU925
 2685 001c 5A62     		str	r2, [r3, #36]
 2686              		.loc 1 1497 3 is_stmt 1 view .LVU926
 2687 001e 0368     		ldr	r3, [r0]
 2688 0020 5322     		movs	r2, #83
 2689 0022 5A62     		str	r2, [r3, #36]
 2690              		.loc 1 1497 3 view .LVU927
1498:stm/stm32f4xx/STM32F4xx_HAL_Driver/Src/stm32f4xx_hal_rtc_ex.c **** 
1499:stm/stm32f4xx/STM32F4xx_HAL_Driver/Src/stm32f4xx_hal_rtc_ex.c ****   /* Get tick */
1500:stm/stm32f4xx/STM32F4xx_HAL_Driver/Src/stm32f4xx_hal_rtc_ex.c ****   tickstart = HAL_GetTick();
 2691              		.loc 1 1500 3 view .LVU928
 2692              		.loc 1 1500 15 is_stmt 0 view .LVU929
 2693 0024 FFF7FEFF 		bl	HAL_GetTick
 2694              	.LVL177:
 2695              		.loc 1 1500 15 view .LVU930
 2696 0028 0646     		mov	r6, r0
 2697              	.LVL178:
1501:stm/stm32f4xx/STM32F4xx_HAL_Driver/Src/stm32f4xx_hal_rtc_ex.c **** 
1502:stm/stm32f4xx/STM32F4xx_HAL_Driver/Src/stm32f4xx_hal_rtc_ex.c ****   /* Wait until the shift is completed */
1503:stm/stm32f4xx/STM32F4xx_HAL_Driver/Src/stm32f4xx_hal_rtc_ex.c ****   while ((hrtc->Instance->ISR & RTC_ISR_SHPF) != 0U)
ARM GAS  /tmp/ccYCz6LM.s 			page 77


 2698              		.loc 1 1503 3 is_stmt 1 view .LVU931
 2699              	.L167:
 2700              		.loc 1 1503 47 view .LVU932
 2701              		.loc 1 1503 15 is_stmt 0 view .LVU933
 2702 002a 2368     		ldr	r3, [r4]
 2703              		.loc 1 1503 25 view .LVU934
 2704 002c DD68     		ldr	r5, [r3, #12]
 2705              		.loc 1 1503 47 view .LVU935
 2706 002e 15F0080F 		tst	r5, #8
 2707 0032 0ED0     		beq	.L176
1504:stm/stm32f4xx/STM32F4xx_HAL_Driver/Src/stm32f4xx_hal_rtc_ex.c ****   {
1505:stm/stm32f4xx/STM32F4xx_HAL_Driver/Src/stm32f4xx_hal_rtc_ex.c ****     if ((HAL_GetTick() - tickstart) > RTC_TIMEOUT_VALUE)
 2708              		.loc 1 1505 5 is_stmt 1 view .LVU936
 2709              		.loc 1 1505 10 is_stmt 0 view .LVU937
 2710 0034 FFF7FEFF 		bl	HAL_GetTick
 2711              	.LVL179:
 2712              		.loc 1 1505 24 discriminator 1 view .LVU938
 2713 0038 831B     		subs	r3, r0, r6
 2714              		.loc 1 1505 8 discriminator 1 view .LVU939
 2715 003a B3F57A7F 		cmp	r3, #1000
 2716 003e F4D9     		bls	.L167
1506:stm/stm32f4xx/STM32F4xx_HAL_Driver/Src/stm32f4xx_hal_rtc_ex.c ****     {
1507:stm/stm32f4xx/STM32F4xx_HAL_Driver/Src/stm32f4xx_hal_rtc_ex.c ****       /* Enable the write protection for RTC registers */
1508:stm/stm32f4xx/STM32F4xx_HAL_Driver/Src/stm32f4xx_hal_rtc_ex.c ****       __HAL_RTC_WRITEPROTECTION_ENABLE(hrtc);
 2717              		.loc 1 1508 7 is_stmt 1 view .LVU940
 2718              		.loc 1 1508 7 view .LVU941
 2719 0040 2368     		ldr	r3, [r4]
 2720 0042 FF22     		movs	r2, #255
 2721 0044 5A62     		str	r2, [r3, #36]
 2722              		.loc 1 1508 7 view .LVU942
1509:stm/stm32f4xx/STM32F4xx_HAL_Driver/Src/stm32f4xx_hal_rtc_ex.c **** 
1510:stm/stm32f4xx/STM32F4xx_HAL_Driver/Src/stm32f4xx_hal_rtc_ex.c ****       hrtc->State = HAL_RTC_STATE_TIMEOUT;
 2723              		.loc 1 1510 7 view .LVU943
 2724              		.loc 1 1510 19 is_stmt 0 view .LVU944
 2725 0046 0320     		movs	r0, #3
 2726 0048 6077     		strb	r0, [r4, #29]
1511:stm/stm32f4xx/STM32F4xx_HAL_Driver/Src/stm32f4xx_hal_rtc_ex.c **** 
1512:stm/stm32f4xx/STM32F4xx_HAL_Driver/Src/stm32f4xx_hal_rtc_ex.c ****       /* Process Unlocked */
1513:stm/stm32f4xx/STM32F4xx_HAL_Driver/Src/stm32f4xx_hal_rtc_ex.c ****       __HAL_UNLOCK(hrtc);
 2727              		.loc 1 1513 7 is_stmt 1 view .LVU945
 2728              		.loc 1 1513 7 view .LVU946
 2729 004a 0023     		movs	r3, #0
 2730 004c 2377     		strb	r3, [r4, #28]
 2731              		.loc 1 1513 7 view .LVU947
1514:stm/stm32f4xx/STM32F4xx_HAL_Driver/Src/stm32f4xx_hal_rtc_ex.c **** 
1515:stm/stm32f4xx/STM32F4xx_HAL_Driver/Src/stm32f4xx_hal_rtc_ex.c ****       return HAL_TIMEOUT;
 2732              		.loc 1 1515 7 view .LVU948
 2733              	.LVL180:
 2734              	.L166:
1516:stm/stm32f4xx/STM32F4xx_HAL_Driver/Src/stm32f4xx_hal_rtc_ex.c ****     }
1517:stm/stm32f4xx/STM32F4xx_HAL_Driver/Src/stm32f4xx_hal_rtc_ex.c ****   }
1518:stm/stm32f4xx/STM32F4xx_HAL_Driver/Src/stm32f4xx_hal_rtc_ex.c **** 
1519:stm/stm32f4xx/STM32F4xx_HAL_Driver/Src/stm32f4xx_hal_rtc_ex.c ****   /* Check if the reference clock detection is disabled */
1520:stm/stm32f4xx/STM32F4xx_HAL_Driver/Src/stm32f4xx_hal_rtc_ex.c ****   if ((hrtc->Instance->CR & RTC_CR_REFCKON) == 0U)
1521:stm/stm32f4xx/STM32F4xx_HAL_Driver/Src/stm32f4xx_hal_rtc_ex.c ****   {
1522:stm/stm32f4xx/STM32F4xx_HAL_Driver/Src/stm32f4xx_hal_rtc_ex.c ****     /* Configure the Shift settings */
1523:stm/stm32f4xx/STM32F4xx_HAL_Driver/Src/stm32f4xx_hal_rtc_ex.c ****     hrtc->Instance->SHIFTR = (uint32_t)(uint32_t)(ShiftSubFS) | (uint32_t)(ShiftAdd1S);
ARM GAS  /tmp/ccYCz6LM.s 			page 78


1524:stm/stm32f4xx/STM32F4xx_HAL_Driver/Src/stm32f4xx_hal_rtc_ex.c **** 
1525:stm/stm32f4xx/STM32F4xx_HAL_Driver/Src/stm32f4xx_hal_rtc_ex.c ****     /* If  RTC_CR_BYPSHAD bit = 0, wait for synchro else this check is not needed */
1526:stm/stm32f4xx/STM32F4xx_HAL_Driver/Src/stm32f4xx_hal_rtc_ex.c ****     if ((hrtc->Instance->CR & RTC_CR_BYPSHAD) == 0U)
1527:stm/stm32f4xx/STM32F4xx_HAL_Driver/Src/stm32f4xx_hal_rtc_ex.c ****     {
1528:stm/stm32f4xx/STM32F4xx_HAL_Driver/Src/stm32f4xx_hal_rtc_ex.c ****       if (HAL_RTC_WaitForSynchro(hrtc) != HAL_OK)
1529:stm/stm32f4xx/STM32F4xx_HAL_Driver/Src/stm32f4xx_hal_rtc_ex.c ****       {
1530:stm/stm32f4xx/STM32F4xx_HAL_Driver/Src/stm32f4xx_hal_rtc_ex.c ****         /* Enable the write protection for RTC registers */
1531:stm/stm32f4xx/STM32F4xx_HAL_Driver/Src/stm32f4xx_hal_rtc_ex.c ****         __HAL_RTC_WRITEPROTECTION_ENABLE(hrtc);
1532:stm/stm32f4xx/STM32F4xx_HAL_Driver/Src/stm32f4xx_hal_rtc_ex.c **** 
1533:stm/stm32f4xx/STM32F4xx_HAL_Driver/Src/stm32f4xx_hal_rtc_ex.c ****         hrtc->State = HAL_RTC_STATE_ERROR;
1534:stm/stm32f4xx/STM32F4xx_HAL_Driver/Src/stm32f4xx_hal_rtc_ex.c **** 
1535:stm/stm32f4xx/STM32F4xx_HAL_Driver/Src/stm32f4xx_hal_rtc_ex.c ****         /* Process Unlocked */
1536:stm/stm32f4xx/STM32F4xx_HAL_Driver/Src/stm32f4xx_hal_rtc_ex.c ****         __HAL_UNLOCK(hrtc);
1537:stm/stm32f4xx/STM32F4xx_HAL_Driver/Src/stm32f4xx_hal_rtc_ex.c **** 
1538:stm/stm32f4xx/STM32F4xx_HAL_Driver/Src/stm32f4xx_hal_rtc_ex.c ****         return HAL_ERROR;
1539:stm/stm32f4xx/STM32F4xx_HAL_Driver/Src/stm32f4xx_hal_rtc_ex.c ****       }
1540:stm/stm32f4xx/STM32F4xx_HAL_Driver/Src/stm32f4xx_hal_rtc_ex.c ****     }
1541:stm/stm32f4xx/STM32F4xx_HAL_Driver/Src/stm32f4xx_hal_rtc_ex.c ****   }
1542:stm/stm32f4xx/STM32F4xx_HAL_Driver/Src/stm32f4xx_hal_rtc_ex.c ****   else
1543:stm/stm32f4xx/STM32F4xx_HAL_Driver/Src/stm32f4xx_hal_rtc_ex.c ****   {
1544:stm/stm32f4xx/STM32F4xx_HAL_Driver/Src/stm32f4xx_hal_rtc_ex.c ****     /* Enable the write protection for RTC registers */
1545:stm/stm32f4xx/STM32F4xx_HAL_Driver/Src/stm32f4xx_hal_rtc_ex.c ****     __HAL_RTC_WRITEPROTECTION_ENABLE(hrtc);
1546:stm/stm32f4xx/STM32F4xx_HAL_Driver/Src/stm32f4xx_hal_rtc_ex.c **** 
1547:stm/stm32f4xx/STM32F4xx_HAL_Driver/Src/stm32f4xx_hal_rtc_ex.c ****     /* Change RTC state */
1548:stm/stm32f4xx/STM32F4xx_HAL_Driver/Src/stm32f4xx_hal_rtc_ex.c ****     hrtc->State = HAL_RTC_STATE_ERROR;
1549:stm/stm32f4xx/STM32F4xx_HAL_Driver/Src/stm32f4xx_hal_rtc_ex.c **** 
1550:stm/stm32f4xx/STM32F4xx_HAL_Driver/Src/stm32f4xx_hal_rtc_ex.c ****     /* Process Unlocked */
1551:stm/stm32f4xx/STM32F4xx_HAL_Driver/Src/stm32f4xx_hal_rtc_ex.c ****     __HAL_UNLOCK(hrtc);
1552:stm/stm32f4xx/STM32F4xx_HAL_Driver/Src/stm32f4xx_hal_rtc_ex.c **** 
1553:stm/stm32f4xx/STM32F4xx_HAL_Driver/Src/stm32f4xx_hal_rtc_ex.c ****     return HAL_ERROR;
1554:stm/stm32f4xx/STM32F4xx_HAL_Driver/Src/stm32f4xx_hal_rtc_ex.c ****   }
1555:stm/stm32f4xx/STM32F4xx_HAL_Driver/Src/stm32f4xx_hal_rtc_ex.c **** 
1556:stm/stm32f4xx/STM32F4xx_HAL_Driver/Src/stm32f4xx_hal_rtc_ex.c ****   /* Enable the write protection for RTC registers */
1557:stm/stm32f4xx/STM32F4xx_HAL_Driver/Src/stm32f4xx_hal_rtc_ex.c ****   __HAL_RTC_WRITEPROTECTION_ENABLE(hrtc);
1558:stm/stm32f4xx/STM32F4xx_HAL_Driver/Src/stm32f4xx_hal_rtc_ex.c **** 
1559:stm/stm32f4xx/STM32F4xx_HAL_Driver/Src/stm32f4xx_hal_rtc_ex.c ****   /* Change RTC state */
1560:stm/stm32f4xx/STM32F4xx_HAL_Driver/Src/stm32f4xx_hal_rtc_ex.c ****   hrtc->State = HAL_RTC_STATE_READY;
1561:stm/stm32f4xx/STM32F4xx_HAL_Driver/Src/stm32f4xx_hal_rtc_ex.c **** 
1562:stm/stm32f4xx/STM32F4xx_HAL_Driver/Src/stm32f4xx_hal_rtc_ex.c ****   /* Process Unlocked */
1563:stm/stm32f4xx/STM32F4xx_HAL_Driver/Src/stm32f4xx_hal_rtc_ex.c ****   __HAL_UNLOCK(hrtc);
1564:stm/stm32f4xx/STM32F4xx_HAL_Driver/Src/stm32f4xx_hal_rtc_ex.c **** 
1565:stm/stm32f4xx/STM32F4xx_HAL_Driver/Src/stm32f4xx_hal_rtc_ex.c ****   return HAL_OK;
1566:stm/stm32f4xx/STM32F4xx_HAL_Driver/Src/stm32f4xx_hal_rtc_ex.c **** }
 2735              		.loc 1 1566 1 is_stmt 0 view .LVU949
 2736 004e BDE8F081 		pop	{r4, r5, r6, r7, r8, pc}
 2737              	.LVL181:
 2738              	.L176:
1520:stm/stm32f4xx/STM32F4xx_HAL_Driver/Src/stm32f4xx_hal_rtc_ex.c ****   {
 2739              		.loc 1 1520 3 is_stmt 1 view .LVU950
1520:stm/stm32f4xx/STM32F4xx_HAL_Driver/Src/stm32f4xx_hal_rtc_ex.c ****   {
 2740              		.loc 1 1520 22 is_stmt 0 view .LVU951
 2741 0052 9A68     		ldr	r2, [r3, #8]
1520:stm/stm32f4xx/STM32F4xx_HAL_Driver/Src/stm32f4xx_hal_rtc_ex.c ****   {
 2742              		.loc 1 1520 6 view .LVU952
 2743 0054 12F0100F 		tst	r2, #16
 2744 0058 1DD1     		bne	.L169
1523:stm/stm32f4xx/STM32F4xx_HAL_Driver/Src/stm32f4xx_hal_rtc_ex.c **** 
ARM GAS  /tmp/ccYCz6LM.s 			page 79


 2745              		.loc 1 1523 5 is_stmt 1 view .LVU953
1523:stm/stm32f4xx/STM32F4xx_HAL_Driver/Src/stm32f4xx_hal_rtc_ex.c **** 
 2746              		.loc 1 1523 63 is_stmt 0 view .LVU954
 2747 005a 47EA0807 		orr	r7, r7, r8
 2748              	.LVL182:
1523:stm/stm32f4xx/STM32F4xx_HAL_Driver/Src/stm32f4xx_hal_rtc_ex.c **** 
 2749              		.loc 1 1523 28 view .LVU955
 2750 005e DF62     		str	r7, [r3, #44]
1526:stm/stm32f4xx/STM32F4xx_HAL_Driver/Src/stm32f4xx_hal_rtc_ex.c ****     {
 2751              		.loc 1 1526 5 is_stmt 1 view .LVU956
1526:stm/stm32f4xx/STM32F4xx_HAL_Driver/Src/stm32f4xx_hal_rtc_ex.c ****     {
 2752              		.loc 1 1526 14 is_stmt 0 view .LVU957
 2753 0060 2368     		ldr	r3, [r4]
1526:stm/stm32f4xx/STM32F4xx_HAL_Driver/Src/stm32f4xx_hal_rtc_ex.c ****     {
 2754              		.loc 1 1526 24 view .LVU958
 2755 0062 9B68     		ldr	r3, [r3, #8]
1526:stm/stm32f4xx/STM32F4xx_HAL_Driver/Src/stm32f4xx_hal_rtc_ex.c ****     {
 2756              		.loc 1 1526 8 view .LVU959
 2757 0064 13F0200F 		tst	r3, #32
 2758 0068 07D0     		beq	.L177
 2759              	.L170:
1557:stm/stm32f4xx/STM32F4xx_HAL_Driver/Src/stm32f4xx_hal_rtc_ex.c **** 
 2760              		.loc 1 1557 3 is_stmt 1 view .LVU960
1557:stm/stm32f4xx/STM32F4xx_HAL_Driver/Src/stm32f4xx_hal_rtc_ex.c **** 
 2761              		.loc 1 1557 3 view .LVU961
 2762 006a 2368     		ldr	r3, [r4]
 2763 006c FF22     		movs	r2, #255
 2764 006e 5A62     		str	r2, [r3, #36]
1557:stm/stm32f4xx/STM32F4xx_HAL_Driver/Src/stm32f4xx_hal_rtc_ex.c **** 
 2765              		.loc 1 1557 3 view .LVU962
1560:stm/stm32f4xx/STM32F4xx_HAL_Driver/Src/stm32f4xx_hal_rtc_ex.c **** 
 2766              		.loc 1 1560 3 view .LVU963
1560:stm/stm32f4xx/STM32F4xx_HAL_Driver/Src/stm32f4xx_hal_rtc_ex.c **** 
 2767              		.loc 1 1560 15 is_stmt 0 view .LVU964
 2768 0070 0123     		movs	r3, #1
 2769 0072 6377     		strb	r3, [r4, #29]
1563:stm/stm32f4xx/STM32F4xx_HAL_Driver/Src/stm32f4xx_hal_rtc_ex.c **** 
 2770              		.loc 1 1563 3 is_stmt 1 view .LVU965
1563:stm/stm32f4xx/STM32F4xx_HAL_Driver/Src/stm32f4xx_hal_rtc_ex.c **** 
 2771              		.loc 1 1563 3 view .LVU966
 2772 0074 0020     		movs	r0, #0
 2773 0076 2077     		strb	r0, [r4, #28]
1563:stm/stm32f4xx/STM32F4xx_HAL_Driver/Src/stm32f4xx_hal_rtc_ex.c **** 
 2774              		.loc 1 1563 3 view .LVU967
1565:stm/stm32f4xx/STM32F4xx_HAL_Driver/Src/stm32f4xx_hal_rtc_ex.c **** }
 2775              		.loc 1 1565 3 view .LVU968
1565:stm/stm32f4xx/STM32F4xx_HAL_Driver/Src/stm32f4xx_hal_rtc_ex.c **** }
 2776              		.loc 1 1565 10 is_stmt 0 view .LVU969
 2777 0078 E9E7     		b	.L166
 2778              	.L177:
1528:stm/stm32f4xx/STM32F4xx_HAL_Driver/Src/stm32f4xx_hal_rtc_ex.c ****       {
 2779              		.loc 1 1528 7 is_stmt 1 view .LVU970
1528:stm/stm32f4xx/STM32F4xx_HAL_Driver/Src/stm32f4xx_hal_rtc_ex.c ****       {
 2780              		.loc 1 1528 11 is_stmt 0 view .LVU971
 2781 007a 2046     		mov	r0, r4
 2782 007c FFF7FEFF 		bl	HAL_RTC_WaitForSynchro
 2783              	.LVL183:
ARM GAS  /tmp/ccYCz6LM.s 			page 80


1528:stm/stm32f4xx/STM32F4xx_HAL_Driver/Src/stm32f4xx_hal_rtc_ex.c ****       {
 2784              		.loc 1 1528 10 discriminator 1 view .LVU972
 2785 0080 0028     		cmp	r0, #0
 2786 0082 F2D0     		beq	.L170
1531:stm/stm32f4xx/STM32F4xx_HAL_Driver/Src/stm32f4xx_hal_rtc_ex.c **** 
 2787              		.loc 1 1531 9 is_stmt 1 view .LVU973
1531:stm/stm32f4xx/STM32F4xx_HAL_Driver/Src/stm32f4xx_hal_rtc_ex.c **** 
 2788              		.loc 1 1531 9 view .LVU974
 2789 0084 2368     		ldr	r3, [r4]
 2790 0086 FF22     		movs	r2, #255
 2791 0088 5A62     		str	r2, [r3, #36]
1531:stm/stm32f4xx/STM32F4xx_HAL_Driver/Src/stm32f4xx_hal_rtc_ex.c **** 
 2792              		.loc 1 1531 9 view .LVU975
1533:stm/stm32f4xx/STM32F4xx_HAL_Driver/Src/stm32f4xx_hal_rtc_ex.c **** 
 2793              		.loc 1 1533 9 view .LVU976
1533:stm/stm32f4xx/STM32F4xx_HAL_Driver/Src/stm32f4xx_hal_rtc_ex.c **** 
 2794              		.loc 1 1533 21 is_stmt 0 view .LVU977
 2795 008a 0423     		movs	r3, #4
 2796 008c 6377     		strb	r3, [r4, #29]
1536:stm/stm32f4xx/STM32F4xx_HAL_Driver/Src/stm32f4xx_hal_rtc_ex.c **** 
 2797              		.loc 1 1536 9 is_stmt 1 view .LVU978
1536:stm/stm32f4xx/STM32F4xx_HAL_Driver/Src/stm32f4xx_hal_rtc_ex.c **** 
 2798              		.loc 1 1536 9 view .LVU979
 2799 008e 0023     		movs	r3, #0
 2800 0090 2377     		strb	r3, [r4, #28]
1536:stm/stm32f4xx/STM32F4xx_HAL_Driver/Src/stm32f4xx_hal_rtc_ex.c **** 
 2801              		.loc 1 1536 9 view .LVU980
1538:stm/stm32f4xx/STM32F4xx_HAL_Driver/Src/stm32f4xx_hal_rtc_ex.c ****       }
 2802              		.loc 1 1538 9 view .LVU981
1538:stm/stm32f4xx/STM32F4xx_HAL_Driver/Src/stm32f4xx_hal_rtc_ex.c ****       }
 2803              		.loc 1 1538 16 is_stmt 0 view .LVU982
 2804 0092 0120     		movs	r0, #1
 2805 0094 DBE7     		b	.L166
 2806              	.LVL184:
 2807              	.L169:
1545:stm/stm32f4xx/STM32F4xx_HAL_Driver/Src/stm32f4xx_hal_rtc_ex.c **** 
 2808              		.loc 1 1545 5 is_stmt 1 view .LVU983
1545:stm/stm32f4xx/STM32F4xx_HAL_Driver/Src/stm32f4xx_hal_rtc_ex.c **** 
 2809              		.loc 1 1545 5 view .LVU984
 2810 0096 FF22     		movs	r2, #255
 2811 0098 5A62     		str	r2, [r3, #36]
1545:stm/stm32f4xx/STM32F4xx_HAL_Driver/Src/stm32f4xx_hal_rtc_ex.c **** 
 2812              		.loc 1 1545 5 view .LVU985
1548:stm/stm32f4xx/STM32F4xx_HAL_Driver/Src/stm32f4xx_hal_rtc_ex.c **** 
 2813              		.loc 1 1548 5 view .LVU986
1548:stm/stm32f4xx/STM32F4xx_HAL_Driver/Src/stm32f4xx_hal_rtc_ex.c **** 
 2814              		.loc 1 1548 17 is_stmt 0 view .LVU987
 2815 009a 0423     		movs	r3, #4
 2816 009c 6377     		strb	r3, [r4, #29]
1551:stm/stm32f4xx/STM32F4xx_HAL_Driver/Src/stm32f4xx_hal_rtc_ex.c **** 
 2817              		.loc 1 1551 5 is_stmt 1 view .LVU988
1551:stm/stm32f4xx/STM32F4xx_HAL_Driver/Src/stm32f4xx_hal_rtc_ex.c **** 
 2818              		.loc 1 1551 5 view .LVU989
 2819 009e 0023     		movs	r3, #0
 2820 00a0 2377     		strb	r3, [r4, #28]
1551:stm/stm32f4xx/STM32F4xx_HAL_Driver/Src/stm32f4xx_hal_rtc_ex.c **** 
 2821              		.loc 1 1551 5 view .LVU990
ARM GAS  /tmp/ccYCz6LM.s 			page 81


1553:stm/stm32f4xx/STM32F4xx_HAL_Driver/Src/stm32f4xx_hal_rtc_ex.c ****   }
 2822              		.loc 1 1553 5 view .LVU991
1553:stm/stm32f4xx/STM32F4xx_HAL_Driver/Src/stm32f4xx_hal_rtc_ex.c ****   }
 2823              		.loc 1 1553 12 is_stmt 0 view .LVU992
 2824 00a2 0120     		movs	r0, #1
 2825 00a4 D3E7     		b	.L166
 2826              	.LVL185:
 2827              	.L171:
 2828              	.LCFI34:
 2829              		.cfi_def_cfa_offset 0
 2830              		.cfi_restore 4
 2831              		.cfi_restore 5
 2832              		.cfi_restore 6
 2833              		.cfi_restore 7
 2834              		.cfi_restore 8
 2835              		.cfi_restore 14
1492:stm/stm32f4xx/STM32F4xx_HAL_Driver/Src/stm32f4xx_hal_rtc_ex.c **** 
 2836              		.loc 1 1492 3 discriminator 1 view .LVU993
 2837 00a6 0220     		movs	r0, #2
 2838              	.LVL186:
 2839              		.loc 1 1566 1 view .LVU994
 2840 00a8 7047     		bx	lr
 2841              		.cfi_endproc
 2842              	.LFE265:
 2844              		.section	.text.HAL_RTCEx_SetCalibrationOutPut,"ax",%progbits
 2845              		.align	1
 2846              		.global	HAL_RTCEx_SetCalibrationOutPut
 2847              		.syntax unified
 2848              		.thumb
 2849              		.thumb_func
 2851              	HAL_RTCEx_SetCalibrationOutPut:
 2852              	.LVL187:
 2853              	.LFB266:
1567:stm/stm32f4xx/STM32F4xx_HAL_Driver/Src/stm32f4xx_hal_rtc_ex.c **** 
1568:stm/stm32f4xx/STM32F4xx_HAL_Driver/Src/stm32f4xx_hal_rtc_ex.c **** /**
1569:stm/stm32f4xx/STM32F4xx_HAL_Driver/Src/stm32f4xx_hal_rtc_ex.c ****   * @brief  Configures the Calibration Pinout (RTC_CALIB) Selection (1Hz or 512Hz).
1570:stm/stm32f4xx/STM32F4xx_HAL_Driver/Src/stm32f4xx_hal_rtc_ex.c ****   * @param  hrtc pointer to a RTC_HandleTypeDef structure that contains
1571:stm/stm32f4xx/STM32F4xx_HAL_Driver/Src/stm32f4xx_hal_rtc_ex.c ****   *                the configuration information for RTC.
1572:stm/stm32f4xx/STM32F4xx_HAL_Driver/Src/stm32f4xx_hal_rtc_ex.c ****   * @param  CalibOutput Select the Calibration output Selection.
1573:stm/stm32f4xx/STM32F4xx_HAL_Driver/Src/stm32f4xx_hal_rtc_ex.c ****   *          This parameter can be one of the following values:
1574:stm/stm32f4xx/STM32F4xx_HAL_Driver/Src/stm32f4xx_hal_rtc_ex.c ****   *             @arg RTC_CALIBOUTPUT_512HZ: A signal has a regular waveform at 512Hz.
1575:stm/stm32f4xx/STM32F4xx_HAL_Driver/Src/stm32f4xx_hal_rtc_ex.c ****   *             @arg RTC_CALIBOUTPUT_1HZ: A signal has a regular waveform at 1Hz.
1576:stm/stm32f4xx/STM32F4xx_HAL_Driver/Src/stm32f4xx_hal_rtc_ex.c ****   * @retval HAL status
1577:stm/stm32f4xx/STM32F4xx_HAL_Driver/Src/stm32f4xx_hal_rtc_ex.c ****   */
1578:stm/stm32f4xx/STM32F4xx_HAL_Driver/Src/stm32f4xx_hal_rtc_ex.c **** HAL_StatusTypeDef HAL_RTCEx_SetCalibrationOutPut(RTC_HandleTypeDef *hrtc, uint32_t CalibOutput)
1579:stm/stm32f4xx/STM32F4xx_HAL_Driver/Src/stm32f4xx_hal_rtc_ex.c **** {
 2854              		.loc 1 1579 1 is_stmt 1 view -0
 2855              		.cfi_startproc
 2856              		@ args = 0, pretend = 0, frame = 0
 2857              		@ frame_needed = 0, uses_anonymous_args = 0
 2858              		@ link register save eliminated.
1580:stm/stm32f4xx/STM32F4xx_HAL_Driver/Src/stm32f4xx_hal_rtc_ex.c ****   /* Check the parameters */
1581:stm/stm32f4xx/STM32F4xx_HAL_Driver/Src/stm32f4xx_hal_rtc_ex.c ****   assert_param(IS_RTC_CALIB_OUTPUT(CalibOutput));
 2859              		.loc 1 1581 3 view .LVU996
1582:stm/stm32f4xx/STM32F4xx_HAL_Driver/Src/stm32f4xx_hal_rtc_ex.c **** 
1583:stm/stm32f4xx/STM32F4xx_HAL_Driver/Src/stm32f4xx_hal_rtc_ex.c ****   /* Process Locked */
1584:stm/stm32f4xx/STM32F4xx_HAL_Driver/Src/stm32f4xx_hal_rtc_ex.c ****   __HAL_LOCK(hrtc);
ARM GAS  /tmp/ccYCz6LM.s 			page 82


 2860              		.loc 1 1584 3 view .LVU997
 2861              		.loc 1 1584 3 view .LVU998
 2862 0000 027F     		ldrb	r2, [r0, #28]	@ zero_extendqisi2
 2863 0002 012A     		cmp	r2, #1
 2864 0004 22D0     		beq	.L180
1579:stm/stm32f4xx/STM32F4xx_HAL_Driver/Src/stm32f4xx_hal_rtc_ex.c ****   /* Check the parameters */
 2865              		.loc 1 1579 1 is_stmt 0 view .LVU999
 2866 0006 10B4     		push	{r4}
 2867              	.LCFI35:
 2868              		.cfi_def_cfa_offset 4
 2869              		.cfi_offset 4, -4
 2870 0008 0346     		mov	r3, r0
 2871              		.loc 1 1584 3 is_stmt 1 discriminator 2 view .LVU1000
 2872 000a 0120     		movs	r0, #1
 2873              	.LVL188:
 2874              		.loc 1 1584 3 is_stmt 0 discriminator 2 view .LVU1001
 2875 000c 1877     		strb	r0, [r3, #28]
 2876              		.loc 1 1584 3 is_stmt 1 discriminator 2 view .LVU1002
1585:stm/stm32f4xx/STM32F4xx_HAL_Driver/Src/stm32f4xx_hal_rtc_ex.c **** 
1586:stm/stm32f4xx/STM32F4xx_HAL_Driver/Src/stm32f4xx_hal_rtc_ex.c ****   hrtc->State = HAL_RTC_STATE_BUSY;
 2877              		.loc 1 1586 3 view .LVU1003
 2878              		.loc 1 1586 15 is_stmt 0 view .LVU1004
 2879 000e 0222     		movs	r2, #2
 2880 0010 5A77     		strb	r2, [r3, #29]
1587:stm/stm32f4xx/STM32F4xx_HAL_Driver/Src/stm32f4xx_hal_rtc_ex.c **** 
1588:stm/stm32f4xx/STM32F4xx_HAL_Driver/Src/stm32f4xx_hal_rtc_ex.c ****   /* Disable the write protection for RTC registers */
1589:stm/stm32f4xx/STM32F4xx_HAL_Driver/Src/stm32f4xx_hal_rtc_ex.c ****   __HAL_RTC_WRITEPROTECTION_DISABLE(hrtc);
 2881              		.loc 1 1589 3 is_stmt 1 view .LVU1005
 2882              		.loc 1 1589 3 view .LVU1006
 2883 0012 1A68     		ldr	r2, [r3]
 2884 0014 CA24     		movs	r4, #202
 2885 0016 5462     		str	r4, [r2, #36]
 2886              		.loc 1 1589 3 view .LVU1007
 2887 0018 1A68     		ldr	r2, [r3]
 2888 001a 5324     		movs	r4, #83
 2889 001c 5462     		str	r4, [r2, #36]
 2890              		.loc 1 1589 3 view .LVU1008
1590:stm/stm32f4xx/STM32F4xx_HAL_Driver/Src/stm32f4xx_hal_rtc_ex.c **** 
1591:stm/stm32f4xx/STM32F4xx_HAL_Driver/Src/stm32f4xx_hal_rtc_ex.c ****   /* Clear flags before config */
1592:stm/stm32f4xx/STM32F4xx_HAL_Driver/Src/stm32f4xx_hal_rtc_ex.c ****   hrtc->Instance->CR &= (uint32_t)~RTC_CR_COSEL;
 2891              		.loc 1 1592 3 view .LVU1009
 2892              		.loc 1 1592 7 is_stmt 0 view .LVU1010
 2893 001e 1C68     		ldr	r4, [r3]
 2894              		.loc 1 1592 17 view .LVU1011
 2895 0020 A268     		ldr	r2, [r4, #8]
 2896              		.loc 1 1592 22 view .LVU1012
 2897 0022 22F40022 		bic	r2, r2, #524288
 2898 0026 A260     		str	r2, [r4, #8]
1593:stm/stm32f4xx/STM32F4xx_HAL_Driver/Src/stm32f4xx_hal_rtc_ex.c **** 
1594:stm/stm32f4xx/STM32F4xx_HAL_Driver/Src/stm32f4xx_hal_rtc_ex.c ****   /* Configure the RTC_CR register */
1595:stm/stm32f4xx/STM32F4xx_HAL_Driver/Src/stm32f4xx_hal_rtc_ex.c ****   hrtc->Instance->CR |= (uint32_t)CalibOutput;
 2899              		.loc 1 1595 3 is_stmt 1 view .LVU1013
 2900              		.loc 1 1595 7 is_stmt 0 view .LVU1014
 2901 0028 1C68     		ldr	r4, [r3]
 2902              		.loc 1 1595 17 view .LVU1015
 2903 002a A268     		ldr	r2, [r4, #8]
 2904              		.loc 1 1595 22 view .LVU1016
ARM GAS  /tmp/ccYCz6LM.s 			page 83


 2905 002c 0A43     		orrs	r2, r2, r1
 2906 002e A260     		str	r2, [r4, #8]
1596:stm/stm32f4xx/STM32F4xx_HAL_Driver/Src/stm32f4xx_hal_rtc_ex.c **** 
1597:stm/stm32f4xx/STM32F4xx_HAL_Driver/Src/stm32f4xx_hal_rtc_ex.c ****   __HAL_RTC_CALIBRATION_OUTPUT_ENABLE(hrtc);
 2907              		.loc 1 1597 3 is_stmt 1 view .LVU1017
 2908 0030 1968     		ldr	r1, [r3]
 2909              	.LVL189:
 2910              		.loc 1 1597 3 is_stmt 0 view .LVU1018
 2911 0032 8A68     		ldr	r2, [r1, #8]
 2912 0034 42F40002 		orr	r2, r2, #8388608
 2913 0038 8A60     		str	r2, [r1, #8]
1598:stm/stm32f4xx/STM32F4xx_HAL_Driver/Src/stm32f4xx_hal_rtc_ex.c **** 
1599:stm/stm32f4xx/STM32F4xx_HAL_Driver/Src/stm32f4xx_hal_rtc_ex.c ****   /* Enable the write protection for RTC registers */
1600:stm/stm32f4xx/STM32F4xx_HAL_Driver/Src/stm32f4xx_hal_rtc_ex.c ****   __HAL_RTC_WRITEPROTECTION_ENABLE(hrtc);
 2914              		.loc 1 1600 3 is_stmt 1 view .LVU1019
 2915              		.loc 1 1600 3 view .LVU1020
 2916 003a 1A68     		ldr	r2, [r3]
 2917 003c FF21     		movs	r1, #255
 2918 003e 5162     		str	r1, [r2, #36]
 2919              		.loc 1 1600 3 view .LVU1021
1601:stm/stm32f4xx/STM32F4xx_HAL_Driver/Src/stm32f4xx_hal_rtc_ex.c **** 
1602:stm/stm32f4xx/STM32F4xx_HAL_Driver/Src/stm32f4xx_hal_rtc_ex.c ****   /* Change RTC state */
1603:stm/stm32f4xx/STM32F4xx_HAL_Driver/Src/stm32f4xx_hal_rtc_ex.c ****   hrtc->State = HAL_RTC_STATE_READY;
 2920              		.loc 1 1603 3 view .LVU1022
 2921              		.loc 1 1603 15 is_stmt 0 view .LVU1023
 2922 0040 5877     		strb	r0, [r3, #29]
1604:stm/stm32f4xx/STM32F4xx_HAL_Driver/Src/stm32f4xx_hal_rtc_ex.c **** 
1605:stm/stm32f4xx/STM32F4xx_HAL_Driver/Src/stm32f4xx_hal_rtc_ex.c ****   /* Process Unlocked */
1606:stm/stm32f4xx/STM32F4xx_HAL_Driver/Src/stm32f4xx_hal_rtc_ex.c ****   __HAL_UNLOCK(hrtc);
 2923              		.loc 1 1606 3 is_stmt 1 view .LVU1024
 2924              		.loc 1 1606 3 view .LVU1025
 2925 0042 0020     		movs	r0, #0
 2926 0044 1877     		strb	r0, [r3, #28]
 2927              		.loc 1 1606 3 view .LVU1026
1607:stm/stm32f4xx/STM32F4xx_HAL_Driver/Src/stm32f4xx_hal_rtc_ex.c **** 
1608:stm/stm32f4xx/STM32F4xx_HAL_Driver/Src/stm32f4xx_hal_rtc_ex.c ****   return HAL_OK;
 2928              		.loc 1 1608 3 view .LVU1027
1609:stm/stm32f4xx/STM32F4xx_HAL_Driver/Src/stm32f4xx_hal_rtc_ex.c **** }
 2929              		.loc 1 1609 1 is_stmt 0 view .LVU1028
 2930 0046 5DF8044B 		ldr	r4, [sp], #4
 2931              	.LCFI36:
 2932              		.cfi_restore 4
 2933              		.cfi_def_cfa_offset 0
 2934 004a 7047     		bx	lr
 2935              	.LVL190:
 2936              	.L180:
1584:stm/stm32f4xx/STM32F4xx_HAL_Driver/Src/stm32f4xx_hal_rtc_ex.c **** 
 2937              		.loc 1 1584 3 discriminator 1 view .LVU1029
 2938 004c 0220     		movs	r0, #2
 2939              	.LVL191:
 2940              		.loc 1 1609 1 view .LVU1030
 2941 004e 7047     		bx	lr
 2942              		.cfi_endproc
 2943              	.LFE266:
 2945              		.section	.text.HAL_RTCEx_DeactivateCalibrationOutPut,"ax",%progbits
 2946              		.align	1
 2947              		.global	HAL_RTCEx_DeactivateCalibrationOutPut
ARM GAS  /tmp/ccYCz6LM.s 			page 84


 2948              		.syntax unified
 2949              		.thumb
 2950              		.thumb_func
 2952              	HAL_RTCEx_DeactivateCalibrationOutPut:
 2953              	.LVL192:
 2954              	.LFB267:
1610:stm/stm32f4xx/STM32F4xx_HAL_Driver/Src/stm32f4xx_hal_rtc_ex.c **** 
1611:stm/stm32f4xx/STM32F4xx_HAL_Driver/Src/stm32f4xx_hal_rtc_ex.c **** /**
1612:stm/stm32f4xx/STM32F4xx_HAL_Driver/Src/stm32f4xx_hal_rtc_ex.c ****   * @brief  Deactivates the Calibration Pinout (RTC_CALIB) Selection (1Hz or 512Hz).
1613:stm/stm32f4xx/STM32F4xx_HAL_Driver/Src/stm32f4xx_hal_rtc_ex.c ****   * @param  hrtc pointer to a RTC_HandleTypeDef structure that contains
1614:stm/stm32f4xx/STM32F4xx_HAL_Driver/Src/stm32f4xx_hal_rtc_ex.c ****   *                the configuration information for RTC.
1615:stm/stm32f4xx/STM32F4xx_HAL_Driver/Src/stm32f4xx_hal_rtc_ex.c ****   * @retval HAL status
1616:stm/stm32f4xx/STM32F4xx_HAL_Driver/Src/stm32f4xx_hal_rtc_ex.c ****   */
1617:stm/stm32f4xx/STM32F4xx_HAL_Driver/Src/stm32f4xx_hal_rtc_ex.c **** HAL_StatusTypeDef HAL_RTCEx_DeactivateCalibrationOutPut(RTC_HandleTypeDef *hrtc)
1618:stm/stm32f4xx/STM32F4xx_HAL_Driver/Src/stm32f4xx_hal_rtc_ex.c **** {
 2955              		.loc 1 1618 1 is_stmt 1 view -0
 2956              		.cfi_startproc
 2957              		@ args = 0, pretend = 0, frame = 0
 2958              		@ frame_needed = 0, uses_anonymous_args = 0
 2959              		@ link register save eliminated.
1619:stm/stm32f4xx/STM32F4xx_HAL_Driver/Src/stm32f4xx_hal_rtc_ex.c ****   /* Process Locked */
1620:stm/stm32f4xx/STM32F4xx_HAL_Driver/Src/stm32f4xx_hal_rtc_ex.c ****   __HAL_LOCK(hrtc);
 2960              		.loc 1 1620 3 view .LVU1032
 2961              		.loc 1 1620 3 view .LVU1033
 2962 0000 037F     		ldrb	r3, [r0, #28]	@ zero_extendqisi2
 2963 0002 012B     		cmp	r3, #1
 2964 0004 16D0     		beq	.L187
 2965              		.loc 1 1620 3 discriminator 2 view .LVU1034
 2966 0006 0122     		movs	r2, #1
 2967 0008 0277     		strb	r2, [r0, #28]
 2968              		.loc 1 1620 3 discriminator 2 view .LVU1035
1621:stm/stm32f4xx/STM32F4xx_HAL_Driver/Src/stm32f4xx_hal_rtc_ex.c **** 
1622:stm/stm32f4xx/STM32F4xx_HAL_Driver/Src/stm32f4xx_hal_rtc_ex.c ****   hrtc->State = HAL_RTC_STATE_BUSY;
 2969              		.loc 1 1622 3 view .LVU1036
 2970              		.loc 1 1622 15 is_stmt 0 view .LVU1037
 2971 000a 0223     		movs	r3, #2
 2972 000c 4377     		strb	r3, [r0, #29]
1623:stm/stm32f4xx/STM32F4xx_HAL_Driver/Src/stm32f4xx_hal_rtc_ex.c **** 
1624:stm/stm32f4xx/STM32F4xx_HAL_Driver/Src/stm32f4xx_hal_rtc_ex.c ****   /* Disable the write protection for RTC registers */
1625:stm/stm32f4xx/STM32F4xx_HAL_Driver/Src/stm32f4xx_hal_rtc_ex.c ****   __HAL_RTC_WRITEPROTECTION_DISABLE(hrtc);
 2973              		.loc 1 1625 3 is_stmt 1 view .LVU1038
 2974              		.loc 1 1625 3 view .LVU1039
 2975 000e 0368     		ldr	r3, [r0]
 2976 0010 CA21     		movs	r1, #202
 2977 0012 5962     		str	r1, [r3, #36]
 2978              		.loc 1 1625 3 view .LVU1040
 2979 0014 0368     		ldr	r3, [r0]
 2980 0016 5321     		movs	r1, #83
 2981 0018 5962     		str	r1, [r3, #36]
 2982              		.loc 1 1625 3 view .LVU1041
1626:stm/stm32f4xx/STM32F4xx_HAL_Driver/Src/stm32f4xx_hal_rtc_ex.c **** 
1627:stm/stm32f4xx/STM32F4xx_HAL_Driver/Src/stm32f4xx_hal_rtc_ex.c ****   __HAL_RTC_CALIBRATION_OUTPUT_DISABLE(hrtc);
 2983              		.loc 1 1627 3 view .LVU1042
 2984 001a 0168     		ldr	r1, [r0]
 2985 001c 8B68     		ldr	r3, [r1, #8]
 2986 001e 23F40003 		bic	r3, r3, #8388608
 2987 0022 8B60     		str	r3, [r1, #8]
ARM GAS  /tmp/ccYCz6LM.s 			page 85


1628:stm/stm32f4xx/STM32F4xx_HAL_Driver/Src/stm32f4xx_hal_rtc_ex.c **** 
1629:stm/stm32f4xx/STM32F4xx_HAL_Driver/Src/stm32f4xx_hal_rtc_ex.c ****   /* Enable the write protection for RTC registers */
1630:stm/stm32f4xx/STM32F4xx_HAL_Driver/Src/stm32f4xx_hal_rtc_ex.c ****   __HAL_RTC_WRITEPROTECTION_ENABLE(hrtc);
 2988              		.loc 1 1630 3 view .LVU1043
 2989              		.loc 1 1630 3 view .LVU1044
 2990 0024 0368     		ldr	r3, [r0]
 2991 0026 FF21     		movs	r1, #255
 2992 0028 5962     		str	r1, [r3, #36]
 2993              		.loc 1 1630 3 view .LVU1045
1631:stm/stm32f4xx/STM32F4xx_HAL_Driver/Src/stm32f4xx_hal_rtc_ex.c **** 
1632:stm/stm32f4xx/STM32F4xx_HAL_Driver/Src/stm32f4xx_hal_rtc_ex.c ****   /* Change RTC state */
1633:stm/stm32f4xx/STM32F4xx_HAL_Driver/Src/stm32f4xx_hal_rtc_ex.c ****   hrtc->State = HAL_RTC_STATE_READY;
 2994              		.loc 1 1633 3 view .LVU1046
 2995              		.loc 1 1633 15 is_stmt 0 view .LVU1047
 2996 002a 4277     		strb	r2, [r0, #29]
1634:stm/stm32f4xx/STM32F4xx_HAL_Driver/Src/stm32f4xx_hal_rtc_ex.c **** 
1635:stm/stm32f4xx/STM32F4xx_HAL_Driver/Src/stm32f4xx_hal_rtc_ex.c ****   /* Process Unlocked */
1636:stm/stm32f4xx/STM32F4xx_HAL_Driver/Src/stm32f4xx_hal_rtc_ex.c ****   __HAL_UNLOCK(hrtc);
 2997              		.loc 1 1636 3 is_stmt 1 view .LVU1048
 2998              		.loc 1 1636 3 view .LVU1049
 2999 002c 0023     		movs	r3, #0
 3000 002e 0377     		strb	r3, [r0, #28]
 3001              		.loc 1 1636 3 view .LVU1050
1637:stm/stm32f4xx/STM32F4xx_HAL_Driver/Src/stm32f4xx_hal_rtc_ex.c **** 
1638:stm/stm32f4xx/STM32F4xx_HAL_Driver/Src/stm32f4xx_hal_rtc_ex.c ****   return HAL_OK;
 3002              		.loc 1 1638 3 view .LVU1051
 3003              		.loc 1 1638 10 is_stmt 0 view .LVU1052
 3004 0030 1846     		mov	r0, r3
 3005              	.LVL193:
 3006              		.loc 1 1638 10 view .LVU1053
 3007 0032 7047     		bx	lr
 3008              	.LVL194:
 3009              	.L187:
1620:stm/stm32f4xx/STM32F4xx_HAL_Driver/Src/stm32f4xx_hal_rtc_ex.c **** 
 3010              		.loc 1 1620 3 discriminator 1 view .LVU1054
 3011 0034 0220     		movs	r0, #2
 3012              	.LVL195:
1639:stm/stm32f4xx/STM32F4xx_HAL_Driver/Src/stm32f4xx_hal_rtc_ex.c **** }
 3013              		.loc 1 1639 1 view .LVU1055
 3014 0036 7047     		bx	lr
 3015              		.cfi_endproc
 3016              	.LFE267:
 3018              		.section	.text.HAL_RTCEx_SetRefClock,"ax",%progbits
 3019              		.align	1
 3020              		.global	HAL_RTCEx_SetRefClock
 3021              		.syntax unified
 3022              		.thumb
 3023              		.thumb_func
 3025              	HAL_RTCEx_SetRefClock:
 3026              	.LVL196:
 3027              	.LFB268:
1640:stm/stm32f4xx/STM32F4xx_HAL_Driver/Src/stm32f4xx_hal_rtc_ex.c **** 
1641:stm/stm32f4xx/STM32F4xx_HAL_Driver/Src/stm32f4xx_hal_rtc_ex.c **** /**
1642:stm/stm32f4xx/STM32F4xx_HAL_Driver/Src/stm32f4xx_hal_rtc_ex.c ****   * @brief  Enables the RTC reference clock detection.
1643:stm/stm32f4xx/STM32F4xx_HAL_Driver/Src/stm32f4xx_hal_rtc_ex.c ****   * @param  hrtc pointer to a RTC_HandleTypeDef structure that contains
1644:stm/stm32f4xx/STM32F4xx_HAL_Driver/Src/stm32f4xx_hal_rtc_ex.c ****   *                the configuration information for RTC.
1645:stm/stm32f4xx/STM32F4xx_HAL_Driver/Src/stm32f4xx_hal_rtc_ex.c ****   * @retval HAL status
ARM GAS  /tmp/ccYCz6LM.s 			page 86


1646:stm/stm32f4xx/STM32F4xx_HAL_Driver/Src/stm32f4xx_hal_rtc_ex.c ****   */
1647:stm/stm32f4xx/STM32F4xx_HAL_Driver/Src/stm32f4xx_hal_rtc_ex.c **** HAL_StatusTypeDef HAL_RTCEx_SetRefClock(RTC_HandleTypeDef *hrtc)
1648:stm/stm32f4xx/STM32F4xx_HAL_Driver/Src/stm32f4xx_hal_rtc_ex.c **** {
 3028              		.loc 1 1648 1 is_stmt 1 view -0
 3029              		.cfi_startproc
 3030              		@ args = 0, pretend = 0, frame = 0
 3031              		@ frame_needed = 0, uses_anonymous_args = 0
1649:stm/stm32f4xx/STM32F4xx_HAL_Driver/Src/stm32f4xx_hal_rtc_ex.c ****   HAL_StatusTypeDef status;
 3032              		.loc 1 1649 3 view .LVU1057
1650:stm/stm32f4xx/STM32F4xx_HAL_Driver/Src/stm32f4xx_hal_rtc_ex.c **** 
1651:stm/stm32f4xx/STM32F4xx_HAL_Driver/Src/stm32f4xx_hal_rtc_ex.c ****   /* Process Locked */
1652:stm/stm32f4xx/STM32F4xx_HAL_Driver/Src/stm32f4xx_hal_rtc_ex.c ****   __HAL_LOCK(hrtc);
 3033              		.loc 1 1652 3 view .LVU1058
 3034              		.loc 1 1652 3 view .LVU1059
 3035 0000 037F     		ldrb	r3, [r0, #28]	@ zero_extendqisi2
 3036 0002 012B     		cmp	r3, #1
 3037 0004 21D0     		beq	.L191
1648:stm/stm32f4xx/STM32F4xx_HAL_Driver/Src/stm32f4xx_hal_rtc_ex.c ****   HAL_StatusTypeDef status;
 3038              		.loc 1 1648 1 is_stmt 0 view .LVU1060
 3039 0006 10B5     		push	{r4, lr}
 3040              	.LCFI37:
 3041              		.cfi_def_cfa_offset 8
 3042              		.cfi_offset 4, -8
 3043              		.cfi_offset 14, -4
 3044 0008 0446     		mov	r4, r0
 3045              		.loc 1 1652 3 is_stmt 1 discriminator 2 view .LVU1061
 3046 000a 0123     		movs	r3, #1
 3047 000c 0377     		strb	r3, [r0, #28]
 3048              		.loc 1 1652 3 discriminator 2 view .LVU1062
1653:stm/stm32f4xx/STM32F4xx_HAL_Driver/Src/stm32f4xx_hal_rtc_ex.c **** 
1654:stm/stm32f4xx/STM32F4xx_HAL_Driver/Src/stm32f4xx_hal_rtc_ex.c ****   hrtc->State = HAL_RTC_STATE_BUSY;
 3049              		.loc 1 1654 3 view .LVU1063
 3050              		.loc 1 1654 15 is_stmt 0 view .LVU1064
 3051 000e 0223     		movs	r3, #2
 3052 0010 4377     		strb	r3, [r0, #29]
1655:stm/stm32f4xx/STM32F4xx_HAL_Driver/Src/stm32f4xx_hal_rtc_ex.c **** 
1656:stm/stm32f4xx/STM32F4xx_HAL_Driver/Src/stm32f4xx_hal_rtc_ex.c ****   /* Disable the write protection for RTC registers */
1657:stm/stm32f4xx/STM32F4xx_HAL_Driver/Src/stm32f4xx_hal_rtc_ex.c ****   __HAL_RTC_WRITEPROTECTION_DISABLE(hrtc);
 3053              		.loc 1 1657 3 is_stmt 1 view .LVU1065
 3054              		.loc 1 1657 3 view .LVU1066
 3055 0012 0368     		ldr	r3, [r0]
 3056 0014 CA22     		movs	r2, #202
 3057 0016 5A62     		str	r2, [r3, #36]
 3058              		.loc 1 1657 3 view .LVU1067
 3059 0018 0368     		ldr	r3, [r0]
 3060 001a 5322     		movs	r2, #83
 3061 001c 5A62     		str	r2, [r3, #36]
 3062              		.loc 1 1657 3 view .LVU1068
1658:stm/stm32f4xx/STM32F4xx_HAL_Driver/Src/stm32f4xx_hal_rtc_ex.c **** 
1659:stm/stm32f4xx/STM32F4xx_HAL_Driver/Src/stm32f4xx_hal_rtc_ex.c ****   /* Enter Initialization mode */
1660:stm/stm32f4xx/STM32F4xx_HAL_Driver/Src/stm32f4xx_hal_rtc_ex.c ****   status = RTC_EnterInitMode(hrtc);
 3063              		.loc 1 1660 3 view .LVU1069
 3064              		.loc 1 1660 12 is_stmt 0 view .LVU1070
 3065 001e FFF7FEFF 		bl	RTC_EnterInitMode
 3066              	.LVL197:
1661:stm/stm32f4xx/STM32F4xx_HAL_Driver/Src/stm32f4xx_hal_rtc_ex.c **** 
1662:stm/stm32f4xx/STM32F4xx_HAL_Driver/Src/stm32f4xx_hal_rtc_ex.c ****   if (status == HAL_OK)
ARM GAS  /tmp/ccYCz6LM.s 			page 87


 3067              		.loc 1 1662 3 is_stmt 1 view .LVU1071
 3068              		.loc 1 1662 6 is_stmt 0 view .LVU1072
 3069 0022 28B1     		cbz	r0, .L196
 3070              	.L190:
 3071              	.LVL198:
1663:stm/stm32f4xx/STM32F4xx_HAL_Driver/Src/stm32f4xx_hal_rtc_ex.c ****   {
1664:stm/stm32f4xx/STM32F4xx_HAL_Driver/Src/stm32f4xx_hal_rtc_ex.c ****     /* Enable the reference clock detection */
1665:stm/stm32f4xx/STM32F4xx_HAL_Driver/Src/stm32f4xx_hal_rtc_ex.c ****     __HAL_RTC_CLOCKREF_DETECTION_ENABLE(hrtc);
1666:stm/stm32f4xx/STM32F4xx_HAL_Driver/Src/stm32f4xx_hal_rtc_ex.c **** 
1667:stm/stm32f4xx/STM32F4xx_HAL_Driver/Src/stm32f4xx_hal_rtc_ex.c ****     /* Exit Initialization mode */
1668:stm/stm32f4xx/STM32F4xx_HAL_Driver/Src/stm32f4xx_hal_rtc_ex.c ****     status = RTC_ExitInitMode(hrtc);
1669:stm/stm32f4xx/STM32F4xx_HAL_Driver/Src/stm32f4xx_hal_rtc_ex.c ****   }
1670:stm/stm32f4xx/STM32F4xx_HAL_Driver/Src/stm32f4xx_hal_rtc_ex.c **** 
1671:stm/stm32f4xx/STM32F4xx_HAL_Driver/Src/stm32f4xx_hal_rtc_ex.c ****   if (status == HAL_OK)
1672:stm/stm32f4xx/STM32F4xx_HAL_Driver/Src/stm32f4xx_hal_rtc_ex.c ****   {
1673:stm/stm32f4xx/STM32F4xx_HAL_Driver/Src/stm32f4xx_hal_rtc_ex.c ****     hrtc->State = HAL_RTC_STATE_READY;
1674:stm/stm32f4xx/STM32F4xx_HAL_Driver/Src/stm32f4xx_hal_rtc_ex.c ****   }
1675:stm/stm32f4xx/STM32F4xx_HAL_Driver/Src/stm32f4xx_hal_rtc_ex.c **** 
1676:stm/stm32f4xx/STM32F4xx_HAL_Driver/Src/stm32f4xx_hal_rtc_ex.c ****   /* Enable the write protection for RTC registers */
1677:stm/stm32f4xx/STM32F4xx_HAL_Driver/Src/stm32f4xx_hal_rtc_ex.c ****   __HAL_RTC_WRITEPROTECTION_ENABLE(hrtc);
 3072              		.loc 1 1677 3 is_stmt 1 view .LVU1073
 3073              		.loc 1 1677 3 view .LVU1074
 3074 0024 2368     		ldr	r3, [r4]
 3075 0026 FF22     		movs	r2, #255
 3076 0028 5A62     		str	r2, [r3, #36]
 3077              		.loc 1 1677 3 view .LVU1075
1678:stm/stm32f4xx/STM32F4xx_HAL_Driver/Src/stm32f4xx_hal_rtc_ex.c **** 
1679:stm/stm32f4xx/STM32F4xx_HAL_Driver/Src/stm32f4xx_hal_rtc_ex.c ****   /* Process Unlocked */
1680:stm/stm32f4xx/STM32F4xx_HAL_Driver/Src/stm32f4xx_hal_rtc_ex.c ****   __HAL_UNLOCK(hrtc);
 3078              		.loc 1 1680 3 view .LVU1076
 3079              		.loc 1 1680 3 view .LVU1077
 3080 002a 0023     		movs	r3, #0
 3081 002c 2377     		strb	r3, [r4, #28]
 3082              		.loc 1 1680 3 view .LVU1078
1681:stm/stm32f4xx/STM32F4xx_HAL_Driver/Src/stm32f4xx_hal_rtc_ex.c **** 
1682:stm/stm32f4xx/STM32F4xx_HAL_Driver/Src/stm32f4xx_hal_rtc_ex.c ****   return status;
 3083              		.loc 1 1682 3 view .LVU1079
1683:stm/stm32f4xx/STM32F4xx_HAL_Driver/Src/stm32f4xx_hal_rtc_ex.c **** }
 3084              		.loc 1 1683 1 is_stmt 0 view .LVU1080
 3085 002e 10BD     		pop	{r4, pc}
 3086              	.LVL199:
 3087              	.L196:
1665:stm/stm32f4xx/STM32F4xx_HAL_Driver/Src/stm32f4xx_hal_rtc_ex.c **** 
 3088              		.loc 1 1665 5 is_stmt 1 view .LVU1081
 3089 0030 2268     		ldr	r2, [r4]
 3090 0032 9368     		ldr	r3, [r2, #8]
 3091 0034 43F01003 		orr	r3, r3, #16
 3092 0038 9360     		str	r3, [r2, #8]
1668:stm/stm32f4xx/STM32F4xx_HAL_Driver/Src/stm32f4xx_hal_rtc_ex.c ****   }
 3093              		.loc 1 1668 5 view .LVU1082
1668:stm/stm32f4xx/STM32F4xx_HAL_Driver/Src/stm32f4xx_hal_rtc_ex.c ****   }
 3094              		.loc 1 1668 14 is_stmt 0 view .LVU1083
 3095 003a 2046     		mov	r0, r4
 3096              	.LVL200:
1668:stm/stm32f4xx/STM32F4xx_HAL_Driver/Src/stm32f4xx_hal_rtc_ex.c ****   }
 3097              		.loc 1 1668 14 view .LVU1084
 3098 003c FFF7FEFF 		bl	RTC_ExitInitMode
ARM GAS  /tmp/ccYCz6LM.s 			page 88


 3099              	.LVL201:
1671:stm/stm32f4xx/STM32F4xx_HAL_Driver/Src/stm32f4xx_hal_rtc_ex.c ****   {
 3100              		.loc 1 1671 3 is_stmt 1 view .LVU1085
1671:stm/stm32f4xx/STM32F4xx_HAL_Driver/Src/stm32f4xx_hal_rtc_ex.c ****   {
 3101              		.loc 1 1671 6 is_stmt 0 view .LVU1086
 3102 0040 0028     		cmp	r0, #0
 3103 0042 EFD1     		bne	.L190
1673:stm/stm32f4xx/STM32F4xx_HAL_Driver/Src/stm32f4xx_hal_rtc_ex.c ****   }
 3104              		.loc 1 1673 5 is_stmt 1 view .LVU1087
1673:stm/stm32f4xx/STM32F4xx_HAL_Driver/Src/stm32f4xx_hal_rtc_ex.c ****   }
 3105              		.loc 1 1673 17 is_stmt 0 view .LVU1088
 3106 0044 0123     		movs	r3, #1
 3107 0046 6377     		strb	r3, [r4, #29]
 3108 0048 ECE7     		b	.L190
 3109              	.LVL202:
 3110              	.L191:
 3111              	.LCFI38:
 3112              		.cfi_def_cfa_offset 0
 3113              		.cfi_restore 4
 3114              		.cfi_restore 14
1652:stm/stm32f4xx/STM32F4xx_HAL_Driver/Src/stm32f4xx_hal_rtc_ex.c **** 
 3115              		.loc 1 1652 3 discriminator 1 view .LVU1089
 3116 004a 0220     		movs	r0, #2
 3117              	.LVL203:
 3118              		.loc 1 1683 1 view .LVU1090
 3119 004c 7047     		bx	lr
 3120              		.cfi_endproc
 3121              	.LFE268:
 3123              		.section	.text.HAL_RTCEx_DeactivateRefClock,"ax",%progbits
 3124              		.align	1
 3125              		.global	HAL_RTCEx_DeactivateRefClock
 3126              		.syntax unified
 3127              		.thumb
 3128              		.thumb_func
 3130              	HAL_RTCEx_DeactivateRefClock:
 3131              	.LVL204:
 3132              	.LFB269:
1684:stm/stm32f4xx/STM32F4xx_HAL_Driver/Src/stm32f4xx_hal_rtc_ex.c **** 
1685:stm/stm32f4xx/STM32F4xx_HAL_Driver/Src/stm32f4xx_hal_rtc_ex.c **** /**
1686:stm/stm32f4xx/STM32F4xx_HAL_Driver/Src/stm32f4xx_hal_rtc_ex.c ****   * @brief  Disable the RTC reference clock detection.
1687:stm/stm32f4xx/STM32F4xx_HAL_Driver/Src/stm32f4xx_hal_rtc_ex.c ****   * @param  hrtc pointer to a RTC_HandleTypeDef structure that contains
1688:stm/stm32f4xx/STM32F4xx_HAL_Driver/Src/stm32f4xx_hal_rtc_ex.c ****   *                the configuration information for RTC.
1689:stm/stm32f4xx/STM32F4xx_HAL_Driver/Src/stm32f4xx_hal_rtc_ex.c ****   * @retval HAL status
1690:stm/stm32f4xx/STM32F4xx_HAL_Driver/Src/stm32f4xx_hal_rtc_ex.c ****   */
1691:stm/stm32f4xx/STM32F4xx_HAL_Driver/Src/stm32f4xx_hal_rtc_ex.c **** HAL_StatusTypeDef HAL_RTCEx_DeactivateRefClock(RTC_HandleTypeDef *hrtc)
1692:stm/stm32f4xx/STM32F4xx_HAL_Driver/Src/stm32f4xx_hal_rtc_ex.c **** {
 3133              		.loc 1 1692 1 is_stmt 1 view -0
 3134              		.cfi_startproc
 3135              		@ args = 0, pretend = 0, frame = 0
 3136              		@ frame_needed = 0, uses_anonymous_args = 0
1693:stm/stm32f4xx/STM32F4xx_HAL_Driver/Src/stm32f4xx_hal_rtc_ex.c ****   HAL_StatusTypeDef status;
 3137              		.loc 1 1693 3 view .LVU1092
1694:stm/stm32f4xx/STM32F4xx_HAL_Driver/Src/stm32f4xx_hal_rtc_ex.c **** 
1695:stm/stm32f4xx/STM32F4xx_HAL_Driver/Src/stm32f4xx_hal_rtc_ex.c ****   /* Process Locked */
1696:stm/stm32f4xx/STM32F4xx_HAL_Driver/Src/stm32f4xx_hal_rtc_ex.c ****   __HAL_LOCK(hrtc);
 3138              		.loc 1 1696 3 view .LVU1093
 3139              		.loc 1 1696 3 view .LVU1094
ARM GAS  /tmp/ccYCz6LM.s 			page 89


 3140 0000 037F     		ldrb	r3, [r0, #28]	@ zero_extendqisi2
 3141 0002 012B     		cmp	r3, #1
 3142 0004 21D0     		beq	.L200
1692:stm/stm32f4xx/STM32F4xx_HAL_Driver/Src/stm32f4xx_hal_rtc_ex.c ****   HAL_StatusTypeDef status;
 3143              		.loc 1 1692 1 is_stmt 0 view .LVU1095
 3144 0006 10B5     		push	{r4, lr}
 3145              	.LCFI39:
 3146              		.cfi_def_cfa_offset 8
 3147              		.cfi_offset 4, -8
 3148              		.cfi_offset 14, -4
 3149 0008 0446     		mov	r4, r0
 3150              		.loc 1 1696 3 is_stmt 1 discriminator 2 view .LVU1096
 3151 000a 0123     		movs	r3, #1
 3152 000c 0377     		strb	r3, [r0, #28]
 3153              		.loc 1 1696 3 discriminator 2 view .LVU1097
1697:stm/stm32f4xx/STM32F4xx_HAL_Driver/Src/stm32f4xx_hal_rtc_ex.c **** 
1698:stm/stm32f4xx/STM32F4xx_HAL_Driver/Src/stm32f4xx_hal_rtc_ex.c ****   hrtc->State = HAL_RTC_STATE_BUSY;
 3154              		.loc 1 1698 3 view .LVU1098
 3155              		.loc 1 1698 15 is_stmt 0 view .LVU1099
 3156 000e 0223     		movs	r3, #2
 3157 0010 4377     		strb	r3, [r0, #29]
1699:stm/stm32f4xx/STM32F4xx_HAL_Driver/Src/stm32f4xx_hal_rtc_ex.c **** 
1700:stm/stm32f4xx/STM32F4xx_HAL_Driver/Src/stm32f4xx_hal_rtc_ex.c ****   /* Disable the write protection for RTC registers */
1701:stm/stm32f4xx/STM32F4xx_HAL_Driver/Src/stm32f4xx_hal_rtc_ex.c ****   __HAL_RTC_WRITEPROTECTION_DISABLE(hrtc);
 3158              		.loc 1 1701 3 is_stmt 1 view .LVU1100
 3159              		.loc 1 1701 3 view .LVU1101
 3160 0012 0368     		ldr	r3, [r0]
 3161 0014 CA22     		movs	r2, #202
 3162 0016 5A62     		str	r2, [r3, #36]
 3163              		.loc 1 1701 3 view .LVU1102
 3164 0018 0368     		ldr	r3, [r0]
 3165 001a 5322     		movs	r2, #83
 3166 001c 5A62     		str	r2, [r3, #36]
 3167              		.loc 1 1701 3 view .LVU1103
1702:stm/stm32f4xx/STM32F4xx_HAL_Driver/Src/stm32f4xx_hal_rtc_ex.c **** 
1703:stm/stm32f4xx/STM32F4xx_HAL_Driver/Src/stm32f4xx_hal_rtc_ex.c ****   /* Enter Initialization mode */
1704:stm/stm32f4xx/STM32F4xx_HAL_Driver/Src/stm32f4xx_hal_rtc_ex.c ****   status = RTC_EnterInitMode(hrtc);
 3168              		.loc 1 1704 3 view .LVU1104
 3169              		.loc 1 1704 12 is_stmt 0 view .LVU1105
 3170 001e FFF7FEFF 		bl	RTC_EnterInitMode
 3171              	.LVL205:
1705:stm/stm32f4xx/STM32F4xx_HAL_Driver/Src/stm32f4xx_hal_rtc_ex.c **** 
1706:stm/stm32f4xx/STM32F4xx_HAL_Driver/Src/stm32f4xx_hal_rtc_ex.c ****   if (status == HAL_OK)
 3172              		.loc 1 1706 3 is_stmt 1 view .LVU1106
 3173              		.loc 1 1706 6 is_stmt 0 view .LVU1107
 3174 0022 28B1     		cbz	r0, .L205
 3175              	.L199:
 3176              	.LVL206:
1707:stm/stm32f4xx/STM32F4xx_HAL_Driver/Src/stm32f4xx_hal_rtc_ex.c ****   {
1708:stm/stm32f4xx/STM32F4xx_HAL_Driver/Src/stm32f4xx_hal_rtc_ex.c ****     /* Disable the reference clock detection */
1709:stm/stm32f4xx/STM32F4xx_HAL_Driver/Src/stm32f4xx_hal_rtc_ex.c ****     __HAL_RTC_CLOCKREF_DETECTION_DISABLE(hrtc);
1710:stm/stm32f4xx/STM32F4xx_HAL_Driver/Src/stm32f4xx_hal_rtc_ex.c **** 
1711:stm/stm32f4xx/STM32F4xx_HAL_Driver/Src/stm32f4xx_hal_rtc_ex.c ****     /* Exit Initialization mode */
1712:stm/stm32f4xx/STM32F4xx_HAL_Driver/Src/stm32f4xx_hal_rtc_ex.c ****     status = RTC_ExitInitMode(hrtc);
1713:stm/stm32f4xx/STM32F4xx_HAL_Driver/Src/stm32f4xx_hal_rtc_ex.c ****   }
1714:stm/stm32f4xx/STM32F4xx_HAL_Driver/Src/stm32f4xx_hal_rtc_ex.c **** 
1715:stm/stm32f4xx/STM32F4xx_HAL_Driver/Src/stm32f4xx_hal_rtc_ex.c ****   if (status == HAL_OK)
ARM GAS  /tmp/ccYCz6LM.s 			page 90


1716:stm/stm32f4xx/STM32F4xx_HAL_Driver/Src/stm32f4xx_hal_rtc_ex.c ****   {
1717:stm/stm32f4xx/STM32F4xx_HAL_Driver/Src/stm32f4xx_hal_rtc_ex.c ****     hrtc->State = HAL_RTC_STATE_READY;
1718:stm/stm32f4xx/STM32F4xx_HAL_Driver/Src/stm32f4xx_hal_rtc_ex.c ****   }
1719:stm/stm32f4xx/STM32F4xx_HAL_Driver/Src/stm32f4xx_hal_rtc_ex.c **** 
1720:stm/stm32f4xx/STM32F4xx_HAL_Driver/Src/stm32f4xx_hal_rtc_ex.c ****   /* Enable the write protection for RTC registers */
1721:stm/stm32f4xx/STM32F4xx_HAL_Driver/Src/stm32f4xx_hal_rtc_ex.c ****   __HAL_RTC_WRITEPROTECTION_ENABLE(hrtc);
 3177              		.loc 1 1721 3 is_stmt 1 view .LVU1108
 3178              		.loc 1 1721 3 view .LVU1109
 3179 0024 2368     		ldr	r3, [r4]
 3180 0026 FF22     		movs	r2, #255
 3181 0028 5A62     		str	r2, [r3, #36]
 3182              		.loc 1 1721 3 view .LVU1110
1722:stm/stm32f4xx/STM32F4xx_HAL_Driver/Src/stm32f4xx_hal_rtc_ex.c **** 
1723:stm/stm32f4xx/STM32F4xx_HAL_Driver/Src/stm32f4xx_hal_rtc_ex.c ****   /* Process Unlocked */
1724:stm/stm32f4xx/STM32F4xx_HAL_Driver/Src/stm32f4xx_hal_rtc_ex.c ****   __HAL_UNLOCK(hrtc);
 3183              		.loc 1 1724 3 view .LVU1111
 3184              		.loc 1 1724 3 view .LVU1112
 3185 002a 0023     		movs	r3, #0
 3186 002c 2377     		strb	r3, [r4, #28]
 3187              		.loc 1 1724 3 view .LVU1113
1725:stm/stm32f4xx/STM32F4xx_HAL_Driver/Src/stm32f4xx_hal_rtc_ex.c **** 
1726:stm/stm32f4xx/STM32F4xx_HAL_Driver/Src/stm32f4xx_hal_rtc_ex.c ****   return status;
 3188              		.loc 1 1726 3 view .LVU1114
1727:stm/stm32f4xx/STM32F4xx_HAL_Driver/Src/stm32f4xx_hal_rtc_ex.c **** }
 3189              		.loc 1 1727 1 is_stmt 0 view .LVU1115
 3190 002e 10BD     		pop	{r4, pc}
 3191              	.LVL207:
 3192              	.L205:
1709:stm/stm32f4xx/STM32F4xx_HAL_Driver/Src/stm32f4xx_hal_rtc_ex.c **** 
 3193              		.loc 1 1709 5 is_stmt 1 view .LVU1116
 3194 0030 2268     		ldr	r2, [r4]
 3195 0032 9368     		ldr	r3, [r2, #8]
 3196 0034 23F01003 		bic	r3, r3, #16
 3197 0038 9360     		str	r3, [r2, #8]
1712:stm/stm32f4xx/STM32F4xx_HAL_Driver/Src/stm32f4xx_hal_rtc_ex.c ****   }
 3198              		.loc 1 1712 5 view .LVU1117
1712:stm/stm32f4xx/STM32F4xx_HAL_Driver/Src/stm32f4xx_hal_rtc_ex.c ****   }
 3199              		.loc 1 1712 14 is_stmt 0 view .LVU1118
 3200 003a 2046     		mov	r0, r4
 3201              	.LVL208:
1712:stm/stm32f4xx/STM32F4xx_HAL_Driver/Src/stm32f4xx_hal_rtc_ex.c ****   }
 3202              		.loc 1 1712 14 view .LVU1119
 3203 003c FFF7FEFF 		bl	RTC_ExitInitMode
 3204              	.LVL209:
1715:stm/stm32f4xx/STM32F4xx_HAL_Driver/Src/stm32f4xx_hal_rtc_ex.c ****   {
 3205              		.loc 1 1715 3 is_stmt 1 view .LVU1120
1715:stm/stm32f4xx/STM32F4xx_HAL_Driver/Src/stm32f4xx_hal_rtc_ex.c ****   {
 3206              		.loc 1 1715 6 is_stmt 0 view .LVU1121
 3207 0040 0028     		cmp	r0, #0
 3208 0042 EFD1     		bne	.L199
1717:stm/stm32f4xx/STM32F4xx_HAL_Driver/Src/stm32f4xx_hal_rtc_ex.c ****   }
 3209              		.loc 1 1717 5 is_stmt 1 view .LVU1122
1717:stm/stm32f4xx/STM32F4xx_HAL_Driver/Src/stm32f4xx_hal_rtc_ex.c ****   }
 3210              		.loc 1 1717 17 is_stmt 0 view .LVU1123
 3211 0044 0123     		movs	r3, #1
 3212 0046 6377     		strb	r3, [r4, #29]
 3213 0048 ECE7     		b	.L199
ARM GAS  /tmp/ccYCz6LM.s 			page 91


 3214              	.LVL210:
 3215              	.L200:
 3216              	.LCFI40:
 3217              		.cfi_def_cfa_offset 0
 3218              		.cfi_restore 4
 3219              		.cfi_restore 14
1696:stm/stm32f4xx/STM32F4xx_HAL_Driver/Src/stm32f4xx_hal_rtc_ex.c **** 
 3220              		.loc 1 1696 3 discriminator 1 view .LVU1124
 3221 004a 0220     		movs	r0, #2
 3222              	.LVL211:
 3223              		.loc 1 1727 1 view .LVU1125
 3224 004c 7047     		bx	lr
 3225              		.cfi_endproc
 3226              	.LFE269:
 3228              		.section	.text.HAL_RTCEx_EnableBypassShadow,"ax",%progbits
 3229              		.align	1
 3230              		.global	HAL_RTCEx_EnableBypassShadow
 3231              		.syntax unified
 3232              		.thumb
 3233              		.thumb_func
 3235              	HAL_RTCEx_EnableBypassShadow:
 3236              	.LVL212:
 3237              	.LFB270:
1728:stm/stm32f4xx/STM32F4xx_HAL_Driver/Src/stm32f4xx_hal_rtc_ex.c **** 
1729:stm/stm32f4xx/STM32F4xx_HAL_Driver/Src/stm32f4xx_hal_rtc_ex.c **** /**
1730:stm/stm32f4xx/STM32F4xx_HAL_Driver/Src/stm32f4xx_hal_rtc_ex.c ****   * @brief  Enables the Bypass Shadow feature.
1731:stm/stm32f4xx/STM32F4xx_HAL_Driver/Src/stm32f4xx_hal_rtc_ex.c ****   * @param  hrtc pointer to a RTC_HandleTypeDef structure that contains
1732:stm/stm32f4xx/STM32F4xx_HAL_Driver/Src/stm32f4xx_hal_rtc_ex.c ****   *                the configuration information for RTC.
1733:stm/stm32f4xx/STM32F4xx_HAL_Driver/Src/stm32f4xx_hal_rtc_ex.c ****   * @note   When the Bypass Shadow is enabled the calendar value are taken
1734:stm/stm32f4xx/STM32F4xx_HAL_Driver/Src/stm32f4xx_hal_rtc_ex.c ****   *         directly from the Calendar counter.
1735:stm/stm32f4xx/STM32F4xx_HAL_Driver/Src/stm32f4xx_hal_rtc_ex.c ****   * @retval HAL status
1736:stm/stm32f4xx/STM32F4xx_HAL_Driver/Src/stm32f4xx_hal_rtc_ex.c ****   */
1737:stm/stm32f4xx/STM32F4xx_HAL_Driver/Src/stm32f4xx_hal_rtc_ex.c **** HAL_StatusTypeDef HAL_RTCEx_EnableBypassShadow(RTC_HandleTypeDef *hrtc)
1738:stm/stm32f4xx/STM32F4xx_HAL_Driver/Src/stm32f4xx_hal_rtc_ex.c **** {
 3238              		.loc 1 1738 1 is_stmt 1 view -0
 3239              		.cfi_startproc
 3240              		@ args = 0, pretend = 0, frame = 0
 3241              		@ frame_needed = 0, uses_anonymous_args = 0
 3242              		@ link register save eliminated.
1739:stm/stm32f4xx/STM32F4xx_HAL_Driver/Src/stm32f4xx_hal_rtc_ex.c ****   /* Process Locked */
1740:stm/stm32f4xx/STM32F4xx_HAL_Driver/Src/stm32f4xx_hal_rtc_ex.c ****   __HAL_LOCK(hrtc);
 3243              		.loc 1 1740 3 view .LVU1127
 3244              		.loc 1 1740 3 view .LVU1128
 3245 0000 037F     		ldrb	r3, [r0, #28]	@ zero_extendqisi2
 3246 0002 012B     		cmp	r3, #1
 3247 0004 16D0     		beq	.L208
 3248              		.loc 1 1740 3 discriminator 2 view .LVU1129
 3249 0006 0122     		movs	r2, #1
 3250 0008 0277     		strb	r2, [r0, #28]
 3251              		.loc 1 1740 3 discriminator 2 view .LVU1130
1741:stm/stm32f4xx/STM32F4xx_HAL_Driver/Src/stm32f4xx_hal_rtc_ex.c **** 
1742:stm/stm32f4xx/STM32F4xx_HAL_Driver/Src/stm32f4xx_hal_rtc_ex.c ****   hrtc->State = HAL_RTC_STATE_BUSY;
 3252              		.loc 1 1742 3 view .LVU1131
 3253              		.loc 1 1742 15 is_stmt 0 view .LVU1132
 3254 000a 0223     		movs	r3, #2
 3255 000c 4377     		strb	r3, [r0, #29]
1743:stm/stm32f4xx/STM32F4xx_HAL_Driver/Src/stm32f4xx_hal_rtc_ex.c **** 
ARM GAS  /tmp/ccYCz6LM.s 			page 92


1744:stm/stm32f4xx/STM32F4xx_HAL_Driver/Src/stm32f4xx_hal_rtc_ex.c ****   /* Disable the write protection for RTC registers */
1745:stm/stm32f4xx/STM32F4xx_HAL_Driver/Src/stm32f4xx_hal_rtc_ex.c ****   __HAL_RTC_WRITEPROTECTION_DISABLE(hrtc);
 3256              		.loc 1 1745 3 is_stmt 1 view .LVU1133
 3257              		.loc 1 1745 3 view .LVU1134
 3258 000e 0368     		ldr	r3, [r0]
 3259 0010 CA21     		movs	r1, #202
 3260 0012 5962     		str	r1, [r3, #36]
 3261              		.loc 1 1745 3 view .LVU1135
 3262 0014 0368     		ldr	r3, [r0]
 3263 0016 5321     		movs	r1, #83
 3264 0018 5962     		str	r1, [r3, #36]
 3265              		.loc 1 1745 3 view .LVU1136
1746:stm/stm32f4xx/STM32F4xx_HAL_Driver/Src/stm32f4xx_hal_rtc_ex.c **** 
1747:stm/stm32f4xx/STM32F4xx_HAL_Driver/Src/stm32f4xx_hal_rtc_ex.c ****   /* Set the BYPSHAD bit */
1748:stm/stm32f4xx/STM32F4xx_HAL_Driver/Src/stm32f4xx_hal_rtc_ex.c ****   hrtc->Instance->CR |= (uint8_t)RTC_CR_BYPSHAD;
 3266              		.loc 1 1748 3 view .LVU1137
 3267              		.loc 1 1748 7 is_stmt 0 view .LVU1138
 3268 001a 0168     		ldr	r1, [r0]
 3269              		.loc 1 1748 17 view .LVU1139
 3270 001c 8B68     		ldr	r3, [r1, #8]
 3271              		.loc 1 1748 22 view .LVU1140
 3272 001e 43F02003 		orr	r3, r3, #32
 3273 0022 8B60     		str	r3, [r1, #8]
1749:stm/stm32f4xx/STM32F4xx_HAL_Driver/Src/stm32f4xx_hal_rtc_ex.c **** 
1750:stm/stm32f4xx/STM32F4xx_HAL_Driver/Src/stm32f4xx_hal_rtc_ex.c ****   /* Enable the write protection for RTC registers */
1751:stm/stm32f4xx/STM32F4xx_HAL_Driver/Src/stm32f4xx_hal_rtc_ex.c ****   __HAL_RTC_WRITEPROTECTION_ENABLE(hrtc);
 3274              		.loc 1 1751 3 is_stmt 1 view .LVU1141
 3275              		.loc 1 1751 3 view .LVU1142
 3276 0024 0368     		ldr	r3, [r0]
 3277 0026 FF21     		movs	r1, #255
 3278 0028 5962     		str	r1, [r3, #36]
 3279              		.loc 1 1751 3 view .LVU1143
1752:stm/stm32f4xx/STM32F4xx_HAL_Driver/Src/stm32f4xx_hal_rtc_ex.c **** 
1753:stm/stm32f4xx/STM32F4xx_HAL_Driver/Src/stm32f4xx_hal_rtc_ex.c ****   /* Change RTC state */
1754:stm/stm32f4xx/STM32F4xx_HAL_Driver/Src/stm32f4xx_hal_rtc_ex.c ****   hrtc->State = HAL_RTC_STATE_READY;
 3280              		.loc 1 1754 3 view .LVU1144
 3281              		.loc 1 1754 15 is_stmt 0 view .LVU1145
 3282 002a 4277     		strb	r2, [r0, #29]
1755:stm/stm32f4xx/STM32F4xx_HAL_Driver/Src/stm32f4xx_hal_rtc_ex.c **** 
1756:stm/stm32f4xx/STM32F4xx_HAL_Driver/Src/stm32f4xx_hal_rtc_ex.c ****   /* Process Unlocked */
1757:stm/stm32f4xx/STM32F4xx_HAL_Driver/Src/stm32f4xx_hal_rtc_ex.c ****   __HAL_UNLOCK(hrtc);
 3283              		.loc 1 1757 3 is_stmt 1 view .LVU1146
 3284              		.loc 1 1757 3 view .LVU1147
 3285 002c 0023     		movs	r3, #0
 3286 002e 0377     		strb	r3, [r0, #28]
 3287              		.loc 1 1757 3 view .LVU1148
1758:stm/stm32f4xx/STM32F4xx_HAL_Driver/Src/stm32f4xx_hal_rtc_ex.c **** 
1759:stm/stm32f4xx/STM32F4xx_HAL_Driver/Src/stm32f4xx_hal_rtc_ex.c ****   return HAL_OK;
 3288              		.loc 1 1759 3 view .LVU1149
 3289              		.loc 1 1759 10 is_stmt 0 view .LVU1150
 3290 0030 1846     		mov	r0, r3
 3291              	.LVL213:
 3292              		.loc 1 1759 10 view .LVU1151
 3293 0032 7047     		bx	lr
 3294              	.LVL214:
 3295              	.L208:
1740:stm/stm32f4xx/STM32F4xx_HAL_Driver/Src/stm32f4xx_hal_rtc_ex.c **** 
ARM GAS  /tmp/ccYCz6LM.s 			page 93


 3296              		.loc 1 1740 3 discriminator 1 view .LVU1152
 3297 0034 0220     		movs	r0, #2
 3298              	.LVL215:
1760:stm/stm32f4xx/STM32F4xx_HAL_Driver/Src/stm32f4xx_hal_rtc_ex.c **** }
 3299              		.loc 1 1760 1 view .LVU1153
 3300 0036 7047     		bx	lr
 3301              		.cfi_endproc
 3302              	.LFE270:
 3304              		.section	.text.HAL_RTCEx_DisableBypassShadow,"ax",%progbits
 3305              		.align	1
 3306              		.global	HAL_RTCEx_DisableBypassShadow
 3307              		.syntax unified
 3308              		.thumb
 3309              		.thumb_func
 3311              	HAL_RTCEx_DisableBypassShadow:
 3312              	.LVL216:
 3313              	.LFB271:
1761:stm/stm32f4xx/STM32F4xx_HAL_Driver/Src/stm32f4xx_hal_rtc_ex.c **** 
1762:stm/stm32f4xx/STM32F4xx_HAL_Driver/Src/stm32f4xx_hal_rtc_ex.c **** /**
1763:stm/stm32f4xx/STM32F4xx_HAL_Driver/Src/stm32f4xx_hal_rtc_ex.c ****   * @brief  Disables the Bypass Shadow feature.
1764:stm/stm32f4xx/STM32F4xx_HAL_Driver/Src/stm32f4xx_hal_rtc_ex.c ****   * @param  hrtc pointer to a RTC_HandleTypeDef structure that contains
1765:stm/stm32f4xx/STM32F4xx_HAL_Driver/Src/stm32f4xx_hal_rtc_ex.c ****   *                the configuration information for RTC.
1766:stm/stm32f4xx/STM32F4xx_HAL_Driver/Src/stm32f4xx_hal_rtc_ex.c ****   * @note   When the Bypass Shadow is enabled the calendar value are taken
1767:stm/stm32f4xx/STM32F4xx_HAL_Driver/Src/stm32f4xx_hal_rtc_ex.c ****   *         directly from the Calendar counter.
1768:stm/stm32f4xx/STM32F4xx_HAL_Driver/Src/stm32f4xx_hal_rtc_ex.c ****   * @retval HAL status
1769:stm/stm32f4xx/STM32F4xx_HAL_Driver/Src/stm32f4xx_hal_rtc_ex.c ****   */
1770:stm/stm32f4xx/STM32F4xx_HAL_Driver/Src/stm32f4xx_hal_rtc_ex.c **** HAL_StatusTypeDef HAL_RTCEx_DisableBypassShadow(RTC_HandleTypeDef *hrtc)
1771:stm/stm32f4xx/STM32F4xx_HAL_Driver/Src/stm32f4xx_hal_rtc_ex.c **** {
 3314              		.loc 1 1771 1 is_stmt 1 view -0
 3315              		.cfi_startproc
 3316              		@ args = 0, pretend = 0, frame = 0
 3317              		@ frame_needed = 0, uses_anonymous_args = 0
 3318              		@ link register save eliminated.
1772:stm/stm32f4xx/STM32F4xx_HAL_Driver/Src/stm32f4xx_hal_rtc_ex.c ****   /* Process Locked */
1773:stm/stm32f4xx/STM32F4xx_HAL_Driver/Src/stm32f4xx_hal_rtc_ex.c ****   __HAL_LOCK(hrtc);
 3319              		.loc 1 1773 3 view .LVU1155
 3320              		.loc 1 1773 3 view .LVU1156
 3321 0000 037F     		ldrb	r3, [r0, #28]	@ zero_extendqisi2
 3322 0002 012B     		cmp	r3, #1
 3323 0004 16D0     		beq	.L211
 3324              		.loc 1 1773 3 discriminator 2 view .LVU1157
 3325 0006 0122     		movs	r2, #1
 3326 0008 0277     		strb	r2, [r0, #28]
 3327              		.loc 1 1773 3 discriminator 2 view .LVU1158
1774:stm/stm32f4xx/STM32F4xx_HAL_Driver/Src/stm32f4xx_hal_rtc_ex.c **** 
1775:stm/stm32f4xx/STM32F4xx_HAL_Driver/Src/stm32f4xx_hal_rtc_ex.c ****   hrtc->State = HAL_RTC_STATE_BUSY;
 3328              		.loc 1 1775 3 view .LVU1159
 3329              		.loc 1 1775 15 is_stmt 0 view .LVU1160
 3330 000a 0223     		movs	r3, #2
 3331 000c 4377     		strb	r3, [r0, #29]
1776:stm/stm32f4xx/STM32F4xx_HAL_Driver/Src/stm32f4xx_hal_rtc_ex.c **** 
1777:stm/stm32f4xx/STM32F4xx_HAL_Driver/Src/stm32f4xx_hal_rtc_ex.c ****   /* Disable the write protection for RTC registers */
1778:stm/stm32f4xx/STM32F4xx_HAL_Driver/Src/stm32f4xx_hal_rtc_ex.c ****   __HAL_RTC_WRITEPROTECTION_DISABLE(hrtc);
 3332              		.loc 1 1778 3 is_stmt 1 view .LVU1161
 3333              		.loc 1 1778 3 view .LVU1162
 3334 000e 0368     		ldr	r3, [r0]
 3335 0010 CA21     		movs	r1, #202
ARM GAS  /tmp/ccYCz6LM.s 			page 94


 3336 0012 5962     		str	r1, [r3, #36]
 3337              		.loc 1 1778 3 view .LVU1163
 3338 0014 0368     		ldr	r3, [r0]
 3339 0016 5321     		movs	r1, #83
 3340 0018 5962     		str	r1, [r3, #36]
 3341              		.loc 1 1778 3 view .LVU1164
1779:stm/stm32f4xx/STM32F4xx_HAL_Driver/Src/stm32f4xx_hal_rtc_ex.c **** 
1780:stm/stm32f4xx/STM32F4xx_HAL_Driver/Src/stm32f4xx_hal_rtc_ex.c ****   /* Reset the BYPSHAD bit */
1781:stm/stm32f4xx/STM32F4xx_HAL_Driver/Src/stm32f4xx_hal_rtc_ex.c ****   hrtc->Instance->CR &= (uint8_t)~RTC_CR_BYPSHAD;
 3342              		.loc 1 1781 3 view .LVU1165
 3343              		.loc 1 1781 7 is_stmt 0 view .LVU1166
 3344 001a 0168     		ldr	r1, [r0]
 3345              		.loc 1 1781 17 view .LVU1167
 3346 001c 8B68     		ldr	r3, [r1, #8]
 3347              		.loc 1 1781 22 view .LVU1168
 3348 001e 03F0DF03 		and	r3, r3, #223
 3349 0022 8B60     		str	r3, [r1, #8]
1782:stm/stm32f4xx/STM32F4xx_HAL_Driver/Src/stm32f4xx_hal_rtc_ex.c **** 
1783:stm/stm32f4xx/STM32F4xx_HAL_Driver/Src/stm32f4xx_hal_rtc_ex.c ****   /* Enable the write protection for RTC registers */
1784:stm/stm32f4xx/STM32F4xx_HAL_Driver/Src/stm32f4xx_hal_rtc_ex.c ****   __HAL_RTC_WRITEPROTECTION_ENABLE(hrtc);
 3350              		.loc 1 1784 3 is_stmt 1 view .LVU1169
 3351              		.loc 1 1784 3 view .LVU1170
 3352 0024 0368     		ldr	r3, [r0]
 3353 0026 FF21     		movs	r1, #255
 3354 0028 5962     		str	r1, [r3, #36]
 3355              		.loc 1 1784 3 view .LVU1171
1785:stm/stm32f4xx/STM32F4xx_HAL_Driver/Src/stm32f4xx_hal_rtc_ex.c **** 
1786:stm/stm32f4xx/STM32F4xx_HAL_Driver/Src/stm32f4xx_hal_rtc_ex.c ****   /* Change RTC state */
1787:stm/stm32f4xx/STM32F4xx_HAL_Driver/Src/stm32f4xx_hal_rtc_ex.c ****   hrtc->State = HAL_RTC_STATE_READY;
 3356              		.loc 1 1787 3 view .LVU1172
 3357              		.loc 1 1787 15 is_stmt 0 view .LVU1173
 3358 002a 4277     		strb	r2, [r0, #29]
1788:stm/stm32f4xx/STM32F4xx_HAL_Driver/Src/stm32f4xx_hal_rtc_ex.c **** 
1789:stm/stm32f4xx/STM32F4xx_HAL_Driver/Src/stm32f4xx_hal_rtc_ex.c ****   /* Process Unlocked */
1790:stm/stm32f4xx/STM32F4xx_HAL_Driver/Src/stm32f4xx_hal_rtc_ex.c ****   __HAL_UNLOCK(hrtc);
 3359              		.loc 1 1790 3 is_stmt 1 view .LVU1174
 3360              		.loc 1 1790 3 view .LVU1175
 3361 002c 0023     		movs	r3, #0
 3362 002e 0377     		strb	r3, [r0, #28]
 3363              		.loc 1 1790 3 view .LVU1176
1791:stm/stm32f4xx/STM32F4xx_HAL_Driver/Src/stm32f4xx_hal_rtc_ex.c **** 
1792:stm/stm32f4xx/STM32F4xx_HAL_Driver/Src/stm32f4xx_hal_rtc_ex.c ****   return HAL_OK;
 3364              		.loc 1 1792 3 view .LVU1177
 3365              		.loc 1 1792 10 is_stmt 0 view .LVU1178
 3366 0030 1846     		mov	r0, r3
 3367              	.LVL217:
 3368              		.loc 1 1792 10 view .LVU1179
 3369 0032 7047     		bx	lr
 3370              	.LVL218:
 3371              	.L211:
1773:stm/stm32f4xx/STM32F4xx_HAL_Driver/Src/stm32f4xx_hal_rtc_ex.c **** 
 3372              		.loc 1 1773 3 discriminator 1 view .LVU1180
 3373 0034 0220     		movs	r0, #2
 3374              	.LVL219:
1793:stm/stm32f4xx/STM32F4xx_HAL_Driver/Src/stm32f4xx_hal_rtc_ex.c **** }
 3375              		.loc 1 1793 1 view .LVU1181
 3376 0036 7047     		bx	lr
ARM GAS  /tmp/ccYCz6LM.s 			page 95


 3377              		.cfi_endproc
 3378              	.LFE271:
 3380              		.section	.text.HAL_RTCEx_AlarmBEventCallback,"ax",%progbits
 3381              		.align	1
 3382              		.weak	HAL_RTCEx_AlarmBEventCallback
 3383              		.syntax unified
 3384              		.thumb
 3385              		.thumb_func
 3387              	HAL_RTCEx_AlarmBEventCallback:
 3388              	.LVL220:
 3389              	.LFB272:
1794:stm/stm32f4xx/STM32F4xx_HAL_Driver/Src/stm32f4xx_hal_rtc_ex.c **** 
1795:stm/stm32f4xx/STM32F4xx_HAL_Driver/Src/stm32f4xx_hal_rtc_ex.c **** /**
1796:stm/stm32f4xx/STM32F4xx_HAL_Driver/Src/stm32f4xx_hal_rtc_ex.c ****   * @}
1797:stm/stm32f4xx/STM32F4xx_HAL_Driver/Src/stm32f4xx_hal_rtc_ex.c ****   */
1798:stm/stm32f4xx/STM32F4xx_HAL_Driver/Src/stm32f4xx_hal_rtc_ex.c **** 
1799:stm/stm32f4xx/STM32F4xx_HAL_Driver/Src/stm32f4xx_hal_rtc_ex.c **** /** @defgroup RTCEx_Exported_Functions_Group4 Extended features functions
1800:stm/stm32f4xx/STM32F4xx_HAL_Driver/Src/stm32f4xx_hal_rtc_ex.c ****   * @brief    Extended features functions
1801:stm/stm32f4xx/STM32F4xx_HAL_Driver/Src/stm32f4xx_hal_rtc_ex.c ****   *
1802:stm/stm32f4xx/STM32F4xx_HAL_Driver/Src/stm32f4xx_hal_rtc_ex.c **** @verbatim
1803:stm/stm32f4xx/STM32F4xx_HAL_Driver/Src/stm32f4xx_hal_rtc_ex.c ****  ===============================================================================
1804:stm/stm32f4xx/STM32F4xx_HAL_Driver/Src/stm32f4xx_hal_rtc_ex.c ****                  ##### Extended features functions #####
1805:stm/stm32f4xx/STM32F4xx_HAL_Driver/Src/stm32f4xx_hal_rtc_ex.c ****  ===============================================================================
1806:stm/stm32f4xx/STM32F4xx_HAL_Driver/Src/stm32f4xx_hal_rtc_ex.c ****     [..]  This section provides functions allowing to:
1807:stm/stm32f4xx/STM32F4xx_HAL_Driver/Src/stm32f4xx_hal_rtc_ex.c ****       (+) RTC Alarm B callback
1808:stm/stm32f4xx/STM32F4xx_HAL_Driver/Src/stm32f4xx_hal_rtc_ex.c ****       (+) RTC Poll for Alarm B request
1809:stm/stm32f4xx/STM32F4xx_HAL_Driver/Src/stm32f4xx_hal_rtc_ex.c **** 
1810:stm/stm32f4xx/STM32F4xx_HAL_Driver/Src/stm32f4xx_hal_rtc_ex.c **** @endverbatim
1811:stm/stm32f4xx/STM32F4xx_HAL_Driver/Src/stm32f4xx_hal_rtc_ex.c ****   * @{
1812:stm/stm32f4xx/STM32F4xx_HAL_Driver/Src/stm32f4xx_hal_rtc_ex.c ****   */
1813:stm/stm32f4xx/STM32F4xx_HAL_Driver/Src/stm32f4xx_hal_rtc_ex.c **** 
1814:stm/stm32f4xx/STM32F4xx_HAL_Driver/Src/stm32f4xx_hal_rtc_ex.c **** /**
1815:stm/stm32f4xx/STM32F4xx_HAL_Driver/Src/stm32f4xx_hal_rtc_ex.c ****   * @brief  Alarm B callback.
1816:stm/stm32f4xx/STM32F4xx_HAL_Driver/Src/stm32f4xx_hal_rtc_ex.c ****   * @param  hrtc pointer to a RTC_HandleTypeDef structure that contains
1817:stm/stm32f4xx/STM32F4xx_HAL_Driver/Src/stm32f4xx_hal_rtc_ex.c ****   *                the configuration information for RTC.
1818:stm/stm32f4xx/STM32F4xx_HAL_Driver/Src/stm32f4xx_hal_rtc_ex.c ****   * @retval None
1819:stm/stm32f4xx/STM32F4xx_HAL_Driver/Src/stm32f4xx_hal_rtc_ex.c ****   */
1820:stm/stm32f4xx/STM32F4xx_HAL_Driver/Src/stm32f4xx_hal_rtc_ex.c **** __weak void HAL_RTCEx_AlarmBEventCallback(RTC_HandleTypeDef *hrtc)
1821:stm/stm32f4xx/STM32F4xx_HAL_Driver/Src/stm32f4xx_hal_rtc_ex.c **** {
 3390              		.loc 1 1821 1 is_stmt 1 view -0
 3391              		.cfi_startproc
 3392              		@ args = 0, pretend = 0, frame = 0
 3393              		@ frame_needed = 0, uses_anonymous_args = 0
 3394              		@ link register save eliminated.
1822:stm/stm32f4xx/STM32F4xx_HAL_Driver/Src/stm32f4xx_hal_rtc_ex.c ****   /* Prevent unused argument(s) compilation warning */
1823:stm/stm32f4xx/STM32F4xx_HAL_Driver/Src/stm32f4xx_hal_rtc_ex.c ****   UNUSED(hrtc);
 3395              		.loc 1 1823 3 view .LVU1183
1824:stm/stm32f4xx/STM32F4xx_HAL_Driver/Src/stm32f4xx_hal_rtc_ex.c **** 
1825:stm/stm32f4xx/STM32F4xx_HAL_Driver/Src/stm32f4xx_hal_rtc_ex.c ****   /* NOTE: This function should not be modified, when the callback is needed,
1826:stm/stm32f4xx/STM32F4xx_HAL_Driver/Src/stm32f4xx_hal_rtc_ex.c ****            the HAL_RTCEx_AlarmBEventCallback could be implemented in the user file
1827:stm/stm32f4xx/STM32F4xx_HAL_Driver/Src/stm32f4xx_hal_rtc_ex.c ****    */
1828:stm/stm32f4xx/STM32F4xx_HAL_Driver/Src/stm32f4xx_hal_rtc_ex.c **** }
 3396              		.loc 1 1828 1 is_stmt 0 view .LVU1184
 3397 0000 7047     		bx	lr
 3398              		.cfi_endproc
 3399              	.LFE272:
 3401              		.section	.text.HAL_RTCEx_PollForAlarmBEvent,"ax",%progbits
ARM GAS  /tmp/ccYCz6LM.s 			page 96


 3402              		.align	1
 3403              		.global	HAL_RTCEx_PollForAlarmBEvent
 3404              		.syntax unified
 3405              		.thumb
 3406              		.thumb_func
 3408              	HAL_RTCEx_PollForAlarmBEvent:
 3409              	.LVL221:
 3410              	.LFB273:
1829:stm/stm32f4xx/STM32F4xx_HAL_Driver/Src/stm32f4xx_hal_rtc_ex.c **** 
1830:stm/stm32f4xx/STM32F4xx_HAL_Driver/Src/stm32f4xx_hal_rtc_ex.c **** /**
1831:stm/stm32f4xx/STM32F4xx_HAL_Driver/Src/stm32f4xx_hal_rtc_ex.c ****   * @brief  Handles Alarm B Polling request.
1832:stm/stm32f4xx/STM32F4xx_HAL_Driver/Src/stm32f4xx_hal_rtc_ex.c ****   * @param  hrtc pointer to a RTC_HandleTypeDef structure that contains
1833:stm/stm32f4xx/STM32F4xx_HAL_Driver/Src/stm32f4xx_hal_rtc_ex.c ****   *                the configuration information for RTC.
1834:stm/stm32f4xx/STM32F4xx_HAL_Driver/Src/stm32f4xx_hal_rtc_ex.c ****   * @param  Timeout Timeout duration
1835:stm/stm32f4xx/STM32F4xx_HAL_Driver/Src/stm32f4xx_hal_rtc_ex.c ****   * @retval HAL status
1836:stm/stm32f4xx/STM32F4xx_HAL_Driver/Src/stm32f4xx_hal_rtc_ex.c ****   */
1837:stm/stm32f4xx/STM32F4xx_HAL_Driver/Src/stm32f4xx_hal_rtc_ex.c **** HAL_StatusTypeDef HAL_RTCEx_PollForAlarmBEvent(RTC_HandleTypeDef *hrtc, uint32_t Timeout)
1838:stm/stm32f4xx/STM32F4xx_HAL_Driver/Src/stm32f4xx_hal_rtc_ex.c **** {
 3411              		.loc 1 1838 1 is_stmt 1 view -0
 3412              		.cfi_startproc
 3413              		@ args = 0, pretend = 0, frame = 0
 3414              		@ frame_needed = 0, uses_anonymous_args = 0
 3415              		.loc 1 1838 1 is_stmt 0 view .LVU1186
 3416 0000 70B5     		push	{r4, r5, r6, lr}
 3417              	.LCFI41:
 3418              		.cfi_def_cfa_offset 16
 3419              		.cfi_offset 4, -16
 3420              		.cfi_offset 5, -12
 3421              		.cfi_offset 6, -8
 3422              		.cfi_offset 14, -4
 3423 0002 0446     		mov	r4, r0
 3424 0004 0D46     		mov	r5, r1
1839:stm/stm32f4xx/STM32F4xx_HAL_Driver/Src/stm32f4xx_hal_rtc_ex.c ****   uint32_t tickstart = 0U;
 3425              		.loc 1 1839 3 is_stmt 1 view .LVU1187
 3426              	.LVL222:
1840:stm/stm32f4xx/STM32F4xx_HAL_Driver/Src/stm32f4xx_hal_rtc_ex.c **** 
1841:stm/stm32f4xx/STM32F4xx_HAL_Driver/Src/stm32f4xx_hal_rtc_ex.c ****   /* Get tick */
1842:stm/stm32f4xx/STM32F4xx_HAL_Driver/Src/stm32f4xx_hal_rtc_ex.c ****   tickstart = HAL_GetTick();
 3427              		.loc 1 1842 3 view .LVU1188
 3428              		.loc 1 1842 15 is_stmt 0 view .LVU1189
 3429 0006 FFF7FEFF 		bl	HAL_GetTick
 3430              	.LVL223:
 3431              		.loc 1 1842 15 view .LVU1190
 3432 000a 0646     		mov	r6, r0
 3433              	.LVL224:
1843:stm/stm32f4xx/STM32F4xx_HAL_Driver/Src/stm32f4xx_hal_rtc_ex.c **** 
1844:stm/stm32f4xx/STM32F4xx_HAL_Driver/Src/stm32f4xx_hal_rtc_ex.c ****   /* Wait till RTC ALRBF flag is set and if timeout is reached exit */
1845:stm/stm32f4xx/STM32F4xx_HAL_Driver/Src/stm32f4xx_hal_rtc_ex.c ****   while (__HAL_RTC_ALARM_GET_FLAG(hrtc, RTC_FLAG_ALRBF) == 0U)
 3434              		.loc 1 1845 3 is_stmt 1 view .LVU1191
 3435              	.L215:
 3436              		.loc 1 1845 57 view .LVU1192
 3437              		.loc 1 1845 10 is_stmt 0 view .LVU1193
 3438 000c 2368     		ldr	r3, [r4]
 3439 000e DA68     		ldr	r2, [r3, #12]
 3440              		.loc 1 1845 57 view .LVU1194
 3441 0010 12F4007F 		tst	r2, #512
 3442 0014 0BD1     		bne	.L220
ARM GAS  /tmp/ccYCz6LM.s 			page 97


1846:stm/stm32f4xx/STM32F4xx_HAL_Driver/Src/stm32f4xx_hal_rtc_ex.c ****   {
1847:stm/stm32f4xx/STM32F4xx_HAL_Driver/Src/stm32f4xx_hal_rtc_ex.c ****     if (Timeout != HAL_MAX_DELAY)
 3443              		.loc 1 1847 5 is_stmt 1 view .LVU1195
 3444              		.loc 1 1847 8 is_stmt 0 view .LVU1196
 3445 0016 B5F1FF3F 		cmp	r5, #-1
 3446 001a F7D0     		beq	.L215
1848:stm/stm32f4xx/STM32F4xx_HAL_Driver/Src/stm32f4xx_hal_rtc_ex.c ****     {
1849:stm/stm32f4xx/STM32F4xx_HAL_Driver/Src/stm32f4xx_hal_rtc_ex.c ****       if ((Timeout == 0U) || ((HAL_GetTick() - tickstart) > Timeout))
 3447              		.loc 1 1849 7 is_stmt 1 view .LVU1197
 3448              		.loc 1 1849 10 is_stmt 0 view .LVU1198
 3449 001c 25B1     		cbz	r5, .L216
 3450              		.loc 1 1849 32 discriminator 1 view .LVU1199
 3451 001e FFF7FEFF 		bl	HAL_GetTick
 3452              	.LVL225:
 3453              		.loc 1 1849 46 discriminator 1 view .LVU1200
 3454 0022 801B     		subs	r0, r0, r6
 3455              		.loc 1 1849 27 discriminator 1 view .LVU1201
 3456 0024 A842     		cmp	r0, r5
 3457 0026 F1D9     		bls	.L215
 3458              	.L216:
1850:stm/stm32f4xx/STM32F4xx_HAL_Driver/Src/stm32f4xx_hal_rtc_ex.c ****       {
1851:stm/stm32f4xx/STM32F4xx_HAL_Driver/Src/stm32f4xx_hal_rtc_ex.c ****         hrtc->State = HAL_RTC_STATE_TIMEOUT;
 3459              		.loc 1 1851 9 is_stmt 1 view .LVU1202
 3460              		.loc 1 1851 21 is_stmt 0 view .LVU1203
 3461 0028 0320     		movs	r0, #3
 3462 002a 6077     		strb	r0, [r4, #29]
1852:stm/stm32f4xx/STM32F4xx_HAL_Driver/Src/stm32f4xx_hal_rtc_ex.c ****         return HAL_TIMEOUT;
 3463              		.loc 1 1852 9 is_stmt 1 view .LVU1204
 3464              		.loc 1 1852 16 is_stmt 0 view .LVU1205
 3465 002c 07E0     		b	.L217
 3466              	.L220:
1853:stm/stm32f4xx/STM32F4xx_HAL_Driver/Src/stm32f4xx_hal_rtc_ex.c ****       }
1854:stm/stm32f4xx/STM32F4xx_HAL_Driver/Src/stm32f4xx_hal_rtc_ex.c ****     }
1855:stm/stm32f4xx/STM32F4xx_HAL_Driver/Src/stm32f4xx_hal_rtc_ex.c ****   }
1856:stm/stm32f4xx/STM32F4xx_HAL_Driver/Src/stm32f4xx_hal_rtc_ex.c **** 
1857:stm/stm32f4xx/STM32F4xx_HAL_Driver/Src/stm32f4xx_hal_rtc_ex.c ****   /* Clear the Alarm flag */
1858:stm/stm32f4xx/STM32F4xx_HAL_Driver/Src/stm32f4xx_hal_rtc_ex.c ****   __HAL_RTC_ALARM_CLEAR_FLAG(hrtc, RTC_FLAG_ALRBF);
 3467              		.loc 1 1858 3 is_stmt 1 view .LVU1206
 3468 002e DA68     		ldr	r2, [r3, #12]
 3469 0030 D2B2     		uxtb	r2, r2
 3470 0032 62F42072 		orn	r2, r2, #640
 3471 0036 DA60     		str	r2, [r3, #12]
1859:stm/stm32f4xx/STM32F4xx_HAL_Driver/Src/stm32f4xx_hal_rtc_ex.c **** 
1860:stm/stm32f4xx/STM32F4xx_HAL_Driver/Src/stm32f4xx_hal_rtc_ex.c ****   /* Change RTC state */
1861:stm/stm32f4xx/STM32F4xx_HAL_Driver/Src/stm32f4xx_hal_rtc_ex.c ****   hrtc->State = HAL_RTC_STATE_READY;
 3472              		.loc 1 1861 3 view .LVU1207
 3473              		.loc 1 1861 15 is_stmt 0 view .LVU1208
 3474 0038 0123     		movs	r3, #1
 3475 003a 6377     		strb	r3, [r4, #29]
1862:stm/stm32f4xx/STM32F4xx_HAL_Driver/Src/stm32f4xx_hal_rtc_ex.c **** 
1863:stm/stm32f4xx/STM32F4xx_HAL_Driver/Src/stm32f4xx_hal_rtc_ex.c ****   return HAL_OK;
 3476              		.loc 1 1863 3 is_stmt 1 view .LVU1209
 3477              		.loc 1 1863 10 is_stmt 0 view .LVU1210
 3478 003c 0020     		movs	r0, #0
 3479              	.L217:
1864:stm/stm32f4xx/STM32F4xx_HAL_Driver/Src/stm32f4xx_hal_rtc_ex.c **** }
 3480              		.loc 1 1864 1 view .LVU1211
ARM GAS  /tmp/ccYCz6LM.s 			page 98


 3481 003e 70BD     		pop	{r4, r5, r6, pc}
 3482              		.loc 1 1864 1 view .LVU1212
 3483              		.cfi_endproc
 3484              	.LFE273:
 3486              		.text
 3487              	.Letext0:
 3488              		.file 2 "/usr/lib/gcc/arm-none-eabi/13.2.1/include/stdint.h"
 3489              		.file 3 "stm/stm32f4xx/CMSIS/Device/ST/STM32F4xx/Include/stm32f446xx.h"
 3490              		.file 4 "stm/stm32f4xx/STM32F4xx_HAL_Driver/Inc/stm32f4xx_hal_def.h"
 3491              		.file 5 "stm/stm32f4xx/STM32F4xx_HAL_Driver/Inc/stm32f4xx_hal_rtc.h"
 3492              		.file 6 "stm/stm32f4xx/STM32F4xx_HAL_Driver/Inc/stm32f4xx_hal_rtc_ex.h"
 3493              		.file 7 "stm/stm32f4xx/CMSIS/Device/ST/STM32F4xx/Include/system_stm32f4xx.h"
 3494              		.file 8 "stm/stm32f4xx/STM32F4xx_HAL_Driver/Inc/stm32f4xx_hal.h"
ARM GAS  /tmp/ccYCz6LM.s 			page 99


DEFINED SYMBOLS
                            *ABS*:00000000 stm32f4xx_hal_rtc_ex.c
     /tmp/ccYCz6LM.s:21     .text.HAL_RTCEx_SetTimeStamp:00000000 $t
     /tmp/ccYCz6LM.s:27     .text.HAL_RTCEx_SetTimeStamp:00000000 HAL_RTCEx_SetTimeStamp
     /tmp/ccYCz6LM.s:160    .text.HAL_RTCEx_SetTimeStamp_IT:00000000 $t
     /tmp/ccYCz6LM.s:166    .text.HAL_RTCEx_SetTimeStamp_IT:00000000 HAL_RTCEx_SetTimeStamp_IT
     /tmp/ccYCz6LM.s:312    .text.HAL_RTCEx_SetTimeStamp_IT:00000094 $d
     /tmp/ccYCz6LM.s:317    .text.HAL_RTCEx_DeactivateTimeStamp:00000000 $t
     /tmp/ccYCz6LM.s:323    .text.HAL_RTCEx_DeactivateTimeStamp:00000000 HAL_RTCEx_DeactivateTimeStamp
     /tmp/ccYCz6LM.s:409    .text.HAL_RTCEx_GetTimeStamp:00000000 $t
     /tmp/ccYCz6LM.s:415    .text.HAL_RTCEx_GetTimeStamp:00000000 HAL_RTCEx_GetTimeStamp
     /tmp/ccYCz6LM.s:561    .text.HAL_RTCEx_SetTamper:00000000 $t
     /tmp/ccYCz6LM.s:567    .text.HAL_RTCEx_SetTamper:00000000 HAL_RTCEx_SetTamper
     /tmp/ccYCz6LM.s:712    .text.HAL_RTCEx_SetTamper_IT:00000000 $t
     /tmp/ccYCz6LM.s:718    .text.HAL_RTCEx_SetTamper_IT:00000000 HAL_RTCEx_SetTamper_IT
     /tmp/ccYCz6LM.s:871    .text.HAL_RTCEx_SetTamper_IT:00000070 $d
     /tmp/ccYCz6LM.s:876    .text.HAL_RTCEx_DeactivateTamper:00000000 $t
     /tmp/ccYCz6LM.s:882    .text.HAL_RTCEx_DeactivateTamper:00000000 HAL_RTCEx_DeactivateTamper
     /tmp/ccYCz6LM.s:946    .text.HAL_RTCEx_TimeStampEventCallback:00000000 $t
     /tmp/ccYCz6LM.s:952    .text.HAL_RTCEx_TimeStampEventCallback:00000000 HAL_RTCEx_TimeStampEventCallback
     /tmp/ccYCz6LM.s:967    .text.HAL_RTCEx_Tamper1EventCallback:00000000 $t
     /tmp/ccYCz6LM.s:973    .text.HAL_RTCEx_Tamper1EventCallback:00000000 HAL_RTCEx_Tamper1EventCallback
     /tmp/ccYCz6LM.s:988    .text.HAL_RTCEx_Tamper2EventCallback:00000000 $t
     /tmp/ccYCz6LM.s:994    .text.HAL_RTCEx_Tamper2EventCallback:00000000 HAL_RTCEx_Tamper2EventCallback
     /tmp/ccYCz6LM.s:1009   .text.HAL_RTCEx_TamperTimeStampIRQHandler:00000000 $t
     /tmp/ccYCz6LM.s:1015   .text.HAL_RTCEx_TamperTimeStampIRQHandler:00000000 HAL_RTCEx_TamperTimeStampIRQHandler
     /tmp/ccYCz6LM.s:1119   .text.HAL_RTCEx_TamperTimeStampIRQHandler:00000080 $d
     /tmp/ccYCz6LM.s:1124   .text.HAL_RTCEx_PollForTimeStampEvent:00000000 $t
     /tmp/ccYCz6LM.s:1130   .text.HAL_RTCEx_PollForTimeStampEvent:00000000 HAL_RTCEx_PollForTimeStampEvent
     /tmp/ccYCz6LM.s:1228   .text.HAL_RTCEx_PollForTamper1Event:00000000 $t
     /tmp/ccYCz6LM.s:1234   .text.HAL_RTCEx_PollForTamper1Event:00000000 HAL_RTCEx_PollForTamper1Event
     /tmp/ccYCz6LM.s:1313   .text.HAL_RTCEx_PollForTamper2Event:00000000 $t
     /tmp/ccYCz6LM.s:1319   .text.HAL_RTCEx_PollForTamper2Event:00000000 HAL_RTCEx_PollForTamper2Event
     /tmp/ccYCz6LM.s:1398   .text.HAL_RTCEx_SetWakeUpTimer:00000000 $t
     /tmp/ccYCz6LM.s:1404   .text.HAL_RTCEx_SetWakeUpTimer:00000000 HAL_RTCEx_SetWakeUpTimer
     /tmp/ccYCz6LM.s:1615   .text.HAL_RTCEx_SetWakeUpTimer_IT:00000000 $t
     /tmp/ccYCz6LM.s:1621   .text.HAL_RTCEx_SetWakeUpTimer_IT:00000000 HAL_RTCEx_SetWakeUpTimer_IT
     /tmp/ccYCz6LM.s:1858   .text.HAL_RTCEx_SetWakeUpTimer_IT:0000011c $d
     /tmp/ccYCz6LM.s:1865   .text.HAL_RTCEx_DeactivateWakeUpTimer:00000000 $t
     /tmp/ccYCz6LM.s:1871   .text.HAL_RTCEx_DeactivateWakeUpTimer:00000000 HAL_RTCEx_DeactivateWakeUpTimer
     /tmp/ccYCz6LM.s:1996   .text.HAL_RTCEx_GetWakeUpTimer:00000000 $t
     /tmp/ccYCz6LM.s:2002   .text.HAL_RTCEx_GetWakeUpTimer:00000000 HAL_RTCEx_GetWakeUpTimer
     /tmp/ccYCz6LM.s:2023   .text.HAL_RTCEx_WakeUpTimerEventCallback:00000000 $t
     /tmp/ccYCz6LM.s:2029   .text.HAL_RTCEx_WakeUpTimerEventCallback:00000000 HAL_RTCEx_WakeUpTimerEventCallback
     /tmp/ccYCz6LM.s:2044   .text.HAL_RTCEx_WakeUpTimerIRQHandler:00000000 $t
     /tmp/ccYCz6LM.s:2050   .text.HAL_RTCEx_WakeUpTimerIRQHandler:00000000 HAL_RTCEx_WakeUpTimerIRQHandler
     /tmp/ccYCz6LM.s:2098   .text.HAL_RTCEx_WakeUpTimerIRQHandler:0000002c $d
     /tmp/ccYCz6LM.s:2103   .text.HAL_RTCEx_PollForWakeUpTimerEvent:00000000 $t
     /tmp/ccYCz6LM.s:2109   .text.HAL_RTCEx_PollForWakeUpTimerEvent:00000000 HAL_RTCEx_PollForWakeUpTimerEvent
     /tmp/ccYCz6LM.s:2188   .text.HAL_RTCEx_BKUPWrite:00000000 $t
     /tmp/ccYCz6LM.s:2194   .text.HAL_RTCEx_BKUPWrite:00000000 HAL_RTCEx_BKUPWrite
     /tmp/ccYCz6LM.s:2220   .text.HAL_RTCEx_BKUPRead:00000000 $t
     /tmp/ccYCz6LM.s:2226   .text.HAL_RTCEx_BKUPRead:00000000 HAL_RTCEx_BKUPRead
     /tmp/ccYCz6LM.s:2253   .text.HAL_RTCEx_SetCoarseCalib:00000000 $t
     /tmp/ccYCz6LM.s:2259   .text.HAL_RTCEx_SetCoarseCalib:00000000 HAL_RTCEx_SetCoarseCalib
     /tmp/ccYCz6LM.s:2376   .text.HAL_RTCEx_DeactivateCoarseCalib:00000000 $t
     /tmp/ccYCz6LM.s:2382   .text.HAL_RTCEx_DeactivateCoarseCalib:00000000 HAL_RTCEx_DeactivateCoarseCalib
ARM GAS  /tmp/ccYCz6LM.s 			page 100


     /tmp/ccYCz6LM.s:2481   .text.HAL_RTCEx_SetSmoothCalib:00000000 $t
     /tmp/ccYCz6LM.s:2487   .text.HAL_RTCEx_SetSmoothCalib:00000000 HAL_RTCEx_SetSmoothCalib
     /tmp/ccYCz6LM.s:2637   .text.HAL_RTCEx_SetSynchroShift:00000000 $t
     /tmp/ccYCz6LM.s:2643   .text.HAL_RTCEx_SetSynchroShift:00000000 HAL_RTCEx_SetSynchroShift
     /tmp/ccYCz6LM.s:2845   .text.HAL_RTCEx_SetCalibrationOutPut:00000000 $t
     /tmp/ccYCz6LM.s:2851   .text.HAL_RTCEx_SetCalibrationOutPut:00000000 HAL_RTCEx_SetCalibrationOutPut
     /tmp/ccYCz6LM.s:2946   .text.HAL_RTCEx_DeactivateCalibrationOutPut:00000000 $t
     /tmp/ccYCz6LM.s:2952   .text.HAL_RTCEx_DeactivateCalibrationOutPut:00000000 HAL_RTCEx_DeactivateCalibrationOutPut
     /tmp/ccYCz6LM.s:3019   .text.HAL_RTCEx_SetRefClock:00000000 $t
     /tmp/ccYCz6LM.s:3025   .text.HAL_RTCEx_SetRefClock:00000000 HAL_RTCEx_SetRefClock
     /tmp/ccYCz6LM.s:3124   .text.HAL_RTCEx_DeactivateRefClock:00000000 $t
     /tmp/ccYCz6LM.s:3130   .text.HAL_RTCEx_DeactivateRefClock:00000000 HAL_RTCEx_DeactivateRefClock
     /tmp/ccYCz6LM.s:3229   .text.HAL_RTCEx_EnableBypassShadow:00000000 $t
     /tmp/ccYCz6LM.s:3235   .text.HAL_RTCEx_EnableBypassShadow:00000000 HAL_RTCEx_EnableBypassShadow
     /tmp/ccYCz6LM.s:3305   .text.HAL_RTCEx_DisableBypassShadow:00000000 $t
     /tmp/ccYCz6LM.s:3311   .text.HAL_RTCEx_DisableBypassShadow:00000000 HAL_RTCEx_DisableBypassShadow
     /tmp/ccYCz6LM.s:3381   .text.HAL_RTCEx_AlarmBEventCallback:00000000 $t
     /tmp/ccYCz6LM.s:3387   .text.HAL_RTCEx_AlarmBEventCallback:00000000 HAL_RTCEx_AlarmBEventCallback
     /tmp/ccYCz6LM.s:3402   .text.HAL_RTCEx_PollForAlarmBEvent:00000000 $t
     /tmp/ccYCz6LM.s:3408   .text.HAL_RTCEx_PollForAlarmBEvent:00000000 HAL_RTCEx_PollForAlarmBEvent

UNDEFINED SYMBOLS
RTC_Bcd2ToByte
HAL_GetTick
SystemCoreClock
RTC_EnterInitMode
RTC_ExitInitMode
HAL_RTC_WaitForSynchro
