ARM GAS  /tmp/ccsRaXLF.s 			page 1


   1              		.cpu cortex-m4
   2              		.arch armv7e-m
   3              		.fpu fpv4-sp-d16
   4              		.eabi_attribute 27, 1
   5              		.eabi_attribute 28, 1
   6              		.eabi_attribute 20, 1
   7              		.eabi_attribute 21, 1
   8              		.eabi_attribute 23, 3
   9              		.eabi_attribute 24, 1
  10              		.eabi_attribute 25, 1
  11              		.eabi_attribute 26, 1
  12              		.eabi_attribute 30, 1
  13              		.eabi_attribute 34, 1
  14              		.eabi_attribute 18, 4
  15              		.file	"stm32f4xx_hal_rcc_ex.c"
  16              		.text
  17              	.Ltext0:
  18              		.cfi_sections	.debug_frame
  19              		.file 1 "stm/stm32f4xx/STM32F4xx_HAL_Driver/Src/stm32f4xx_hal_rcc_ex.c"
  20              		.section	.text.HAL_RCCEx_PeriphCLKConfig,"ax",%progbits
  21              		.align	1
  22              		.global	HAL_RCCEx_PeriphCLKConfig
  23              		.syntax unified
  24              		.thumb
  25              		.thumb_func
  27              	HAL_RCCEx_PeriphCLKConfig:
  28              	.LVL0:
  29              	.LFB239:
   1:stm/stm32f4xx/STM32F4xx_HAL_Driver/Src/stm32f4xx_hal_rcc_ex.c **** /**
   2:stm/stm32f4xx/STM32F4xx_HAL_Driver/Src/stm32f4xx_hal_rcc_ex.c ****   ******************************************************************************
   3:stm/stm32f4xx/STM32F4xx_HAL_Driver/Src/stm32f4xx_hal_rcc_ex.c ****   * @file    stm32f4xx_hal_rcc_ex.c
   4:stm/stm32f4xx/STM32F4xx_HAL_Driver/Src/stm32f4xx_hal_rcc_ex.c ****   * @author  MCD Application Team
   5:stm/stm32f4xx/STM32F4xx_HAL_Driver/Src/stm32f4xx_hal_rcc_ex.c ****   * @brief   Extension RCC HAL module driver.
   6:stm/stm32f4xx/STM32F4xx_HAL_Driver/Src/stm32f4xx_hal_rcc_ex.c ****   *          This file provides firmware functions to manage the following
   7:stm/stm32f4xx/STM32F4xx_HAL_Driver/Src/stm32f4xx_hal_rcc_ex.c ****   *          functionalities RCC extension peripheral:
   8:stm/stm32f4xx/STM32F4xx_HAL_Driver/Src/stm32f4xx_hal_rcc_ex.c ****   *           + Extended Peripheral Control functions
   9:stm/stm32f4xx/STM32F4xx_HAL_Driver/Src/stm32f4xx_hal_rcc_ex.c ****   *
  10:stm/stm32f4xx/STM32F4xx_HAL_Driver/Src/stm32f4xx_hal_rcc_ex.c ****   ******************************************************************************
  11:stm/stm32f4xx/STM32F4xx_HAL_Driver/Src/stm32f4xx_hal_rcc_ex.c ****   * @attention
  12:stm/stm32f4xx/STM32F4xx_HAL_Driver/Src/stm32f4xx_hal_rcc_ex.c ****   *
  13:stm/stm32f4xx/STM32F4xx_HAL_Driver/Src/stm32f4xx_hal_rcc_ex.c ****   * Copyright (c) 2017 STMicroelectronics.
  14:stm/stm32f4xx/STM32F4xx_HAL_Driver/Src/stm32f4xx_hal_rcc_ex.c ****   * All rights reserved.
  15:stm/stm32f4xx/STM32F4xx_HAL_Driver/Src/stm32f4xx_hal_rcc_ex.c ****   *
  16:stm/stm32f4xx/STM32F4xx_HAL_Driver/Src/stm32f4xx_hal_rcc_ex.c ****   * This software is licensed under terms that can be found in the LICENSE file in
  17:stm/stm32f4xx/STM32F4xx_HAL_Driver/Src/stm32f4xx_hal_rcc_ex.c ****   * the root directory of this software component.
  18:stm/stm32f4xx/STM32F4xx_HAL_Driver/Src/stm32f4xx_hal_rcc_ex.c ****   * If no LICENSE file comes with this software, it is provided AS-IS.
  19:stm/stm32f4xx/STM32F4xx_HAL_Driver/Src/stm32f4xx_hal_rcc_ex.c ****   ******************************************************************************
  20:stm/stm32f4xx/STM32F4xx_HAL_Driver/Src/stm32f4xx_hal_rcc_ex.c ****   */
  21:stm/stm32f4xx/STM32F4xx_HAL_Driver/Src/stm32f4xx_hal_rcc_ex.c **** 
  22:stm/stm32f4xx/STM32F4xx_HAL_Driver/Src/stm32f4xx_hal_rcc_ex.c **** /* Includes ------------------------------------------------------------------*/
  23:stm/stm32f4xx/STM32F4xx_HAL_Driver/Src/stm32f4xx_hal_rcc_ex.c **** #include "stm32f4xx_hal.h"
  24:stm/stm32f4xx/STM32F4xx_HAL_Driver/Src/stm32f4xx_hal_rcc_ex.c **** 
  25:stm/stm32f4xx/STM32F4xx_HAL_Driver/Src/stm32f4xx_hal_rcc_ex.c **** /** @addtogroup STM32F4xx_HAL_Driver
  26:stm/stm32f4xx/STM32F4xx_HAL_Driver/Src/stm32f4xx_hal_rcc_ex.c ****   * @{
  27:stm/stm32f4xx/STM32F4xx_HAL_Driver/Src/stm32f4xx_hal_rcc_ex.c ****   */
  28:stm/stm32f4xx/STM32F4xx_HAL_Driver/Src/stm32f4xx_hal_rcc_ex.c **** 
  29:stm/stm32f4xx/STM32F4xx_HAL_Driver/Src/stm32f4xx_hal_rcc_ex.c **** /** @defgroup RCCEx RCCEx
ARM GAS  /tmp/ccsRaXLF.s 			page 2


  30:stm/stm32f4xx/STM32F4xx_HAL_Driver/Src/stm32f4xx_hal_rcc_ex.c ****   * @brief RCCEx HAL module driver
  31:stm/stm32f4xx/STM32F4xx_HAL_Driver/Src/stm32f4xx_hal_rcc_ex.c ****   * @{
  32:stm/stm32f4xx/STM32F4xx_HAL_Driver/Src/stm32f4xx_hal_rcc_ex.c ****   */
  33:stm/stm32f4xx/STM32F4xx_HAL_Driver/Src/stm32f4xx_hal_rcc_ex.c **** 
  34:stm/stm32f4xx/STM32F4xx_HAL_Driver/Src/stm32f4xx_hal_rcc_ex.c **** #ifdef HAL_RCC_MODULE_ENABLED
  35:stm/stm32f4xx/STM32F4xx_HAL_Driver/Src/stm32f4xx_hal_rcc_ex.c **** 
  36:stm/stm32f4xx/STM32F4xx_HAL_Driver/Src/stm32f4xx_hal_rcc_ex.c **** /* Private typedef -----------------------------------------------------------*/
  37:stm/stm32f4xx/STM32F4xx_HAL_Driver/Src/stm32f4xx_hal_rcc_ex.c **** /* Private define ------------------------------------------------------------*/
  38:stm/stm32f4xx/STM32F4xx_HAL_Driver/Src/stm32f4xx_hal_rcc_ex.c **** /** @addtogroup RCCEx_Private_Constants
  39:stm/stm32f4xx/STM32F4xx_HAL_Driver/Src/stm32f4xx_hal_rcc_ex.c ****   * @{
  40:stm/stm32f4xx/STM32F4xx_HAL_Driver/Src/stm32f4xx_hal_rcc_ex.c ****   */
  41:stm/stm32f4xx/STM32F4xx_HAL_Driver/Src/stm32f4xx_hal_rcc_ex.c **** /**
  42:stm/stm32f4xx/STM32F4xx_HAL_Driver/Src/stm32f4xx_hal_rcc_ex.c ****   * @}
  43:stm/stm32f4xx/STM32F4xx_HAL_Driver/Src/stm32f4xx_hal_rcc_ex.c ****   */
  44:stm/stm32f4xx/STM32F4xx_HAL_Driver/Src/stm32f4xx_hal_rcc_ex.c **** /* Private macro -------------------------------------------------------------*/
  45:stm/stm32f4xx/STM32F4xx_HAL_Driver/Src/stm32f4xx_hal_rcc_ex.c **** /* Private variables ---------------------------------------------------------*/
  46:stm/stm32f4xx/STM32F4xx_HAL_Driver/Src/stm32f4xx_hal_rcc_ex.c **** /* Private function prototypes -----------------------------------------------*/
  47:stm/stm32f4xx/STM32F4xx_HAL_Driver/Src/stm32f4xx_hal_rcc_ex.c **** /* Private functions ---------------------------------------------------------*/
  48:stm/stm32f4xx/STM32F4xx_HAL_Driver/Src/stm32f4xx_hal_rcc_ex.c **** /** @defgroup RCCEx_Exported_Functions RCCEx Exported Functions
  49:stm/stm32f4xx/STM32F4xx_HAL_Driver/Src/stm32f4xx_hal_rcc_ex.c ****   *  @{
  50:stm/stm32f4xx/STM32F4xx_HAL_Driver/Src/stm32f4xx_hal_rcc_ex.c ****   */
  51:stm/stm32f4xx/STM32F4xx_HAL_Driver/Src/stm32f4xx_hal_rcc_ex.c **** 
  52:stm/stm32f4xx/STM32F4xx_HAL_Driver/Src/stm32f4xx_hal_rcc_ex.c **** /** @defgroup RCCEx_Exported_Functions_Group1 Extended Peripheral Control functions
  53:stm/stm32f4xx/STM32F4xx_HAL_Driver/Src/stm32f4xx_hal_rcc_ex.c ****  *  @brief  Extended Peripheral Control functions
  54:stm/stm32f4xx/STM32F4xx_HAL_Driver/Src/stm32f4xx_hal_rcc_ex.c ****  *
  55:stm/stm32f4xx/STM32F4xx_HAL_Driver/Src/stm32f4xx_hal_rcc_ex.c **** @verbatim
  56:stm/stm32f4xx/STM32F4xx_HAL_Driver/Src/stm32f4xx_hal_rcc_ex.c ****  ===============================================================================
  57:stm/stm32f4xx/STM32F4xx_HAL_Driver/Src/stm32f4xx_hal_rcc_ex.c ****                 ##### Extended Peripheral Control functions  #####
  58:stm/stm32f4xx/STM32F4xx_HAL_Driver/Src/stm32f4xx_hal_rcc_ex.c ****  ===============================================================================
  59:stm/stm32f4xx/STM32F4xx_HAL_Driver/Src/stm32f4xx_hal_rcc_ex.c ****     [..]
  60:stm/stm32f4xx/STM32F4xx_HAL_Driver/Src/stm32f4xx_hal_rcc_ex.c ****     This subsection provides a set of functions allowing to control the RCC Clocks
  61:stm/stm32f4xx/STM32F4xx_HAL_Driver/Src/stm32f4xx_hal_rcc_ex.c ****     frequencies.
  62:stm/stm32f4xx/STM32F4xx_HAL_Driver/Src/stm32f4xx_hal_rcc_ex.c ****     [..]
  63:stm/stm32f4xx/STM32F4xx_HAL_Driver/Src/stm32f4xx_hal_rcc_ex.c ****     (@) Important note: Care must be taken when HAL_RCCEx_PeriphCLKConfig() is used to
  64:stm/stm32f4xx/STM32F4xx_HAL_Driver/Src/stm32f4xx_hal_rcc_ex.c ****         select the RTC clock source; in this case the Backup domain will be reset in
  65:stm/stm32f4xx/STM32F4xx_HAL_Driver/Src/stm32f4xx_hal_rcc_ex.c ****         order to modify the RTC Clock source, as consequence RTC registers (including
  66:stm/stm32f4xx/STM32F4xx_HAL_Driver/Src/stm32f4xx_hal_rcc_ex.c ****         the backup registers) and RCC_BDCR register are set to their reset values.
  67:stm/stm32f4xx/STM32F4xx_HAL_Driver/Src/stm32f4xx_hal_rcc_ex.c **** 
  68:stm/stm32f4xx/STM32F4xx_HAL_Driver/Src/stm32f4xx_hal_rcc_ex.c **** @endverbatim
  69:stm/stm32f4xx/STM32F4xx_HAL_Driver/Src/stm32f4xx_hal_rcc_ex.c ****   * @{
  70:stm/stm32f4xx/STM32F4xx_HAL_Driver/Src/stm32f4xx_hal_rcc_ex.c ****   */
  71:stm/stm32f4xx/STM32F4xx_HAL_Driver/Src/stm32f4xx_hal_rcc_ex.c **** 
  72:stm/stm32f4xx/STM32F4xx_HAL_Driver/Src/stm32f4xx_hal_rcc_ex.c **** #if defined(STM32F446xx)
  73:stm/stm32f4xx/STM32F4xx_HAL_Driver/Src/stm32f4xx_hal_rcc_ex.c **** /**
  74:stm/stm32f4xx/STM32F4xx_HAL_Driver/Src/stm32f4xx_hal_rcc_ex.c ****   * @brief  Initializes the RCC extended peripherals clocks according to the specified
  75:stm/stm32f4xx/STM32F4xx_HAL_Driver/Src/stm32f4xx_hal_rcc_ex.c ****   *         parameters in the RCC_PeriphCLKInitTypeDef.
  76:stm/stm32f4xx/STM32F4xx_HAL_Driver/Src/stm32f4xx_hal_rcc_ex.c ****   * @param  PeriphClkInit pointer to an RCC_PeriphCLKInitTypeDef structure that
  77:stm/stm32f4xx/STM32F4xx_HAL_Driver/Src/stm32f4xx_hal_rcc_ex.c ****   *         contains the configuration information for the Extended Peripherals
  78:stm/stm32f4xx/STM32F4xx_HAL_Driver/Src/stm32f4xx_hal_rcc_ex.c ****   *         clocks(I2S, SAI, LTDC RTC and TIM).
  79:stm/stm32f4xx/STM32F4xx_HAL_Driver/Src/stm32f4xx_hal_rcc_ex.c ****   *
  80:stm/stm32f4xx/STM32F4xx_HAL_Driver/Src/stm32f4xx_hal_rcc_ex.c ****   * @note   Care must be taken when HAL_RCCEx_PeriphCLKConfig() is used to select
  81:stm/stm32f4xx/STM32F4xx_HAL_Driver/Src/stm32f4xx_hal_rcc_ex.c ****   *         the RTC clock source; in this case the Backup domain will be reset in
  82:stm/stm32f4xx/STM32F4xx_HAL_Driver/Src/stm32f4xx_hal_rcc_ex.c ****   *         order to modify the RTC Clock source, as consequence RTC registers (including
  83:stm/stm32f4xx/STM32F4xx_HAL_Driver/Src/stm32f4xx_hal_rcc_ex.c ****   *         the backup registers) and RCC_BDCR register are set to their reset values.
  84:stm/stm32f4xx/STM32F4xx_HAL_Driver/Src/stm32f4xx_hal_rcc_ex.c ****   *
  85:stm/stm32f4xx/STM32F4xx_HAL_Driver/Src/stm32f4xx_hal_rcc_ex.c ****   * @retval HAL status
  86:stm/stm32f4xx/STM32F4xx_HAL_Driver/Src/stm32f4xx_hal_rcc_ex.c ****   */
ARM GAS  /tmp/ccsRaXLF.s 			page 3


  87:stm/stm32f4xx/STM32F4xx_HAL_Driver/Src/stm32f4xx_hal_rcc_ex.c **** HAL_StatusTypeDef HAL_RCCEx_PeriphCLKConfig(RCC_PeriphCLKInitTypeDef  *PeriphClkInit)
  88:stm/stm32f4xx/STM32F4xx_HAL_Driver/Src/stm32f4xx_hal_rcc_ex.c **** {
  30              		.loc 1 88 1 view -0
  31              		.cfi_startproc
  32              		@ args = 0, pretend = 0, frame = 8
  33              		@ frame_needed = 0, uses_anonymous_args = 0
  34              		.loc 1 88 1 is_stmt 0 view .LVU1
  35 0000 F0B5     		push	{r4, r5, r6, r7, lr}
  36              	.LCFI0:
  37              		.cfi_def_cfa_offset 20
  38              		.cfi_offset 4, -20
  39              		.cfi_offset 5, -16
  40              		.cfi_offset 6, -12
  41              		.cfi_offset 7, -8
  42              		.cfi_offset 14, -4
  43 0002 83B0     		sub	sp, sp, #12
  44              	.LCFI1:
  45              		.cfi_def_cfa_offset 32
  46 0004 0446     		mov	r4, r0
  89:stm/stm32f4xx/STM32F4xx_HAL_Driver/Src/stm32f4xx_hal_rcc_ex.c ****   uint32_t tickstart = 0U;
  47              		.loc 1 89 3 is_stmt 1 view .LVU2
  48              	.LVL1:
  90:stm/stm32f4xx/STM32F4xx_HAL_Driver/Src/stm32f4xx_hal_rcc_ex.c ****   uint32_t tmpreg1 = 0U;
  49              		.loc 1 90 3 view .LVU3
  91:stm/stm32f4xx/STM32F4xx_HAL_Driver/Src/stm32f4xx_hal_rcc_ex.c ****   uint32_t plli2sp = 0U;
  50              		.loc 1 91 3 view .LVU4
  92:stm/stm32f4xx/STM32F4xx_HAL_Driver/Src/stm32f4xx_hal_rcc_ex.c ****   uint32_t plli2sq = 0U;
  51              		.loc 1 92 3 view .LVU5
  93:stm/stm32f4xx/STM32F4xx_HAL_Driver/Src/stm32f4xx_hal_rcc_ex.c ****   uint32_t plli2sr = 0U;
  52              		.loc 1 93 3 view .LVU6
  94:stm/stm32f4xx/STM32F4xx_HAL_Driver/Src/stm32f4xx_hal_rcc_ex.c ****   uint32_t pllsaip = 0U;
  53              		.loc 1 94 3 view .LVU7
  95:stm/stm32f4xx/STM32F4xx_HAL_Driver/Src/stm32f4xx_hal_rcc_ex.c ****   uint32_t pllsaiq = 0U;
  54              		.loc 1 95 3 view .LVU8
  96:stm/stm32f4xx/STM32F4xx_HAL_Driver/Src/stm32f4xx_hal_rcc_ex.c ****   uint32_t plli2sused = 0U;
  55              		.loc 1 96 3 view .LVU9
  97:stm/stm32f4xx/STM32F4xx_HAL_Driver/Src/stm32f4xx_hal_rcc_ex.c ****   uint32_t pllsaiused = 0U;
  56              		.loc 1 97 3 view .LVU10
  98:stm/stm32f4xx/STM32F4xx_HAL_Driver/Src/stm32f4xx_hal_rcc_ex.c **** 
  99:stm/stm32f4xx/STM32F4xx_HAL_Driver/Src/stm32f4xx_hal_rcc_ex.c ****   /* Check the peripheral clock selection parameters */
 100:stm/stm32f4xx/STM32F4xx_HAL_Driver/Src/stm32f4xx_hal_rcc_ex.c ****   assert_param(IS_RCC_PERIPHCLOCK(PeriphClkInit->PeriphClockSelection));
  57              		.loc 1 100 3 view .LVU11
 101:stm/stm32f4xx/STM32F4xx_HAL_Driver/Src/stm32f4xx_hal_rcc_ex.c **** 
 102:stm/stm32f4xx/STM32F4xx_HAL_Driver/Src/stm32f4xx_hal_rcc_ex.c ****   /*------------------------ I2S APB1 configuration --------------------------*/
 103:stm/stm32f4xx/STM32F4xx_HAL_Driver/Src/stm32f4xx_hal_rcc_ex.c ****   if(((PeriphClkInit->PeriphClockSelection) & RCC_PERIPHCLK_I2S_APB1) == (RCC_PERIPHCLK_I2S_APB1))
  58              		.loc 1 103 3 view .LVU12
  59              		.loc 1 103 21 is_stmt 0 view .LVU13
  60 0006 0668     		ldr	r6, [r0]
  61              		.loc 1 103 5 view .LVU14
  62 0008 16F00106 		ands	r6, r6, #1
  63 000c 0DD0     		beq	.L2
 104:stm/stm32f4xx/STM32F4xx_HAL_Driver/Src/stm32f4xx_hal_rcc_ex.c ****   {
 105:stm/stm32f4xx/STM32F4xx_HAL_Driver/Src/stm32f4xx_hal_rcc_ex.c ****     /* Check the parameters */
 106:stm/stm32f4xx/STM32F4xx_HAL_Driver/Src/stm32f4xx_hal_rcc_ex.c ****     assert_param(IS_RCC_I2SAPB1CLKSOURCE(PeriphClkInit->I2sApb1ClockSelection));
  64              		.loc 1 106 5 is_stmt 1 view .LVU15
 107:stm/stm32f4xx/STM32F4xx_HAL_Driver/Src/stm32f4xx_hal_rcc_ex.c **** 
 108:stm/stm32f4xx/STM32F4xx_HAL_Driver/Src/stm32f4xx_hal_rcc_ex.c ****     /* Configure I2S Clock source */
ARM GAS  /tmp/ccsRaXLF.s 			page 4


 109:stm/stm32f4xx/STM32F4xx_HAL_Driver/Src/stm32f4xx_hal_rcc_ex.c ****     __HAL_RCC_I2S_APB1_CONFIG(PeriphClkInit->I2sApb1ClockSelection);
  65              		.loc 1 109 5 view .LVU16
  66 000e 964A     		ldr	r2, .L73
  67 0010 D2F88C30 		ldr	r3, [r2, #140]
  68 0014 23F0C063 		bic	r3, r3, #100663296
  69 0018 816B     		ldr	r1, [r0, #56]
  70 001a 0B43     		orrs	r3, r3, r1
  71 001c C2F88C30 		str	r3, [r2, #140]
 110:stm/stm32f4xx/STM32F4xx_HAL_Driver/Src/stm32f4xx_hal_rcc_ex.c ****     /* Enable the PLLI2S when it's used as clock source for I2S */
 111:stm/stm32f4xx/STM32F4xx_HAL_Driver/Src/stm32f4xx_hal_rcc_ex.c ****     if(PeriphClkInit->I2sApb1ClockSelection == RCC_I2SAPB1CLKSOURCE_PLLI2S)
  72              		.loc 1 111 5 view .LVU17
  73              		.loc 1 111 21 is_stmt 0 view .LVU18
  74 0020 836B     		ldr	r3, [r0, #56]
  75              		.loc 1 111 7 view .LVU19
  76 0022 002B     		cmp	r3, #0
  77 0024 00F09B80 		beq	.L45
  96:stm/stm32f4xx/STM32F4xx_HAL_Driver/Src/stm32f4xx_hal_rcc_ex.c ****   uint32_t pllsaiused = 0U;
  78              		.loc 1 96 12 view .LVU20
  79 0028 0026     		movs	r6, #0
  80              	.L2:
  81              	.LVL2:
 112:stm/stm32f4xx/STM32F4xx_HAL_Driver/Src/stm32f4xx_hal_rcc_ex.c ****     {
 113:stm/stm32f4xx/STM32F4xx_HAL_Driver/Src/stm32f4xx_hal_rcc_ex.c ****       plli2sused = 1U;
 114:stm/stm32f4xx/STM32F4xx_HAL_Driver/Src/stm32f4xx_hal_rcc_ex.c ****     }
 115:stm/stm32f4xx/STM32F4xx_HAL_Driver/Src/stm32f4xx_hal_rcc_ex.c ****   }
 116:stm/stm32f4xx/STM32F4xx_HAL_Driver/Src/stm32f4xx_hal_rcc_ex.c ****   /*--------------------------------------------------------------------------*/
 117:stm/stm32f4xx/STM32F4xx_HAL_Driver/Src/stm32f4xx_hal_rcc_ex.c **** 
 118:stm/stm32f4xx/STM32F4xx_HAL_Driver/Src/stm32f4xx_hal_rcc_ex.c ****   /*---------------------------- I2S APB2 configuration ----------------------*/
 119:stm/stm32f4xx/STM32F4xx_HAL_Driver/Src/stm32f4xx_hal_rcc_ex.c ****   if(((PeriphClkInit->PeriphClockSelection) & RCC_PERIPHCLK_I2S_APB2) == (RCC_PERIPHCLK_I2S_APB2))
  82              		.loc 1 119 3 is_stmt 1 view .LVU21
  83              		.loc 1 119 21 is_stmt 0 view .LVU22
  84 002a 2368     		ldr	r3, [r4]
  85              		.loc 1 119 5 view .LVU23
  86 002c 13F0020F 		tst	r3, #2
  87 0030 0BD0     		beq	.L3
 120:stm/stm32f4xx/STM32F4xx_HAL_Driver/Src/stm32f4xx_hal_rcc_ex.c ****   {
 121:stm/stm32f4xx/STM32F4xx_HAL_Driver/Src/stm32f4xx_hal_rcc_ex.c ****     /* Check the parameters */
 122:stm/stm32f4xx/STM32F4xx_HAL_Driver/Src/stm32f4xx_hal_rcc_ex.c ****     assert_param(IS_RCC_I2SAPB2CLKSOURCE(PeriphClkInit->I2sApb2ClockSelection));
  88              		.loc 1 122 5 is_stmt 1 view .LVU24
 123:stm/stm32f4xx/STM32F4xx_HAL_Driver/Src/stm32f4xx_hal_rcc_ex.c **** 
 124:stm/stm32f4xx/STM32F4xx_HAL_Driver/Src/stm32f4xx_hal_rcc_ex.c ****     /* Configure I2S Clock source */
 125:stm/stm32f4xx/STM32F4xx_HAL_Driver/Src/stm32f4xx_hal_rcc_ex.c ****     __HAL_RCC_I2S_APB2_CONFIG(PeriphClkInit->I2sApb2ClockSelection);
  89              		.loc 1 125 5 view .LVU25
  90 0032 8D4A     		ldr	r2, .L73
  91 0034 D2F88C30 		ldr	r3, [r2, #140]
  92 0038 23F0C053 		bic	r3, r3, #402653184
  93 003c E16B     		ldr	r1, [r4, #60]
  94 003e 0B43     		orrs	r3, r3, r1
  95 0040 C2F88C30 		str	r3, [r2, #140]
 126:stm/stm32f4xx/STM32F4xx_HAL_Driver/Src/stm32f4xx_hal_rcc_ex.c ****     /* Enable the PLLI2S when it's used as clock source for I2S */
 127:stm/stm32f4xx/STM32F4xx_HAL_Driver/Src/stm32f4xx_hal_rcc_ex.c ****     if(PeriphClkInit->I2sApb2ClockSelection == RCC_I2SAPB2CLKSOURCE_PLLI2S)
  96              		.loc 1 127 5 view .LVU26
  97              		.loc 1 127 21 is_stmt 0 view .LVU27
  98 0044 E36B     		ldr	r3, [r4, #60]
  99              		.loc 1 127 7 view .LVU28
 100 0046 03B9     		cbnz	r3, .L3
 128:stm/stm32f4xx/STM32F4xx_HAL_Driver/Src/stm32f4xx_hal_rcc_ex.c ****     {
ARM GAS  /tmp/ccsRaXLF.s 			page 5


 129:stm/stm32f4xx/STM32F4xx_HAL_Driver/Src/stm32f4xx_hal_rcc_ex.c ****       plli2sused = 1U;
 101              		.loc 1 129 18 view .LVU29
 102 0048 0126     		movs	r6, #1
 103              	.LVL3:
 104              	.L3:
 130:stm/stm32f4xx/STM32F4xx_HAL_Driver/Src/stm32f4xx_hal_rcc_ex.c ****     }
 131:stm/stm32f4xx/STM32F4xx_HAL_Driver/Src/stm32f4xx_hal_rcc_ex.c ****   }
 132:stm/stm32f4xx/STM32F4xx_HAL_Driver/Src/stm32f4xx_hal_rcc_ex.c ****   /*--------------------------------------------------------------------------*/
 133:stm/stm32f4xx/STM32F4xx_HAL_Driver/Src/stm32f4xx_hal_rcc_ex.c **** 
 134:stm/stm32f4xx/STM32F4xx_HAL_Driver/Src/stm32f4xx_hal_rcc_ex.c ****   /*--------------------------- SAI1 configuration ---------------------------*/
 135:stm/stm32f4xx/STM32F4xx_HAL_Driver/Src/stm32f4xx_hal_rcc_ex.c ****   if(((PeriphClkInit->PeriphClockSelection) & RCC_PERIPHCLK_SAI1) == (RCC_PERIPHCLK_SAI1))
 105              		.loc 1 135 3 is_stmt 1 view .LVU30
 106              		.loc 1 135 21 is_stmt 0 view .LVU31
 107 004a 2568     		ldr	r5, [r4]
 108              		.loc 1 135 5 view .LVU32
 109 004c 15F00405 		ands	r5, r5, #4
 110 0050 0FD0     		beq	.L4
 136:stm/stm32f4xx/STM32F4xx_HAL_Driver/Src/stm32f4xx_hal_rcc_ex.c ****   {
 137:stm/stm32f4xx/STM32F4xx_HAL_Driver/Src/stm32f4xx_hal_rcc_ex.c ****     /* Check the parameters */
 138:stm/stm32f4xx/STM32F4xx_HAL_Driver/Src/stm32f4xx_hal_rcc_ex.c ****     assert_param(IS_RCC_SAI1CLKSOURCE(PeriphClkInit->Sai1ClockSelection));
 111              		.loc 1 138 5 is_stmt 1 view .LVU33
 139:stm/stm32f4xx/STM32F4xx_HAL_Driver/Src/stm32f4xx_hal_rcc_ex.c **** 
 140:stm/stm32f4xx/STM32F4xx_HAL_Driver/Src/stm32f4xx_hal_rcc_ex.c ****     /* Configure SAI1 Clock source */
 141:stm/stm32f4xx/STM32F4xx_HAL_Driver/Src/stm32f4xx_hal_rcc_ex.c ****     __HAL_RCC_SAI1_CONFIG(PeriphClkInit->Sai1ClockSelection);
 112              		.loc 1 141 5 view .LVU34
 113 0052 854A     		ldr	r2, .L73
 114 0054 D2F88C30 		ldr	r3, [r2, #140]
 115 0058 23F44013 		bic	r3, r3, #3145728
 116 005c 216B     		ldr	r1, [r4, #48]
 117 005e 0B43     		orrs	r3, r3, r1
 118 0060 C2F88C30 		str	r3, [r2, #140]
 142:stm/stm32f4xx/STM32F4xx_HAL_Driver/Src/stm32f4xx_hal_rcc_ex.c ****     /* Enable the PLLI2S when it's used as clock source for SAI */
 143:stm/stm32f4xx/STM32F4xx_HAL_Driver/Src/stm32f4xx_hal_rcc_ex.c ****     if(PeriphClkInit->Sai1ClockSelection == RCC_SAI1CLKSOURCE_PLLI2S)
 119              		.loc 1 143 5 view .LVU35
 120              		.loc 1 143 21 is_stmt 0 view .LVU36
 121 0064 236B     		ldr	r3, [r4, #48]
 122              		.loc 1 143 7 view .LVU37
 123 0066 B3F5801F 		cmp	r3, #1048576
 124 006a 7AD0     		beq	.L60
 125              	.LVL4:
 126              	.L5:
 144:stm/stm32f4xx/STM32F4xx_HAL_Driver/Src/stm32f4xx_hal_rcc_ex.c ****     {
 145:stm/stm32f4xx/STM32F4xx_HAL_Driver/Src/stm32f4xx_hal_rcc_ex.c ****       plli2sused = 1U;
 146:stm/stm32f4xx/STM32F4xx_HAL_Driver/Src/stm32f4xx_hal_rcc_ex.c ****     }
 147:stm/stm32f4xx/STM32F4xx_HAL_Driver/Src/stm32f4xx_hal_rcc_ex.c ****     /* Enable the PLLSAI when it's used as clock source for SAI */
 148:stm/stm32f4xx/STM32F4xx_HAL_Driver/Src/stm32f4xx_hal_rcc_ex.c ****     if(PeriphClkInit->Sai1ClockSelection == RCC_SAI1CLKSOURCE_PLLSAI)
 127              		.loc 1 148 5 is_stmt 1 view .LVU38
 128              		.loc 1 148 7 is_stmt 0 view .LVU39
 129 006c 002B     		cmp	r3, #0
 130 006e 7AD0     		beq	.L48
  97:stm/stm32f4xx/STM32F4xx_HAL_Driver/Src/stm32f4xx_hal_rcc_ex.c **** 
 131              		.loc 1 97 12 view .LVU40
 132 0070 0025     		movs	r5, #0
 133              	.L4:
 134              	.LVL5:
 149:stm/stm32f4xx/STM32F4xx_HAL_Driver/Src/stm32f4xx_hal_rcc_ex.c ****     {
 150:stm/stm32f4xx/STM32F4xx_HAL_Driver/Src/stm32f4xx_hal_rcc_ex.c ****       pllsaiused = 1U;
ARM GAS  /tmp/ccsRaXLF.s 			page 6


 151:stm/stm32f4xx/STM32F4xx_HAL_Driver/Src/stm32f4xx_hal_rcc_ex.c ****     }
 152:stm/stm32f4xx/STM32F4xx_HAL_Driver/Src/stm32f4xx_hal_rcc_ex.c ****   }
 153:stm/stm32f4xx/STM32F4xx_HAL_Driver/Src/stm32f4xx_hal_rcc_ex.c ****   /*--------------------------------------------------------------------------*/
 154:stm/stm32f4xx/STM32F4xx_HAL_Driver/Src/stm32f4xx_hal_rcc_ex.c **** 
 155:stm/stm32f4xx/STM32F4xx_HAL_Driver/Src/stm32f4xx_hal_rcc_ex.c ****   /*-------------------------- SAI2 configuration ----------------------------*/
 156:stm/stm32f4xx/STM32F4xx_HAL_Driver/Src/stm32f4xx_hal_rcc_ex.c ****   if(((PeriphClkInit->PeriphClockSelection) & RCC_PERIPHCLK_SAI2) == (RCC_PERIPHCLK_SAI2))
 135              		.loc 1 156 3 is_stmt 1 view .LVU41
 136              		.loc 1 156 21 is_stmt 0 view .LVU42
 137 0072 2368     		ldr	r3, [r4]
 138              		.loc 1 156 5 view .LVU43
 139 0074 13F0080F 		tst	r3, #8
 140 0078 0ED0     		beq	.L6
 157:stm/stm32f4xx/STM32F4xx_HAL_Driver/Src/stm32f4xx_hal_rcc_ex.c ****   {
 158:stm/stm32f4xx/STM32F4xx_HAL_Driver/Src/stm32f4xx_hal_rcc_ex.c ****     /* Check the parameters */
 159:stm/stm32f4xx/STM32F4xx_HAL_Driver/Src/stm32f4xx_hal_rcc_ex.c ****     assert_param(IS_RCC_SAI2CLKSOURCE(PeriphClkInit->Sai2ClockSelection));
 141              		.loc 1 159 5 is_stmt 1 view .LVU44
 160:stm/stm32f4xx/STM32F4xx_HAL_Driver/Src/stm32f4xx_hal_rcc_ex.c **** 
 161:stm/stm32f4xx/STM32F4xx_HAL_Driver/Src/stm32f4xx_hal_rcc_ex.c ****     /* Configure SAI2 Clock source */
 162:stm/stm32f4xx/STM32F4xx_HAL_Driver/Src/stm32f4xx_hal_rcc_ex.c ****     __HAL_RCC_SAI2_CONFIG(PeriphClkInit->Sai2ClockSelection);
 142              		.loc 1 162 5 view .LVU45
 143 007a 7B4A     		ldr	r2, .L73
 144 007c D2F88C30 		ldr	r3, [r2, #140]
 145 0080 23F44003 		bic	r3, r3, #12582912
 146 0084 616B     		ldr	r1, [r4, #52]
 147 0086 0B43     		orrs	r3, r3, r1
 148 0088 C2F88C30 		str	r3, [r2, #140]
 163:stm/stm32f4xx/STM32F4xx_HAL_Driver/Src/stm32f4xx_hal_rcc_ex.c **** 
 164:stm/stm32f4xx/STM32F4xx_HAL_Driver/Src/stm32f4xx_hal_rcc_ex.c ****     /* Enable the PLLI2S when it's used as clock source for SAI */
 165:stm/stm32f4xx/STM32F4xx_HAL_Driver/Src/stm32f4xx_hal_rcc_ex.c ****     if(PeriphClkInit->Sai2ClockSelection == RCC_SAI2CLKSOURCE_PLLI2S)
 149              		.loc 1 165 5 view .LVU46
 150              		.loc 1 165 21 is_stmt 0 view .LVU47
 151 008c 636B     		ldr	r3, [r4, #52]
 152              		.loc 1 165 7 view .LVU48
 153 008e B3F5800F 		cmp	r3, #4194304
 154 0092 6AD0     		beq	.L61
 155              	.LVL6:
 156              	.L7:
 166:stm/stm32f4xx/STM32F4xx_HAL_Driver/Src/stm32f4xx_hal_rcc_ex.c ****     {
 167:stm/stm32f4xx/STM32F4xx_HAL_Driver/Src/stm32f4xx_hal_rcc_ex.c ****       plli2sused = 1U;
 168:stm/stm32f4xx/STM32F4xx_HAL_Driver/Src/stm32f4xx_hal_rcc_ex.c ****     }
 169:stm/stm32f4xx/STM32F4xx_HAL_Driver/Src/stm32f4xx_hal_rcc_ex.c ****     /* Enable the PLLSAI when it's used as clock source for SAI */
 170:stm/stm32f4xx/STM32F4xx_HAL_Driver/Src/stm32f4xx_hal_rcc_ex.c ****     if(PeriphClkInit->Sai2ClockSelection == RCC_SAI2CLKSOURCE_PLLSAI)
 157              		.loc 1 170 5 is_stmt 1 view .LVU49
 158              		.loc 1 170 7 is_stmt 0 view .LVU50
 159 0094 03B9     		cbnz	r3, .L6
 171:stm/stm32f4xx/STM32F4xx_HAL_Driver/Src/stm32f4xx_hal_rcc_ex.c ****     {
 172:stm/stm32f4xx/STM32F4xx_HAL_Driver/Src/stm32f4xx_hal_rcc_ex.c ****       pllsaiused = 1U;
 160              		.loc 1 172 18 view .LVU51
 161 0096 0125     		movs	r5, #1
 162              	.LVL7:
 163              	.L6:
 173:stm/stm32f4xx/STM32F4xx_HAL_Driver/Src/stm32f4xx_hal_rcc_ex.c ****     }
 174:stm/stm32f4xx/STM32F4xx_HAL_Driver/Src/stm32f4xx_hal_rcc_ex.c ****   }
 175:stm/stm32f4xx/STM32F4xx_HAL_Driver/Src/stm32f4xx_hal_rcc_ex.c ****   /*--------------------------------------------------------------------------*/
 176:stm/stm32f4xx/STM32F4xx_HAL_Driver/Src/stm32f4xx_hal_rcc_ex.c **** 
 177:stm/stm32f4xx/STM32F4xx_HAL_Driver/Src/stm32f4xx_hal_rcc_ex.c ****   /*----------------------------- RTC configuration --------------------------*/
 178:stm/stm32f4xx/STM32F4xx_HAL_Driver/Src/stm32f4xx_hal_rcc_ex.c ****   if(((PeriphClkInit->PeriphClockSelection) & RCC_PERIPHCLK_RTC) == (RCC_PERIPHCLK_RTC))
ARM GAS  /tmp/ccsRaXLF.s 			page 7


 164              		.loc 1 178 3 is_stmt 1 view .LVU52
 165              		.loc 1 178 21 is_stmt 0 view .LVU53
 166 0098 2368     		ldr	r3, [r4]
 167              		.loc 1 178 5 view .LVU54
 168 009a 13F0200F 		tst	r3, #32
 169 009e 66D1     		bne	.L62
 170              	.LVL8:
 171              	.L8:
 179:stm/stm32f4xx/STM32F4xx_HAL_Driver/Src/stm32f4xx_hal_rcc_ex.c ****   {
 180:stm/stm32f4xx/STM32F4xx_HAL_Driver/Src/stm32f4xx_hal_rcc_ex.c ****     /* Check for RTC Parameters used to output RTCCLK */
 181:stm/stm32f4xx/STM32F4xx_HAL_Driver/Src/stm32f4xx_hal_rcc_ex.c ****     assert_param(IS_RCC_RTCCLKSOURCE(PeriphClkInit->RTCClockSelection));
 182:stm/stm32f4xx/STM32F4xx_HAL_Driver/Src/stm32f4xx_hal_rcc_ex.c **** 
 183:stm/stm32f4xx/STM32F4xx_HAL_Driver/Src/stm32f4xx_hal_rcc_ex.c ****     /* Enable Power Clock*/
 184:stm/stm32f4xx/STM32F4xx_HAL_Driver/Src/stm32f4xx_hal_rcc_ex.c ****     __HAL_RCC_PWR_CLK_ENABLE();
 185:stm/stm32f4xx/STM32F4xx_HAL_Driver/Src/stm32f4xx_hal_rcc_ex.c **** 
 186:stm/stm32f4xx/STM32F4xx_HAL_Driver/Src/stm32f4xx_hal_rcc_ex.c ****     /* Enable write access to Backup domain */
 187:stm/stm32f4xx/STM32F4xx_HAL_Driver/Src/stm32f4xx_hal_rcc_ex.c ****     PWR->CR |= PWR_CR_DBP;
 188:stm/stm32f4xx/STM32F4xx_HAL_Driver/Src/stm32f4xx_hal_rcc_ex.c **** 
 189:stm/stm32f4xx/STM32F4xx_HAL_Driver/Src/stm32f4xx_hal_rcc_ex.c ****     /* Get tick */
 190:stm/stm32f4xx/STM32F4xx_HAL_Driver/Src/stm32f4xx_hal_rcc_ex.c ****     tickstart = HAL_GetTick();
 191:stm/stm32f4xx/STM32F4xx_HAL_Driver/Src/stm32f4xx_hal_rcc_ex.c **** 
 192:stm/stm32f4xx/STM32F4xx_HAL_Driver/Src/stm32f4xx_hal_rcc_ex.c ****     while((PWR->CR & PWR_CR_DBP) == RESET)
 193:stm/stm32f4xx/STM32F4xx_HAL_Driver/Src/stm32f4xx_hal_rcc_ex.c ****     {
 194:stm/stm32f4xx/STM32F4xx_HAL_Driver/Src/stm32f4xx_hal_rcc_ex.c ****       if((HAL_GetTick() - tickstart ) > RCC_DBP_TIMEOUT_VALUE)
 195:stm/stm32f4xx/STM32F4xx_HAL_Driver/Src/stm32f4xx_hal_rcc_ex.c ****       {
 196:stm/stm32f4xx/STM32F4xx_HAL_Driver/Src/stm32f4xx_hal_rcc_ex.c ****         return HAL_TIMEOUT;
 197:stm/stm32f4xx/STM32F4xx_HAL_Driver/Src/stm32f4xx_hal_rcc_ex.c ****       }
 198:stm/stm32f4xx/STM32F4xx_HAL_Driver/Src/stm32f4xx_hal_rcc_ex.c ****     }
 199:stm/stm32f4xx/STM32F4xx_HAL_Driver/Src/stm32f4xx_hal_rcc_ex.c ****     /* Reset the Backup domain only if the RTC Clock source selection is modified from reset value 
 200:stm/stm32f4xx/STM32F4xx_HAL_Driver/Src/stm32f4xx_hal_rcc_ex.c ****     tmpreg1 = (RCC->BDCR & RCC_BDCR_RTCSEL);
 201:stm/stm32f4xx/STM32F4xx_HAL_Driver/Src/stm32f4xx_hal_rcc_ex.c ****     if((tmpreg1 != 0x00000000U) && ((tmpreg1) != (PeriphClkInit->RTCClockSelection & RCC_BDCR_RTCSE
 202:stm/stm32f4xx/STM32F4xx_HAL_Driver/Src/stm32f4xx_hal_rcc_ex.c ****     {
 203:stm/stm32f4xx/STM32F4xx_HAL_Driver/Src/stm32f4xx_hal_rcc_ex.c ****       /* Store the content of BDCR register before the reset of Backup Domain */
 204:stm/stm32f4xx/STM32F4xx_HAL_Driver/Src/stm32f4xx_hal_rcc_ex.c ****       tmpreg1 = (RCC->BDCR & ~(RCC_BDCR_RTCSEL));
 205:stm/stm32f4xx/STM32F4xx_HAL_Driver/Src/stm32f4xx_hal_rcc_ex.c ****       /* RTC Clock selection can be changed only if the Backup Domain is reset */
 206:stm/stm32f4xx/STM32F4xx_HAL_Driver/Src/stm32f4xx_hal_rcc_ex.c ****       __HAL_RCC_BACKUPRESET_FORCE();
 207:stm/stm32f4xx/STM32F4xx_HAL_Driver/Src/stm32f4xx_hal_rcc_ex.c ****       __HAL_RCC_BACKUPRESET_RELEASE();
 208:stm/stm32f4xx/STM32F4xx_HAL_Driver/Src/stm32f4xx_hal_rcc_ex.c ****       /* Restore the Content of BDCR register */
 209:stm/stm32f4xx/STM32F4xx_HAL_Driver/Src/stm32f4xx_hal_rcc_ex.c ****       RCC->BDCR = tmpreg1;
 210:stm/stm32f4xx/STM32F4xx_HAL_Driver/Src/stm32f4xx_hal_rcc_ex.c **** 
 211:stm/stm32f4xx/STM32F4xx_HAL_Driver/Src/stm32f4xx_hal_rcc_ex.c ****       /* Wait for LSE reactivation if LSE was enable prior to Backup Domain reset */
 212:stm/stm32f4xx/STM32F4xx_HAL_Driver/Src/stm32f4xx_hal_rcc_ex.c ****       if(HAL_IS_BIT_SET(RCC->BDCR, RCC_BDCR_LSEON))
 213:stm/stm32f4xx/STM32F4xx_HAL_Driver/Src/stm32f4xx_hal_rcc_ex.c ****       {
 214:stm/stm32f4xx/STM32F4xx_HAL_Driver/Src/stm32f4xx_hal_rcc_ex.c ****         /* Get tick */
 215:stm/stm32f4xx/STM32F4xx_HAL_Driver/Src/stm32f4xx_hal_rcc_ex.c ****         tickstart = HAL_GetTick();
 216:stm/stm32f4xx/STM32F4xx_HAL_Driver/Src/stm32f4xx_hal_rcc_ex.c **** 
 217:stm/stm32f4xx/STM32F4xx_HAL_Driver/Src/stm32f4xx_hal_rcc_ex.c ****         /* Wait till LSE is ready */
 218:stm/stm32f4xx/STM32F4xx_HAL_Driver/Src/stm32f4xx_hal_rcc_ex.c ****         while(__HAL_RCC_GET_FLAG(RCC_FLAG_LSERDY) == RESET)
 219:stm/stm32f4xx/STM32F4xx_HAL_Driver/Src/stm32f4xx_hal_rcc_ex.c ****         {
 220:stm/stm32f4xx/STM32F4xx_HAL_Driver/Src/stm32f4xx_hal_rcc_ex.c ****           if((HAL_GetTick() - tickstart ) > RCC_LSE_TIMEOUT_VALUE)
 221:stm/stm32f4xx/STM32F4xx_HAL_Driver/Src/stm32f4xx_hal_rcc_ex.c ****           {
 222:stm/stm32f4xx/STM32F4xx_HAL_Driver/Src/stm32f4xx_hal_rcc_ex.c ****             return HAL_TIMEOUT;
 223:stm/stm32f4xx/STM32F4xx_HAL_Driver/Src/stm32f4xx_hal_rcc_ex.c ****           }
 224:stm/stm32f4xx/STM32F4xx_HAL_Driver/Src/stm32f4xx_hal_rcc_ex.c ****         }
 225:stm/stm32f4xx/STM32F4xx_HAL_Driver/Src/stm32f4xx_hal_rcc_ex.c ****       }
 226:stm/stm32f4xx/STM32F4xx_HAL_Driver/Src/stm32f4xx_hal_rcc_ex.c ****     }
 227:stm/stm32f4xx/STM32F4xx_HAL_Driver/Src/stm32f4xx_hal_rcc_ex.c ****     __HAL_RCC_RTC_CONFIG(PeriphClkInit->RTCClockSelection);
ARM GAS  /tmp/ccsRaXLF.s 			page 8


 172              		.loc 1 227 5 is_stmt 1 discriminator 5 view .LVU55
 228:stm/stm32f4xx/STM32F4xx_HAL_Driver/Src/stm32f4xx_hal_rcc_ex.c ****   }
 229:stm/stm32f4xx/STM32F4xx_HAL_Driver/Src/stm32f4xx_hal_rcc_ex.c ****   /*--------------------------------------------------------------------------*/
 230:stm/stm32f4xx/STM32F4xx_HAL_Driver/Src/stm32f4xx_hal_rcc_ex.c **** 
 231:stm/stm32f4xx/STM32F4xx_HAL_Driver/Src/stm32f4xx_hal_rcc_ex.c ****   /*---------------------------- TIM configuration ---------------------------*/
 232:stm/stm32f4xx/STM32F4xx_HAL_Driver/Src/stm32f4xx_hal_rcc_ex.c ****   if(((PeriphClkInit->PeriphClockSelection) & RCC_PERIPHCLK_TIM) == (RCC_PERIPHCLK_TIM))
 173              		.loc 1 232 3 view .LVU56
 174              		.loc 1 232 21 is_stmt 0 view .LVU57
 175 00a0 2368     		ldr	r3, [r4]
 176              		.loc 1 232 5 view .LVU58
 177 00a2 13F0100F 		tst	r3, #16
 178 00a6 04D0     		beq	.L17
 233:stm/stm32f4xx/STM32F4xx_HAL_Driver/Src/stm32f4xx_hal_rcc_ex.c ****   {
 234:stm/stm32f4xx/STM32F4xx_HAL_Driver/Src/stm32f4xx_hal_rcc_ex.c ****     /* Configure Timer Prescaler */
 235:stm/stm32f4xx/STM32F4xx_HAL_Driver/Src/stm32f4xx_hal_rcc_ex.c ****     __HAL_RCC_TIMCLKPRESCALER(PeriphClkInit->TIMPresSelection);
 179              		.loc 1 235 5 is_stmt 1 view .LVU59
 180 00a8 94F85820 		ldrb	r2, [r4, #88]	@ zero_extendqisi2
 181 00ac 6F4B     		ldr	r3, .L73+4
 182 00ae C3F8E021 		str	r2, [r3, #480]
 183              	.L17:
 236:stm/stm32f4xx/STM32F4xx_HAL_Driver/Src/stm32f4xx_hal_rcc_ex.c ****   }
 237:stm/stm32f4xx/STM32F4xx_HAL_Driver/Src/stm32f4xx_hal_rcc_ex.c ****   /*--------------------------------------------------------------------------*/
 238:stm/stm32f4xx/STM32F4xx_HAL_Driver/Src/stm32f4xx_hal_rcc_ex.c **** 
 239:stm/stm32f4xx/STM32F4xx_HAL_Driver/Src/stm32f4xx_hal_rcc_ex.c ****   /*---------------------------- FMPI2C1 Configuration -----------------------*/
 240:stm/stm32f4xx/STM32F4xx_HAL_Driver/Src/stm32f4xx_hal_rcc_ex.c ****   if(((PeriphClkInit->PeriphClockSelection) & RCC_PERIPHCLK_FMPI2C1) == RCC_PERIPHCLK_FMPI2C1)
 184              		.loc 1 240 3 view .LVU60
 185              		.loc 1 240 21 is_stmt 0 view .LVU61
 186 00b2 2368     		ldr	r3, [r4]
 187              		.loc 1 240 5 view .LVU62
 188 00b4 13F0800F 		tst	r3, #128
 189 00b8 08D0     		beq	.L18
 241:stm/stm32f4xx/STM32F4xx_HAL_Driver/Src/stm32f4xx_hal_rcc_ex.c ****   {
 242:stm/stm32f4xx/STM32F4xx_HAL_Driver/Src/stm32f4xx_hal_rcc_ex.c ****     /* Check the parameters */
 243:stm/stm32f4xx/STM32F4xx_HAL_Driver/Src/stm32f4xx_hal_rcc_ex.c ****     assert_param(IS_RCC_FMPI2C1CLKSOURCE(PeriphClkInit->Fmpi2c1ClockSelection));
 190              		.loc 1 243 5 is_stmt 1 view .LVU63
 244:stm/stm32f4xx/STM32F4xx_HAL_Driver/Src/stm32f4xx_hal_rcc_ex.c **** 
 245:stm/stm32f4xx/STM32F4xx_HAL_Driver/Src/stm32f4xx_hal_rcc_ex.c ****     /* Configure the FMPI2C1 clock source */
 246:stm/stm32f4xx/STM32F4xx_HAL_Driver/Src/stm32f4xx_hal_rcc_ex.c ****     __HAL_RCC_FMPI2C1_CONFIG(PeriphClkInit->Fmpi2c1ClockSelection);
 191              		.loc 1 246 5 view .LVU64
 192 00ba 6B4A     		ldr	r2, .L73
 193 00bc D2F89430 		ldr	r3, [r2, #148]
 194 00c0 23F44003 		bic	r3, r3, #12582912
 195 00c4 E16C     		ldr	r1, [r4, #76]
 196 00c6 0B43     		orrs	r3, r3, r1
 197 00c8 C2F89430 		str	r3, [r2, #148]
 198              	.L18:
 247:stm/stm32f4xx/STM32F4xx_HAL_Driver/Src/stm32f4xx_hal_rcc_ex.c ****   }
 248:stm/stm32f4xx/STM32F4xx_HAL_Driver/Src/stm32f4xx_hal_rcc_ex.c ****   /*--------------------------------------------------------------------------*/
 249:stm/stm32f4xx/STM32F4xx_HAL_Driver/Src/stm32f4xx_hal_rcc_ex.c **** 
 250:stm/stm32f4xx/STM32F4xx_HAL_Driver/Src/stm32f4xx_hal_rcc_ex.c ****   /*------------------------------ CEC Configuration -------------------------*/
 251:stm/stm32f4xx/STM32F4xx_HAL_Driver/Src/stm32f4xx_hal_rcc_ex.c ****   if(((PeriphClkInit->PeriphClockSelection) & RCC_PERIPHCLK_CEC) == RCC_PERIPHCLK_CEC)
 199              		.loc 1 251 3 view .LVU65
 200              		.loc 1 251 21 is_stmt 0 view .LVU66
 201 00cc 2368     		ldr	r3, [r4]
 202              		.loc 1 251 5 view .LVU67
 203 00ce 13F0400F 		tst	r3, #64
 204 00d2 08D0     		beq	.L19
ARM GAS  /tmp/ccsRaXLF.s 			page 9


 252:stm/stm32f4xx/STM32F4xx_HAL_Driver/Src/stm32f4xx_hal_rcc_ex.c ****   {
 253:stm/stm32f4xx/STM32F4xx_HAL_Driver/Src/stm32f4xx_hal_rcc_ex.c ****     /* Check the parameters */
 254:stm/stm32f4xx/STM32F4xx_HAL_Driver/Src/stm32f4xx_hal_rcc_ex.c ****     assert_param(IS_RCC_CECCLKSOURCE(PeriphClkInit->CecClockSelection));
 205              		.loc 1 254 5 is_stmt 1 view .LVU68
 255:stm/stm32f4xx/STM32F4xx_HAL_Driver/Src/stm32f4xx_hal_rcc_ex.c **** 
 256:stm/stm32f4xx/STM32F4xx_HAL_Driver/Src/stm32f4xx_hal_rcc_ex.c ****     /* Configure the CEC clock source */
 257:stm/stm32f4xx/STM32F4xx_HAL_Driver/Src/stm32f4xx_hal_rcc_ex.c ****     __HAL_RCC_CEC_CONFIG(PeriphClkInit->CecClockSelection);
 206              		.loc 1 257 5 view .LVU69
 207 00d4 644A     		ldr	r2, .L73
 208 00d6 D2F89430 		ldr	r3, [r2, #148]
 209 00da 23F08063 		bic	r3, r3, #67108864
 210 00de A16C     		ldr	r1, [r4, #72]
 211 00e0 0B43     		orrs	r3, r3, r1
 212 00e2 C2F89430 		str	r3, [r2, #148]
 213              	.L19:
 258:stm/stm32f4xx/STM32F4xx_HAL_Driver/Src/stm32f4xx_hal_rcc_ex.c ****   }
 259:stm/stm32f4xx/STM32F4xx_HAL_Driver/Src/stm32f4xx_hal_rcc_ex.c ****   /*--------------------------------------------------------------------------*/
 260:stm/stm32f4xx/STM32F4xx_HAL_Driver/Src/stm32f4xx_hal_rcc_ex.c **** 
 261:stm/stm32f4xx/STM32F4xx_HAL_Driver/Src/stm32f4xx_hal_rcc_ex.c ****   /*----------------------------- CLK48 Configuration ------------------------*/
 262:stm/stm32f4xx/STM32F4xx_HAL_Driver/Src/stm32f4xx_hal_rcc_ex.c ****   if(((PeriphClkInit->PeriphClockSelection) & RCC_PERIPHCLK_CLK48) == RCC_PERIPHCLK_CLK48)
 214              		.loc 1 262 3 view .LVU70
 215              		.loc 1 262 21 is_stmt 0 view .LVU71
 216 00e6 2368     		ldr	r3, [r4]
 217              		.loc 1 262 5 view .LVU72
 218 00e8 13F4807F 		tst	r3, #256
 219 00ec 0DD0     		beq	.L20
 263:stm/stm32f4xx/STM32F4xx_HAL_Driver/Src/stm32f4xx_hal_rcc_ex.c ****   {
 264:stm/stm32f4xx/STM32F4xx_HAL_Driver/Src/stm32f4xx_hal_rcc_ex.c ****     /* Check the parameters */
 265:stm/stm32f4xx/STM32F4xx_HAL_Driver/Src/stm32f4xx_hal_rcc_ex.c ****     assert_param(IS_RCC_CLK48CLKSOURCE(PeriphClkInit->Clk48ClockSelection));
 220              		.loc 1 265 5 is_stmt 1 view .LVU73
 266:stm/stm32f4xx/STM32F4xx_HAL_Driver/Src/stm32f4xx_hal_rcc_ex.c **** 
 267:stm/stm32f4xx/STM32F4xx_HAL_Driver/Src/stm32f4xx_hal_rcc_ex.c ****     /* Configure the CLK48 clock source */
 268:stm/stm32f4xx/STM32F4xx_HAL_Driver/Src/stm32f4xx_hal_rcc_ex.c ****     __HAL_RCC_CLK48_CONFIG(PeriphClkInit->Clk48ClockSelection);
 221              		.loc 1 268 5 view .LVU74
 222 00ee 5E4A     		ldr	r2, .L73
 223 00f0 D2F89430 		ldr	r3, [r2, #148]
 224 00f4 23F00063 		bic	r3, r3, #134217728
 225 00f8 616D     		ldr	r1, [r4, #84]
 226 00fa 0B43     		orrs	r3, r3, r1
 227 00fc C2F89430 		str	r3, [r2, #148]
 269:stm/stm32f4xx/STM32F4xx_HAL_Driver/Src/stm32f4xx_hal_rcc_ex.c **** 
 270:stm/stm32f4xx/STM32F4xx_HAL_Driver/Src/stm32f4xx_hal_rcc_ex.c ****     /* Enable the PLLSAI when it's used as clock source for CLK48 */
 271:stm/stm32f4xx/STM32F4xx_HAL_Driver/Src/stm32f4xx_hal_rcc_ex.c ****     if(PeriphClkInit->Clk48ClockSelection == RCC_CLK48CLKSOURCE_PLLSAIP)
 228              		.loc 1 271 5 view .LVU75
 229              		.loc 1 271 21 is_stmt 0 view .LVU76
 230 0100 636D     		ldr	r3, [r4, #84]
 231              		.loc 1 271 7 view .LVU77
 232 0102 B3F1006F 		cmp	r3, #134217728
 233 0106 00F09B80 		beq	.L63
 234              	.LVL9:
 235              	.L20:
 272:stm/stm32f4xx/STM32F4xx_HAL_Driver/Src/stm32f4xx_hal_rcc_ex.c ****     {
 273:stm/stm32f4xx/STM32F4xx_HAL_Driver/Src/stm32f4xx_hal_rcc_ex.c ****       pllsaiused = 1U;
 274:stm/stm32f4xx/STM32F4xx_HAL_Driver/Src/stm32f4xx_hal_rcc_ex.c ****     }
 275:stm/stm32f4xx/STM32F4xx_HAL_Driver/Src/stm32f4xx_hal_rcc_ex.c ****   }
 276:stm/stm32f4xx/STM32F4xx_HAL_Driver/Src/stm32f4xx_hal_rcc_ex.c ****   /*--------------------------------------------------------------------------*/
 277:stm/stm32f4xx/STM32F4xx_HAL_Driver/Src/stm32f4xx_hal_rcc_ex.c **** 
ARM GAS  /tmp/ccsRaXLF.s 			page 10


 278:stm/stm32f4xx/STM32F4xx_HAL_Driver/Src/stm32f4xx_hal_rcc_ex.c ****   /*----------------------------- SDIO Configuration -------------------------*/
 279:stm/stm32f4xx/STM32F4xx_HAL_Driver/Src/stm32f4xx_hal_rcc_ex.c ****   if(((PeriphClkInit->PeriphClockSelection) & RCC_PERIPHCLK_SDIO) == RCC_PERIPHCLK_SDIO)
 236              		.loc 1 279 3 is_stmt 1 view .LVU78
 237              		.loc 1 279 21 is_stmt 0 view .LVU79
 238 010a 2368     		ldr	r3, [r4]
 239              		.loc 1 279 5 view .LVU80
 240 010c 13F4007F 		tst	r3, #512
 241 0110 08D0     		beq	.L21
 280:stm/stm32f4xx/STM32F4xx_HAL_Driver/Src/stm32f4xx_hal_rcc_ex.c ****   {
 281:stm/stm32f4xx/STM32F4xx_HAL_Driver/Src/stm32f4xx_hal_rcc_ex.c ****     /* Check the parameters */
 282:stm/stm32f4xx/STM32F4xx_HAL_Driver/Src/stm32f4xx_hal_rcc_ex.c ****     assert_param(IS_RCC_SDIOCLKSOURCE(PeriphClkInit->SdioClockSelection));
 242              		.loc 1 282 5 is_stmt 1 view .LVU81
 283:stm/stm32f4xx/STM32F4xx_HAL_Driver/Src/stm32f4xx_hal_rcc_ex.c **** 
 284:stm/stm32f4xx/STM32F4xx_HAL_Driver/Src/stm32f4xx_hal_rcc_ex.c ****     /* Configure the SDIO clock source */
 285:stm/stm32f4xx/STM32F4xx_HAL_Driver/Src/stm32f4xx_hal_rcc_ex.c ****     __HAL_RCC_SDIO_CONFIG(PeriphClkInit->SdioClockSelection);
 243              		.loc 1 285 5 view .LVU82
 244 0112 554A     		ldr	r2, .L73
 245 0114 D2F89430 		ldr	r3, [r2, #148]
 246 0118 23F08053 		bic	r3, r3, #268435456
 247 011c 616C     		ldr	r1, [r4, #68]
 248 011e 0B43     		orrs	r3, r3, r1
 249 0120 C2F89430 		str	r3, [r2, #148]
 250              	.L21:
 286:stm/stm32f4xx/STM32F4xx_HAL_Driver/Src/stm32f4xx_hal_rcc_ex.c ****   }
 287:stm/stm32f4xx/STM32F4xx_HAL_Driver/Src/stm32f4xx_hal_rcc_ex.c ****   /*--------------------------------------------------------------------------*/
 288:stm/stm32f4xx/STM32F4xx_HAL_Driver/Src/stm32f4xx_hal_rcc_ex.c **** 
 289:stm/stm32f4xx/STM32F4xx_HAL_Driver/Src/stm32f4xx_hal_rcc_ex.c ****   /*------------------------------ SPDIFRX Configuration ---------------------*/
 290:stm/stm32f4xx/STM32F4xx_HAL_Driver/Src/stm32f4xx_hal_rcc_ex.c ****   if(((PeriphClkInit->PeriphClockSelection) & RCC_PERIPHCLK_SPDIFRX) == RCC_PERIPHCLK_SPDIFRX)
 251              		.loc 1 290 3 view .LVU83
 252              		.loc 1 290 21 is_stmt 0 view .LVU84
 253 0124 2368     		ldr	r3, [r4]
 254              		.loc 1 290 5 view .LVU85
 255 0126 13F4806F 		tst	r3, #1024
 256 012a 0CD0     		beq	.L22
 291:stm/stm32f4xx/STM32F4xx_HAL_Driver/Src/stm32f4xx_hal_rcc_ex.c ****   {
 292:stm/stm32f4xx/STM32F4xx_HAL_Driver/Src/stm32f4xx_hal_rcc_ex.c ****     /* Check the parameters */
 293:stm/stm32f4xx/STM32F4xx_HAL_Driver/Src/stm32f4xx_hal_rcc_ex.c ****     assert_param(IS_RCC_SPDIFRXCLKSOURCE(PeriphClkInit->SpdifClockSelection));
 257              		.loc 1 293 5 is_stmt 1 view .LVU86
 294:stm/stm32f4xx/STM32F4xx_HAL_Driver/Src/stm32f4xx_hal_rcc_ex.c **** 
 295:stm/stm32f4xx/STM32F4xx_HAL_Driver/Src/stm32f4xx_hal_rcc_ex.c ****     /* Configure the SPDIFRX clock source */
 296:stm/stm32f4xx/STM32F4xx_HAL_Driver/Src/stm32f4xx_hal_rcc_ex.c ****     __HAL_RCC_SPDIFRX_CONFIG(PeriphClkInit->SpdifClockSelection);
 258              		.loc 1 296 5 view .LVU87
 259 012c 4E4A     		ldr	r2, .L73
 260 012e D2F89430 		ldr	r3, [r2, #148]
 261 0132 23F00053 		bic	r3, r3, #536870912
 262 0136 216D     		ldr	r1, [r4, #80]
 263 0138 0B43     		orrs	r3, r3, r1
 264 013a C2F89430 		str	r3, [r2, #148]
 297:stm/stm32f4xx/STM32F4xx_HAL_Driver/Src/stm32f4xx_hal_rcc_ex.c ****     /* Enable the PLLI2S when it's used as clock source for SPDIFRX */
 298:stm/stm32f4xx/STM32F4xx_HAL_Driver/Src/stm32f4xx_hal_rcc_ex.c ****     if(PeriphClkInit->SpdifClockSelection == RCC_SPDIFRXCLKSOURCE_PLLI2SP)
 265              		.loc 1 298 5 view .LVU88
 266              		.loc 1 298 21 is_stmt 0 view .LVU89
 267 013e 236D     		ldr	r3, [r4, #80]
 268              		.loc 1 298 7 view .LVU90
 269 0140 B3F1005F 		cmp	r3, #536870912
 270 0144 7ED0     		beq	.L23
 271              	.L22:
ARM GAS  /tmp/ccsRaXLF.s 			page 11


 299:stm/stm32f4xx/STM32F4xx_HAL_Driver/Src/stm32f4xx_hal_rcc_ex.c ****     {
 300:stm/stm32f4xx/STM32F4xx_HAL_Driver/Src/stm32f4xx_hal_rcc_ex.c ****       plli2sused = 1U;
 301:stm/stm32f4xx/STM32F4xx_HAL_Driver/Src/stm32f4xx_hal_rcc_ex.c ****     }
 302:stm/stm32f4xx/STM32F4xx_HAL_Driver/Src/stm32f4xx_hal_rcc_ex.c ****   }
 303:stm/stm32f4xx/STM32F4xx_HAL_Driver/Src/stm32f4xx_hal_rcc_ex.c ****   /*--------------------------------------------------------------------------*/
 304:stm/stm32f4xx/STM32F4xx_HAL_Driver/Src/stm32f4xx_hal_rcc_ex.c **** 
 305:stm/stm32f4xx/STM32F4xx_HAL_Driver/Src/stm32f4xx_hal_rcc_ex.c ****   /*---------------------------- PLLI2S Configuration ------------------------*/
 306:stm/stm32f4xx/STM32F4xx_HAL_Driver/Src/stm32f4xx_hal_rcc_ex.c ****   /* PLLI2S is configured when a peripheral will use it as source clock : SAI1, SAI2, I2S on APB1,
 307:stm/stm32f4xx/STM32F4xx_HAL_Driver/Src/stm32f4xx_hal_rcc_ex.c ****      I2S on APB2 or SPDIFRX */
 308:stm/stm32f4xx/STM32F4xx_HAL_Driver/Src/stm32f4xx_hal_rcc_ex.c ****   if((plli2sused == 1U) || (PeriphClkInit->PeriphClockSelection == RCC_PERIPHCLK_PLLI2S))
 272              		.loc 1 308 3 is_stmt 1 view .LVU91
 273              		.loc 1 308 5 is_stmt 0 view .LVU92
 274 0146 002E     		cmp	r6, #0
 275 0148 7CD1     		bne	.L23
 276              		.loc 1 308 42 discriminator 1 view .LVU93
 277 014a 2368     		ldr	r3, [r4]
 278              		.loc 1 308 25 discriminator 1 view .LVU94
 279 014c B3F5006F 		cmp	r3, #2048
 280 0150 78D0     		beq	.L23
 281              	.LVL10:
 282              	.L24:
 309:stm/stm32f4xx/STM32F4xx_HAL_Driver/Src/stm32f4xx_hal_rcc_ex.c ****   {
 310:stm/stm32f4xx/STM32F4xx_HAL_Driver/Src/stm32f4xx_hal_rcc_ex.c ****     /* Disable the PLLI2S */
 311:stm/stm32f4xx/STM32F4xx_HAL_Driver/Src/stm32f4xx_hal_rcc_ex.c ****     __HAL_RCC_PLLI2S_DISABLE();
 312:stm/stm32f4xx/STM32F4xx_HAL_Driver/Src/stm32f4xx_hal_rcc_ex.c ****     /* Get tick */
 313:stm/stm32f4xx/STM32F4xx_HAL_Driver/Src/stm32f4xx_hal_rcc_ex.c ****     tickstart = HAL_GetTick();
 314:stm/stm32f4xx/STM32F4xx_HAL_Driver/Src/stm32f4xx_hal_rcc_ex.c ****     /* Wait till PLLI2S is disabled */
 315:stm/stm32f4xx/STM32F4xx_HAL_Driver/Src/stm32f4xx_hal_rcc_ex.c ****     while(__HAL_RCC_GET_FLAG(RCC_FLAG_PLLI2SRDY)  != RESET)
 316:stm/stm32f4xx/STM32F4xx_HAL_Driver/Src/stm32f4xx_hal_rcc_ex.c ****     {
 317:stm/stm32f4xx/STM32F4xx_HAL_Driver/Src/stm32f4xx_hal_rcc_ex.c ****       if((HAL_GetTick() - tickstart ) > PLLI2S_TIMEOUT_VALUE)
 318:stm/stm32f4xx/STM32F4xx_HAL_Driver/Src/stm32f4xx_hal_rcc_ex.c ****       {
 319:stm/stm32f4xx/STM32F4xx_HAL_Driver/Src/stm32f4xx_hal_rcc_ex.c ****         /* return in case of Timeout detected */
 320:stm/stm32f4xx/STM32F4xx_HAL_Driver/Src/stm32f4xx_hal_rcc_ex.c ****         return HAL_TIMEOUT;
 321:stm/stm32f4xx/STM32F4xx_HAL_Driver/Src/stm32f4xx_hal_rcc_ex.c ****       }
 322:stm/stm32f4xx/STM32F4xx_HAL_Driver/Src/stm32f4xx_hal_rcc_ex.c ****     }
 323:stm/stm32f4xx/STM32F4xx_HAL_Driver/Src/stm32f4xx_hal_rcc_ex.c **** 
 324:stm/stm32f4xx/STM32F4xx_HAL_Driver/Src/stm32f4xx_hal_rcc_ex.c ****     /* check for common PLLI2S Parameters */
 325:stm/stm32f4xx/STM32F4xx_HAL_Driver/Src/stm32f4xx_hal_rcc_ex.c ****     assert_param(IS_RCC_PLLI2SM_VALUE(PeriphClkInit->PLLI2S.PLLI2SM));
 326:stm/stm32f4xx/STM32F4xx_HAL_Driver/Src/stm32f4xx_hal_rcc_ex.c ****     assert_param(IS_RCC_PLLI2SN_VALUE(PeriphClkInit->PLLI2S.PLLI2SN));
 327:stm/stm32f4xx/STM32F4xx_HAL_Driver/Src/stm32f4xx_hal_rcc_ex.c **** 
 328:stm/stm32f4xx/STM32F4xx_HAL_Driver/Src/stm32f4xx_hal_rcc_ex.c ****     /*------ In Case of PLLI2S is selected as source clock for I2S -----------*/
 329:stm/stm32f4xx/STM32F4xx_HAL_Driver/Src/stm32f4xx_hal_rcc_ex.c ****     if(((((PeriphClkInit->PeriphClockSelection) & RCC_PERIPHCLK_I2S_APB1) == RCC_PERIPHCLK_I2S_APB1
 330:stm/stm32f4xx/STM32F4xx_HAL_Driver/Src/stm32f4xx_hal_rcc_ex.c ****        ((((PeriphClkInit->PeriphClockSelection) & RCC_PERIPHCLK_I2S_APB2) == RCC_PERIPHCLK_I2S_APB2
 331:stm/stm32f4xx/STM32F4xx_HAL_Driver/Src/stm32f4xx_hal_rcc_ex.c ****     {
 332:stm/stm32f4xx/STM32F4xx_HAL_Driver/Src/stm32f4xx_hal_rcc_ex.c ****       /* check for Parameters */
 333:stm/stm32f4xx/STM32F4xx_HAL_Driver/Src/stm32f4xx_hal_rcc_ex.c ****       assert_param(IS_RCC_PLLI2SR_VALUE(PeriphClkInit->PLLI2S.PLLI2SR));
 334:stm/stm32f4xx/STM32F4xx_HAL_Driver/Src/stm32f4xx_hal_rcc_ex.c **** 
 335:stm/stm32f4xx/STM32F4xx_HAL_Driver/Src/stm32f4xx_hal_rcc_ex.c ****       /* Read PLLI2SP/PLLI2SQ value from PLLI2SCFGR register (this value is not needed for I2S conf
 336:stm/stm32f4xx/STM32F4xx_HAL_Driver/Src/stm32f4xx_hal_rcc_ex.c ****       plli2sp = ((((RCC->PLLI2SCFGR & RCC_PLLI2SCFGR_PLLI2SP) >> RCC_PLLI2SCFGR_PLLI2SP_Pos) + 1U) 
 337:stm/stm32f4xx/STM32F4xx_HAL_Driver/Src/stm32f4xx_hal_rcc_ex.c ****       plli2sq = ((RCC->PLLI2SCFGR & RCC_PLLI2SCFGR_PLLI2SQ) >> RCC_PLLI2SCFGR_PLLI2SQ_Pos);
 338:stm/stm32f4xx/STM32F4xx_HAL_Driver/Src/stm32f4xx_hal_rcc_ex.c ****       /* Configure the PLLI2S division factors */
 339:stm/stm32f4xx/STM32F4xx_HAL_Driver/Src/stm32f4xx_hal_rcc_ex.c ****       /* PLLI2S_VCO = f(VCO clock) = f(PLLI2S clock input) * (PLLI2SN/PLLI2SM) */
 340:stm/stm32f4xx/STM32F4xx_HAL_Driver/Src/stm32f4xx_hal_rcc_ex.c ****       /* I2SCLK = f(PLLI2S clock output) = f(VCO clock) / PLLI2SR */
 341:stm/stm32f4xx/STM32F4xx_HAL_Driver/Src/stm32f4xx_hal_rcc_ex.c ****       __HAL_RCC_PLLI2S_CONFIG(PeriphClkInit->PLLI2S.PLLI2SM, PeriphClkInit->PLLI2S.PLLI2SN , plli2s
 342:stm/stm32f4xx/STM32F4xx_HAL_Driver/Src/stm32f4xx_hal_rcc_ex.c ****     }
 343:stm/stm32f4xx/STM32F4xx_HAL_Driver/Src/stm32f4xx_hal_rcc_ex.c **** 
 344:stm/stm32f4xx/STM32F4xx_HAL_Driver/Src/stm32f4xx_hal_rcc_ex.c ****     /*------- In Case of PLLI2S is selected as source clock for SAI ----------*/
ARM GAS  /tmp/ccsRaXLF.s 			page 12


 345:stm/stm32f4xx/STM32F4xx_HAL_Driver/Src/stm32f4xx_hal_rcc_ex.c ****     if(((((PeriphClkInit->PeriphClockSelection) & RCC_PERIPHCLK_SAI1) == RCC_PERIPHCLK_SAI1) && (Pe
 346:stm/stm32f4xx/STM32F4xx_HAL_Driver/Src/stm32f4xx_hal_rcc_ex.c ****        ((((PeriphClkInit->PeriphClockSelection) & RCC_PERIPHCLK_SAI2) == RCC_PERIPHCLK_SAI2) && (Pe
 347:stm/stm32f4xx/STM32F4xx_HAL_Driver/Src/stm32f4xx_hal_rcc_ex.c ****     {
 348:stm/stm32f4xx/STM32F4xx_HAL_Driver/Src/stm32f4xx_hal_rcc_ex.c ****       /* Check for PLLI2S Parameters */
 349:stm/stm32f4xx/STM32F4xx_HAL_Driver/Src/stm32f4xx_hal_rcc_ex.c ****       assert_param(IS_RCC_PLLI2SQ_VALUE(PeriphClkInit->PLLI2S.PLLI2SQ));
 350:stm/stm32f4xx/STM32F4xx_HAL_Driver/Src/stm32f4xx_hal_rcc_ex.c ****       /* Check for PLLI2S/DIVQ parameters */
 351:stm/stm32f4xx/STM32F4xx_HAL_Driver/Src/stm32f4xx_hal_rcc_ex.c ****       assert_param(IS_RCC_PLLI2S_DIVQ_VALUE(PeriphClkInit->PLLI2SDivQ));
 352:stm/stm32f4xx/STM32F4xx_HAL_Driver/Src/stm32f4xx_hal_rcc_ex.c **** 
 353:stm/stm32f4xx/STM32F4xx_HAL_Driver/Src/stm32f4xx_hal_rcc_ex.c ****       /* Read PLLI2SP/PLLI2SR value from PLLI2SCFGR register (this value is not needed for SAI conf
 354:stm/stm32f4xx/STM32F4xx_HAL_Driver/Src/stm32f4xx_hal_rcc_ex.c ****       plli2sp = ((((RCC->PLLI2SCFGR & RCC_PLLI2SCFGR_PLLI2SP) >> RCC_PLLI2SCFGR_PLLI2SP_Pos) + 1U) 
 355:stm/stm32f4xx/STM32F4xx_HAL_Driver/Src/stm32f4xx_hal_rcc_ex.c ****       plli2sr = ((RCC->PLLI2SCFGR & RCC_PLLI2SCFGR_PLLI2SR) >> RCC_PLLI2SCFGR_PLLI2SR_Pos);
 356:stm/stm32f4xx/STM32F4xx_HAL_Driver/Src/stm32f4xx_hal_rcc_ex.c ****       /* Configure the PLLI2S division factors */
 357:stm/stm32f4xx/STM32F4xx_HAL_Driver/Src/stm32f4xx_hal_rcc_ex.c ****       /* PLLI2S_VCO Input  = PLL_SOURCE/PLLI2SM */
 358:stm/stm32f4xx/STM32F4xx_HAL_Driver/Src/stm32f4xx_hal_rcc_ex.c ****       /* PLLI2S_VCO Output = PLLI2S_VCO Input * PLLI2SN */
 359:stm/stm32f4xx/STM32F4xx_HAL_Driver/Src/stm32f4xx_hal_rcc_ex.c ****       /* SAI_CLK(first level) = PLLI2S_VCO Output/PLLI2SQ */
 360:stm/stm32f4xx/STM32F4xx_HAL_Driver/Src/stm32f4xx_hal_rcc_ex.c ****       __HAL_RCC_PLLI2S_CONFIG(PeriphClkInit->PLLI2S.PLLI2SM, PeriphClkInit->PLLI2S.PLLI2SN , plli2s
 361:stm/stm32f4xx/STM32F4xx_HAL_Driver/Src/stm32f4xx_hal_rcc_ex.c **** 
 362:stm/stm32f4xx/STM32F4xx_HAL_Driver/Src/stm32f4xx_hal_rcc_ex.c ****       /* SAI_CLK_x = SAI_CLK(first level)/PLLI2SDIVQ */
 363:stm/stm32f4xx/STM32F4xx_HAL_Driver/Src/stm32f4xx_hal_rcc_ex.c ****       __HAL_RCC_PLLI2S_PLLSAICLKDIVQ_CONFIG(PeriphClkInit->PLLI2SDivQ);
 364:stm/stm32f4xx/STM32F4xx_HAL_Driver/Src/stm32f4xx_hal_rcc_ex.c ****     }
 365:stm/stm32f4xx/STM32F4xx_HAL_Driver/Src/stm32f4xx_hal_rcc_ex.c **** 
 366:stm/stm32f4xx/STM32F4xx_HAL_Driver/Src/stm32f4xx_hal_rcc_ex.c ****     /*------ In Case of PLLI2S is selected as source clock for SPDIFRX -------*/
 367:stm/stm32f4xx/STM32F4xx_HAL_Driver/Src/stm32f4xx_hal_rcc_ex.c ****     if((((PeriphClkInit->PeriphClockSelection) & RCC_PERIPHCLK_SPDIFRX) == RCC_PERIPHCLK_SPDIFRX) &
 368:stm/stm32f4xx/STM32F4xx_HAL_Driver/Src/stm32f4xx_hal_rcc_ex.c ****     {
 369:stm/stm32f4xx/STM32F4xx_HAL_Driver/Src/stm32f4xx_hal_rcc_ex.c ****       /* check for Parameters */
 370:stm/stm32f4xx/STM32F4xx_HAL_Driver/Src/stm32f4xx_hal_rcc_ex.c ****       assert_param(IS_RCC_PLLI2SP_VALUE(PeriphClkInit->PLLI2S.PLLI2SP));
 371:stm/stm32f4xx/STM32F4xx_HAL_Driver/Src/stm32f4xx_hal_rcc_ex.c ****       /* Read PLLI2SR value from PLLI2SCFGR register (this value is not need for SAI configuration)
 372:stm/stm32f4xx/STM32F4xx_HAL_Driver/Src/stm32f4xx_hal_rcc_ex.c ****       plli2sq = ((((RCC->PLLI2SCFGR & RCC_PLLI2SCFGR_PLLI2SP) >> RCC_PLLI2SCFGR_PLLI2SP_Pos) + 1U) 
 373:stm/stm32f4xx/STM32F4xx_HAL_Driver/Src/stm32f4xx_hal_rcc_ex.c ****       plli2sr = ((RCC->PLLI2SCFGR & RCC_PLLI2SCFGR_PLLI2SR) >> RCC_PLLI2SCFGR_PLLI2SR_Pos);
 374:stm/stm32f4xx/STM32F4xx_HAL_Driver/Src/stm32f4xx_hal_rcc_ex.c ****       /* Configure the PLLI2S division factors */
 375:stm/stm32f4xx/STM32F4xx_HAL_Driver/Src/stm32f4xx_hal_rcc_ex.c ****       /* PLLI2S_VCO = f(VCO clock) = f(PLLI2S clock input) * (PLLI2SN/PLLI2SM) */
 376:stm/stm32f4xx/STM32F4xx_HAL_Driver/Src/stm32f4xx_hal_rcc_ex.c ****       /* SPDIFRXCLK = f(PLLI2S clock output) = f(VCO clock) / PLLI2SP */
 377:stm/stm32f4xx/STM32F4xx_HAL_Driver/Src/stm32f4xx_hal_rcc_ex.c ****       __HAL_RCC_PLLI2S_CONFIG(PeriphClkInit->PLLI2S.PLLI2SM, PeriphClkInit->PLLI2S.PLLI2SN , Periph
 378:stm/stm32f4xx/STM32F4xx_HAL_Driver/Src/stm32f4xx_hal_rcc_ex.c ****     }
 379:stm/stm32f4xx/STM32F4xx_HAL_Driver/Src/stm32f4xx_hal_rcc_ex.c **** 
 380:stm/stm32f4xx/STM32F4xx_HAL_Driver/Src/stm32f4xx_hal_rcc_ex.c ****      /*----------------- In Case of PLLI2S is just selected  -----------------*/
 381:stm/stm32f4xx/STM32F4xx_HAL_Driver/Src/stm32f4xx_hal_rcc_ex.c ****     if((PeriphClkInit->PeriphClockSelection & RCC_PERIPHCLK_PLLI2S) == RCC_PERIPHCLK_PLLI2S)
 382:stm/stm32f4xx/STM32F4xx_HAL_Driver/Src/stm32f4xx_hal_rcc_ex.c ****     {
 383:stm/stm32f4xx/STM32F4xx_HAL_Driver/Src/stm32f4xx_hal_rcc_ex.c ****       /* Check for Parameters */
 384:stm/stm32f4xx/STM32F4xx_HAL_Driver/Src/stm32f4xx_hal_rcc_ex.c ****       assert_param(IS_RCC_PLLI2SP_VALUE(PeriphClkInit->PLLI2S.PLLI2SP));
 385:stm/stm32f4xx/STM32F4xx_HAL_Driver/Src/stm32f4xx_hal_rcc_ex.c ****       assert_param(IS_RCC_PLLI2SR_VALUE(PeriphClkInit->PLLI2S.PLLI2SR));
 386:stm/stm32f4xx/STM32F4xx_HAL_Driver/Src/stm32f4xx_hal_rcc_ex.c ****       assert_param(IS_RCC_PLLI2SQ_VALUE(PeriphClkInit->PLLI2S.PLLI2SQ));
 387:stm/stm32f4xx/STM32F4xx_HAL_Driver/Src/stm32f4xx_hal_rcc_ex.c **** 
 388:stm/stm32f4xx/STM32F4xx_HAL_Driver/Src/stm32f4xx_hal_rcc_ex.c ****       /* Configure the PLLI2S division factors */
 389:stm/stm32f4xx/STM32F4xx_HAL_Driver/Src/stm32f4xx_hal_rcc_ex.c ****       /* PLLI2S_VCO = f(VCO clock) = f(PLLI2S clock input) * (PLLI2SN/PLLI2SM) */
 390:stm/stm32f4xx/STM32F4xx_HAL_Driver/Src/stm32f4xx_hal_rcc_ex.c ****       __HAL_RCC_PLLI2S_CONFIG(PeriphClkInit->PLLI2S.PLLI2SM, PeriphClkInit->PLLI2S.PLLI2SN , Periph
 391:stm/stm32f4xx/STM32F4xx_HAL_Driver/Src/stm32f4xx_hal_rcc_ex.c ****     }
 392:stm/stm32f4xx/STM32F4xx_HAL_Driver/Src/stm32f4xx_hal_rcc_ex.c **** 
 393:stm/stm32f4xx/STM32F4xx_HAL_Driver/Src/stm32f4xx_hal_rcc_ex.c ****     /* Enable the PLLI2S */
 394:stm/stm32f4xx/STM32F4xx_HAL_Driver/Src/stm32f4xx_hal_rcc_ex.c ****     __HAL_RCC_PLLI2S_ENABLE();
 395:stm/stm32f4xx/STM32F4xx_HAL_Driver/Src/stm32f4xx_hal_rcc_ex.c ****     /* Get tick */
 396:stm/stm32f4xx/STM32F4xx_HAL_Driver/Src/stm32f4xx_hal_rcc_ex.c ****     tickstart = HAL_GetTick();
 397:stm/stm32f4xx/STM32F4xx_HAL_Driver/Src/stm32f4xx_hal_rcc_ex.c ****     /* Wait till PLLI2S is ready */
 398:stm/stm32f4xx/STM32F4xx_HAL_Driver/Src/stm32f4xx_hal_rcc_ex.c ****     while(__HAL_RCC_GET_FLAG(RCC_FLAG_PLLI2SRDY)  == RESET)
 399:stm/stm32f4xx/STM32F4xx_HAL_Driver/Src/stm32f4xx_hal_rcc_ex.c ****     {
 400:stm/stm32f4xx/STM32F4xx_HAL_Driver/Src/stm32f4xx_hal_rcc_ex.c ****       if((HAL_GetTick() - tickstart ) > PLLI2S_TIMEOUT_VALUE)
 401:stm/stm32f4xx/STM32F4xx_HAL_Driver/Src/stm32f4xx_hal_rcc_ex.c ****       {
ARM GAS  /tmp/ccsRaXLF.s 			page 13


 402:stm/stm32f4xx/STM32F4xx_HAL_Driver/Src/stm32f4xx_hal_rcc_ex.c ****         /* return in case of Timeout detected */
 403:stm/stm32f4xx/STM32F4xx_HAL_Driver/Src/stm32f4xx_hal_rcc_ex.c ****         return HAL_TIMEOUT;
 404:stm/stm32f4xx/STM32F4xx_HAL_Driver/Src/stm32f4xx_hal_rcc_ex.c ****       }
 405:stm/stm32f4xx/STM32F4xx_HAL_Driver/Src/stm32f4xx_hal_rcc_ex.c ****     }
 406:stm/stm32f4xx/STM32F4xx_HAL_Driver/Src/stm32f4xx_hal_rcc_ex.c ****   }
 407:stm/stm32f4xx/STM32F4xx_HAL_Driver/Src/stm32f4xx_hal_rcc_ex.c ****   /*--------------------------------------------------------------------------*/
 408:stm/stm32f4xx/STM32F4xx_HAL_Driver/Src/stm32f4xx_hal_rcc_ex.c **** 
 409:stm/stm32f4xx/STM32F4xx_HAL_Driver/Src/stm32f4xx_hal_rcc_ex.c ****   /*----------------------------- PLLSAI Configuration -----------------------*/
 410:stm/stm32f4xx/STM32F4xx_HAL_Driver/Src/stm32f4xx_hal_rcc_ex.c ****   /* PLLSAI is configured when a peripheral will use it as source clock : SAI1, SAI2, CLK48 or SDIO
 411:stm/stm32f4xx/STM32F4xx_HAL_Driver/Src/stm32f4xx_hal_rcc_ex.c ****   if(pllsaiused == 1U)
 283              		.loc 1 411 3 is_stmt 1 view .LVU95
 284              		.loc 1 411 5 is_stmt 0 view .LVU96
 285 0152 012D     		cmp	r5, #1
 286 0154 00F02581 		beq	.L64
 412:stm/stm32f4xx/STM32F4xx_HAL_Driver/Src/stm32f4xx_hal_rcc_ex.c ****   {
 413:stm/stm32f4xx/STM32F4xx_HAL_Driver/Src/stm32f4xx_hal_rcc_ex.c ****     /* Disable PLLSAI Clock */
 414:stm/stm32f4xx/STM32F4xx_HAL_Driver/Src/stm32f4xx_hal_rcc_ex.c ****     __HAL_RCC_PLLSAI_DISABLE();
 415:stm/stm32f4xx/STM32F4xx_HAL_Driver/Src/stm32f4xx_hal_rcc_ex.c ****     /* Get tick */
 416:stm/stm32f4xx/STM32F4xx_HAL_Driver/Src/stm32f4xx_hal_rcc_ex.c ****     tickstart = HAL_GetTick();
 417:stm/stm32f4xx/STM32F4xx_HAL_Driver/Src/stm32f4xx_hal_rcc_ex.c ****     /* Wait till PLLSAI is disabled */
 418:stm/stm32f4xx/STM32F4xx_HAL_Driver/Src/stm32f4xx_hal_rcc_ex.c ****     while(__HAL_RCC_PLLSAI_GET_FLAG() != RESET)
 419:stm/stm32f4xx/STM32F4xx_HAL_Driver/Src/stm32f4xx_hal_rcc_ex.c ****     {
 420:stm/stm32f4xx/STM32F4xx_HAL_Driver/Src/stm32f4xx_hal_rcc_ex.c ****       if((HAL_GetTick() - tickstart ) > PLLSAI_TIMEOUT_VALUE)
 421:stm/stm32f4xx/STM32F4xx_HAL_Driver/Src/stm32f4xx_hal_rcc_ex.c ****       {
 422:stm/stm32f4xx/STM32F4xx_HAL_Driver/Src/stm32f4xx_hal_rcc_ex.c ****         /* return in case of Timeout detected */
 423:stm/stm32f4xx/STM32F4xx_HAL_Driver/Src/stm32f4xx_hal_rcc_ex.c ****         return HAL_TIMEOUT;
 424:stm/stm32f4xx/STM32F4xx_HAL_Driver/Src/stm32f4xx_hal_rcc_ex.c ****       }
 425:stm/stm32f4xx/STM32F4xx_HAL_Driver/Src/stm32f4xx_hal_rcc_ex.c ****     }
 426:stm/stm32f4xx/STM32F4xx_HAL_Driver/Src/stm32f4xx_hal_rcc_ex.c **** 
 427:stm/stm32f4xx/STM32F4xx_HAL_Driver/Src/stm32f4xx_hal_rcc_ex.c ****     /* Check the PLLSAI division factors */
 428:stm/stm32f4xx/STM32F4xx_HAL_Driver/Src/stm32f4xx_hal_rcc_ex.c ****     assert_param(IS_RCC_PLLSAIM_VALUE(PeriphClkInit->PLLSAI.PLLSAIM));
 429:stm/stm32f4xx/STM32F4xx_HAL_Driver/Src/stm32f4xx_hal_rcc_ex.c ****     assert_param(IS_RCC_PLLSAIN_VALUE(PeriphClkInit->PLLSAI.PLLSAIN));
 430:stm/stm32f4xx/STM32F4xx_HAL_Driver/Src/stm32f4xx_hal_rcc_ex.c **** 
 431:stm/stm32f4xx/STM32F4xx_HAL_Driver/Src/stm32f4xx_hal_rcc_ex.c ****     /*------ In Case of PLLSAI is selected as source clock for SAI -----------*/
 432:stm/stm32f4xx/STM32F4xx_HAL_Driver/Src/stm32f4xx_hal_rcc_ex.c ****     if(((((PeriphClkInit->PeriphClockSelection) & RCC_PERIPHCLK_SAI1) == RCC_PERIPHCLK_SAI1) && (Pe
 433:stm/stm32f4xx/STM32F4xx_HAL_Driver/Src/stm32f4xx_hal_rcc_ex.c ****        ((((PeriphClkInit->PeriphClockSelection) & RCC_PERIPHCLK_SAI2) == RCC_PERIPHCLK_SAI2) && (Pe
 434:stm/stm32f4xx/STM32F4xx_HAL_Driver/Src/stm32f4xx_hal_rcc_ex.c ****     {
 435:stm/stm32f4xx/STM32F4xx_HAL_Driver/Src/stm32f4xx_hal_rcc_ex.c ****       /* check for PLLSAIQ Parameter */
 436:stm/stm32f4xx/STM32F4xx_HAL_Driver/Src/stm32f4xx_hal_rcc_ex.c ****       assert_param(IS_RCC_PLLSAIQ_VALUE(PeriphClkInit->PLLSAI.PLLSAIQ));
 437:stm/stm32f4xx/STM32F4xx_HAL_Driver/Src/stm32f4xx_hal_rcc_ex.c ****       /* check for PLLSAI/DIVQ Parameter */
 438:stm/stm32f4xx/STM32F4xx_HAL_Driver/Src/stm32f4xx_hal_rcc_ex.c ****       assert_param(IS_RCC_PLLSAI_DIVQ_VALUE(PeriphClkInit->PLLSAIDivQ));
 439:stm/stm32f4xx/STM32F4xx_HAL_Driver/Src/stm32f4xx_hal_rcc_ex.c **** 
 440:stm/stm32f4xx/STM32F4xx_HAL_Driver/Src/stm32f4xx_hal_rcc_ex.c ****       /* Read PLLSAIP value from PLLSAICFGR register (this value is not needed for SAI configuratio
 441:stm/stm32f4xx/STM32F4xx_HAL_Driver/Src/stm32f4xx_hal_rcc_ex.c ****       pllsaip = ((((RCC->PLLSAICFGR & RCC_PLLSAICFGR_PLLSAIP) >> RCC_PLLSAICFGR_PLLSAIP_Pos) + 1U) 
 442:stm/stm32f4xx/STM32F4xx_HAL_Driver/Src/stm32f4xx_hal_rcc_ex.c ****       /* PLLSAI_VCO Input  = PLL_SOURCE/PLLM */
 443:stm/stm32f4xx/STM32F4xx_HAL_Driver/Src/stm32f4xx_hal_rcc_ex.c ****       /* PLLSAI_VCO Output = PLLSAI_VCO Input * PLLSAIN */
 444:stm/stm32f4xx/STM32F4xx_HAL_Driver/Src/stm32f4xx_hal_rcc_ex.c ****       /* SAI_CLK(first level) = PLLSAI_VCO Output/PLLSAIQ */
 445:stm/stm32f4xx/STM32F4xx_HAL_Driver/Src/stm32f4xx_hal_rcc_ex.c ****       __HAL_RCC_PLLSAI_CONFIG(PeriphClkInit->PLLSAI.PLLSAIM, PeriphClkInit->PLLSAI.PLLSAIN , pllsai
 446:stm/stm32f4xx/STM32F4xx_HAL_Driver/Src/stm32f4xx_hal_rcc_ex.c **** 
 447:stm/stm32f4xx/STM32F4xx_HAL_Driver/Src/stm32f4xx_hal_rcc_ex.c ****       /* SAI_CLK_x = SAI_CLK(first level)/PLLSAIDIVQ */
 448:stm/stm32f4xx/STM32F4xx_HAL_Driver/Src/stm32f4xx_hal_rcc_ex.c ****       __HAL_RCC_PLLSAI_PLLSAICLKDIVQ_CONFIG(PeriphClkInit->PLLSAIDivQ);
 449:stm/stm32f4xx/STM32F4xx_HAL_Driver/Src/stm32f4xx_hal_rcc_ex.c ****     }
 450:stm/stm32f4xx/STM32F4xx_HAL_Driver/Src/stm32f4xx_hal_rcc_ex.c **** 
 451:stm/stm32f4xx/STM32F4xx_HAL_Driver/Src/stm32f4xx_hal_rcc_ex.c ****     /*------ In Case of PLLSAI is selected as source clock for CLK48 ---------*/
 452:stm/stm32f4xx/STM32F4xx_HAL_Driver/Src/stm32f4xx_hal_rcc_ex.c ****     /* In Case of PLLI2S is selected as source clock for CLK48 */
 453:stm/stm32f4xx/STM32F4xx_HAL_Driver/Src/stm32f4xx_hal_rcc_ex.c ****     if((((PeriphClkInit->PeriphClockSelection) & RCC_PERIPHCLK_CLK48) == RCC_PERIPHCLK_CLK48) && (P
 454:stm/stm32f4xx/STM32F4xx_HAL_Driver/Src/stm32f4xx_hal_rcc_ex.c ****     {
ARM GAS  /tmp/ccsRaXLF.s 			page 14


 455:stm/stm32f4xx/STM32F4xx_HAL_Driver/Src/stm32f4xx_hal_rcc_ex.c ****       /* check for Parameters */
 456:stm/stm32f4xx/STM32F4xx_HAL_Driver/Src/stm32f4xx_hal_rcc_ex.c ****       assert_param(IS_RCC_PLLSAIP_VALUE(PeriphClkInit->PLLSAI.PLLSAIP));
 457:stm/stm32f4xx/STM32F4xx_HAL_Driver/Src/stm32f4xx_hal_rcc_ex.c ****       /* Read PLLSAIQ value from PLLI2SCFGR register (this value is not need for SAI configuration)
 458:stm/stm32f4xx/STM32F4xx_HAL_Driver/Src/stm32f4xx_hal_rcc_ex.c ****       pllsaiq = ((RCC->PLLSAICFGR & RCC_PLLSAICFGR_PLLSAIQ) >> RCC_PLLSAICFGR_PLLSAIQ_Pos);
 459:stm/stm32f4xx/STM32F4xx_HAL_Driver/Src/stm32f4xx_hal_rcc_ex.c ****       /* Configure the PLLSAI division factors */
 460:stm/stm32f4xx/STM32F4xx_HAL_Driver/Src/stm32f4xx_hal_rcc_ex.c ****       /* PLLSAI_VCO = f(VCO clock) = f(PLLSAI clock input) * (PLLI2SN/PLLSAIM) */
 461:stm/stm32f4xx/STM32F4xx_HAL_Driver/Src/stm32f4xx_hal_rcc_ex.c ****       /* 48CLK = f(PLLSAI clock output) = f(VCO clock) / PLLSAIP */
 462:stm/stm32f4xx/STM32F4xx_HAL_Driver/Src/stm32f4xx_hal_rcc_ex.c ****       __HAL_RCC_PLLSAI_CONFIG(PeriphClkInit->PLLSAI.PLLSAIM, PeriphClkInit->PLLSAI.PLLSAIN , Periph
 463:stm/stm32f4xx/STM32F4xx_HAL_Driver/Src/stm32f4xx_hal_rcc_ex.c ****     }
 464:stm/stm32f4xx/STM32F4xx_HAL_Driver/Src/stm32f4xx_hal_rcc_ex.c **** 
 465:stm/stm32f4xx/STM32F4xx_HAL_Driver/Src/stm32f4xx_hal_rcc_ex.c ****     /* Enable PLLSAI Clock */
 466:stm/stm32f4xx/STM32F4xx_HAL_Driver/Src/stm32f4xx_hal_rcc_ex.c ****     __HAL_RCC_PLLSAI_ENABLE();
 467:stm/stm32f4xx/STM32F4xx_HAL_Driver/Src/stm32f4xx_hal_rcc_ex.c ****     /* Get tick */
 468:stm/stm32f4xx/STM32F4xx_HAL_Driver/Src/stm32f4xx_hal_rcc_ex.c ****     tickstart = HAL_GetTick();
 469:stm/stm32f4xx/STM32F4xx_HAL_Driver/Src/stm32f4xx_hal_rcc_ex.c ****     /* Wait till PLLSAI is ready */
 470:stm/stm32f4xx/STM32F4xx_HAL_Driver/Src/stm32f4xx_hal_rcc_ex.c ****     while(__HAL_RCC_PLLSAI_GET_FLAG() == RESET)
 471:stm/stm32f4xx/STM32F4xx_HAL_Driver/Src/stm32f4xx_hal_rcc_ex.c ****     {
 472:stm/stm32f4xx/STM32F4xx_HAL_Driver/Src/stm32f4xx_hal_rcc_ex.c ****       if((HAL_GetTick() - tickstart ) > PLLSAI_TIMEOUT_VALUE)
 473:stm/stm32f4xx/STM32F4xx_HAL_Driver/Src/stm32f4xx_hal_rcc_ex.c ****       {
 474:stm/stm32f4xx/STM32F4xx_HAL_Driver/Src/stm32f4xx_hal_rcc_ex.c ****         /* return in case of Timeout detected */
 475:stm/stm32f4xx/STM32F4xx_HAL_Driver/Src/stm32f4xx_hal_rcc_ex.c ****         return HAL_TIMEOUT;
 476:stm/stm32f4xx/STM32F4xx_HAL_Driver/Src/stm32f4xx_hal_rcc_ex.c ****       }
 477:stm/stm32f4xx/STM32F4xx_HAL_Driver/Src/stm32f4xx_hal_rcc_ex.c ****     }
 478:stm/stm32f4xx/STM32F4xx_HAL_Driver/Src/stm32f4xx_hal_rcc_ex.c ****   }
 479:stm/stm32f4xx/STM32F4xx_HAL_Driver/Src/stm32f4xx_hal_rcc_ex.c ****   return HAL_OK;
 287              		.loc 1 479 10 view .LVU97
 288 0158 0020     		movs	r0, #0
 289              	.LVL11:
 290              	.L10:
 480:stm/stm32f4xx/STM32F4xx_HAL_Driver/Src/stm32f4xx_hal_rcc_ex.c **** }
 291              		.loc 1 480 1 view .LVU98
 292 015a 03B0     		add	sp, sp, #12
 293              	.LCFI2:
 294              		.cfi_remember_state
 295              		.cfi_def_cfa_offset 20
 296              		@ sp needed
 297 015c F0BD     		pop	{r4, r5, r6, r7, pc}
 298              	.LVL12:
 299              	.L45:
 300              	.LCFI3:
 301              		.cfi_restore_state
 113:stm/stm32f4xx/STM32F4xx_HAL_Driver/Src/stm32f4xx_hal_rcc_ex.c ****     }
 302              		.loc 1 113 18 view .LVU99
 303 015e 0126     		movs	r6, #1
 304 0160 63E7     		b	.L2
 305              	.LVL13:
 306              	.L60:
 145:stm/stm32f4xx/STM32F4xx_HAL_Driver/Src/stm32f4xx_hal_rcc_ex.c ****     }
 307              		.loc 1 145 18 view .LVU100
 308 0162 0126     		movs	r6, #1
 309              	.LVL14:
 145:stm/stm32f4xx/STM32F4xx_HAL_Driver/Src/stm32f4xx_hal_rcc_ex.c ****     }
 310              		.loc 1 145 18 view .LVU101
 311 0164 82E7     		b	.L5
 312              	.LVL15:
 313              	.L48:
 150:stm/stm32f4xx/STM32F4xx_HAL_Driver/Src/stm32f4xx_hal_rcc_ex.c ****     }
ARM GAS  /tmp/ccsRaXLF.s 			page 15


 314              		.loc 1 150 18 view .LVU102
 315 0166 0125     		movs	r5, #1
 316 0168 83E7     		b	.L4
 317              	.LVL16:
 318              	.L61:
 167:stm/stm32f4xx/STM32F4xx_HAL_Driver/Src/stm32f4xx_hal_rcc_ex.c ****     }
 319              		.loc 1 167 18 view .LVU103
 320 016a 0126     		movs	r6, #1
 321              	.LVL17:
 167:stm/stm32f4xx/STM32F4xx_HAL_Driver/Src/stm32f4xx_hal_rcc_ex.c ****     }
 322              		.loc 1 167 18 view .LVU104
 323 016c 92E7     		b	.L7
 324              	.LVL18:
 325              	.L62:
 181:stm/stm32f4xx/STM32F4xx_HAL_Driver/Src/stm32f4xx_hal_rcc_ex.c **** 
 326              		.loc 1 181 5 is_stmt 1 view .LVU105
 184:stm/stm32f4xx/STM32F4xx_HAL_Driver/Src/stm32f4xx_hal_rcc_ex.c **** 
 327              		.loc 1 184 5 view .LVU106
 328              	.LBB2:
 184:stm/stm32f4xx/STM32F4xx_HAL_Driver/Src/stm32f4xx_hal_rcc_ex.c **** 
 329              		.loc 1 184 5 view .LVU107
 330 016e 0023     		movs	r3, #0
 331 0170 0193     		str	r3, [sp, #4]
 184:stm/stm32f4xx/STM32F4xx_HAL_Driver/Src/stm32f4xx_hal_rcc_ex.c **** 
 332              		.loc 1 184 5 view .LVU108
 333 0172 3D4B     		ldr	r3, .L73
 334 0174 1A6C     		ldr	r2, [r3, #64]
 335 0176 42F08052 		orr	r2, r2, #268435456
 336 017a 1A64     		str	r2, [r3, #64]
 184:stm/stm32f4xx/STM32F4xx_HAL_Driver/Src/stm32f4xx_hal_rcc_ex.c **** 
 337              		.loc 1 184 5 view .LVU109
 338 017c 1B6C     		ldr	r3, [r3, #64]
 339 017e 03F08053 		and	r3, r3, #268435456
 340 0182 0193     		str	r3, [sp, #4]
 184:stm/stm32f4xx/STM32F4xx_HAL_Driver/Src/stm32f4xx_hal_rcc_ex.c **** 
 341              		.loc 1 184 5 view .LVU110
 342 0184 019B     		ldr	r3, [sp, #4]
 343              	.LBE2:
 184:stm/stm32f4xx/STM32F4xx_HAL_Driver/Src/stm32f4xx_hal_rcc_ex.c **** 
 344              		.loc 1 184 5 view .LVU111
 187:stm/stm32f4xx/STM32F4xx_HAL_Driver/Src/stm32f4xx_hal_rcc_ex.c **** 
 345              		.loc 1 187 5 view .LVU112
 187:stm/stm32f4xx/STM32F4xx_HAL_Driver/Src/stm32f4xx_hal_rcc_ex.c **** 
 346              		.loc 1 187 8 is_stmt 0 view .LVU113
 347 0186 3A4A     		ldr	r2, .L73+8
 348 0188 1368     		ldr	r3, [r2]
 187:stm/stm32f4xx/STM32F4xx_HAL_Driver/Src/stm32f4xx_hal_rcc_ex.c **** 
 349              		.loc 1 187 13 view .LVU114
 350 018a 43F48073 		orr	r3, r3, #256
 351 018e 1360     		str	r3, [r2]
 190:stm/stm32f4xx/STM32F4xx_HAL_Driver/Src/stm32f4xx_hal_rcc_ex.c **** 
 352              		.loc 1 190 5 is_stmt 1 view .LVU115
 190:stm/stm32f4xx/STM32F4xx_HAL_Driver/Src/stm32f4xx_hal_rcc_ex.c **** 
 353              		.loc 1 190 17 is_stmt 0 view .LVU116
 354 0190 FFF7FEFF 		bl	HAL_GetTick
 355              	.LVL19:
 190:stm/stm32f4xx/STM32F4xx_HAL_Driver/Src/stm32f4xx_hal_rcc_ex.c **** 
ARM GAS  /tmp/ccsRaXLF.s 			page 16


 356              		.loc 1 190 17 view .LVU117
 357 0194 0746     		mov	r7, r0
 358              	.LVL20:
 192:stm/stm32f4xx/STM32F4xx_HAL_Driver/Src/stm32f4xx_hal_rcc_ex.c ****     {
 359              		.loc 1 192 5 is_stmt 1 view .LVU118
 360              	.L9:
 192:stm/stm32f4xx/STM32F4xx_HAL_Driver/Src/stm32f4xx_hal_rcc_ex.c ****     {
 361              		.loc 1 192 34 view .LVU119
 192:stm/stm32f4xx/STM32F4xx_HAL_Driver/Src/stm32f4xx_hal_rcc_ex.c ****     {
 362              		.loc 1 192 15 is_stmt 0 view .LVU120
 363 0196 364B     		ldr	r3, .L73+8
 364 0198 1B68     		ldr	r3, [r3]
 192:stm/stm32f4xx/STM32F4xx_HAL_Driver/Src/stm32f4xx_hal_rcc_ex.c ****     {
 365              		.loc 1 192 34 view .LVU121
 366 019a 13F4807F 		tst	r3, #256
 367 019e 06D1     		bne	.L65
 194:stm/stm32f4xx/STM32F4xx_HAL_Driver/Src/stm32f4xx_hal_rcc_ex.c ****       {
 368              		.loc 1 194 7 is_stmt 1 view .LVU122
 194:stm/stm32f4xx/STM32F4xx_HAL_Driver/Src/stm32f4xx_hal_rcc_ex.c ****       {
 369              		.loc 1 194 11 is_stmt 0 view .LVU123
 370 01a0 FFF7FEFF 		bl	HAL_GetTick
 371              	.LVL21:
 194:stm/stm32f4xx/STM32F4xx_HAL_Driver/Src/stm32f4xx_hal_rcc_ex.c ****       {
 372              		.loc 1 194 25 discriminator 1 view .LVU124
 373 01a4 C01B     		subs	r0, r0, r7
 194:stm/stm32f4xx/STM32F4xx_HAL_Driver/Src/stm32f4xx_hal_rcc_ex.c ****       {
 374              		.loc 1 194 9 discriminator 1 view .LVU125
 375 01a6 0228     		cmp	r0, #2
 376 01a8 F5D9     		bls	.L9
 196:stm/stm32f4xx/STM32F4xx_HAL_Driver/Src/stm32f4xx_hal_rcc_ex.c ****       }
 377              		.loc 1 196 16 view .LVU126
 378 01aa 0320     		movs	r0, #3
 379 01ac D5E7     		b	.L10
 380              	.L65:
 200:stm/stm32f4xx/STM32F4xx_HAL_Driver/Src/stm32f4xx_hal_rcc_ex.c ****     if((tmpreg1 != 0x00000000U) && ((tmpreg1) != (PeriphClkInit->RTCClockSelection & RCC_BDCR_RTCSE
 381              		.loc 1 200 5 is_stmt 1 view .LVU127
 200:stm/stm32f4xx/STM32F4xx_HAL_Driver/Src/stm32f4xx_hal_rcc_ex.c ****     if((tmpreg1 != 0x00000000U) && ((tmpreg1) != (PeriphClkInit->RTCClockSelection & RCC_BDCR_RTCSE
 382              		.loc 1 200 19 is_stmt 0 view .LVU128
 383 01ae 2E4B     		ldr	r3, .L73
 384 01b0 1B6F     		ldr	r3, [r3, #112]
 385              	.LVL22:
 201:stm/stm32f4xx/STM32F4xx_HAL_Driver/Src/stm32f4xx_hal_rcc_ex.c ****     {
 386              		.loc 1 201 5 is_stmt 1 view .LVU129
 201:stm/stm32f4xx/STM32F4xx_HAL_Driver/Src/stm32f4xx_hal_rcc_ex.c ****     {
 387              		.loc 1 201 7 is_stmt 0 view .LVU130
 388 01b2 13F44073 		ands	r3, r3, #768
 389              	.LVL23:
 201:stm/stm32f4xx/STM32F4xx_HAL_Driver/Src/stm32f4xx_hal_rcc_ex.c ****     {
 390              		.loc 1 201 7 view .LVU131
 391 01b6 14D0     		beq	.L12
 201:stm/stm32f4xx/STM32F4xx_HAL_Driver/Src/stm32f4xx_hal_rcc_ex.c ****     {
 392              		.loc 1 201 64 discriminator 1 view .LVU132
 393 01b8 226C     		ldr	r2, [r4, #64]
 201:stm/stm32f4xx/STM32F4xx_HAL_Driver/Src/stm32f4xx_hal_rcc_ex.c ****     {
 394              		.loc 1 201 84 discriminator 1 view .LVU133
 395 01ba 02F44072 		and	r2, r2, #768
 201:stm/stm32f4xx/STM32F4xx_HAL_Driver/Src/stm32f4xx_hal_rcc_ex.c ****     {
ARM GAS  /tmp/ccsRaXLF.s 			page 17


 396              		.loc 1 201 33 discriminator 1 view .LVU134
 397 01be 9A42     		cmp	r2, r3
 398 01c0 0FD0     		beq	.L12
 204:stm/stm32f4xx/STM32F4xx_HAL_Driver/Src/stm32f4xx_hal_rcc_ex.c ****       /* RTC Clock selection can be changed only if the Backup Domain is reset */
 399              		.loc 1 204 7 is_stmt 1 view .LVU135
 204:stm/stm32f4xx/STM32F4xx_HAL_Driver/Src/stm32f4xx_hal_rcc_ex.c ****       /* RTC Clock selection can be changed only if the Backup Domain is reset */
 400              		.loc 1 204 21 is_stmt 0 view .LVU136
 401 01c2 294B     		ldr	r3, .L73
 402              	.LVL24:
 204:stm/stm32f4xx/STM32F4xx_HAL_Driver/Src/stm32f4xx_hal_rcc_ex.c ****       /* RTC Clock selection can be changed only if the Backup Domain is reset */
 403              		.loc 1 204 21 view .LVU137
 404 01c4 1A6F     		ldr	r2, [r3, #112]
 204:stm/stm32f4xx/STM32F4xx_HAL_Driver/Src/stm32f4xx_hal_rcc_ex.c ****       /* RTC Clock selection can be changed only if the Backup Domain is reset */
 405              		.loc 1 204 15 view .LVU138
 406 01c6 22F44072 		bic	r2, r2, #768
 407              	.LVL25:
 206:stm/stm32f4xx/STM32F4xx_HAL_Driver/Src/stm32f4xx_hal_rcc_ex.c ****       __HAL_RCC_BACKUPRESET_RELEASE();
 408              		.loc 1 206 7 is_stmt 1 view .LVU139
 409 01ca 2A49     		ldr	r1, .L73+12
 410 01cc 0120     		movs	r0, #1
 411 01ce C1F8400E 		str	r0, [r1, #3648]
 207:stm/stm32f4xx/STM32F4xx_HAL_Driver/Src/stm32f4xx_hal_rcc_ex.c ****       /* Restore the Content of BDCR register */
 412              		.loc 1 207 7 view .LVU140
 413 01d2 0020     		movs	r0, #0
 414 01d4 C1F8400E 		str	r0, [r1, #3648]
 209:stm/stm32f4xx/STM32F4xx_HAL_Driver/Src/stm32f4xx_hal_rcc_ex.c **** 
 415              		.loc 1 209 7 view .LVU141
 209:stm/stm32f4xx/STM32F4xx_HAL_Driver/Src/stm32f4xx_hal_rcc_ex.c **** 
 416              		.loc 1 209 17 is_stmt 0 view .LVU142
 417 01d8 1A67     		str	r2, [r3, #112]
 212:stm/stm32f4xx/STM32F4xx_HAL_Driver/Src/stm32f4xx_hal_rcc_ex.c ****       {
 418              		.loc 1 212 7 is_stmt 1 view .LVU143
 212:stm/stm32f4xx/STM32F4xx_HAL_Driver/Src/stm32f4xx_hal_rcc_ex.c ****       {
 419              		.loc 1 212 10 is_stmt 0 view .LVU144
 420 01da 1B6F     		ldr	r3, [r3, #112]
 212:stm/stm32f4xx/STM32F4xx_HAL_Driver/Src/stm32f4xx_hal_rcc_ex.c ****       {
 421              		.loc 1 212 9 view .LVU145
 422 01dc 13F0010F 		tst	r3, #1
 423 01e0 12D1     		bne	.L66
 424              	.LVL26:
 425              	.L12:
 227:stm/stm32f4xx/STM32F4xx_HAL_Driver/Src/stm32f4xx_hal_rcc_ex.c ****   }
 426              		.loc 1 227 5 is_stmt 1 view .LVU146
 227:stm/stm32f4xx/STM32F4xx_HAL_Driver/Src/stm32f4xx_hal_rcc_ex.c ****   }
 427              		.loc 1 227 5 view .LVU147
 428 01e2 236C     		ldr	r3, [r4, #64]
 429 01e4 03F44072 		and	r2, r3, #768
 430 01e8 B2F5407F 		cmp	r2, #768
 431 01ec 1DD0     		beq	.L67
 227:stm/stm32f4xx/STM32F4xx_HAL_Driver/Src/stm32f4xx_hal_rcc_ex.c ****   }
 432              		.loc 1 227 5 is_stmt 0 discriminator 2 view .LVU148
 433 01ee 1E4A     		ldr	r2, .L73
 434 01f0 9368     		ldr	r3, [r2, #8]
 435 01f2 23F4F813 		bic	r3, r3, #2031616
 436 01f6 9360     		str	r3, [r2, #8]
 437              	.L16:
 227:stm/stm32f4xx/STM32F4xx_HAL_Driver/Src/stm32f4xx_hal_rcc_ex.c ****   }
ARM GAS  /tmp/ccsRaXLF.s 			page 18


 438              		.loc 1 227 5 is_stmt 1 discriminator 4 view .LVU149
 439 01f8 1B49     		ldr	r1, .L73
 440 01fa 0B6F     		ldr	r3, [r1, #112]
 441 01fc 226C     		ldr	r2, [r4, #64]
 442 01fe C2F30B02 		ubfx	r2, r2, #0, #12
 443 0202 1343     		orrs	r3, r3, r2
 444 0204 0B67     		str	r3, [r1, #112]
 445 0206 4BE7     		b	.L8
 446              	.LVL27:
 447              	.L66:
 215:stm/stm32f4xx/STM32F4xx_HAL_Driver/Src/stm32f4xx_hal_rcc_ex.c **** 
 448              		.loc 1 215 9 view .LVU150
 215:stm/stm32f4xx/STM32F4xx_HAL_Driver/Src/stm32f4xx_hal_rcc_ex.c **** 
 449              		.loc 1 215 21 is_stmt 0 view .LVU151
 450 0208 FFF7FEFF 		bl	HAL_GetTick
 451              	.LVL28:
 215:stm/stm32f4xx/STM32F4xx_HAL_Driver/Src/stm32f4xx_hal_rcc_ex.c **** 
 452              		.loc 1 215 21 view .LVU152
 453 020c 0746     		mov	r7, r0
 454              	.LVL29:
 218:stm/stm32f4xx/STM32F4xx_HAL_Driver/Src/stm32f4xx_hal_rcc_ex.c ****         {
 455              		.loc 1 218 9 is_stmt 1 view .LVU153
 456              	.L13:
 218:stm/stm32f4xx/STM32F4xx_HAL_Driver/Src/stm32f4xx_hal_rcc_ex.c ****         {
 457              		.loc 1 218 51 view .LVU154
 218:stm/stm32f4xx/STM32F4xx_HAL_Driver/Src/stm32f4xx_hal_rcc_ex.c ****         {
 458              		.loc 1 218 15 is_stmt 0 view .LVU155
 459 020e 164B     		ldr	r3, .L73
 460 0210 1B6F     		ldr	r3, [r3, #112]
 218:stm/stm32f4xx/STM32F4xx_HAL_Driver/Src/stm32f4xx_hal_rcc_ex.c ****         {
 461              		.loc 1 218 51 view .LVU156
 462 0212 13F0020F 		tst	r3, #2
 463 0216 E4D1     		bne	.L12
 220:stm/stm32f4xx/STM32F4xx_HAL_Driver/Src/stm32f4xx_hal_rcc_ex.c ****           {
 464              		.loc 1 220 11 is_stmt 1 view .LVU157
 220:stm/stm32f4xx/STM32F4xx_HAL_Driver/Src/stm32f4xx_hal_rcc_ex.c ****           {
 465              		.loc 1 220 15 is_stmt 0 view .LVU158
 466 0218 FFF7FEFF 		bl	HAL_GetTick
 467              	.LVL30:
 220:stm/stm32f4xx/STM32F4xx_HAL_Driver/Src/stm32f4xx_hal_rcc_ex.c ****           {
 468              		.loc 1 220 29 discriminator 1 view .LVU159
 469 021c C01B     		subs	r0, r0, r7
 220:stm/stm32f4xx/STM32F4xx_HAL_Driver/Src/stm32f4xx_hal_rcc_ex.c ****           {
 470              		.loc 1 220 13 discriminator 1 view .LVU160
 471 021e 41F28833 		movw	r3, #5000
 472 0222 9842     		cmp	r0, r3
 473 0224 F3D9     		bls	.L13
 222:stm/stm32f4xx/STM32F4xx_HAL_Driver/Src/stm32f4xx_hal_rcc_ex.c ****           }
 474              		.loc 1 222 20 view .LVU161
 475 0226 0320     		movs	r0, #3
 476 0228 97E7     		b	.L10
 477              	.LVL31:
 478              	.L67:
 227:stm/stm32f4xx/STM32F4xx_HAL_Driver/Src/stm32f4xx_hal_rcc_ex.c ****   }
 479              		.loc 1 227 5 discriminator 1 view .LVU162
 480 022a 0F49     		ldr	r1, .L73
 481 022c 8A68     		ldr	r2, [r1, #8]
ARM GAS  /tmp/ccsRaXLF.s 			page 19


 482 022e 22F4F812 		bic	r2, r2, #2031616
 483 0232 23F07043 		bic	r3, r3, #-268435456
 484 0236 23F44073 		bic	r3, r3, #768
 485 023a 1343     		orrs	r3, r3, r2
 486 023c 8B60     		str	r3, [r1, #8]
 487 023e DBE7     		b	.L16
 488              	.LVL32:
 489              	.L63:
 273:stm/stm32f4xx/STM32F4xx_HAL_Driver/Src/stm32f4xx_hal_rcc_ex.c ****     }
 490              		.loc 1 273 18 view .LVU163
 491 0240 0125     		movs	r5, #1
 492              	.LVL33:
 273:stm/stm32f4xx/STM32F4xx_HAL_Driver/Src/stm32f4xx_hal_rcc_ex.c ****     }
 493              		.loc 1 273 18 view .LVU164
 494 0242 62E7     		b	.L20
 495              	.LVL34:
 496              	.L23:
 311:stm/stm32f4xx/STM32F4xx_HAL_Driver/Src/stm32f4xx_hal_rcc_ex.c ****     /* Get tick */
 497              		.loc 1 311 5 is_stmt 1 view .LVU165
 498 0244 0B4B     		ldr	r3, .L73+12
 499 0246 0022     		movs	r2, #0
 500 0248 9A66     		str	r2, [r3, #104]
 313:stm/stm32f4xx/STM32F4xx_HAL_Driver/Src/stm32f4xx_hal_rcc_ex.c ****     /* Wait till PLLI2S is disabled */
 501              		.loc 1 313 5 view .LVU166
 313:stm/stm32f4xx/STM32F4xx_HAL_Driver/Src/stm32f4xx_hal_rcc_ex.c ****     /* Wait till PLLI2S is disabled */
 502              		.loc 1 313 17 is_stmt 0 view .LVU167
 503 024a FFF7FEFF 		bl	HAL_GetTick
 504              	.LVL35:
 505 024e 0646     		mov	r6, r0
 506              	.LVL36:
 315:stm/stm32f4xx/STM32F4xx_HAL_Driver/Src/stm32f4xx_hal_rcc_ex.c ****     {
 507              		.loc 1 315 5 is_stmt 1 view .LVU168
 508              	.L25:
 315:stm/stm32f4xx/STM32F4xx_HAL_Driver/Src/stm32f4xx_hal_rcc_ex.c ****     {
 509              		.loc 1 315 51 view .LVU169
 315:stm/stm32f4xx/STM32F4xx_HAL_Driver/Src/stm32f4xx_hal_rcc_ex.c ****     {
 510              		.loc 1 315 11 is_stmt 0 view .LVU170
 511 0250 054B     		ldr	r3, .L73
 512 0252 1B68     		ldr	r3, [r3]
 315:stm/stm32f4xx/STM32F4xx_HAL_Driver/Src/stm32f4xx_hal_rcc_ex.c ****     {
 513              		.loc 1 315 51 view .LVU171
 514 0254 13F0006F 		tst	r3, #134217728
 515 0258 0ED0     		beq	.L68
 317:stm/stm32f4xx/STM32F4xx_HAL_Driver/Src/stm32f4xx_hal_rcc_ex.c ****       {
 516              		.loc 1 317 7 is_stmt 1 view .LVU172
 317:stm/stm32f4xx/STM32F4xx_HAL_Driver/Src/stm32f4xx_hal_rcc_ex.c ****       {
 517              		.loc 1 317 11 is_stmt 0 view .LVU173
 518 025a FFF7FEFF 		bl	HAL_GetTick
 519              	.LVL37:
 317:stm/stm32f4xx/STM32F4xx_HAL_Driver/Src/stm32f4xx_hal_rcc_ex.c ****       {
 520              		.loc 1 317 25 discriminator 1 view .LVU174
 521 025e 801B     		subs	r0, r0, r6
 317:stm/stm32f4xx/STM32F4xx_HAL_Driver/Src/stm32f4xx_hal_rcc_ex.c ****       {
 522              		.loc 1 317 9 discriminator 1 view .LVU175
 523 0260 0228     		cmp	r0, #2
 524 0262 F5D9     		bls	.L25
 320:stm/stm32f4xx/STM32F4xx_HAL_Driver/Src/stm32f4xx_hal_rcc_ex.c ****       }
ARM GAS  /tmp/ccsRaXLF.s 			page 20


 525              		.loc 1 320 16 view .LVU176
 526 0264 0320     		movs	r0, #3
 527 0266 78E7     		b	.L10
 528              	.L74:
 529              		.align	2
 530              	.L73:
 531 0268 00380240 		.word	1073887232
 532 026c 00104742 		.word	1111953408
 533 0270 00700040 		.word	1073770496
 534 0274 00004742 		.word	1111949312
 535              	.L68:
 325:stm/stm32f4xx/STM32F4xx_HAL_Driver/Src/stm32f4xx_hal_rcc_ex.c ****     assert_param(IS_RCC_PLLI2SN_VALUE(PeriphClkInit->PLLI2S.PLLI2SN));
 536              		.loc 1 325 5 is_stmt 1 view .LVU177
 326:stm/stm32f4xx/STM32F4xx_HAL_Driver/Src/stm32f4xx_hal_rcc_ex.c **** 
 537              		.loc 1 326 5 view .LVU178
 329:stm/stm32f4xx/STM32F4xx_HAL_Driver/Src/stm32f4xx_hal_rcc_ex.c ****        ((((PeriphClkInit->PeriphClockSelection) & RCC_PERIPHCLK_I2S_APB2) == RCC_PERIPHCLK_I2S_APB2
 538              		.loc 1 329 5 view .LVU179
 329:stm/stm32f4xx/STM32F4xx_HAL_Driver/Src/stm32f4xx_hal_rcc_ex.c ****        ((((PeriphClkInit->PeriphClockSelection) & RCC_PERIPHCLK_I2S_APB2) == RCC_PERIPHCLK_I2S_APB2
 539              		.loc 1 329 25 is_stmt 0 view .LVU180
 540 0278 2368     		ldr	r3, [r4]
 329:stm/stm32f4xx/STM32F4xx_HAL_Driver/Src/stm32f4xx_hal_rcc_ex.c ****        ((((PeriphClkInit->PeriphClockSelection) & RCC_PERIPHCLK_I2S_APB2) == RCC_PERIPHCLK_I2S_APB2
 541              		.loc 1 329 7 view .LVU181
 542 027a 13F0010F 		tst	r3, #1
 543 027e 01D0     		beq	.L27
 329:stm/stm32f4xx/STM32F4xx_HAL_Driver/Src/stm32f4xx_hal_rcc_ex.c ****        ((((PeriphClkInit->PeriphClockSelection) & RCC_PERIPHCLK_I2S_APB2) == RCC_PERIPHCLK_I2S_APB2
 544              		.loc 1 329 119 discriminator 1 view .LVU182
 545 0280 A26B     		ldr	r2, [r4, #56]
 329:stm/stm32f4xx/STM32F4xx_HAL_Driver/Src/stm32f4xx_hal_rcc_ex.c ****        ((((PeriphClkInit->PeriphClockSelection) & RCC_PERIPHCLK_I2S_APB2) == RCC_PERIPHCLK_I2S_APB2
 546              		.loc 1 329 102 discriminator 1 view .LVU183
 547 0282 22B1     		cbz	r2, .L28
 548              	.L27:
 329:stm/stm32f4xx/STM32F4xx_HAL_Driver/Src/stm32f4xx_hal_rcc_ex.c ****        ((((PeriphClkInit->PeriphClockSelection) & RCC_PERIPHCLK_I2S_APB2) == RCC_PERIPHCLK_I2S_APB2
 549              		.loc 1 329 176 discriminator 3 view .LVU184
 550 0284 13F0020F 		tst	r3, #2
 551 0288 15D0     		beq	.L29
 330:stm/stm32f4xx/STM32F4xx_HAL_Driver/Src/stm32f4xx_hal_rcc_ex.c ****     {
 552              		.loc 1 330 119 view .LVU185
 553 028a E36B     		ldr	r3, [r4, #60]
 330:stm/stm32f4xx/STM32F4xx_HAL_Driver/Src/stm32f4xx_hal_rcc_ex.c ****     {
 554              		.loc 1 330 102 view .LVU186
 555 028c 9BB9     		cbnz	r3, .L29
 556              	.L28:
 333:stm/stm32f4xx/STM32F4xx_HAL_Driver/Src/stm32f4xx_hal_rcc_ex.c **** 
 557              		.loc 1 333 7 is_stmt 1 view .LVU187
 336:stm/stm32f4xx/STM32F4xx_HAL_Driver/Src/stm32f4xx_hal_rcc_ex.c ****       plli2sq = ((RCC->PLLI2SCFGR & RCC_PLLI2SCFGR_PLLI2SQ) >> RCC_PLLI2SCFGR_PLLI2SQ_Pos);
 558              		.loc 1 336 7 view .LVU188
 336:stm/stm32f4xx/STM32F4xx_HAL_Driver/Src/stm32f4xx_hal_rcc_ex.c ****       plli2sq = ((RCC->PLLI2SCFGR & RCC_PLLI2SCFGR_PLLI2SQ) >> RCC_PLLI2SCFGR_PLLI2SQ_Pos);
 559              		.loc 1 336 24 is_stmt 0 view .LVU189
 560 028e 774A     		ldr	r2, .L75
 561 0290 D2F88400 		ldr	r0, [r2, #132]
 562              	.LVL38:
 337:stm/stm32f4xx/STM32F4xx_HAL_Driver/Src/stm32f4xx_hal_rcc_ex.c ****       /* Configure the PLLI2S division factors */
 563              		.loc 1 337 7 is_stmt 1 view .LVU190
 337:stm/stm32f4xx/STM32F4xx_HAL_Driver/Src/stm32f4xx_hal_rcc_ex.c ****       /* Configure the PLLI2S division factors */
 564              		.loc 1 337 22 is_stmt 0 view .LVU191
 565 0294 D2F88410 		ldr	r1, [r2, #132]
 566              	.LVL39:
ARM GAS  /tmp/ccsRaXLF.s 			page 21


 341:stm/stm32f4xx/STM32F4xx_HAL_Driver/Src/stm32f4xx_hal_rcc_ex.c ****     }
 567              		.loc 1 341 7 is_stmt 1 view .LVU192
 568 0298 6368     		ldr	r3, [r4, #4]
 569 029a A668     		ldr	r6, [r4, #8]
 570              	.LVL40:
 341:stm/stm32f4xx/STM32F4xx_HAL_Driver/Src/stm32f4xx_hal_rcc_ex.c ****     }
 571              		.loc 1 341 7 is_stmt 0 view .LVU193
 572 029c 43EA8613 		orr	r3, r3, r6, lsl #6
 573 02a0 00F44030 		and	r0, r0, #196608
 574              	.LVL41:
 341:stm/stm32f4xx/STM32F4xx_HAL_Driver/Src/stm32f4xx_hal_rcc_ex.c ****     }
 575              		.loc 1 341 7 view .LVU194
 576 02a4 0343     		orrs	r3, r3, r0
 577 02a6 01F07061 		and	r1, r1, #251658240
 578              	.LVL42:
 341:stm/stm32f4xx/STM32F4xx_HAL_Driver/Src/stm32f4xx_hal_rcc_ex.c ****     }
 579              		.loc 1 341 7 view .LVU195
 580 02aa 0B43     		orrs	r3, r3, r1
 581 02ac 6169     		ldr	r1, [r4, #20]
 582 02ae 43EA0173 		orr	r3, r3, r1, lsl #28
 583 02b2 C2F88430 		str	r3, [r2, #132]
 584              	.LVL43:
 585              	.L29:
 345:stm/stm32f4xx/STM32F4xx_HAL_Driver/Src/stm32f4xx_hal_rcc_ex.c ****        ((((PeriphClkInit->PeriphClockSelection) & RCC_PERIPHCLK_SAI2) == RCC_PERIPHCLK_SAI2) && (Pe
 586              		.loc 1 345 5 is_stmt 1 view .LVU196
 345:stm/stm32f4xx/STM32F4xx_HAL_Driver/Src/stm32f4xx_hal_rcc_ex.c ****        ((((PeriphClkInit->PeriphClockSelection) & RCC_PERIPHCLK_SAI2) == RCC_PERIPHCLK_SAI2) && (Pe
 587              		.loc 1 345 25 is_stmt 0 view .LVU197
 588 02b6 2368     		ldr	r3, [r4]
 345:stm/stm32f4xx/STM32F4xx_HAL_Driver/Src/stm32f4xx_hal_rcc_ex.c ****        ((((PeriphClkInit->PeriphClockSelection) & RCC_PERIPHCLK_SAI2) == RCC_PERIPHCLK_SAI2) && (Pe
 589              		.loc 1 345 7 view .LVU198
 590 02b8 13F0040F 		tst	r3, #4
 591 02bc 03D0     		beq	.L30
 345:stm/stm32f4xx/STM32F4xx_HAL_Driver/Src/stm32f4xx_hal_rcc_ex.c ****        ((((PeriphClkInit->PeriphClockSelection) & RCC_PERIPHCLK_SAI2) == RCC_PERIPHCLK_SAI2) && (Pe
 592              		.loc 1 345 111 discriminator 1 view .LVU199
 593 02be 226B     		ldr	r2, [r4, #48]
 345:stm/stm32f4xx/STM32F4xx_HAL_Driver/Src/stm32f4xx_hal_rcc_ex.c ****        ((((PeriphClkInit->PeriphClockSelection) & RCC_PERIPHCLK_SAI2) == RCC_PERIPHCLK_SAI2) && (Pe
 594              		.loc 1 345 94 discriminator 1 view .LVU200
 595 02c0 B2F5801F 		cmp	r2, #1048576
 596 02c4 06D0     		beq	.L31
 597              	.L30:
 345:stm/stm32f4xx/STM32F4xx_HAL_Driver/Src/stm32f4xx_hal_rcc_ex.c ****        ((((PeriphClkInit->PeriphClockSelection) & RCC_PERIPHCLK_SAI2) == RCC_PERIPHCLK_SAI2) && (Pe
 598              		.loc 1 345 162 discriminator 3 view .LVU201
 599 02c6 13F0080F 		tst	r3, #8
 600 02ca 20D0     		beq	.L32
 346:stm/stm32f4xx/STM32F4xx_HAL_Driver/Src/stm32f4xx_hal_rcc_ex.c ****     {
 601              		.loc 1 346 111 view .LVU202
 602 02cc 636B     		ldr	r3, [r4, #52]
 346:stm/stm32f4xx/STM32F4xx_HAL_Driver/Src/stm32f4xx_hal_rcc_ex.c ****     {
 603              		.loc 1 346 94 view .LVU203
 604 02ce B3F5800F 		cmp	r3, #4194304
 605 02d2 1CD1     		bne	.L32
 606              	.L31:
 349:stm/stm32f4xx/STM32F4xx_HAL_Driver/Src/stm32f4xx_hal_rcc_ex.c ****       /* Check for PLLI2S/DIVQ parameters */
 607              		.loc 1 349 7 is_stmt 1 view .LVU204
 351:stm/stm32f4xx/STM32F4xx_HAL_Driver/Src/stm32f4xx_hal_rcc_ex.c **** 
 608              		.loc 1 351 7 view .LVU205
 354:stm/stm32f4xx/STM32F4xx_HAL_Driver/Src/stm32f4xx_hal_rcc_ex.c ****       plli2sr = ((RCC->PLLI2SCFGR & RCC_PLLI2SCFGR_PLLI2SR) >> RCC_PLLI2SCFGR_PLLI2SR_Pos);
ARM GAS  /tmp/ccsRaXLF.s 			page 22


 609              		.loc 1 354 7 view .LVU206
 354:stm/stm32f4xx/STM32F4xx_HAL_Driver/Src/stm32f4xx_hal_rcc_ex.c ****       plli2sr = ((RCC->PLLI2SCFGR & RCC_PLLI2SCFGR_PLLI2SR) >> RCC_PLLI2SCFGR_PLLI2SR_Pos);
 610              		.loc 1 354 24 is_stmt 0 view .LVU207
 611 02d4 654A     		ldr	r2, .L75
 612 02d6 D2F88400 		ldr	r0, [r2, #132]
 613              	.LVL44:
 355:stm/stm32f4xx/STM32F4xx_HAL_Driver/Src/stm32f4xx_hal_rcc_ex.c ****       /* Configure the PLLI2S division factors */
 614              		.loc 1 355 7 is_stmt 1 view .LVU208
 355:stm/stm32f4xx/STM32F4xx_HAL_Driver/Src/stm32f4xx_hal_rcc_ex.c ****       /* Configure the PLLI2S division factors */
 615              		.loc 1 355 22 is_stmt 0 view .LVU209
 616 02da D2F88410 		ldr	r1, [r2, #132]
 617              	.LVL45:
 360:stm/stm32f4xx/STM32F4xx_HAL_Driver/Src/stm32f4xx_hal_rcc_ex.c **** 
 618              		.loc 1 360 7 is_stmt 1 view .LVU210
 619 02de 6368     		ldr	r3, [r4, #4]
 620 02e0 A668     		ldr	r6, [r4, #8]
 621 02e2 43EA8613 		orr	r3, r3, r6, lsl #6
 622 02e6 00F44030 		and	r0, r0, #196608
 623              	.LVL46:
 360:stm/stm32f4xx/STM32F4xx_HAL_Driver/Src/stm32f4xx_hal_rcc_ex.c **** 
 624              		.loc 1 360 7 is_stmt 0 view .LVU211
 625 02ea 0343     		orrs	r3, r3, r0
 626 02ec 2069     		ldr	r0, [r4, #16]
 627 02ee 43EA0063 		orr	r3, r3, r0, lsl #24
 628 02f2 01F0E041 		and	r1, r1, #1879048192
 629              	.LVL47:
 360:stm/stm32f4xx/STM32F4xx_HAL_Driver/Src/stm32f4xx_hal_rcc_ex.c **** 
 630              		.loc 1 360 7 view .LVU212
 631 02f6 0B43     		orrs	r3, r3, r1
 632 02f8 C2F88430 		str	r3, [r2, #132]
 363:stm/stm32f4xx/STM32F4xx_HAL_Driver/Src/stm32f4xx_hal_rcc_ex.c ****     }
 633              		.loc 1 363 7 is_stmt 1 view .LVU213
 634 02fc D2F88C30 		ldr	r3, [r2, #140]
 635 0300 23F01F03 		bic	r3, r3, #31
 636 0304 A16A     		ldr	r1, [r4, #40]
 637 0306 0139     		subs	r1, r1, #1
 638 0308 0B43     		orrs	r3, r3, r1
 639 030a C2F88C30 		str	r3, [r2, #140]
 640              	.LVL48:
 641              	.L32:
 367:stm/stm32f4xx/STM32F4xx_HAL_Driver/Src/stm32f4xx_hal_rcc_ex.c ****     {
 642              		.loc 1 367 5 view .LVU214
 367:stm/stm32f4xx/STM32F4xx_HAL_Driver/Src/stm32f4xx_hal_rcc_ex.c ****     {
 643              		.loc 1 367 24 is_stmt 0 view .LVU215
 644 030e 2368     		ldr	r3, [r4]
 367:stm/stm32f4xx/STM32F4xx_HAL_Driver/Src/stm32f4xx_hal_rcc_ex.c ****     {
 645              		.loc 1 367 7 view .LVU216
 646 0310 13F4806F 		tst	r3, #1024
 647 0314 03D0     		beq	.L33
 367:stm/stm32f4xx/STM32F4xx_HAL_Driver/Src/stm32f4xx_hal_rcc_ex.c ****     {
 648              		.loc 1 367 116 discriminator 1 view .LVU217
 649 0316 236D     		ldr	r3, [r4, #80]
 367:stm/stm32f4xx/STM32F4xx_HAL_Driver/Src/stm32f4xx_hal_rcc_ex.c ****     {
 650              		.loc 1 367 99 discriminator 1 view .LVU218
 651 0318 B3F1005F 		cmp	r3, #536870912
 652 031c 28D0     		beq	.L69
 653              	.L33:
ARM GAS  /tmp/ccsRaXLF.s 			page 23


 381:stm/stm32f4xx/STM32F4xx_HAL_Driver/Src/stm32f4xx_hal_rcc_ex.c ****     {
 654              		.loc 1 381 5 is_stmt 1 view .LVU219
 381:stm/stm32f4xx/STM32F4xx_HAL_Driver/Src/stm32f4xx_hal_rcc_ex.c ****     {
 655              		.loc 1 381 22 is_stmt 0 view .LVU220
 656 031e 2368     		ldr	r3, [r4]
 381:stm/stm32f4xx/STM32F4xx_HAL_Driver/Src/stm32f4xx_hal_rcc_ex.c ****     {
 657              		.loc 1 381 7 view .LVU221
 658 0320 13F4006F 		tst	r3, #2048
 659 0324 11D0     		beq	.L34
 384:stm/stm32f4xx/STM32F4xx_HAL_Driver/Src/stm32f4xx_hal_rcc_ex.c ****       assert_param(IS_RCC_PLLI2SR_VALUE(PeriphClkInit->PLLI2S.PLLI2SR));
 660              		.loc 1 384 7 is_stmt 1 view .LVU222
 385:stm/stm32f4xx/STM32F4xx_HAL_Driver/Src/stm32f4xx_hal_rcc_ex.c ****       assert_param(IS_RCC_PLLI2SQ_VALUE(PeriphClkInit->PLLI2S.PLLI2SQ));
 661              		.loc 1 385 7 view .LVU223
 386:stm/stm32f4xx/STM32F4xx_HAL_Driver/Src/stm32f4xx_hal_rcc_ex.c **** 
 662              		.loc 1 386 7 view .LVU224
 390:stm/stm32f4xx/STM32F4xx_HAL_Driver/Src/stm32f4xx_hal_rcc_ex.c ****     }
 663              		.loc 1 390 7 view .LVU225
 664 0326 6368     		ldr	r3, [r4, #4]
 665 0328 A268     		ldr	r2, [r4, #8]
 666 032a 43EA8213 		orr	r3, r3, r2, lsl #6
 667 032e E268     		ldr	r2, [r4, #12]
 668 0330 5208     		lsrs	r2, r2, #1
 669 0332 013A     		subs	r2, r2, #1
 670 0334 43EA0243 		orr	r3, r3, r2, lsl #16
 671 0338 2269     		ldr	r2, [r4, #16]
 672 033a 43EA0263 		orr	r3, r3, r2, lsl #24
 673 033e 6269     		ldr	r2, [r4, #20]
 674 0340 43EA0273 		orr	r3, r3, r2, lsl #28
 675 0344 494A     		ldr	r2, .L75
 676 0346 C2F88430 		str	r3, [r2, #132]
 677              	.L34:
 394:stm/stm32f4xx/STM32F4xx_HAL_Driver/Src/stm32f4xx_hal_rcc_ex.c ****     /* Get tick */
 678              		.loc 1 394 5 view .LVU226
 679 034a 494B     		ldr	r3, .L75+4
 680 034c 0122     		movs	r2, #1
 681 034e 9A66     		str	r2, [r3, #104]
 396:stm/stm32f4xx/STM32F4xx_HAL_Driver/Src/stm32f4xx_hal_rcc_ex.c ****     /* Wait till PLLI2S is ready */
 682              		.loc 1 396 5 view .LVU227
 396:stm/stm32f4xx/STM32F4xx_HAL_Driver/Src/stm32f4xx_hal_rcc_ex.c ****     /* Wait till PLLI2S is ready */
 683              		.loc 1 396 17 is_stmt 0 view .LVU228
 684 0350 FFF7FEFF 		bl	HAL_GetTick
 685              	.LVL49:
 686 0354 0646     		mov	r6, r0
 687              	.LVL50:
 398:stm/stm32f4xx/STM32F4xx_HAL_Driver/Src/stm32f4xx_hal_rcc_ex.c ****     {
 688              		.loc 1 398 5 is_stmt 1 view .LVU229
 689              	.L35:
 398:stm/stm32f4xx/STM32F4xx_HAL_Driver/Src/stm32f4xx_hal_rcc_ex.c ****     {
 690              		.loc 1 398 51 view .LVU230
 398:stm/stm32f4xx/STM32F4xx_HAL_Driver/Src/stm32f4xx_hal_rcc_ex.c ****     {
 691              		.loc 1 398 11 is_stmt 0 view .LVU231
 692 0356 454B     		ldr	r3, .L75
 693 0358 1B68     		ldr	r3, [r3]
 398:stm/stm32f4xx/STM32F4xx_HAL_Driver/Src/stm32f4xx_hal_rcc_ex.c ****     {
 694              		.loc 1 398 51 view .LVU232
 695 035a 13F0006F 		tst	r3, #134217728
 696 035e 7FF4F8AE 		bne	.L24
ARM GAS  /tmp/ccsRaXLF.s 			page 24


 400:stm/stm32f4xx/STM32F4xx_HAL_Driver/Src/stm32f4xx_hal_rcc_ex.c ****       {
 697              		.loc 1 400 7 is_stmt 1 view .LVU233
 400:stm/stm32f4xx/STM32F4xx_HAL_Driver/Src/stm32f4xx_hal_rcc_ex.c ****       {
 698              		.loc 1 400 11 is_stmt 0 view .LVU234
 699 0362 FFF7FEFF 		bl	HAL_GetTick
 700              	.LVL51:
 400:stm/stm32f4xx/STM32F4xx_HAL_Driver/Src/stm32f4xx_hal_rcc_ex.c ****       {
 701              		.loc 1 400 25 discriminator 1 view .LVU235
 702 0366 801B     		subs	r0, r0, r6
 400:stm/stm32f4xx/STM32F4xx_HAL_Driver/Src/stm32f4xx_hal_rcc_ex.c ****       {
 703              		.loc 1 400 9 discriminator 1 view .LVU236
 704 0368 0228     		cmp	r0, #2
 705 036a F4D9     		bls	.L35
 403:stm/stm32f4xx/STM32F4xx_HAL_Driver/Src/stm32f4xx_hal_rcc_ex.c ****       }
 706              		.loc 1 403 16 view .LVU237
 707 036c 0320     		movs	r0, #3
 708 036e F4E6     		b	.L10
 709              	.LVL52:
 710              	.L69:
 370:stm/stm32f4xx/STM32F4xx_HAL_Driver/Src/stm32f4xx_hal_rcc_ex.c ****       /* Read PLLI2SR value from PLLI2SCFGR register (this value is not need for SAI configuration)
 711              		.loc 1 370 7 is_stmt 1 view .LVU238
 372:stm/stm32f4xx/STM32F4xx_HAL_Driver/Src/stm32f4xx_hal_rcc_ex.c ****       plli2sr = ((RCC->PLLI2SCFGR & RCC_PLLI2SCFGR_PLLI2SR) >> RCC_PLLI2SCFGR_PLLI2SR_Pos);
 712              		.loc 1 372 7 view .LVU239
 372:stm/stm32f4xx/STM32F4xx_HAL_Driver/Src/stm32f4xx_hal_rcc_ex.c ****       plli2sr = ((RCC->PLLI2SCFGR & RCC_PLLI2SCFGR_PLLI2SR) >> RCC_PLLI2SCFGR_PLLI2SR_Pos);
 713              		.loc 1 372 24 is_stmt 0 view .LVU240
 714 0370 3E48     		ldr	r0, .L75
 715 0372 D0F88420 		ldr	r2, [r0, #132]
 372:stm/stm32f4xx/STM32F4xx_HAL_Driver/Src/stm32f4xx_hal_rcc_ex.c ****       plli2sr = ((RCC->PLLI2SCFGR & RCC_PLLI2SCFGR_PLLI2SR) >> RCC_PLLI2SCFGR_PLLI2SR_Pos);
 716              		.loc 1 372 63 view .LVU241
 717 0376 C2F30142 		ubfx	r2, r2, #16, #2
 372:stm/stm32f4xx/STM32F4xx_HAL_Driver/Src/stm32f4xx_hal_rcc_ex.c ****       plli2sr = ((RCC->PLLI2SCFGR & RCC_PLLI2SCFGR_PLLI2SR) >> RCC_PLLI2SCFGR_PLLI2SR_Pos);
 718              		.loc 1 372 94 view .LVU242
 719 037a 0132     		adds	r2, r2, #1
 720              	.LVL53:
 373:stm/stm32f4xx/STM32F4xx_HAL_Driver/Src/stm32f4xx_hal_rcc_ex.c ****       /* Configure the PLLI2S division factors */
 721              		.loc 1 373 7 is_stmt 1 view .LVU243
 373:stm/stm32f4xx/STM32F4xx_HAL_Driver/Src/stm32f4xx_hal_rcc_ex.c ****       /* Configure the PLLI2S division factors */
 722              		.loc 1 373 22 is_stmt 0 view .LVU244
 723 037c D0F88460 		ldr	r6, [r0, #132]
 724              	.LVL54:
 377:stm/stm32f4xx/STM32F4xx_HAL_Driver/Src/stm32f4xx_hal_rcc_ex.c ****     }
 725              		.loc 1 377 7 is_stmt 1 view .LVU245
 726 0380 6368     		ldr	r3, [r4, #4]
 727 0382 A168     		ldr	r1, [r4, #8]
 728 0384 43EA8113 		orr	r3, r3, r1, lsl #6
 729 0388 E168     		ldr	r1, [r4, #12]
 730 038a 4908     		lsrs	r1, r1, #1
 731 038c 0139     		subs	r1, r1, #1
 732 038e 43EA0143 		orr	r3, r3, r1, lsl #16
 733 0392 43EA4263 		orr	r3, r3, r2, lsl #25
 734 0396 06F0E042 		and	r2, r6, #1879048192
 735              	.LVL55:
 377:stm/stm32f4xx/STM32F4xx_HAL_Driver/Src/stm32f4xx_hal_rcc_ex.c ****     }
 736              		.loc 1 377 7 is_stmt 0 view .LVU246
 737 039a 1343     		orrs	r3, r3, r2
 738 039c C0F88430 		str	r3, [r0, #132]
 739 03a0 BDE7     		b	.L33
ARM GAS  /tmp/ccsRaXLF.s 			page 25


 740              	.LVL56:
 741              	.L64:
 414:stm/stm32f4xx/STM32F4xx_HAL_Driver/Src/stm32f4xx_hal_rcc_ex.c ****     /* Get tick */
 742              		.loc 1 414 5 is_stmt 1 view .LVU247
 743 03a2 334B     		ldr	r3, .L75+4
 744 03a4 0022     		movs	r2, #0
 745 03a6 1A67     		str	r2, [r3, #112]
 416:stm/stm32f4xx/STM32F4xx_HAL_Driver/Src/stm32f4xx_hal_rcc_ex.c ****     /* Wait till PLLSAI is disabled */
 746              		.loc 1 416 5 view .LVU248
 416:stm/stm32f4xx/STM32F4xx_HAL_Driver/Src/stm32f4xx_hal_rcc_ex.c ****     /* Wait till PLLSAI is disabled */
 747              		.loc 1 416 17 is_stmt 0 view .LVU249
 748 03a8 FFF7FEFF 		bl	HAL_GetTick
 749              	.LVL57:
 750 03ac 0546     		mov	r5, r0
 751              	.LVL58:
 418:stm/stm32f4xx/STM32F4xx_HAL_Driver/Src/stm32f4xx_hal_rcc_ex.c ****     {
 752              		.loc 1 418 5 is_stmt 1 view .LVU250
 753              	.L37:
 418:stm/stm32f4xx/STM32F4xx_HAL_Driver/Src/stm32f4xx_hal_rcc_ex.c ****     {
 754              		.loc 1 418 39 view .LVU251
 418:stm/stm32f4xx/STM32F4xx_HAL_Driver/Src/stm32f4xx_hal_rcc_ex.c ****     {
 755              		.loc 1 418 11 is_stmt 0 view .LVU252
 756 03ae 2F4B     		ldr	r3, .L75
 757 03b0 1B68     		ldr	r3, [r3]
 418:stm/stm32f4xx/STM32F4xx_HAL_Driver/Src/stm32f4xx_hal_rcc_ex.c ****     {
 758              		.loc 1 418 39 view .LVU253
 759 03b2 13F0005F 		tst	r3, #536870912
 760 03b6 06D0     		beq	.L70
 420:stm/stm32f4xx/STM32F4xx_HAL_Driver/Src/stm32f4xx_hal_rcc_ex.c ****       {
 761              		.loc 1 420 7 is_stmt 1 view .LVU254
 420:stm/stm32f4xx/STM32F4xx_HAL_Driver/Src/stm32f4xx_hal_rcc_ex.c ****       {
 762              		.loc 1 420 11 is_stmt 0 view .LVU255
 763 03b8 FFF7FEFF 		bl	HAL_GetTick
 764              	.LVL59:
 420:stm/stm32f4xx/STM32F4xx_HAL_Driver/Src/stm32f4xx_hal_rcc_ex.c ****       {
 765              		.loc 1 420 25 discriminator 1 view .LVU256
 766 03bc 401B     		subs	r0, r0, r5
 420:stm/stm32f4xx/STM32F4xx_HAL_Driver/Src/stm32f4xx_hal_rcc_ex.c ****       {
 767              		.loc 1 420 9 discriminator 1 view .LVU257
 768 03be 0228     		cmp	r0, #2
 769 03c0 F5D9     		bls	.L37
 423:stm/stm32f4xx/STM32F4xx_HAL_Driver/Src/stm32f4xx_hal_rcc_ex.c ****       }
 770              		.loc 1 423 16 view .LVU258
 771 03c2 0320     		movs	r0, #3
 772 03c4 C9E6     		b	.L10
 773              	.L70:
 428:stm/stm32f4xx/STM32F4xx_HAL_Driver/Src/stm32f4xx_hal_rcc_ex.c ****     assert_param(IS_RCC_PLLSAIN_VALUE(PeriphClkInit->PLLSAI.PLLSAIN));
 774              		.loc 1 428 5 is_stmt 1 view .LVU259
 429:stm/stm32f4xx/STM32F4xx_HAL_Driver/Src/stm32f4xx_hal_rcc_ex.c **** 
 775              		.loc 1 429 5 view .LVU260
 432:stm/stm32f4xx/STM32F4xx_HAL_Driver/Src/stm32f4xx_hal_rcc_ex.c ****        ((((PeriphClkInit->PeriphClockSelection) & RCC_PERIPHCLK_SAI2) == RCC_PERIPHCLK_SAI2) && (Pe
 776              		.loc 1 432 5 view .LVU261
 432:stm/stm32f4xx/STM32F4xx_HAL_Driver/Src/stm32f4xx_hal_rcc_ex.c ****        ((((PeriphClkInit->PeriphClockSelection) & RCC_PERIPHCLK_SAI2) == RCC_PERIPHCLK_SAI2) && (Pe
 777              		.loc 1 432 25 is_stmt 0 view .LVU262
 778 03c6 2368     		ldr	r3, [r4]
 432:stm/stm32f4xx/STM32F4xx_HAL_Driver/Src/stm32f4xx_hal_rcc_ex.c ****        ((((PeriphClkInit->PeriphClockSelection) & RCC_PERIPHCLK_SAI2) == RCC_PERIPHCLK_SAI2) && (Pe
 779              		.loc 1 432 7 view .LVU263
ARM GAS  /tmp/ccsRaXLF.s 			page 26


 780 03c8 13F0040F 		tst	r3, #4
 781 03cc 01D0     		beq	.L39
 432:stm/stm32f4xx/STM32F4xx_HAL_Driver/Src/stm32f4xx_hal_rcc_ex.c ****        ((((PeriphClkInit->PeriphClockSelection) & RCC_PERIPHCLK_SAI2) == RCC_PERIPHCLK_SAI2) && (Pe
 782              		.loc 1 432 111 discriminator 1 view .LVU264
 783 03ce 226B     		ldr	r2, [r4, #48]
 432:stm/stm32f4xx/STM32F4xx_HAL_Driver/Src/stm32f4xx_hal_rcc_ex.c ****        ((((PeriphClkInit->PeriphClockSelection) & RCC_PERIPHCLK_SAI2) == RCC_PERIPHCLK_SAI2) && (Pe
 784              		.loc 1 432 94 discriminator 1 view .LVU265
 785 03d0 22B1     		cbz	r2, .L40
 786              	.L39:
 432:stm/stm32f4xx/STM32F4xx_HAL_Driver/Src/stm32f4xx_hal_rcc_ex.c ****        ((((PeriphClkInit->PeriphClockSelection) & RCC_PERIPHCLK_SAI2) == RCC_PERIPHCLK_SAI2) && (Pe
 787              		.loc 1 432 162 discriminator 3 view .LVU266
 788 03d2 13F0080F 		tst	r3, #8
 789 03d6 1AD0     		beq	.L41
 433:stm/stm32f4xx/STM32F4xx_HAL_Driver/Src/stm32f4xx_hal_rcc_ex.c ****     {
 790              		.loc 1 433 111 view .LVU267
 791 03d8 636B     		ldr	r3, [r4, #52]
 433:stm/stm32f4xx/STM32F4xx_HAL_Driver/Src/stm32f4xx_hal_rcc_ex.c ****     {
 792              		.loc 1 433 94 view .LVU268
 793 03da C3B9     		cbnz	r3, .L41
 794              	.L40:
 436:stm/stm32f4xx/STM32F4xx_HAL_Driver/Src/stm32f4xx_hal_rcc_ex.c ****       /* check for PLLSAI/DIVQ Parameter */
 795              		.loc 1 436 7 is_stmt 1 view .LVU269
 438:stm/stm32f4xx/STM32F4xx_HAL_Driver/Src/stm32f4xx_hal_rcc_ex.c **** 
 796              		.loc 1 438 7 view .LVU270
 441:stm/stm32f4xx/STM32F4xx_HAL_Driver/Src/stm32f4xx_hal_rcc_ex.c ****       /* PLLSAI_VCO Input  = PLL_SOURCE/PLLM */
 797              		.loc 1 441 7 view .LVU271
 441:stm/stm32f4xx/STM32F4xx_HAL_Driver/Src/stm32f4xx_hal_rcc_ex.c ****       /* PLLSAI_VCO Input  = PLL_SOURCE/PLLM */
 798              		.loc 1 441 24 is_stmt 0 view .LVU272
 799 03dc 234A     		ldr	r2, .L75
 800 03de D2F88810 		ldr	r1, [r2, #136]
 801              	.LVL60:
 445:stm/stm32f4xx/STM32F4xx_HAL_Driver/Src/stm32f4xx_hal_rcc_ex.c **** 
 802              		.loc 1 445 7 is_stmt 1 view .LVU273
 803 03e2 A369     		ldr	r3, [r4, #24]
 804 03e4 E069     		ldr	r0, [r4, #28]
 805 03e6 43EA8013 		orr	r3, r3, r0, lsl #6
 806 03ea 01F44031 		and	r1, r1, #196608
 807              	.LVL61:
 445:stm/stm32f4xx/STM32F4xx_HAL_Driver/Src/stm32f4xx_hal_rcc_ex.c **** 
 808              		.loc 1 445 7 is_stmt 0 view .LVU274
 809 03ee 0B43     		orrs	r3, r3, r1
 810 03f0 616A     		ldr	r1, [r4, #36]
 811 03f2 43EA0163 		orr	r3, r3, r1, lsl #24
 812 03f6 C2F88830 		str	r3, [r2, #136]
 448:stm/stm32f4xx/STM32F4xx_HAL_Driver/Src/stm32f4xx_hal_rcc_ex.c ****     }
 813              		.loc 1 448 7 is_stmt 1 view .LVU275
 814 03fa D2F88C30 		ldr	r3, [r2, #140]
 815 03fe 23F4F853 		bic	r3, r3, #7936
 816 0402 E16A     		ldr	r1, [r4, #44]
 817 0404 0139     		subs	r1, r1, #1
 818 0406 43EA0123 		orr	r3, r3, r1, lsl #8
 819 040a C2F88C30 		str	r3, [r2, #140]
 820              	.LVL62:
 821              	.L41:
 453:stm/stm32f4xx/STM32F4xx_HAL_Driver/Src/stm32f4xx_hal_rcc_ex.c ****     {
 822              		.loc 1 453 5 view .LVU276
 453:stm/stm32f4xx/STM32F4xx_HAL_Driver/Src/stm32f4xx_hal_rcc_ex.c ****     {
ARM GAS  /tmp/ccsRaXLF.s 			page 27


 823              		.loc 1 453 24 is_stmt 0 view .LVU277
 824 040e 2368     		ldr	r3, [r4]
 453:stm/stm32f4xx/STM32F4xx_HAL_Driver/Src/stm32f4xx_hal_rcc_ex.c ****     {
 825              		.loc 1 453 7 view .LVU278
 826 0410 13F4807F 		tst	r3, #256
 827 0414 03D0     		beq	.L42
 453:stm/stm32f4xx/STM32F4xx_HAL_Driver/Src/stm32f4xx_hal_rcc_ex.c ****     {
 828              		.loc 1 453 112 discriminator 1 view .LVU279
 829 0416 636D     		ldr	r3, [r4, #84]
 453:stm/stm32f4xx/STM32F4xx_HAL_Driver/Src/stm32f4xx_hal_rcc_ex.c ****     {
 830              		.loc 1 453 95 discriminator 1 view .LVU280
 831 0418 B3F1006F 		cmp	r3, #134217728
 832 041c 11D0     		beq	.L71
 833              	.LVL63:
 834              	.L42:
 466:stm/stm32f4xx/STM32F4xx_HAL_Driver/Src/stm32f4xx_hal_rcc_ex.c ****     /* Get tick */
 835              		.loc 1 466 5 is_stmt 1 view .LVU281
 836 041e 144B     		ldr	r3, .L75+4
 837 0420 0122     		movs	r2, #1
 838 0422 1A67     		str	r2, [r3, #112]
 468:stm/stm32f4xx/STM32F4xx_HAL_Driver/Src/stm32f4xx_hal_rcc_ex.c ****     /* Wait till PLLSAI is ready */
 839              		.loc 1 468 5 view .LVU282
 468:stm/stm32f4xx/STM32F4xx_HAL_Driver/Src/stm32f4xx_hal_rcc_ex.c ****     /* Wait till PLLSAI is ready */
 840              		.loc 1 468 17 is_stmt 0 view .LVU283
 841 0424 FFF7FEFF 		bl	HAL_GetTick
 842              	.LVL64:
 843 0428 0446     		mov	r4, r0
 844              	.LVL65:
 470:stm/stm32f4xx/STM32F4xx_HAL_Driver/Src/stm32f4xx_hal_rcc_ex.c ****     {
 845              		.loc 1 470 5 is_stmt 1 view .LVU284
 846              	.L43:
 470:stm/stm32f4xx/STM32F4xx_HAL_Driver/Src/stm32f4xx_hal_rcc_ex.c ****     {
 847              		.loc 1 470 39 view .LVU285
 470:stm/stm32f4xx/STM32F4xx_HAL_Driver/Src/stm32f4xx_hal_rcc_ex.c ****     {
 848              		.loc 1 470 11 is_stmt 0 view .LVU286
 849 042a 104B     		ldr	r3, .L75
 850 042c 1B68     		ldr	r3, [r3]
 470:stm/stm32f4xx/STM32F4xx_HAL_Driver/Src/stm32f4xx_hal_rcc_ex.c ****     {
 851              		.loc 1 470 39 view .LVU287
 852 042e 13F0005F 		tst	r3, #536870912
 853 0432 18D1     		bne	.L72
 472:stm/stm32f4xx/STM32F4xx_HAL_Driver/Src/stm32f4xx_hal_rcc_ex.c ****       {
 854              		.loc 1 472 7 is_stmt 1 view .LVU288
 472:stm/stm32f4xx/STM32F4xx_HAL_Driver/Src/stm32f4xx_hal_rcc_ex.c ****       {
 855              		.loc 1 472 11 is_stmt 0 view .LVU289
 856 0434 FFF7FEFF 		bl	HAL_GetTick
 857              	.LVL66:
 472:stm/stm32f4xx/STM32F4xx_HAL_Driver/Src/stm32f4xx_hal_rcc_ex.c ****       {
 858              		.loc 1 472 25 discriminator 1 view .LVU290
 859 0438 001B     		subs	r0, r0, r4
 472:stm/stm32f4xx/STM32F4xx_HAL_Driver/Src/stm32f4xx_hal_rcc_ex.c ****       {
 860              		.loc 1 472 9 discriminator 1 view .LVU291
 861 043a 0228     		cmp	r0, #2
 862 043c F5D9     		bls	.L43
 475:stm/stm32f4xx/STM32F4xx_HAL_Driver/Src/stm32f4xx_hal_rcc_ex.c ****       }
 863              		.loc 1 475 16 view .LVU292
 864 043e 0320     		movs	r0, #3
ARM GAS  /tmp/ccsRaXLF.s 			page 28


 865 0440 8BE6     		b	.L10
 866              	.LVL67:
 867              	.L71:
 456:stm/stm32f4xx/STM32F4xx_HAL_Driver/Src/stm32f4xx_hal_rcc_ex.c ****       /* Read PLLSAIQ value from PLLI2SCFGR register (this value is not need for SAI configuration)
 868              		.loc 1 456 7 is_stmt 1 view .LVU293
 458:stm/stm32f4xx/STM32F4xx_HAL_Driver/Src/stm32f4xx_hal_rcc_ex.c ****       /* Configure the PLLSAI division factors */
 869              		.loc 1 458 7 view .LVU294
 458:stm/stm32f4xx/STM32F4xx_HAL_Driver/Src/stm32f4xx_hal_rcc_ex.c ****       /* Configure the PLLSAI division factors */
 870              		.loc 1 458 22 is_stmt 0 view .LVU295
 871 0442 0A48     		ldr	r0, .L75
 872 0444 D0F88810 		ldr	r1, [r0, #136]
 873              	.LVL68:
 462:stm/stm32f4xx/STM32F4xx_HAL_Driver/Src/stm32f4xx_hal_rcc_ex.c ****     }
 874              		.loc 1 462 7 is_stmt 1 view .LVU296
 875 0448 A369     		ldr	r3, [r4, #24]
 876 044a E269     		ldr	r2, [r4, #28]
 877 044c 43EA8213 		orr	r3, r3, r2, lsl #6
 878 0450 226A     		ldr	r2, [r4, #32]
 879 0452 5208     		lsrs	r2, r2, #1
 880 0454 013A     		subs	r2, r2, #1
 881 0456 43EA0243 		orr	r3, r3, r2, lsl #16
 882 045a 01F07062 		and	r2, r1, #251658240
 883 045e 1343     		orrs	r3, r3, r2
 884 0460 C0F88830 		str	r3, [r0, #136]
 885 0464 DBE7     		b	.L42
 886              	.LVL69:
 887              	.L72:
 479:stm/stm32f4xx/STM32F4xx_HAL_Driver/Src/stm32f4xx_hal_rcc_ex.c **** }
 888              		.loc 1 479 10 is_stmt 0 view .LVU297
 889 0466 0020     		movs	r0, #0
 890 0468 77E6     		b	.L10
 891              	.L76:
 892 046a 00BF     		.align	2
 893              	.L75:
 894 046c 00380240 		.word	1073887232
 895 0470 00004742 		.word	1111949312
 896              		.cfi_endproc
 897              	.LFE239:
 899              		.section	.text.HAL_RCCEx_GetPeriphCLKConfig,"ax",%progbits
 900              		.align	1
 901              		.global	HAL_RCCEx_GetPeriphCLKConfig
 902              		.syntax unified
 903              		.thumb
 904              		.thumb_func
 906              	HAL_RCCEx_GetPeriphCLKConfig:
 907              	.LVL70:
 908              	.LFB240:
 481:stm/stm32f4xx/STM32F4xx_HAL_Driver/Src/stm32f4xx_hal_rcc_ex.c **** 
 482:stm/stm32f4xx/STM32F4xx_HAL_Driver/Src/stm32f4xx_hal_rcc_ex.c **** /**
 483:stm/stm32f4xx/STM32F4xx_HAL_Driver/Src/stm32f4xx_hal_rcc_ex.c ****   * @brief  Get the RCC_PeriphCLKInitTypeDef according to the internal
 484:stm/stm32f4xx/STM32F4xx_HAL_Driver/Src/stm32f4xx_hal_rcc_ex.c ****   *         RCC configuration registers.
 485:stm/stm32f4xx/STM32F4xx_HAL_Driver/Src/stm32f4xx_hal_rcc_ex.c ****   * @param  PeriphClkInit pointer to an RCC_PeriphCLKInitTypeDef structure that
 486:stm/stm32f4xx/STM32F4xx_HAL_Driver/Src/stm32f4xx_hal_rcc_ex.c ****   *         will be configured.
 487:stm/stm32f4xx/STM32F4xx_HAL_Driver/Src/stm32f4xx_hal_rcc_ex.c ****   * @retval None
 488:stm/stm32f4xx/STM32F4xx_HAL_Driver/Src/stm32f4xx_hal_rcc_ex.c ****   */
 489:stm/stm32f4xx/STM32F4xx_HAL_Driver/Src/stm32f4xx_hal_rcc_ex.c **** void HAL_RCCEx_GetPeriphCLKConfig(RCC_PeriphCLKInitTypeDef  *PeriphClkInit)
 490:stm/stm32f4xx/STM32F4xx_HAL_Driver/Src/stm32f4xx_hal_rcc_ex.c **** {
ARM GAS  /tmp/ccsRaXLF.s 			page 29


 909              		.loc 1 490 1 is_stmt 1 view -0
 910              		.cfi_startproc
 911              		@ args = 0, pretend = 0, frame = 0
 912              		@ frame_needed = 0, uses_anonymous_args = 0
 913              		@ link register save eliminated.
 491:stm/stm32f4xx/STM32F4xx_HAL_Driver/Src/stm32f4xx_hal_rcc_ex.c ****   uint32_t tempreg;
 914              		.loc 1 491 3 view .LVU299
 492:stm/stm32f4xx/STM32F4xx_HAL_Driver/Src/stm32f4xx_hal_rcc_ex.c **** 
 493:stm/stm32f4xx/STM32F4xx_HAL_Driver/Src/stm32f4xx_hal_rcc_ex.c ****   /* Set all possible values for the extended clock type parameter------------*/
 494:stm/stm32f4xx/STM32F4xx_HAL_Driver/Src/stm32f4xx_hal_rcc_ex.c ****   PeriphClkInit->PeriphClockSelection = RCC_PERIPHCLK_I2S_APB1 | RCC_PERIPHCLK_I2S_APB2 |\
 915              		.loc 1 494 3 view .LVU300
 916              		.loc 1 494 39 is_stmt 0 view .LVU301
 917 0000 40F2FF73 		movw	r3, #2047
 918 0004 0360     		str	r3, [r0]
 495:stm/stm32f4xx/STM32F4xx_HAL_Driver/Src/stm32f4xx_hal_rcc_ex.c ****                                         RCC_PERIPHCLK_SAI1     | RCC_PERIPHCLK_SAI2     |\
 496:stm/stm32f4xx/STM32F4xx_HAL_Driver/Src/stm32f4xx_hal_rcc_ex.c ****                                         RCC_PERIPHCLK_TIM      | RCC_PERIPHCLK_RTC      |\
 497:stm/stm32f4xx/STM32F4xx_HAL_Driver/Src/stm32f4xx_hal_rcc_ex.c ****                                         RCC_PERIPHCLK_CEC      | RCC_PERIPHCLK_FMPI2C1  |\
 498:stm/stm32f4xx/STM32F4xx_HAL_Driver/Src/stm32f4xx_hal_rcc_ex.c ****                                         RCC_PERIPHCLK_CLK48     | RCC_PERIPHCLK_SDIO     |\
 499:stm/stm32f4xx/STM32F4xx_HAL_Driver/Src/stm32f4xx_hal_rcc_ex.c ****                                         RCC_PERIPHCLK_SPDIFRX;
 500:stm/stm32f4xx/STM32F4xx_HAL_Driver/Src/stm32f4xx_hal_rcc_ex.c **** 
 501:stm/stm32f4xx/STM32F4xx_HAL_Driver/Src/stm32f4xx_hal_rcc_ex.c ****   /* Get the PLLI2S Clock configuration --------------------------------------*/
 502:stm/stm32f4xx/STM32F4xx_HAL_Driver/Src/stm32f4xx_hal_rcc_ex.c ****   PeriphClkInit->PLLI2S.PLLI2SM = (uint32_t)((RCC->PLLI2SCFGR & RCC_PLLI2SCFGR_PLLI2SM) >> RCC_PLLI
 919              		.loc 1 502 3 is_stmt 1 view .LVU302
 920              		.loc 1 502 50 is_stmt 0 view .LVU303
 921 0006 3F4B     		ldr	r3, .L80
 922 0008 D3F88420 		ldr	r2, [r3, #132]
 923              		.loc 1 502 35 view .LVU304
 924 000c 02F03F02 		and	r2, r2, #63
 925              		.loc 1 502 33 view .LVU305
 926 0010 4260     		str	r2, [r0, #4]
 503:stm/stm32f4xx/STM32F4xx_HAL_Driver/Src/stm32f4xx_hal_rcc_ex.c ****   PeriphClkInit->PLLI2S.PLLI2SN = (uint32_t)((RCC->PLLI2SCFGR & RCC_PLLI2SCFGR_PLLI2SN) >> RCC_PLLI
 927              		.loc 1 503 3 is_stmt 1 view .LVU306
 928              		.loc 1 503 50 is_stmt 0 view .LVU307
 929 0012 D3F88420 		ldr	r2, [r3, #132]
 930              		.loc 1 503 35 view .LVU308
 931 0016 C2F38812 		ubfx	r2, r2, #6, #9
 932              		.loc 1 503 33 view .LVU309
 933 001a 8260     		str	r2, [r0, #8]
 504:stm/stm32f4xx/STM32F4xx_HAL_Driver/Src/stm32f4xx_hal_rcc_ex.c ****   PeriphClkInit->PLLI2S.PLLI2SP = (uint32_t)((((RCC->PLLI2SCFGR & RCC_PLLI2SCFGR_PLLI2SP) >> RCC_PL
 934              		.loc 1 504 3 is_stmt 1 view .LVU310
 935              		.loc 1 504 52 is_stmt 0 view .LVU311
 936 001c D3F88420 		ldr	r2, [r3, #132]
 937              		.loc 1 504 91 view .LVU312
 938 0020 C2F30142 		ubfx	r2, r2, #16, #2
 939              		.loc 1 504 122 view .LVU313
 940 0024 0132     		adds	r2, r2, #1
 941              		.loc 1 504 35 view .LVU314
 942 0026 5200     		lsls	r2, r2, #1
 943              		.loc 1 504 33 view .LVU315
 944 0028 C260     		str	r2, [r0, #12]
 505:stm/stm32f4xx/STM32F4xx_HAL_Driver/Src/stm32f4xx_hal_rcc_ex.c ****   PeriphClkInit->PLLI2S.PLLI2SQ = (uint32_t)((RCC->PLLI2SCFGR & RCC_PLLI2SCFGR_PLLI2SQ) >> RCC_PLLI
 945              		.loc 1 505 3 is_stmt 1 view .LVU316
 946              		.loc 1 505 50 is_stmt 0 view .LVU317
 947 002a D3F88420 		ldr	r2, [r3, #132]
 948              		.loc 1 505 35 view .LVU318
 949 002e C2F30362 		ubfx	r2, r2, #24, #4
 950              		.loc 1 505 33 view .LVU319
ARM GAS  /tmp/ccsRaXLF.s 			page 30


 951 0032 0261     		str	r2, [r0, #16]
 506:stm/stm32f4xx/STM32F4xx_HAL_Driver/Src/stm32f4xx_hal_rcc_ex.c ****   PeriphClkInit->PLLI2S.PLLI2SR = (uint32_t)((RCC->PLLI2SCFGR & RCC_PLLI2SCFGR_PLLI2SR) >> RCC_PLLI
 952              		.loc 1 506 3 is_stmt 1 view .LVU320
 953              		.loc 1 506 50 is_stmt 0 view .LVU321
 954 0034 D3F88420 		ldr	r2, [r3, #132]
 955              		.loc 1 506 35 view .LVU322
 956 0038 C2F30272 		ubfx	r2, r2, #28, #3
 957              		.loc 1 506 33 view .LVU323
 958 003c 4261     		str	r2, [r0, #20]
 507:stm/stm32f4xx/STM32F4xx_HAL_Driver/Src/stm32f4xx_hal_rcc_ex.c ****   /* Get the PLLSAI Clock configuration --------------------------------------*/
 508:stm/stm32f4xx/STM32F4xx_HAL_Driver/Src/stm32f4xx_hal_rcc_ex.c ****   PeriphClkInit->PLLSAI.PLLSAIM = (uint32_t)((RCC->PLLSAICFGR & RCC_PLLSAICFGR_PLLSAIM) >> RCC_PLLS
 959              		.loc 1 508 3 is_stmt 1 view .LVU324
 960              		.loc 1 508 50 is_stmt 0 view .LVU325
 961 003e D3F88820 		ldr	r2, [r3, #136]
 962              		.loc 1 508 35 view .LVU326
 963 0042 02F03F02 		and	r2, r2, #63
 964              		.loc 1 508 33 view .LVU327
 965 0046 8261     		str	r2, [r0, #24]
 509:stm/stm32f4xx/STM32F4xx_HAL_Driver/Src/stm32f4xx_hal_rcc_ex.c ****   PeriphClkInit->PLLSAI.PLLSAIN = (uint32_t)((RCC->PLLSAICFGR & RCC_PLLSAICFGR_PLLSAIN) >> RCC_PLLS
 966              		.loc 1 509 3 is_stmt 1 view .LVU328
 967              		.loc 1 509 50 is_stmt 0 view .LVU329
 968 0048 D3F88820 		ldr	r2, [r3, #136]
 969              		.loc 1 509 35 view .LVU330
 970 004c C2F38812 		ubfx	r2, r2, #6, #9
 971              		.loc 1 509 33 view .LVU331
 972 0050 C261     		str	r2, [r0, #28]
 510:stm/stm32f4xx/STM32F4xx_HAL_Driver/Src/stm32f4xx_hal_rcc_ex.c ****   PeriphClkInit->PLLSAI.PLLSAIP = (uint32_t)((((RCC->PLLSAICFGR & RCC_PLLSAICFGR_PLLSAIP) >> RCC_PL
 973              		.loc 1 510 3 is_stmt 1 view .LVU332
 974              		.loc 1 510 52 is_stmt 0 view .LVU333
 975 0052 D3F88820 		ldr	r2, [r3, #136]
 976              		.loc 1 510 91 view .LVU334
 977 0056 C2F30142 		ubfx	r2, r2, #16, #2
 978              		.loc 1 510 122 view .LVU335
 979 005a 0132     		adds	r2, r2, #1
 980              		.loc 1 510 35 view .LVU336
 981 005c 5200     		lsls	r2, r2, #1
 982              		.loc 1 510 33 view .LVU337
 983 005e 0262     		str	r2, [r0, #32]
 511:stm/stm32f4xx/STM32F4xx_HAL_Driver/Src/stm32f4xx_hal_rcc_ex.c ****   PeriphClkInit->PLLSAI.PLLSAIQ = (uint32_t)((RCC->PLLSAICFGR & RCC_PLLSAICFGR_PLLSAIQ) >> RCC_PLLS
 984              		.loc 1 511 3 is_stmt 1 view .LVU338
 985              		.loc 1 511 50 is_stmt 0 view .LVU339
 986 0060 D3F88820 		ldr	r2, [r3, #136]
 987              		.loc 1 511 35 view .LVU340
 988 0064 C2F30362 		ubfx	r2, r2, #24, #4
 989              		.loc 1 511 33 view .LVU341
 990 0068 4262     		str	r2, [r0, #36]
 512:stm/stm32f4xx/STM32F4xx_HAL_Driver/Src/stm32f4xx_hal_rcc_ex.c ****   /* Get the PLLSAI/PLLI2S division factors ----------------------------------*/
 513:stm/stm32f4xx/STM32F4xx_HAL_Driver/Src/stm32f4xx_hal_rcc_ex.c ****   PeriphClkInit->PLLI2SDivQ = (uint32_t)((RCC->DCKCFGR & RCC_DCKCFGR_PLLI2SDIVQ) >> RCC_DCKCFGR_PLL
 991              		.loc 1 513 3 is_stmt 1 view .LVU342
 992              		.loc 1 513 46 is_stmt 0 view .LVU343
 993 006a D3F88C20 		ldr	r2, [r3, #140]
 994              		.loc 1 513 31 view .LVU344
 995 006e 02F01F02 		and	r2, r2, #31
 996              		.loc 1 513 29 view .LVU345
 997 0072 8262     		str	r2, [r0, #40]
 514:stm/stm32f4xx/STM32F4xx_HAL_Driver/Src/stm32f4xx_hal_rcc_ex.c ****   PeriphClkInit->PLLSAIDivQ = (uint32_t)((RCC->DCKCFGR & RCC_DCKCFGR_PLLSAIDIVQ) >> RCC_DCKCFGR_PLL
 998              		.loc 1 514 3 is_stmt 1 view .LVU346
ARM GAS  /tmp/ccsRaXLF.s 			page 31


 999              		.loc 1 514 46 is_stmt 0 view .LVU347
 1000 0074 D3F88C20 		ldr	r2, [r3, #140]
 1001              		.loc 1 514 31 view .LVU348
 1002 0078 C2F30422 		ubfx	r2, r2, #8, #5
 1003              		.loc 1 514 29 view .LVU349
 1004 007c C262     		str	r2, [r0, #44]
 515:stm/stm32f4xx/STM32F4xx_HAL_Driver/Src/stm32f4xx_hal_rcc_ex.c **** 
 516:stm/stm32f4xx/STM32F4xx_HAL_Driver/Src/stm32f4xx_hal_rcc_ex.c ****   /* Get the SAI1 clock configuration ----------------------------------------*/
 517:stm/stm32f4xx/STM32F4xx_HAL_Driver/Src/stm32f4xx_hal_rcc_ex.c ****   PeriphClkInit->Sai1ClockSelection = __HAL_RCC_GET_SAI1_SOURCE();
 1005              		.loc 1 517 3 is_stmt 1 view .LVU350
 1006              		.loc 1 517 39 is_stmt 0 view .LVU351
 1007 007e D3F88C20 		ldr	r2, [r3, #140]
 1008 0082 02F44012 		and	r2, r2, #3145728
 1009              		.loc 1 517 37 view .LVU352
 1010 0086 0263     		str	r2, [r0, #48]
 518:stm/stm32f4xx/STM32F4xx_HAL_Driver/Src/stm32f4xx_hal_rcc_ex.c **** 
 519:stm/stm32f4xx/STM32F4xx_HAL_Driver/Src/stm32f4xx_hal_rcc_ex.c ****   /* Get the SAI2 clock configuration ----------------------------------------*/
 520:stm/stm32f4xx/STM32F4xx_HAL_Driver/Src/stm32f4xx_hal_rcc_ex.c ****   PeriphClkInit->Sai2ClockSelection = __HAL_RCC_GET_SAI2_SOURCE();
 1011              		.loc 1 520 3 is_stmt 1 view .LVU353
 1012              		.loc 1 520 39 is_stmt 0 view .LVU354
 1013 0088 D3F88C20 		ldr	r2, [r3, #140]
 1014 008c 02F44002 		and	r2, r2, #12582912
 1015              		.loc 1 520 37 view .LVU355
 1016 0090 4263     		str	r2, [r0, #52]
 521:stm/stm32f4xx/STM32F4xx_HAL_Driver/Src/stm32f4xx_hal_rcc_ex.c **** 
 522:stm/stm32f4xx/STM32F4xx_HAL_Driver/Src/stm32f4xx_hal_rcc_ex.c ****   /* Get the I2S APB1 clock configuration ------------------------------------*/
 523:stm/stm32f4xx/STM32F4xx_HAL_Driver/Src/stm32f4xx_hal_rcc_ex.c ****   PeriphClkInit->I2sApb1ClockSelection = __HAL_RCC_GET_I2S_APB1_SOURCE();
 1017              		.loc 1 523 3 is_stmt 1 view .LVU356
 1018              		.loc 1 523 42 is_stmt 0 view .LVU357
 1019 0092 D3F88C20 		ldr	r2, [r3, #140]
 1020 0096 02F0C062 		and	r2, r2, #100663296
 1021              		.loc 1 523 40 view .LVU358
 1022 009a 8263     		str	r2, [r0, #56]
 524:stm/stm32f4xx/STM32F4xx_HAL_Driver/Src/stm32f4xx_hal_rcc_ex.c **** 
 525:stm/stm32f4xx/STM32F4xx_HAL_Driver/Src/stm32f4xx_hal_rcc_ex.c ****   /* Get the I2S APB2 clock configuration ------------------------------------*/
 526:stm/stm32f4xx/STM32F4xx_HAL_Driver/Src/stm32f4xx_hal_rcc_ex.c ****   PeriphClkInit->I2sApb2ClockSelection = __HAL_RCC_GET_I2S_APB2_SOURCE();
 1023              		.loc 1 526 3 is_stmt 1 view .LVU359
 1024              		.loc 1 526 42 is_stmt 0 view .LVU360
 1025 009c D3F88C20 		ldr	r2, [r3, #140]
 1026 00a0 02F0C052 		and	r2, r2, #402653184
 1027              		.loc 1 526 40 view .LVU361
 1028 00a4 C263     		str	r2, [r0, #60]
 527:stm/stm32f4xx/STM32F4xx_HAL_Driver/Src/stm32f4xx_hal_rcc_ex.c **** 
 528:stm/stm32f4xx/STM32F4xx_HAL_Driver/Src/stm32f4xx_hal_rcc_ex.c ****   /* Get the RTC Clock configuration -----------------------------------------*/
 529:stm/stm32f4xx/STM32F4xx_HAL_Driver/Src/stm32f4xx_hal_rcc_ex.c ****   tempreg = (RCC->CFGR & RCC_CFGR_RTCPRE);
 1029              		.loc 1 529 3 is_stmt 1 view .LVU362
 1030              		.loc 1 529 17 is_stmt 0 view .LVU363
 1031 00a6 9968     		ldr	r1, [r3, #8]
 1032              		.loc 1 529 11 view .LVU364
 1033 00a8 01F4F811 		and	r1, r1, #2031616
 1034              	.LVL71:
 530:stm/stm32f4xx/STM32F4xx_HAL_Driver/Src/stm32f4xx_hal_rcc_ex.c ****   PeriphClkInit->RTCClockSelection = (uint32_t)((tempreg) | (RCC->BDCR & RCC_BDCR_RTCSEL));
 1035              		.loc 1 530 3 is_stmt 1 view .LVU365
 1036              		.loc 1 530 65 is_stmt 0 view .LVU366
 1037 00ac 1A6F     		ldr	r2, [r3, #112]
 1038              		.loc 1 530 72 view .LVU367
 1039 00ae 02F44072 		and	r2, r2, #768
ARM GAS  /tmp/ccsRaXLF.s 			page 32


 1040              		.loc 1 530 38 view .LVU368
 1041 00b2 0A43     		orrs	r2, r2, r1
 1042              		.loc 1 530 36 view .LVU369
 1043 00b4 0264     		str	r2, [r0, #64]
 531:stm/stm32f4xx/STM32F4xx_HAL_Driver/Src/stm32f4xx_hal_rcc_ex.c **** 
 532:stm/stm32f4xx/STM32F4xx_HAL_Driver/Src/stm32f4xx_hal_rcc_ex.c ****   /* Get the CEC clock configuration -----------------------------------------*/
 533:stm/stm32f4xx/STM32F4xx_HAL_Driver/Src/stm32f4xx_hal_rcc_ex.c ****   PeriphClkInit->CecClockSelection = __HAL_RCC_GET_CEC_SOURCE();
 1044              		.loc 1 533 3 is_stmt 1 view .LVU370
 1045              		.loc 1 533 38 is_stmt 0 view .LVU371
 1046 00b6 D3F89420 		ldr	r2, [r3, #148]
 1047 00ba 02F08062 		and	r2, r2, #67108864
 1048              		.loc 1 533 36 view .LVU372
 1049 00be 8264     		str	r2, [r0, #72]
 534:stm/stm32f4xx/STM32F4xx_HAL_Driver/Src/stm32f4xx_hal_rcc_ex.c **** 
 535:stm/stm32f4xx/STM32F4xx_HAL_Driver/Src/stm32f4xx_hal_rcc_ex.c ****   /* Get the FMPI2C1 clock configuration -------------------------------------*/
 536:stm/stm32f4xx/STM32F4xx_HAL_Driver/Src/stm32f4xx_hal_rcc_ex.c ****   PeriphClkInit->Fmpi2c1ClockSelection = __HAL_RCC_GET_FMPI2C1_SOURCE();
 1050              		.loc 1 536 3 is_stmt 1 view .LVU373
 1051              		.loc 1 536 42 is_stmt 0 view .LVU374
 1052 00c0 D3F89420 		ldr	r2, [r3, #148]
 1053 00c4 02F44002 		and	r2, r2, #12582912
 1054              		.loc 1 536 40 view .LVU375
 1055 00c8 C264     		str	r2, [r0, #76]
 537:stm/stm32f4xx/STM32F4xx_HAL_Driver/Src/stm32f4xx_hal_rcc_ex.c **** 
 538:stm/stm32f4xx/STM32F4xx_HAL_Driver/Src/stm32f4xx_hal_rcc_ex.c ****   /* Get the CLK48 clock configuration ----------------------------------------*/
 539:stm/stm32f4xx/STM32F4xx_HAL_Driver/Src/stm32f4xx_hal_rcc_ex.c ****   PeriphClkInit->Clk48ClockSelection = __HAL_RCC_GET_CLK48_SOURCE();
 1056              		.loc 1 539 3 is_stmt 1 view .LVU376
 1057              		.loc 1 539 40 is_stmt 0 view .LVU377
 1058 00ca D3F89420 		ldr	r2, [r3, #148]
 1059 00ce 02F00062 		and	r2, r2, #134217728
 1060              		.loc 1 539 38 view .LVU378
 1061 00d2 4265     		str	r2, [r0, #84]
 540:stm/stm32f4xx/STM32F4xx_HAL_Driver/Src/stm32f4xx_hal_rcc_ex.c **** 
 541:stm/stm32f4xx/STM32F4xx_HAL_Driver/Src/stm32f4xx_hal_rcc_ex.c ****   /* Get the SDIO clock configuration ----------------------------------------*/
 542:stm/stm32f4xx/STM32F4xx_HAL_Driver/Src/stm32f4xx_hal_rcc_ex.c ****   PeriphClkInit->SdioClockSelection = __HAL_RCC_GET_SDIO_SOURCE();
 1062              		.loc 1 542 3 is_stmt 1 view .LVU379
 1063              		.loc 1 542 39 is_stmt 0 view .LVU380
 1064 00d4 D3F89420 		ldr	r2, [r3, #148]
 1065 00d8 02F08052 		and	r2, r2, #268435456
 1066              		.loc 1 542 37 view .LVU381
 1067 00dc 4264     		str	r2, [r0, #68]
 543:stm/stm32f4xx/STM32F4xx_HAL_Driver/Src/stm32f4xx_hal_rcc_ex.c **** 
 544:stm/stm32f4xx/STM32F4xx_HAL_Driver/Src/stm32f4xx_hal_rcc_ex.c ****   /* Get the SPDIFRX clock configuration -------------------------------------*/
 545:stm/stm32f4xx/STM32F4xx_HAL_Driver/Src/stm32f4xx_hal_rcc_ex.c ****   PeriphClkInit->SpdifClockSelection = __HAL_RCC_GET_SPDIFRX_SOURCE();
 1068              		.loc 1 545 3 is_stmt 1 view .LVU382
 1069              		.loc 1 545 40 is_stmt 0 view .LVU383
 1070 00de D3F89420 		ldr	r2, [r3, #148]
 1071 00e2 02F00052 		and	r2, r2, #536870912
 1072              		.loc 1 545 38 view .LVU384
 1073 00e6 0265     		str	r2, [r0, #80]
 546:stm/stm32f4xx/STM32F4xx_HAL_Driver/Src/stm32f4xx_hal_rcc_ex.c **** 
 547:stm/stm32f4xx/STM32F4xx_HAL_Driver/Src/stm32f4xx_hal_rcc_ex.c ****   /* Get the TIM Prescaler configuration -------------------------------------*/
 548:stm/stm32f4xx/STM32F4xx_HAL_Driver/Src/stm32f4xx_hal_rcc_ex.c ****   if ((RCC->DCKCFGR & RCC_DCKCFGR_TIMPRE) == RESET)
 1074              		.loc 1 548 3 is_stmt 1 view .LVU385
 1075              		.loc 1 548 11 is_stmt 0 view .LVU386
 1076 00e8 D3F88C30 		ldr	r3, [r3, #140]
 1077              		.loc 1 548 6 view .LVU387
 1078 00ec 13F0807F 		tst	r3, #16777216
ARM GAS  /tmp/ccsRaXLF.s 			page 33


 1079 00f0 03D1     		bne	.L78
 549:stm/stm32f4xx/STM32F4xx_HAL_Driver/Src/stm32f4xx_hal_rcc_ex.c ****   {
 550:stm/stm32f4xx/STM32F4xx_HAL_Driver/Src/stm32f4xx_hal_rcc_ex.c ****     PeriphClkInit->TIMPresSelection = RCC_TIMPRES_DESACTIVATED;
 1080              		.loc 1 550 5 is_stmt 1 view .LVU388
 1081              		.loc 1 550 37 is_stmt 0 view .LVU389
 1082 00f2 0023     		movs	r3, #0
 1083 00f4 80F85830 		strb	r3, [r0, #88]
 1084 00f8 7047     		bx	lr
 1085              	.L78:
 551:stm/stm32f4xx/STM32F4xx_HAL_Driver/Src/stm32f4xx_hal_rcc_ex.c ****   }
 552:stm/stm32f4xx/STM32F4xx_HAL_Driver/Src/stm32f4xx_hal_rcc_ex.c ****   else
 553:stm/stm32f4xx/STM32F4xx_HAL_Driver/Src/stm32f4xx_hal_rcc_ex.c ****   {
 554:stm/stm32f4xx/STM32F4xx_HAL_Driver/Src/stm32f4xx_hal_rcc_ex.c ****     PeriphClkInit->TIMPresSelection = RCC_TIMPRES_ACTIVATED;
 1086              		.loc 1 554 5 is_stmt 1 view .LVU390
 1087              		.loc 1 554 37 is_stmt 0 view .LVU391
 1088 00fa 0123     		movs	r3, #1
 1089 00fc 80F85830 		strb	r3, [r0, #88]
 555:stm/stm32f4xx/STM32F4xx_HAL_Driver/Src/stm32f4xx_hal_rcc_ex.c ****   }
 556:stm/stm32f4xx/STM32F4xx_HAL_Driver/Src/stm32f4xx_hal_rcc_ex.c **** }
 1090              		.loc 1 556 1 view .LVU392
 1091 0100 7047     		bx	lr
 1092              	.L81:
 1093 0102 00BF     		.align	2
 1094              	.L80:
 1095 0104 00380240 		.word	1073887232
 1096              		.cfi_endproc
 1097              	.LFE240:
 1099              		.section	.text.HAL_RCCEx_GetPeriphCLKFreq,"ax",%progbits
 1100              		.align	1
 1101              		.global	HAL_RCCEx_GetPeriphCLKFreq
 1102              		.syntax unified
 1103              		.thumb
 1104              		.thumb_func
 1106              	HAL_RCCEx_GetPeriphCLKFreq:
 1107              	.LVL72:
 1108              	.LFB241:
 557:stm/stm32f4xx/STM32F4xx_HAL_Driver/Src/stm32f4xx_hal_rcc_ex.c **** 
 558:stm/stm32f4xx/STM32F4xx_HAL_Driver/Src/stm32f4xx_hal_rcc_ex.c **** /**
 559:stm/stm32f4xx/STM32F4xx_HAL_Driver/Src/stm32f4xx_hal_rcc_ex.c ****   * @brief  Return the peripheral clock frequency for a given peripheral(SAI..)
 560:stm/stm32f4xx/STM32F4xx_HAL_Driver/Src/stm32f4xx_hal_rcc_ex.c ****   * @note   Return 0 if peripheral clock identifier not managed by this API
 561:stm/stm32f4xx/STM32F4xx_HAL_Driver/Src/stm32f4xx_hal_rcc_ex.c ****   * @param  PeriphClk Peripheral clock identifier
 562:stm/stm32f4xx/STM32F4xx_HAL_Driver/Src/stm32f4xx_hal_rcc_ex.c ****   *         This parameter can be one of the following values:
 563:stm/stm32f4xx/STM32F4xx_HAL_Driver/Src/stm32f4xx_hal_rcc_ex.c ****   *            @arg RCC_PERIPHCLK_SAI1: SAI1 peripheral clock
 564:stm/stm32f4xx/STM32F4xx_HAL_Driver/Src/stm32f4xx_hal_rcc_ex.c ****   *            @arg RCC_PERIPHCLK_SAI2: SAI2 peripheral clock
 565:stm/stm32f4xx/STM32F4xx_HAL_Driver/Src/stm32f4xx_hal_rcc_ex.c ****   *            @arg RCC_PERIPHCLK_I2S_APB1: I2S APB1 peripheral clock
 566:stm/stm32f4xx/STM32F4xx_HAL_Driver/Src/stm32f4xx_hal_rcc_ex.c ****   *            @arg RCC_PERIPHCLK_I2S_APB2: I2S APB2 peripheral clock
 567:stm/stm32f4xx/STM32F4xx_HAL_Driver/Src/stm32f4xx_hal_rcc_ex.c ****   * @retval Frequency in KHz
 568:stm/stm32f4xx/STM32F4xx_HAL_Driver/Src/stm32f4xx_hal_rcc_ex.c ****   */
 569:stm/stm32f4xx/STM32F4xx_HAL_Driver/Src/stm32f4xx_hal_rcc_ex.c **** uint32_t HAL_RCCEx_GetPeriphCLKFreq(uint32_t PeriphClk)
 570:stm/stm32f4xx/STM32F4xx_HAL_Driver/Src/stm32f4xx_hal_rcc_ex.c **** {
 1109              		.loc 1 570 1 is_stmt 1 view -0
 1110              		.cfi_startproc
 1111              		@ args = 0, pretend = 0, frame = 0
 1112              		@ frame_needed = 0, uses_anonymous_args = 0
 1113              		@ link register save eliminated.
 571:stm/stm32f4xx/STM32F4xx_HAL_Driver/Src/stm32f4xx_hal_rcc_ex.c ****   uint32_t tmpreg1 = 0U;
 1114              		.loc 1 571 3 view .LVU394
ARM GAS  /tmp/ccsRaXLF.s 			page 34


 572:stm/stm32f4xx/STM32F4xx_HAL_Driver/Src/stm32f4xx_hal_rcc_ex.c ****   /* This variable used to store the SAI clock frequency (value in Hz) */
 573:stm/stm32f4xx/STM32F4xx_HAL_Driver/Src/stm32f4xx_hal_rcc_ex.c ****   uint32_t frequency = 0U;
 1115              		.loc 1 573 3 view .LVU395
 574:stm/stm32f4xx/STM32F4xx_HAL_Driver/Src/stm32f4xx_hal_rcc_ex.c ****   /* This variable used to store the VCO Input (value in Hz) */
 575:stm/stm32f4xx/STM32F4xx_HAL_Driver/Src/stm32f4xx_hal_rcc_ex.c ****   uint32_t vcoinput = 0U;
 1116              		.loc 1 575 3 view .LVU396
 576:stm/stm32f4xx/STM32F4xx_HAL_Driver/Src/stm32f4xx_hal_rcc_ex.c ****   /* This variable used to store the SAI clock source */
 577:stm/stm32f4xx/STM32F4xx_HAL_Driver/Src/stm32f4xx_hal_rcc_ex.c ****   uint32_t saiclocksource = 0U;
 1117              		.loc 1 577 3 view .LVU397
 578:stm/stm32f4xx/STM32F4xx_HAL_Driver/Src/stm32f4xx_hal_rcc_ex.c ****   uint32_t srcclk = 0U;
 1118              		.loc 1 578 3 view .LVU398
 579:stm/stm32f4xx/STM32F4xx_HAL_Driver/Src/stm32f4xx_hal_rcc_ex.c ****   /* This variable used to store the VCO Output (value in Hz) */
 580:stm/stm32f4xx/STM32F4xx_HAL_Driver/Src/stm32f4xx_hal_rcc_ex.c ****   uint32_t vcooutput = 0U;
 1119              		.loc 1 580 3 view .LVU399
 581:stm/stm32f4xx/STM32F4xx_HAL_Driver/Src/stm32f4xx_hal_rcc_ex.c ****   switch (PeriphClk)
 1120              		.loc 1 581 3 view .LVU400
 1121 0000 0138     		subs	r0, r0, #1
 1122              	.LVL73:
 1123              		.loc 1 581 3 is_stmt 0 view .LVU401
 1124 0002 0728     		cmp	r0, #7
 1125 0004 00F26781 		bhi	.L115
 1126 0008 DFE810F0 		tbh	[pc, r0, lsl #1]
 1127              	.L85:
 1128 000c A500     		.2byte	(.L87-.L85)/2
 1129 000e 0601     		.2byte	(.L86-.L85)/2
 1130 0010 6501     		.2byte	(.L115-.L85)/2
 1131 0012 0800     		.2byte	(.L84-.L85)/2
 1132 0014 6501     		.2byte	(.L115-.L85)/2
 1133 0016 6501     		.2byte	(.L115-.L85)/2
 1134 0018 6501     		.2byte	(.L115-.L85)/2
 1135 001a 0800     		.2byte	(.L84-.L85)/2
 1136              		.p2align 1
 1137              	.L84:
 582:stm/stm32f4xx/STM32F4xx_HAL_Driver/Src/stm32f4xx_hal_rcc_ex.c ****   {
 583:stm/stm32f4xx/STM32F4xx_HAL_Driver/Src/stm32f4xx_hal_rcc_ex.c ****   case RCC_PERIPHCLK_SAI1:
 584:stm/stm32f4xx/STM32F4xx_HAL_Driver/Src/stm32f4xx_hal_rcc_ex.c ****   case RCC_PERIPHCLK_SAI2:
 585:stm/stm32f4xx/STM32F4xx_HAL_Driver/Src/stm32f4xx_hal_rcc_ex.c ****     {
 586:stm/stm32f4xx/STM32F4xx_HAL_Driver/Src/stm32f4xx_hal_rcc_ex.c ****       saiclocksource = RCC->DCKCFGR;
 1138              		.loc 1 586 7 is_stmt 1 view .LVU402
 1139              		.loc 1 586 22 is_stmt 0 view .LVU403
 1140 001c B04B     		ldr	r3, .L126
 1141 001e D3F88C30 		ldr	r3, [r3, #140]
 1142              	.LVL74:
 587:stm/stm32f4xx/STM32F4xx_HAL_Driver/Src/stm32f4xx_hal_rcc_ex.c ****       saiclocksource &= (RCC_DCKCFGR_SAI1SRC | RCC_DCKCFGR_SAI2SRC);
 1143              		.loc 1 587 7 is_stmt 1 view .LVU404
 1144              		.loc 1 587 22 is_stmt 0 view .LVU405
 1145 0022 03F47003 		and	r3, r3, #15728640
 1146              	.LVL75:
 588:stm/stm32f4xx/STM32F4xx_HAL_Driver/Src/stm32f4xx_hal_rcc_ex.c ****       switch (saiclocksource)
 1147              		.loc 1 588 7 is_stmt 1 view .LVU406
 1148 0026 B3F5401F 		cmp	r3, #3145728
 1149 002a 00F05681 		beq	.L116
 1150 002e 0BD9     		bls	.L122
 1151 0030 B3F5000F 		cmp	r3, #8388608
 1152 0034 67D0     		beq	.L90
 1153 0036 B3F5400F 		cmp	r3, #12582912
 1154 003a 00F08480 		beq	.L92
ARM GAS  /tmp/ccsRaXLF.s 			page 35


 1155 003e B3F5800F 		cmp	r3, #4194304
 1156 0042 35D0     		beq	.L89
 1157 0044 0020     		movs	r0, #0
 1158              	.LVL76:
 1159              		.loc 1 588 7 is_stmt 0 view .LVU407
 1160 0046 7047     		bx	lr
 1161              	.L122:
 1162 0048 B3F5801F 		cmp	r3, #1048576
 1163 004c 30D0     		beq	.L89
 1164 004e B3F5001F 		cmp	r3, #2097152
 1165 0052 58D0     		beq	.L90
 1166 0054 0BBB     		cbnz	r3, .L123
 589:stm/stm32f4xx/STM32F4xx_HAL_Driver/Src/stm32f4xx_hal_rcc_ex.c ****       {
 590:stm/stm32f4xx/STM32F4xx_HAL_Driver/Src/stm32f4xx_hal_rcc_ex.c ****       case 0U: /* PLLSAI is the clock source for SAI*/
 591:stm/stm32f4xx/STM32F4xx_HAL_Driver/Src/stm32f4xx_hal_rcc_ex.c ****         {
 592:stm/stm32f4xx/STM32F4xx_HAL_Driver/Src/stm32f4xx_hal_rcc_ex.c ****           /* Configure the PLLSAI division factor */
 593:stm/stm32f4xx/STM32F4xx_HAL_Driver/Src/stm32f4xx_hal_rcc_ex.c ****           /* PLLSAI_VCO Input  = PLL_SOURCE/PLLSAIM */
 594:stm/stm32f4xx/STM32F4xx_HAL_Driver/Src/stm32f4xx_hal_rcc_ex.c ****           if((RCC->PLLCFGR & RCC_PLLCFGR_PLLSRC) == RCC_PLLSOURCE_HSI)
 1167              		.loc 1 594 11 is_stmt 1 view .LVU408
 1168              		.loc 1 594 18 is_stmt 0 view .LVU409
 1169 0056 A24B     		ldr	r3, .L126
 1170              	.LVL77:
 1171              		.loc 1 594 18 view .LVU410
 1172 0058 5B68     		ldr	r3, [r3, #4]
 1173              		.loc 1 594 13 view .LVU411
 1174 005a 13F4800F 		tst	r3, #4194304
 1175 005e 1ED1     		bne	.L93
 595:stm/stm32f4xx/STM32F4xx_HAL_Driver/Src/stm32f4xx_hal_rcc_ex.c ****           {
 596:stm/stm32f4xx/STM32F4xx_HAL_Driver/Src/stm32f4xx_hal_rcc_ex.c ****             /* In Case the PLL Source is HSI (Internal Clock) */
 597:stm/stm32f4xx/STM32F4xx_HAL_Driver/Src/stm32f4xx_hal_rcc_ex.c ****             vcoinput = (HSI_VALUE / (uint32_t)(RCC->PLLSAICFGR & RCC_PLLSAICFGR_PLLSAIM));
 1176              		.loc 1 597 13 is_stmt 1 view .LVU412
 1177              		.loc 1 597 51 is_stmt 0 view .LVU413
 1178 0060 9F4B     		ldr	r3, .L126
 1179 0062 D3F88830 		ldr	r3, [r3, #136]
 1180              		.loc 1 597 37 view .LVU414
 1181 0066 03F03F03 		and	r3, r3, #63
 1182              		.loc 1 597 22 view .LVU415
 1183 006a 9E49     		ldr	r1, .L126+4
 1184 006c B1FBF3F1 		udiv	r1, r1, r3
 1185              	.LVL78:
 1186              	.L94:
 598:stm/stm32f4xx/STM32F4xx_HAL_Driver/Src/stm32f4xx_hal_rcc_ex.c ****           }
 599:stm/stm32f4xx/STM32F4xx_HAL_Driver/Src/stm32f4xx_hal_rcc_ex.c ****           else
 600:stm/stm32f4xx/STM32F4xx_HAL_Driver/Src/stm32f4xx_hal_rcc_ex.c ****           {
 601:stm/stm32f4xx/STM32F4xx_HAL_Driver/Src/stm32f4xx_hal_rcc_ex.c ****             /* In Case the PLL Source is HSE (External Clock) */
 602:stm/stm32f4xx/STM32F4xx_HAL_Driver/Src/stm32f4xx_hal_rcc_ex.c ****             vcoinput = ((HSE_VALUE / (uint32_t)(RCC->PLLSAICFGR & RCC_PLLSAICFGR_PLLSAIM)));
 603:stm/stm32f4xx/STM32F4xx_HAL_Driver/Src/stm32f4xx_hal_rcc_ex.c ****           }
 604:stm/stm32f4xx/STM32F4xx_HAL_Driver/Src/stm32f4xx_hal_rcc_ex.c ****           /* PLLSAI_VCO Output = PLLSAI_VCO Input * PLLSAIN */
 605:stm/stm32f4xx/STM32F4xx_HAL_Driver/Src/stm32f4xx_hal_rcc_ex.c ****           /* SAI_CLK(first level) = PLLSAI_VCO Output/PLLSAIQ */
 606:stm/stm32f4xx/STM32F4xx_HAL_Driver/Src/stm32f4xx_hal_rcc_ex.c ****           tmpreg1 = (RCC->PLLSAICFGR & RCC_PLLSAICFGR_PLLSAIQ) >> 24U;
 1187              		.loc 1 606 11 is_stmt 1 view .LVU416
 1188              		.loc 1 606 25 is_stmt 0 view .LVU417
 1189 0070 9B4B     		ldr	r3, .L126
 1190 0072 D3F88820 		ldr	r2, [r3, #136]
 1191              		.loc 1 606 19 view .LVU418
 1192 0076 C2F30362 		ubfx	r2, r2, #24, #4
 1193              	.LVL79:
ARM GAS  /tmp/ccsRaXLF.s 			page 36


 607:stm/stm32f4xx/STM32F4xx_HAL_Driver/Src/stm32f4xx_hal_rcc_ex.c ****           frequency = (vcoinput * ((RCC->PLLSAICFGR & RCC_PLLSAICFGR_PLLSAIN) >> 6U))/(tmpreg1);
 1194              		.loc 1 607 11 is_stmt 1 view .LVU419
 1195              		.loc 1 607 40 is_stmt 0 view .LVU420
 1196 007a D3F88800 		ldr	r0, [r3, #136]
 1197              		.loc 1 607 79 view .LVU421
 1198 007e C0F38810 		ubfx	r0, r0, #6, #9
 1199              		.loc 1 607 33 view .LVU422
 1200 0082 01FB00F0 		mul	r0, r1, r0
 1201              		.loc 1 607 21 view .LVU423
 1202 0086 B0FBF2F0 		udiv	r0, r0, r2
 1203              	.LVL80:
 608:stm/stm32f4xx/STM32F4xx_HAL_Driver/Src/stm32f4xx_hal_rcc_ex.c **** 
 609:stm/stm32f4xx/STM32F4xx_HAL_Driver/Src/stm32f4xx_hal_rcc_ex.c ****           /* SAI_CLK_x = SAI_CLK(first level)/PLLSAIDIVQ */
 610:stm/stm32f4xx/STM32F4xx_HAL_Driver/Src/stm32f4xx_hal_rcc_ex.c ****           tmpreg1 = (((RCC->DCKCFGR & RCC_DCKCFGR_PLLSAIDIVQ) >> 8U) + 1U);
 1204              		.loc 1 610 11 is_stmt 1 view .LVU424
 1205              		.loc 1 610 27 is_stmt 0 view .LVU425
 1206 008a D3F88C30 		ldr	r3, [r3, #140]
 1207              		.loc 1 610 63 view .LVU426
 1208 008e C3F30423 		ubfx	r3, r3, #8, #5
 1209              		.loc 1 610 19 view .LVU427
 1210 0092 0133     		adds	r3, r3, #1
 1211              	.LVL81:
 611:stm/stm32f4xx/STM32F4xx_HAL_Driver/Src/stm32f4xx_hal_rcc_ex.c ****           frequency = frequency/(tmpreg1);
 1212              		.loc 1 611 11 is_stmt 1 view .LVU428
 1213              		.loc 1 611 21 is_stmt 0 view .LVU429
 1214 0094 B0FBF3F0 		udiv	r0, r0, r3
 1215              	.LVL82:
 612:stm/stm32f4xx/STM32F4xx_HAL_Driver/Src/stm32f4xx_hal_rcc_ex.c ****           break;
 1216              		.loc 1 612 11 is_stmt 1 view .LVU430
 1217 0098 7047     		bx	lr
 1218              	.LVL83:
 1219              	.L123:
 1220              		.loc 1 612 11 is_stmt 0 view .LVU431
 1221 009a 0020     		movs	r0, #0
 1222 009c 7047     		bx	lr
 1223              	.LVL84:
 1224              	.L93:
 602:stm/stm32f4xx/STM32F4xx_HAL_Driver/Src/stm32f4xx_hal_rcc_ex.c ****           }
 1225              		.loc 1 602 13 is_stmt 1 view .LVU432
 602:stm/stm32f4xx/STM32F4xx_HAL_Driver/Src/stm32f4xx_hal_rcc_ex.c ****           }
 1226              		.loc 1 602 52 is_stmt 0 view .LVU433
 1227 009e 904B     		ldr	r3, .L126
 1228 00a0 D3F88830 		ldr	r3, [r3, #136]
 602:stm/stm32f4xx/STM32F4xx_HAL_Driver/Src/stm32f4xx_hal_rcc_ex.c ****           }
 1229              		.loc 1 602 38 view .LVU434
 1230 00a4 03F03F03 		and	r3, r3, #63
 602:stm/stm32f4xx/STM32F4xx_HAL_Driver/Src/stm32f4xx_hal_rcc_ex.c ****           }
 1231              		.loc 1 602 22 view .LVU435
 1232 00a8 8F49     		ldr	r1, .L126+8
 1233 00aa B1FBF3F1 		udiv	r1, r1, r3
 1234              	.LVL85:
 602:stm/stm32f4xx/STM32F4xx_HAL_Driver/Src/stm32f4xx_hal_rcc_ex.c ****           }
 1235              		.loc 1 602 22 view .LVU436
 1236 00ae DFE7     		b	.L94
 1237              	.LVL86:
 1238              	.L89:
 613:stm/stm32f4xx/STM32F4xx_HAL_Driver/Src/stm32f4xx_hal_rcc_ex.c ****         }
ARM GAS  /tmp/ccsRaXLF.s 			page 37


 614:stm/stm32f4xx/STM32F4xx_HAL_Driver/Src/stm32f4xx_hal_rcc_ex.c ****       case RCC_DCKCFGR_SAI1SRC_0: /* PLLI2S is the clock source for SAI*/
 615:stm/stm32f4xx/STM32F4xx_HAL_Driver/Src/stm32f4xx_hal_rcc_ex.c ****       case RCC_DCKCFGR_SAI2SRC_0: /* PLLI2S is the clock source for SAI*/
 616:stm/stm32f4xx/STM32F4xx_HAL_Driver/Src/stm32f4xx_hal_rcc_ex.c ****         {
 617:stm/stm32f4xx/STM32F4xx_HAL_Driver/Src/stm32f4xx_hal_rcc_ex.c ****           /* Configure the PLLI2S division factor */
 618:stm/stm32f4xx/STM32F4xx_HAL_Driver/Src/stm32f4xx_hal_rcc_ex.c ****           /* PLLI2S_VCO Input  = PLL_SOURCE/PLLI2SM */
 619:stm/stm32f4xx/STM32F4xx_HAL_Driver/Src/stm32f4xx_hal_rcc_ex.c ****           if((RCC->PLLCFGR & RCC_PLLCFGR_PLLSRC) == RCC_PLLSOURCE_HSI)
 1239              		.loc 1 619 11 is_stmt 1 view .LVU437
 1240              		.loc 1 619 18 is_stmt 0 view .LVU438
 1241 00b0 8B4B     		ldr	r3, .L126
 1242              	.LVL87:
 1243              		.loc 1 619 18 view .LVU439
 1244 00b2 5B68     		ldr	r3, [r3, #4]
 1245              		.loc 1 619 13 view .LVU440
 1246 00b4 13F4800F 		tst	r3, #4194304
 1247 00b8 1CD1     		bne	.L95
 620:stm/stm32f4xx/STM32F4xx_HAL_Driver/Src/stm32f4xx_hal_rcc_ex.c ****           {
 621:stm/stm32f4xx/STM32F4xx_HAL_Driver/Src/stm32f4xx_hal_rcc_ex.c ****             /* In Case the PLL Source is HSI (Internal Clock) */
 622:stm/stm32f4xx/STM32F4xx_HAL_Driver/Src/stm32f4xx_hal_rcc_ex.c ****             vcoinput = (HSI_VALUE / (uint32_t)(RCC->PLLI2SCFGR & RCC_PLLI2SCFGR_PLLI2SM));
 1248              		.loc 1 622 13 is_stmt 1 view .LVU441
 1249              		.loc 1 622 51 is_stmt 0 view .LVU442
 1250 00ba 894B     		ldr	r3, .L126
 1251 00bc D3F88430 		ldr	r3, [r3, #132]
 1252              		.loc 1 622 37 view .LVU443
 1253 00c0 03F03F03 		and	r3, r3, #63
 1254              		.loc 1 622 22 view .LVU444
 1255 00c4 8749     		ldr	r1, .L126+4
 1256 00c6 B1FBF3F1 		udiv	r1, r1, r3
 1257              	.LVL88:
 1258              	.L96:
 623:stm/stm32f4xx/STM32F4xx_HAL_Driver/Src/stm32f4xx_hal_rcc_ex.c ****           }
 624:stm/stm32f4xx/STM32F4xx_HAL_Driver/Src/stm32f4xx_hal_rcc_ex.c ****           else
 625:stm/stm32f4xx/STM32F4xx_HAL_Driver/Src/stm32f4xx_hal_rcc_ex.c ****           {
 626:stm/stm32f4xx/STM32F4xx_HAL_Driver/Src/stm32f4xx_hal_rcc_ex.c ****             /* In Case the PLL Source is HSE (External Clock) */
 627:stm/stm32f4xx/STM32F4xx_HAL_Driver/Src/stm32f4xx_hal_rcc_ex.c ****             vcoinput = ((HSE_VALUE / (uint32_t)(RCC->PLLI2SCFGR & RCC_PLLI2SCFGR_PLLI2SM)));
 628:stm/stm32f4xx/STM32F4xx_HAL_Driver/Src/stm32f4xx_hal_rcc_ex.c ****           }
 629:stm/stm32f4xx/STM32F4xx_HAL_Driver/Src/stm32f4xx_hal_rcc_ex.c **** 
 630:stm/stm32f4xx/STM32F4xx_HAL_Driver/Src/stm32f4xx_hal_rcc_ex.c ****           /* PLLI2S_VCO Output = PLLI2S_VCO Input * PLLI2SN */
 631:stm/stm32f4xx/STM32F4xx_HAL_Driver/Src/stm32f4xx_hal_rcc_ex.c ****           /* SAI_CLK(first level) = PLLI2S_VCO Output/PLLI2SQ */
 632:stm/stm32f4xx/STM32F4xx_HAL_Driver/Src/stm32f4xx_hal_rcc_ex.c ****           tmpreg1 = (RCC->PLLI2SCFGR & RCC_PLLI2SCFGR_PLLI2SQ) >> 24U;
 1259              		.loc 1 632 11 is_stmt 1 view .LVU445
 1260              		.loc 1 632 25 is_stmt 0 view .LVU446
 1261 00ca 854B     		ldr	r3, .L126
 1262 00cc D3F88420 		ldr	r2, [r3, #132]
 1263              		.loc 1 632 19 view .LVU447
 1264 00d0 C2F30362 		ubfx	r2, r2, #24, #4
 1265              	.LVL89:
 633:stm/stm32f4xx/STM32F4xx_HAL_Driver/Src/stm32f4xx_hal_rcc_ex.c ****           frequency = (vcoinput * ((RCC->PLLI2SCFGR & RCC_PLLI2SCFGR_PLLI2SN) >> 6U))/(tmpreg1);
 1266              		.loc 1 633 11 is_stmt 1 view .LVU448
 1267              		.loc 1 633 40 is_stmt 0 view .LVU449
 1268 00d4 D3F88400 		ldr	r0, [r3, #132]
 1269              		.loc 1 633 79 view .LVU450
 1270 00d8 C0F38810 		ubfx	r0, r0, #6, #9
 1271              		.loc 1 633 33 view .LVU451
 1272 00dc 01FB00F0 		mul	r0, r1, r0
 1273              		.loc 1 633 21 view .LVU452
 1274 00e0 B0FBF2F0 		udiv	r0, r0, r2
 1275              	.LVL90:
ARM GAS  /tmp/ccsRaXLF.s 			page 38


 634:stm/stm32f4xx/STM32F4xx_HAL_Driver/Src/stm32f4xx_hal_rcc_ex.c **** 
 635:stm/stm32f4xx/STM32F4xx_HAL_Driver/Src/stm32f4xx_hal_rcc_ex.c ****           /* SAI_CLK_x = SAI_CLK(first level)/PLLI2SDIVQ */
 636:stm/stm32f4xx/STM32F4xx_HAL_Driver/Src/stm32f4xx_hal_rcc_ex.c ****           tmpreg1 = ((RCC->DCKCFGR & RCC_DCKCFGR_PLLI2SDIVQ) + 1U);
 1276              		.loc 1 636 11 is_stmt 1 view .LVU453
 1277              		.loc 1 636 26 is_stmt 0 view .LVU454
 1278 00e4 D3F88C30 		ldr	r3, [r3, #140]
 1279              		.loc 1 636 36 view .LVU455
 1280 00e8 03F01F03 		and	r3, r3, #31
 1281              		.loc 1 636 19 view .LVU456
 1282 00ec 0133     		adds	r3, r3, #1
 1283              	.LVL91:
 637:stm/stm32f4xx/STM32F4xx_HAL_Driver/Src/stm32f4xx_hal_rcc_ex.c ****           frequency = frequency/(tmpreg1);
 1284              		.loc 1 637 11 is_stmt 1 view .LVU457
 1285              		.loc 1 637 21 is_stmt 0 view .LVU458
 1286 00ee B0FBF3F0 		udiv	r0, r0, r3
 1287              	.LVL92:
 638:stm/stm32f4xx/STM32F4xx_HAL_Driver/Src/stm32f4xx_hal_rcc_ex.c ****           break;
 1288              		.loc 1 638 11 is_stmt 1 view .LVU459
 1289 00f2 7047     		bx	lr
 1290              	.LVL93:
 1291              	.L95:
 627:stm/stm32f4xx/STM32F4xx_HAL_Driver/Src/stm32f4xx_hal_rcc_ex.c ****           }
 1292              		.loc 1 627 13 view .LVU460
 627:stm/stm32f4xx/STM32F4xx_HAL_Driver/Src/stm32f4xx_hal_rcc_ex.c ****           }
 1293              		.loc 1 627 52 is_stmt 0 view .LVU461
 1294 00f4 7A4B     		ldr	r3, .L126
 1295 00f6 D3F88430 		ldr	r3, [r3, #132]
 627:stm/stm32f4xx/STM32F4xx_HAL_Driver/Src/stm32f4xx_hal_rcc_ex.c ****           }
 1296              		.loc 1 627 38 view .LVU462
 1297 00fa 03F03F03 		and	r3, r3, #63
 627:stm/stm32f4xx/STM32F4xx_HAL_Driver/Src/stm32f4xx_hal_rcc_ex.c ****           }
 1298              		.loc 1 627 22 view .LVU463
 1299 00fe 7A49     		ldr	r1, .L126+8
 1300 0100 B1FBF3F1 		udiv	r1, r1, r3
 1301              	.LVL94:
 627:stm/stm32f4xx/STM32F4xx_HAL_Driver/Src/stm32f4xx_hal_rcc_ex.c ****           }
 1302              		.loc 1 627 22 view .LVU464
 1303 0104 E1E7     		b	.L96
 1304              	.LVL95:
 1305              	.L90:
 639:stm/stm32f4xx/STM32F4xx_HAL_Driver/Src/stm32f4xx_hal_rcc_ex.c ****         }
 640:stm/stm32f4xx/STM32F4xx_HAL_Driver/Src/stm32f4xx_hal_rcc_ex.c ****       case RCC_DCKCFGR_SAI1SRC_1: /* PLLR is the clock source for SAI*/
 641:stm/stm32f4xx/STM32F4xx_HAL_Driver/Src/stm32f4xx_hal_rcc_ex.c ****       case RCC_DCKCFGR_SAI2SRC_1: /* PLLR is the clock source for SAI*/
 642:stm/stm32f4xx/STM32F4xx_HAL_Driver/Src/stm32f4xx_hal_rcc_ex.c ****         {
 643:stm/stm32f4xx/STM32F4xx_HAL_Driver/Src/stm32f4xx_hal_rcc_ex.c ****           /* Configure the PLLI2S division factor */
 644:stm/stm32f4xx/STM32F4xx_HAL_Driver/Src/stm32f4xx_hal_rcc_ex.c ****           /* PLL_VCO Input  = PLL_SOURCE/PLLM */
 645:stm/stm32f4xx/STM32F4xx_HAL_Driver/Src/stm32f4xx_hal_rcc_ex.c ****           if((RCC->PLLCFGR & RCC_PLLCFGR_PLLSRC) == RCC_PLLSOURCE_HSI)
 1306              		.loc 1 645 11 is_stmt 1 view .LVU465
 1307              		.loc 1 645 18 is_stmt 0 view .LVU466
 1308 0106 764B     		ldr	r3, .L126
 1309              	.LVL96:
 1310              		.loc 1 645 18 view .LVU467
 1311 0108 5B68     		ldr	r3, [r3, #4]
 1312              		.loc 1 645 13 view .LVU468
 1313 010a 13F4800F 		tst	r3, #4194304
 1314 010e 12D1     		bne	.L97
 646:stm/stm32f4xx/STM32F4xx_HAL_Driver/Src/stm32f4xx_hal_rcc_ex.c ****           {
ARM GAS  /tmp/ccsRaXLF.s 			page 39


 647:stm/stm32f4xx/STM32F4xx_HAL_Driver/Src/stm32f4xx_hal_rcc_ex.c ****             /* In Case the PLL Source is HSI (Internal Clock) */
 648:stm/stm32f4xx/STM32F4xx_HAL_Driver/Src/stm32f4xx_hal_rcc_ex.c ****             vcoinput = (HSI_VALUE / (uint32_t)(RCC->PLLCFGR & RCC_PLLCFGR_PLLM));
 1315              		.loc 1 648 13 is_stmt 1 view .LVU469
 1316              		.loc 1 648 51 is_stmt 0 view .LVU470
 1317 0110 734B     		ldr	r3, .L126
 1318 0112 5B68     		ldr	r3, [r3, #4]
 1319              		.loc 1 648 37 view .LVU471
 1320 0114 03F03F03 		and	r3, r3, #63
 1321              		.loc 1 648 22 view .LVU472
 1322 0118 724A     		ldr	r2, .L126+4
 1323 011a B2FBF3F2 		udiv	r2, r2, r3
 1324              	.LVL97:
 1325              	.L98:
 649:stm/stm32f4xx/STM32F4xx_HAL_Driver/Src/stm32f4xx_hal_rcc_ex.c ****           }
 650:stm/stm32f4xx/STM32F4xx_HAL_Driver/Src/stm32f4xx_hal_rcc_ex.c ****           else
 651:stm/stm32f4xx/STM32F4xx_HAL_Driver/Src/stm32f4xx_hal_rcc_ex.c ****           {
 652:stm/stm32f4xx/STM32F4xx_HAL_Driver/Src/stm32f4xx_hal_rcc_ex.c ****             /* In Case the PLL Source is HSE (External Clock) */
 653:stm/stm32f4xx/STM32F4xx_HAL_Driver/Src/stm32f4xx_hal_rcc_ex.c ****             vcoinput = ((HSE_VALUE / (uint32_t)(RCC->PLLCFGR & RCC_PLLCFGR_PLLM)));
 654:stm/stm32f4xx/STM32F4xx_HAL_Driver/Src/stm32f4xx_hal_rcc_ex.c ****           }
 655:stm/stm32f4xx/STM32F4xx_HAL_Driver/Src/stm32f4xx_hal_rcc_ex.c **** 
 656:stm/stm32f4xx/STM32F4xx_HAL_Driver/Src/stm32f4xx_hal_rcc_ex.c ****           /* PLL_VCO Output = PLL_VCO Input * PLLN */
 657:stm/stm32f4xx/STM32F4xx_HAL_Driver/Src/stm32f4xx_hal_rcc_ex.c ****           /* SAI_CLK_x = PLL_VCO Output/PLLR */
 658:stm/stm32f4xx/STM32F4xx_HAL_Driver/Src/stm32f4xx_hal_rcc_ex.c ****           tmpreg1 = (RCC->PLLCFGR & RCC_PLLCFGR_PLLR) >> 28U;
 1326              		.loc 1 658 11 is_stmt 1 view .LVU473
 1327              		.loc 1 658 25 is_stmt 0 view .LVU474
 1328 011e 7049     		ldr	r1, .L126
 1329 0120 4B68     		ldr	r3, [r1, #4]
 1330              		.loc 1 658 19 view .LVU475
 1331 0122 C3F30273 		ubfx	r3, r3, #28, #3
 1332              	.LVL98:
 659:stm/stm32f4xx/STM32F4xx_HAL_Driver/Src/stm32f4xx_hal_rcc_ex.c ****           frequency = (vcoinput * ((RCC->PLLCFGR & RCC_PLLCFGR_PLLN) >> 6U))/(tmpreg1);
 1333              		.loc 1 659 11 is_stmt 1 view .LVU476
 1334              		.loc 1 659 40 is_stmt 0 view .LVU477
 1335 0126 4868     		ldr	r0, [r1, #4]
 1336              		.loc 1 659 70 view .LVU478
 1337 0128 C0F38810 		ubfx	r0, r0, #6, #9
 1338              		.loc 1 659 33 view .LVU479
 1339 012c 02FB00F0 		mul	r0, r2, r0
 1340              		.loc 1 659 21 view .LVU480
 1341 0130 B0FBF3F0 		udiv	r0, r0, r3
 1342              	.LVL99:
 660:stm/stm32f4xx/STM32F4xx_HAL_Driver/Src/stm32f4xx_hal_rcc_ex.c ****           break;
 1343              		.loc 1 660 11 is_stmt 1 view .LVU481
 1344 0134 7047     		bx	lr
 1345              	.LVL100:
 1346              	.L97:
 653:stm/stm32f4xx/STM32F4xx_HAL_Driver/Src/stm32f4xx_hal_rcc_ex.c ****           }
 1347              		.loc 1 653 13 view .LVU482
 653:stm/stm32f4xx/STM32F4xx_HAL_Driver/Src/stm32f4xx_hal_rcc_ex.c ****           }
 1348              		.loc 1 653 52 is_stmt 0 view .LVU483
 1349 0136 6A4B     		ldr	r3, .L126
 1350 0138 5B68     		ldr	r3, [r3, #4]
 653:stm/stm32f4xx/STM32F4xx_HAL_Driver/Src/stm32f4xx_hal_rcc_ex.c ****           }
 1351              		.loc 1 653 38 view .LVU484
 1352 013a 03F03F03 		and	r3, r3, #63
 653:stm/stm32f4xx/STM32F4xx_HAL_Driver/Src/stm32f4xx_hal_rcc_ex.c ****           }
 1353              		.loc 1 653 22 view .LVU485
ARM GAS  /tmp/ccsRaXLF.s 			page 40


 1354 013e 6A4A     		ldr	r2, .L126+8
 1355 0140 B2FBF3F2 		udiv	r2, r2, r3
 1356              	.LVL101:
 653:stm/stm32f4xx/STM32F4xx_HAL_Driver/Src/stm32f4xx_hal_rcc_ex.c ****           }
 1357              		.loc 1 653 22 view .LVU486
 1358 0144 EBE7     		b	.L98
 1359              	.LVL102:
 1360              	.L92:
 661:stm/stm32f4xx/STM32F4xx_HAL_Driver/Src/stm32f4xx_hal_rcc_ex.c ****         }
 662:stm/stm32f4xx/STM32F4xx_HAL_Driver/Src/stm32f4xx_hal_rcc_ex.c ****       case RCC_DCKCFGR_SAI1SRC: /* External clock is the clock source for SAI*/
 663:stm/stm32f4xx/STM32F4xx_HAL_Driver/Src/stm32f4xx_hal_rcc_ex.c ****         {
 664:stm/stm32f4xx/STM32F4xx_HAL_Driver/Src/stm32f4xx_hal_rcc_ex.c ****           frequency = EXTERNAL_CLOCK_VALUE;
 665:stm/stm32f4xx/STM32F4xx_HAL_Driver/Src/stm32f4xx_hal_rcc_ex.c ****           break;
 666:stm/stm32f4xx/STM32F4xx_HAL_Driver/Src/stm32f4xx_hal_rcc_ex.c ****         }
 667:stm/stm32f4xx/STM32F4xx_HAL_Driver/Src/stm32f4xx_hal_rcc_ex.c ****       case RCC_DCKCFGR_SAI2SRC: /* PLLSRC(HSE or HSI) is the clock source for SAI*/
 668:stm/stm32f4xx/STM32F4xx_HAL_Driver/Src/stm32f4xx_hal_rcc_ex.c ****         {
 669:stm/stm32f4xx/STM32F4xx_HAL_Driver/Src/stm32f4xx_hal_rcc_ex.c ****           if((RCC->PLLCFGR & RCC_PLLCFGR_PLLSRC) == RCC_PLLSOURCE_HSI)
 1361              		.loc 1 669 11 is_stmt 1 view .LVU487
 1362              		.loc 1 669 18 is_stmt 0 view .LVU488
 1363 0146 664B     		ldr	r3, .L126
 1364              	.LVL103:
 1365              		.loc 1 669 18 view .LVU489
 1366 0148 5B68     		ldr	r3, [r3, #4]
 1367              		.loc 1 669 13 view .LVU490
 1368 014a 13F4800F 		tst	r3, #4194304
 1369 014e 40F0CF80 		bne	.L117
 670:stm/stm32f4xx/STM32F4xx_HAL_Driver/Src/stm32f4xx_hal_rcc_ex.c ****           {
 671:stm/stm32f4xx/STM32F4xx_HAL_Driver/Src/stm32f4xx_hal_rcc_ex.c ****             /* In Case the PLL Source is HSI (Internal Clock) */
 672:stm/stm32f4xx/STM32F4xx_HAL_Driver/Src/stm32f4xx_hal_rcc_ex.c ****             frequency = (uint32_t)(HSI_VALUE);
 1370              		.loc 1 672 23 view .LVU491
 1371 0152 6448     		ldr	r0, .L126+4
 1372 0154 7047     		bx	lr
 1373              	.LVL104:
 1374              	.L87:
 673:stm/stm32f4xx/STM32F4xx_HAL_Driver/Src/stm32f4xx_hal_rcc_ex.c ****           }
 674:stm/stm32f4xx/STM32F4xx_HAL_Driver/Src/stm32f4xx_hal_rcc_ex.c ****           else
 675:stm/stm32f4xx/STM32F4xx_HAL_Driver/Src/stm32f4xx_hal_rcc_ex.c ****           {
 676:stm/stm32f4xx/STM32F4xx_HAL_Driver/Src/stm32f4xx_hal_rcc_ex.c ****             /* In Case the PLL Source is HSE (External Clock) */
 677:stm/stm32f4xx/STM32F4xx_HAL_Driver/Src/stm32f4xx_hal_rcc_ex.c ****             frequency = (uint32_t)(HSE_VALUE);
 678:stm/stm32f4xx/STM32F4xx_HAL_Driver/Src/stm32f4xx_hal_rcc_ex.c ****           }
 679:stm/stm32f4xx/STM32F4xx_HAL_Driver/Src/stm32f4xx_hal_rcc_ex.c ****           break;
 680:stm/stm32f4xx/STM32F4xx_HAL_Driver/Src/stm32f4xx_hal_rcc_ex.c ****         }
 681:stm/stm32f4xx/STM32F4xx_HAL_Driver/Src/stm32f4xx_hal_rcc_ex.c ****       default :
 682:stm/stm32f4xx/STM32F4xx_HAL_Driver/Src/stm32f4xx_hal_rcc_ex.c ****         {
 683:stm/stm32f4xx/STM32F4xx_HAL_Driver/Src/stm32f4xx_hal_rcc_ex.c ****           break;
 684:stm/stm32f4xx/STM32F4xx_HAL_Driver/Src/stm32f4xx_hal_rcc_ex.c ****         }
 685:stm/stm32f4xx/STM32F4xx_HAL_Driver/Src/stm32f4xx_hal_rcc_ex.c ****       }
 686:stm/stm32f4xx/STM32F4xx_HAL_Driver/Src/stm32f4xx_hal_rcc_ex.c ****       break;
 687:stm/stm32f4xx/STM32F4xx_HAL_Driver/Src/stm32f4xx_hal_rcc_ex.c ****     }
 688:stm/stm32f4xx/STM32F4xx_HAL_Driver/Src/stm32f4xx_hal_rcc_ex.c ****   case RCC_PERIPHCLK_I2S_APB1:
 689:stm/stm32f4xx/STM32F4xx_HAL_Driver/Src/stm32f4xx_hal_rcc_ex.c ****     {
 690:stm/stm32f4xx/STM32F4xx_HAL_Driver/Src/stm32f4xx_hal_rcc_ex.c ****       /* Get the current I2S source */
 691:stm/stm32f4xx/STM32F4xx_HAL_Driver/Src/stm32f4xx_hal_rcc_ex.c ****       srcclk = __HAL_RCC_GET_I2S_APB1_SOURCE();
 1375              		.loc 1 691 7 is_stmt 1 view .LVU492
 1376              		.loc 1 691 16 is_stmt 0 view .LVU493
 1377 0156 624B     		ldr	r3, .L126
 1378 0158 D3F88C30 		ldr	r3, [r3, #140]
ARM GAS  /tmp/ccsRaXLF.s 			page 41


 1379              		.loc 1 691 14 view .LVU494
 1380 015c 03F0C063 		and	r3, r3, #100663296
 1381              	.LVL105:
 692:stm/stm32f4xx/STM32F4xx_HAL_Driver/Src/stm32f4xx_hal_rcc_ex.c ****       switch (srcclk)
 1382              		.loc 1 692 7 is_stmt 1 view .LVU495
 1383 0160 B3F1806F 		cmp	r3, #67108864
 1384 0164 38D0     		beq	.L99
 1385 0166 06D8     		bhi	.L100
 1386 0168 93B1     		cbz	r3, .L101
 1387 016a B3F1007F 		cmp	r3, #33554432
 1388 016e 40F0C180 		bne	.L118
 1389 0172 5E48     		ldr	r0, .L126+12
 1390 0174 7047     		bx	lr
 1391              	.L100:
 1392 0176 B3F1C06F 		cmp	r3, #100663296
 1393 017a 07D1     		bne	.L124
 693:stm/stm32f4xx/STM32F4xx_HAL_Driver/Src/stm32f4xx_hal_rcc_ex.c ****       {
 694:stm/stm32f4xx/STM32F4xx_HAL_Driver/Src/stm32f4xx_hal_rcc_ex.c ****       /* Check if I2S clock selection is External clock mapped on the I2S_CKIN pin used as I2S cloc
 695:stm/stm32f4xx/STM32F4xx_HAL_Driver/Src/stm32f4xx_hal_rcc_ex.c ****       case RCC_I2SAPB1CLKSOURCE_EXT:
 696:stm/stm32f4xx/STM32F4xx_HAL_Driver/Src/stm32f4xx_hal_rcc_ex.c ****         {
 697:stm/stm32f4xx/STM32F4xx_HAL_Driver/Src/stm32f4xx_hal_rcc_ex.c ****           /* Set the I2S clock to the external clock  value */
 698:stm/stm32f4xx/STM32F4xx_HAL_Driver/Src/stm32f4xx_hal_rcc_ex.c ****           frequency = EXTERNAL_CLOCK_VALUE;
 699:stm/stm32f4xx/STM32F4xx_HAL_Driver/Src/stm32f4xx_hal_rcc_ex.c ****           break;
 700:stm/stm32f4xx/STM32F4xx_HAL_Driver/Src/stm32f4xx_hal_rcc_ex.c ****         }
 701:stm/stm32f4xx/STM32F4xx_HAL_Driver/Src/stm32f4xx_hal_rcc_ex.c ****       /* Check if I2S clock selection is PLLI2S VCO output clock divided by PLLI2SR used as I2S clo
 702:stm/stm32f4xx/STM32F4xx_HAL_Driver/Src/stm32f4xx_hal_rcc_ex.c ****       case RCC_I2SAPB1CLKSOURCE_PLLI2S:
 703:stm/stm32f4xx/STM32F4xx_HAL_Driver/Src/stm32f4xx_hal_rcc_ex.c ****         {
 704:stm/stm32f4xx/STM32F4xx_HAL_Driver/Src/stm32f4xx_hal_rcc_ex.c ****           /* Configure the PLLI2S division factor */
 705:stm/stm32f4xx/STM32F4xx_HAL_Driver/Src/stm32f4xx_hal_rcc_ex.c ****           /* PLLI2S_VCO Input  = PLL_SOURCE/PLLI2SM */
 706:stm/stm32f4xx/STM32F4xx_HAL_Driver/Src/stm32f4xx_hal_rcc_ex.c ****           if((RCC->PLLCFGR & RCC_PLLCFGR_PLLSRC) == RCC_PLLSOURCE_HSE)
 707:stm/stm32f4xx/STM32F4xx_HAL_Driver/Src/stm32f4xx_hal_rcc_ex.c ****           {
 708:stm/stm32f4xx/STM32F4xx_HAL_Driver/Src/stm32f4xx_hal_rcc_ex.c ****             /* Get the I2S source clock value */
 709:stm/stm32f4xx/STM32F4xx_HAL_Driver/Src/stm32f4xx_hal_rcc_ex.c ****             vcoinput = (uint32_t)(HSE_VALUE / (uint32_t)(RCC->PLLI2SCFGR & RCC_PLLI2SCFGR_PLLI2SM))
 710:stm/stm32f4xx/STM32F4xx_HAL_Driver/Src/stm32f4xx_hal_rcc_ex.c ****           }
 711:stm/stm32f4xx/STM32F4xx_HAL_Driver/Src/stm32f4xx_hal_rcc_ex.c ****           else
 712:stm/stm32f4xx/STM32F4xx_HAL_Driver/Src/stm32f4xx_hal_rcc_ex.c ****           {
 713:stm/stm32f4xx/STM32F4xx_HAL_Driver/Src/stm32f4xx_hal_rcc_ex.c ****             /* Get the I2S source clock value */
 714:stm/stm32f4xx/STM32F4xx_HAL_Driver/Src/stm32f4xx_hal_rcc_ex.c ****             vcoinput = (uint32_t)(HSI_VALUE / (uint32_t)(RCC->PLLI2SCFGR & RCC_PLLI2SCFGR_PLLI2SM))
 715:stm/stm32f4xx/STM32F4xx_HAL_Driver/Src/stm32f4xx_hal_rcc_ex.c ****           }
 716:stm/stm32f4xx/STM32F4xx_HAL_Driver/Src/stm32f4xx_hal_rcc_ex.c **** 
 717:stm/stm32f4xx/STM32F4xx_HAL_Driver/Src/stm32f4xx_hal_rcc_ex.c ****           /* PLLI2S_VCO Output = PLLI2S_VCO Input * PLLI2SN */
 718:stm/stm32f4xx/STM32F4xx_HAL_Driver/Src/stm32f4xx_hal_rcc_ex.c ****           vcooutput = (uint32_t)(vcoinput * (((RCC->PLLI2SCFGR & RCC_PLLI2SCFGR_PLLI2SN) >> 6U) & (
 719:stm/stm32f4xx/STM32F4xx_HAL_Driver/Src/stm32f4xx_hal_rcc_ex.c ****           /* I2S_CLK = PLLI2S_VCO Output/PLLI2SR */
 720:stm/stm32f4xx/STM32F4xx_HAL_Driver/Src/stm32f4xx_hal_rcc_ex.c ****           frequency = (uint32_t)(vcooutput /(((RCC->PLLI2SCFGR & RCC_PLLI2SCFGR_PLLI2SR) >> 28U) & 
 721:stm/stm32f4xx/STM32F4xx_HAL_Driver/Src/stm32f4xx_hal_rcc_ex.c ****           break;
 722:stm/stm32f4xx/STM32F4xx_HAL_Driver/Src/stm32f4xx_hal_rcc_ex.c ****         }
 723:stm/stm32f4xx/STM32F4xx_HAL_Driver/Src/stm32f4xx_hal_rcc_ex.c ****       /* Check if I2S clock selection is PLL VCO Output divided by PLLR used as I2S clock */
 724:stm/stm32f4xx/STM32F4xx_HAL_Driver/Src/stm32f4xx_hal_rcc_ex.c ****       case RCC_I2SAPB1CLKSOURCE_PLLR:
 725:stm/stm32f4xx/STM32F4xx_HAL_Driver/Src/stm32f4xx_hal_rcc_ex.c ****         {
 726:stm/stm32f4xx/STM32F4xx_HAL_Driver/Src/stm32f4xx_hal_rcc_ex.c ****           /* Configure the PLL division factor R */
 727:stm/stm32f4xx/STM32F4xx_HAL_Driver/Src/stm32f4xx_hal_rcc_ex.c ****           /* PLL_VCO Input  = PLL_SOURCE/PLLM */
 728:stm/stm32f4xx/STM32F4xx_HAL_Driver/Src/stm32f4xx_hal_rcc_ex.c ****           if((RCC->PLLCFGR & RCC_PLLCFGR_PLLSRC) == RCC_PLLSOURCE_HSE)
 729:stm/stm32f4xx/STM32F4xx_HAL_Driver/Src/stm32f4xx_hal_rcc_ex.c ****           {
 730:stm/stm32f4xx/STM32F4xx_HAL_Driver/Src/stm32f4xx_hal_rcc_ex.c ****             /* Get the I2S source clock value */
 731:stm/stm32f4xx/STM32F4xx_HAL_Driver/Src/stm32f4xx_hal_rcc_ex.c ****             vcoinput = (uint32_t)(HSE_VALUE / (uint32_t)(RCC->PLLCFGR & RCC_PLLCFGR_PLLM));
 732:stm/stm32f4xx/STM32F4xx_HAL_Driver/Src/stm32f4xx_hal_rcc_ex.c ****           }
 733:stm/stm32f4xx/STM32F4xx_HAL_Driver/Src/stm32f4xx_hal_rcc_ex.c ****           else
ARM GAS  /tmp/ccsRaXLF.s 			page 42


 734:stm/stm32f4xx/STM32F4xx_HAL_Driver/Src/stm32f4xx_hal_rcc_ex.c ****           {
 735:stm/stm32f4xx/STM32F4xx_HAL_Driver/Src/stm32f4xx_hal_rcc_ex.c ****             /* Get the I2S source clock value */
 736:stm/stm32f4xx/STM32F4xx_HAL_Driver/Src/stm32f4xx_hal_rcc_ex.c ****             vcoinput = (uint32_t)(HSI_VALUE / (uint32_t)(RCC->PLLCFGR & RCC_PLLCFGR_PLLM));
 737:stm/stm32f4xx/STM32F4xx_HAL_Driver/Src/stm32f4xx_hal_rcc_ex.c ****           }
 738:stm/stm32f4xx/STM32F4xx_HAL_Driver/Src/stm32f4xx_hal_rcc_ex.c **** 
 739:stm/stm32f4xx/STM32F4xx_HAL_Driver/Src/stm32f4xx_hal_rcc_ex.c ****           /* PLL_VCO Output = PLL_VCO Input * PLLN */
 740:stm/stm32f4xx/STM32F4xx_HAL_Driver/Src/stm32f4xx_hal_rcc_ex.c ****           vcooutput = (uint32_t)(vcoinput * (((RCC->PLLCFGR & RCC_PLLCFGR_PLLN) >> 6U) & (RCC_PLLCF
 741:stm/stm32f4xx/STM32F4xx_HAL_Driver/Src/stm32f4xx_hal_rcc_ex.c ****           /* I2S_CLK = PLL_VCO Output/PLLR */
 742:stm/stm32f4xx/STM32F4xx_HAL_Driver/Src/stm32f4xx_hal_rcc_ex.c ****           frequency = (uint32_t)(vcooutput /(((RCC->PLLCFGR & RCC_PLLCFGR_PLLR) >> 28U) & (RCC_PLLC
 743:stm/stm32f4xx/STM32F4xx_HAL_Driver/Src/stm32f4xx_hal_rcc_ex.c ****           break;
 744:stm/stm32f4xx/STM32F4xx_HAL_Driver/Src/stm32f4xx_hal_rcc_ex.c ****         }
 745:stm/stm32f4xx/STM32F4xx_HAL_Driver/Src/stm32f4xx_hal_rcc_ex.c ****       /* Check if I2S clock selection is HSI or HSE depending from PLL source Clock */
 746:stm/stm32f4xx/STM32F4xx_HAL_Driver/Src/stm32f4xx_hal_rcc_ex.c ****       case RCC_I2SAPB1CLKSOURCE_PLLSRC:
 747:stm/stm32f4xx/STM32F4xx_HAL_Driver/Src/stm32f4xx_hal_rcc_ex.c ****         {
 748:stm/stm32f4xx/STM32F4xx_HAL_Driver/Src/stm32f4xx_hal_rcc_ex.c ****           if((RCC->PLLCFGR & RCC_PLLCFGR_PLLSRC) == RCC_PLLSOURCE_HSE)
 1394              		.loc 1 748 11 view .LVU496
 1395              		.loc 1 748 18 is_stmt 0 view .LVU497
 1396 017c 584B     		ldr	r3, .L126
 1397              	.LVL106:
 1398              		.loc 1 748 18 view .LVU498
 1399 017e 5B68     		ldr	r3, [r3, #4]
 1400              		.loc 1 748 13 view .LVU499
 1401 0180 13F4800F 		tst	r3, #4194304
 1402 0184 00F0B880 		beq	.L119
 749:stm/stm32f4xx/STM32F4xx_HAL_Driver/Src/stm32f4xx_hal_rcc_ex.c ****           {
 750:stm/stm32f4xx/STM32F4xx_HAL_Driver/Src/stm32f4xx_hal_rcc_ex.c ****             frequency = HSE_VALUE;
 1403              		.loc 1 750 23 view .LVU500
 1404 0188 5748     		ldr	r0, .L126+8
 1405 018a 7047     		bx	lr
 1406              	.LVL107:
 1407              	.L124:
 751:stm/stm32f4xx/STM32F4xx_HAL_Driver/Src/stm32f4xx_hal_rcc_ex.c ****           }
 752:stm/stm32f4xx/STM32F4xx_HAL_Driver/Src/stm32f4xx_hal_rcc_ex.c ****           else
 753:stm/stm32f4xx/STM32F4xx_HAL_Driver/Src/stm32f4xx_hal_rcc_ex.c ****           {
 754:stm/stm32f4xx/STM32F4xx_HAL_Driver/Src/stm32f4xx_hal_rcc_ex.c ****             frequency = HSI_VALUE;
 755:stm/stm32f4xx/STM32F4xx_HAL_Driver/Src/stm32f4xx_hal_rcc_ex.c ****           }
 756:stm/stm32f4xx/STM32F4xx_HAL_Driver/Src/stm32f4xx_hal_rcc_ex.c ****           break;
 757:stm/stm32f4xx/STM32F4xx_HAL_Driver/Src/stm32f4xx_hal_rcc_ex.c ****         }
 758:stm/stm32f4xx/STM32F4xx_HAL_Driver/Src/stm32f4xx_hal_rcc_ex.c ****         /* Clock not enabled for I2S*/
 759:stm/stm32f4xx/STM32F4xx_HAL_Driver/Src/stm32f4xx_hal_rcc_ex.c ****       default:
 760:stm/stm32f4xx/STM32F4xx_HAL_Driver/Src/stm32f4xx_hal_rcc_ex.c ****         {
 761:stm/stm32f4xx/STM32F4xx_HAL_Driver/Src/stm32f4xx_hal_rcc_ex.c ****           frequency = 0U;
 1408              		.loc 1 761 21 view .LVU501
 1409 018c 0020     		movs	r0, #0
 1410 018e 7047     		bx	lr
 1411              	.L101:
 706:stm/stm32f4xx/STM32F4xx_HAL_Driver/Src/stm32f4xx_hal_rcc_ex.c ****           {
 1412              		.loc 1 706 11 is_stmt 1 view .LVU502
 706:stm/stm32f4xx/STM32F4xx_HAL_Driver/Src/stm32f4xx_hal_rcc_ex.c ****           {
 1413              		.loc 1 706 18 is_stmt 0 view .LVU503
 1414 0190 534B     		ldr	r3, .L126
 1415              	.LVL108:
 706:stm/stm32f4xx/STM32F4xx_HAL_Driver/Src/stm32f4xx_hal_rcc_ex.c ****           {
 1416              		.loc 1 706 18 view .LVU504
 1417 0192 5B68     		ldr	r3, [r3, #4]
 706:stm/stm32f4xx/STM32F4xx_HAL_Driver/Src/stm32f4xx_hal_rcc_ex.c ****           {
 1418              		.loc 1 706 13 view .LVU505
ARM GAS  /tmp/ccsRaXLF.s 			page 43


 1419 0194 13F4800F 		tst	r3, #4194304
 1420 0198 15D0     		beq	.L103
 709:stm/stm32f4xx/STM32F4xx_HAL_Driver/Src/stm32f4xx_hal_rcc_ex.c ****           }
 1421              		.loc 1 709 13 is_stmt 1 view .LVU506
 709:stm/stm32f4xx/STM32F4xx_HAL_Driver/Src/stm32f4xx_hal_rcc_ex.c ****           }
 1422              		.loc 1 709 61 is_stmt 0 view .LVU507
 1423 019a 514B     		ldr	r3, .L126
 1424 019c D3F88420 		ldr	r2, [r3, #132]
 709:stm/stm32f4xx/STM32F4xx_HAL_Driver/Src/stm32f4xx_hal_rcc_ex.c ****           }
 1425              		.loc 1 709 47 view .LVU508
 1426 01a0 02F03F02 		and	r2, r2, #63
 709:stm/stm32f4xx/STM32F4xx_HAL_Driver/Src/stm32f4xx_hal_rcc_ex.c ****           }
 1427              		.loc 1 709 22 view .LVU509
 1428 01a4 504B     		ldr	r3, .L126+8
 1429 01a6 B3FBF2F3 		udiv	r3, r3, r2
 1430              	.LVL109:
 1431              	.L104:
 718:stm/stm32f4xx/STM32F4xx_HAL_Driver/Src/stm32f4xx_hal_rcc_ex.c ****           /* I2S_CLK = PLLI2S_VCO Output/PLLI2SR */
 1432              		.loc 1 718 11 is_stmt 1 view .LVU510
 718:stm/stm32f4xx/STM32F4xx_HAL_Driver/Src/stm32f4xx_hal_rcc_ex.c ****           /* I2S_CLK = PLLI2S_VCO Output/PLLI2SR */
 1433              		.loc 1 718 51 is_stmt 0 view .LVU511
 1434 01aa 4D4A     		ldr	r2, .L126
 1435 01ac D2F88400 		ldr	r0, [r2, #132]
 718:stm/stm32f4xx/STM32F4xx_HAL_Driver/Src/stm32f4xx_hal_rcc_ex.c ****           /* I2S_CLK = PLLI2S_VCO Output/PLLI2SR */
 1436              		.loc 1 718 97 view .LVU512
 1437 01b0 C0F38810 		ubfx	r0, r0, #6, #9
 718:stm/stm32f4xx/STM32F4xx_HAL_Driver/Src/stm32f4xx_hal_rcc_ex.c ****           /* I2S_CLK = PLLI2S_VCO Output/PLLI2SR */
 1438              		.loc 1 718 21 view .LVU513
 1439 01b4 03FB00F0 		mul	r0, r3, r0
 1440              	.LVL110:
 720:stm/stm32f4xx/STM32F4xx_HAL_Driver/Src/stm32f4xx_hal_rcc_ex.c ****           break;
 1441              		.loc 1 720 11 is_stmt 1 view .LVU514
 720:stm/stm32f4xx/STM32F4xx_HAL_Driver/Src/stm32f4xx_hal_rcc_ex.c ****           break;
 1442              		.loc 1 720 51 is_stmt 0 view .LVU515
 1443 01b8 D2F88430 		ldr	r3, [r2, #132]
 1444              	.LVL111:
 720:stm/stm32f4xx/STM32F4xx_HAL_Driver/Src/stm32f4xx_hal_rcc_ex.c ****           break;
 1445              		.loc 1 720 98 view .LVU516
 1446 01bc C3F30273 		ubfx	r3, r3, #28, #3
 720:stm/stm32f4xx/STM32F4xx_HAL_Driver/Src/stm32f4xx_hal_rcc_ex.c ****           break;
 1447              		.loc 1 720 21 view .LVU517
 1448 01c0 B0FBF3F0 		udiv	r0, r0, r3
 1449              	.LVL112:
 721:stm/stm32f4xx/STM32F4xx_HAL_Driver/Src/stm32f4xx_hal_rcc_ex.c ****         }
 1450              		.loc 1 721 11 is_stmt 1 view .LVU518
 1451 01c4 7047     		bx	lr
 1452              	.LVL113:
 1453              	.L103:
 714:stm/stm32f4xx/STM32F4xx_HAL_Driver/Src/stm32f4xx_hal_rcc_ex.c ****           }
 1454              		.loc 1 714 13 view .LVU519
 714:stm/stm32f4xx/STM32F4xx_HAL_Driver/Src/stm32f4xx_hal_rcc_ex.c ****           }
 1455              		.loc 1 714 61 is_stmt 0 view .LVU520
 1456 01c6 464B     		ldr	r3, .L126
 1457 01c8 D3F88420 		ldr	r2, [r3, #132]
 714:stm/stm32f4xx/STM32F4xx_HAL_Driver/Src/stm32f4xx_hal_rcc_ex.c ****           }
 1458              		.loc 1 714 47 view .LVU521
 1459 01cc 02F03F02 		and	r2, r2, #63
ARM GAS  /tmp/ccsRaXLF.s 			page 44


 714:stm/stm32f4xx/STM32F4xx_HAL_Driver/Src/stm32f4xx_hal_rcc_ex.c ****           }
 1460              		.loc 1 714 22 view .LVU522
 1461 01d0 444B     		ldr	r3, .L126+4
 1462 01d2 B3FBF2F3 		udiv	r3, r3, r2
 1463              	.LVL114:
 714:stm/stm32f4xx/STM32F4xx_HAL_Driver/Src/stm32f4xx_hal_rcc_ex.c ****           }
 1464              		.loc 1 714 22 view .LVU523
 1465 01d6 E8E7     		b	.L104
 1466              	.LVL115:
 1467              	.L99:
 728:stm/stm32f4xx/STM32F4xx_HAL_Driver/Src/stm32f4xx_hal_rcc_ex.c ****           {
 1468              		.loc 1 728 11 is_stmt 1 view .LVU524
 728:stm/stm32f4xx/STM32F4xx_HAL_Driver/Src/stm32f4xx_hal_rcc_ex.c ****           {
 1469              		.loc 1 728 18 is_stmt 0 view .LVU525
 1470 01d8 414B     		ldr	r3, .L126
 1471              	.LVL116:
 728:stm/stm32f4xx/STM32F4xx_HAL_Driver/Src/stm32f4xx_hal_rcc_ex.c ****           {
 1472              		.loc 1 728 18 view .LVU526
 1473 01da 5B68     		ldr	r3, [r3, #4]
 728:stm/stm32f4xx/STM32F4xx_HAL_Driver/Src/stm32f4xx_hal_rcc_ex.c ****           {
 1474              		.loc 1 728 13 view .LVU527
 1475 01dc 13F4800F 		tst	r3, #4194304
 1476 01e0 12D0     		beq	.L105
 731:stm/stm32f4xx/STM32F4xx_HAL_Driver/Src/stm32f4xx_hal_rcc_ex.c ****           }
 1477              		.loc 1 731 13 is_stmt 1 view .LVU528
 731:stm/stm32f4xx/STM32F4xx_HAL_Driver/Src/stm32f4xx_hal_rcc_ex.c ****           }
 1478              		.loc 1 731 61 is_stmt 0 view .LVU529
 1479 01e2 3F4B     		ldr	r3, .L126
 1480 01e4 5A68     		ldr	r2, [r3, #4]
 731:stm/stm32f4xx/STM32F4xx_HAL_Driver/Src/stm32f4xx_hal_rcc_ex.c ****           }
 1481              		.loc 1 731 47 view .LVU530
 1482 01e6 02F03F02 		and	r2, r2, #63
 731:stm/stm32f4xx/STM32F4xx_HAL_Driver/Src/stm32f4xx_hal_rcc_ex.c ****           }
 1483              		.loc 1 731 22 view .LVU531
 1484 01ea 3F4B     		ldr	r3, .L126+8
 1485 01ec B3FBF2F3 		udiv	r3, r3, r2
 1486              	.LVL117:
 1487              	.L106:
 740:stm/stm32f4xx/STM32F4xx_HAL_Driver/Src/stm32f4xx_hal_rcc_ex.c ****           /* I2S_CLK = PLL_VCO Output/PLLR */
 1488              		.loc 1 740 11 is_stmt 1 view .LVU532
 740:stm/stm32f4xx/STM32F4xx_HAL_Driver/Src/stm32f4xx_hal_rcc_ex.c ****           /* I2S_CLK = PLL_VCO Output/PLLR */
 1489              		.loc 1 740 51 is_stmt 0 view .LVU533
 1490 01f0 3B4A     		ldr	r2, .L126
 1491 01f2 5068     		ldr	r0, [r2, #4]
 740:stm/stm32f4xx/STM32F4xx_HAL_Driver/Src/stm32f4xx_hal_rcc_ex.c ****           /* I2S_CLK = PLL_VCO Output/PLLR */
 1492              		.loc 1 740 88 view .LVU534
 1493 01f4 C0F38810 		ubfx	r0, r0, #6, #9
 740:stm/stm32f4xx/STM32F4xx_HAL_Driver/Src/stm32f4xx_hal_rcc_ex.c ****           /* I2S_CLK = PLL_VCO Output/PLLR */
 1494              		.loc 1 740 21 view .LVU535
 1495 01f8 03FB00F0 		mul	r0, r3, r0
 1496              	.LVL118:
 742:stm/stm32f4xx/STM32F4xx_HAL_Driver/Src/stm32f4xx_hal_rcc_ex.c ****           break;
 1497              		.loc 1 742 11 is_stmt 1 view .LVU536
 742:stm/stm32f4xx/STM32F4xx_HAL_Driver/Src/stm32f4xx_hal_rcc_ex.c ****           break;
 1498              		.loc 1 742 51 is_stmt 0 view .LVU537
 1499 01fc 5368     		ldr	r3, [r2, #4]
 1500              	.LVL119:
ARM GAS  /tmp/ccsRaXLF.s 			page 45


 742:stm/stm32f4xx/STM32F4xx_HAL_Driver/Src/stm32f4xx_hal_rcc_ex.c ****           break;
 1501              		.loc 1 742 89 view .LVU538
 1502 01fe C3F30273 		ubfx	r3, r3, #28, #3
 742:stm/stm32f4xx/STM32F4xx_HAL_Driver/Src/stm32f4xx_hal_rcc_ex.c ****           break;
 1503              		.loc 1 742 21 view .LVU539
 1504 0202 B0FBF3F0 		udiv	r0, r0, r3
 1505              	.LVL120:
 743:stm/stm32f4xx/STM32F4xx_HAL_Driver/Src/stm32f4xx_hal_rcc_ex.c ****         }
 1506              		.loc 1 743 11 is_stmt 1 view .LVU540
 1507 0206 7047     		bx	lr
 1508              	.LVL121:
 1509              	.L105:
 736:stm/stm32f4xx/STM32F4xx_HAL_Driver/Src/stm32f4xx_hal_rcc_ex.c ****           }
 1510              		.loc 1 736 13 view .LVU541
 736:stm/stm32f4xx/STM32F4xx_HAL_Driver/Src/stm32f4xx_hal_rcc_ex.c ****           }
 1511              		.loc 1 736 61 is_stmt 0 view .LVU542
 1512 0208 354B     		ldr	r3, .L126
 1513 020a 5A68     		ldr	r2, [r3, #4]
 736:stm/stm32f4xx/STM32F4xx_HAL_Driver/Src/stm32f4xx_hal_rcc_ex.c ****           }
 1514              		.loc 1 736 47 view .LVU543
 1515 020c 02F03F02 		and	r2, r2, #63
 736:stm/stm32f4xx/STM32F4xx_HAL_Driver/Src/stm32f4xx_hal_rcc_ex.c ****           }
 1516              		.loc 1 736 22 view .LVU544
 1517 0210 344B     		ldr	r3, .L126+4
 1518 0212 B3FBF2F3 		udiv	r3, r3, r2
 1519              	.LVL122:
 736:stm/stm32f4xx/STM32F4xx_HAL_Driver/Src/stm32f4xx_hal_rcc_ex.c ****           }
 1520              		.loc 1 736 22 view .LVU545
 1521 0216 EBE7     		b	.L106
 1522              	.LVL123:
 1523              	.L86:
 762:stm/stm32f4xx/STM32F4xx_HAL_Driver/Src/stm32f4xx_hal_rcc_ex.c ****           break;
 763:stm/stm32f4xx/STM32F4xx_HAL_Driver/Src/stm32f4xx_hal_rcc_ex.c ****         }
 764:stm/stm32f4xx/STM32F4xx_HAL_Driver/Src/stm32f4xx_hal_rcc_ex.c ****       }
 765:stm/stm32f4xx/STM32F4xx_HAL_Driver/Src/stm32f4xx_hal_rcc_ex.c ****       break;
 766:stm/stm32f4xx/STM32F4xx_HAL_Driver/Src/stm32f4xx_hal_rcc_ex.c ****     }
 767:stm/stm32f4xx/STM32F4xx_HAL_Driver/Src/stm32f4xx_hal_rcc_ex.c ****   case RCC_PERIPHCLK_I2S_APB2:
 768:stm/stm32f4xx/STM32F4xx_HAL_Driver/Src/stm32f4xx_hal_rcc_ex.c ****     {
 769:stm/stm32f4xx/STM32F4xx_HAL_Driver/Src/stm32f4xx_hal_rcc_ex.c ****       /* Get the current I2S source */
 770:stm/stm32f4xx/STM32F4xx_HAL_Driver/Src/stm32f4xx_hal_rcc_ex.c ****       srcclk = __HAL_RCC_GET_I2S_APB2_SOURCE();
 1524              		.loc 1 770 7 is_stmt 1 view .LVU546
 1525              		.loc 1 770 16 is_stmt 0 view .LVU547
 1526 0218 314B     		ldr	r3, .L126
 1527 021a D3F88C30 		ldr	r3, [r3, #140]
 1528              		.loc 1 770 14 view .LVU548
 1529 021e 03F0C053 		and	r3, r3, #402653184
 1530              	.LVL124:
 771:stm/stm32f4xx/STM32F4xx_HAL_Driver/Src/stm32f4xx_hal_rcc_ex.c ****       switch (srcclk)
 1531              		.loc 1 771 7 is_stmt 1 view .LVU549
 1532 0222 B3F1805F 		cmp	r3, #268435456
 1533 0226 36D0     		beq	.L107
 1534 0228 05D8     		bhi	.L108
 1535 022a 83B1     		cbz	r3, .L109
 1536 022c B3F1006F 		cmp	r3, #134217728
 1537 0230 64D1     		bne	.L120
 1538 0232 2E48     		ldr	r0, .L126+12
 1539 0234 7047     		bx	lr
ARM GAS  /tmp/ccsRaXLF.s 			page 46


 1540              	.L108:
 1541 0236 B3F1C05F 		cmp	r3, #402653184
 1542 023a 06D1     		bne	.L125
 772:stm/stm32f4xx/STM32F4xx_HAL_Driver/Src/stm32f4xx_hal_rcc_ex.c ****       {
 773:stm/stm32f4xx/STM32F4xx_HAL_Driver/Src/stm32f4xx_hal_rcc_ex.c ****         /* Check if I2S clock selection is External clock mapped on the I2S_CKIN pin used as I2S cl
 774:stm/stm32f4xx/STM32F4xx_HAL_Driver/Src/stm32f4xx_hal_rcc_ex.c ****       case RCC_I2SAPB2CLKSOURCE_EXT:
 775:stm/stm32f4xx/STM32F4xx_HAL_Driver/Src/stm32f4xx_hal_rcc_ex.c ****         {
 776:stm/stm32f4xx/STM32F4xx_HAL_Driver/Src/stm32f4xx_hal_rcc_ex.c ****           /* Set the I2S clock to the external clock  value */
 777:stm/stm32f4xx/STM32F4xx_HAL_Driver/Src/stm32f4xx_hal_rcc_ex.c ****           frequency = EXTERNAL_CLOCK_VALUE;
 778:stm/stm32f4xx/STM32F4xx_HAL_Driver/Src/stm32f4xx_hal_rcc_ex.c ****           break;
 779:stm/stm32f4xx/STM32F4xx_HAL_Driver/Src/stm32f4xx_hal_rcc_ex.c ****         }
 780:stm/stm32f4xx/STM32F4xx_HAL_Driver/Src/stm32f4xx_hal_rcc_ex.c ****         /* Check if I2S clock selection is PLLI2S VCO output clock divided by PLLI2SR used as I2S c
 781:stm/stm32f4xx/STM32F4xx_HAL_Driver/Src/stm32f4xx_hal_rcc_ex.c ****       case RCC_I2SAPB2CLKSOURCE_PLLI2S:
 782:stm/stm32f4xx/STM32F4xx_HAL_Driver/Src/stm32f4xx_hal_rcc_ex.c ****         {
 783:stm/stm32f4xx/STM32F4xx_HAL_Driver/Src/stm32f4xx_hal_rcc_ex.c ****           /* Configure the PLLI2S division factor */
 784:stm/stm32f4xx/STM32F4xx_HAL_Driver/Src/stm32f4xx_hal_rcc_ex.c ****           /* PLLI2S_VCO Input  = PLL_SOURCE/PLLI2SM */
 785:stm/stm32f4xx/STM32F4xx_HAL_Driver/Src/stm32f4xx_hal_rcc_ex.c ****           if((RCC->PLLCFGR & RCC_PLLCFGR_PLLSRC) == RCC_PLLSOURCE_HSE)
 786:stm/stm32f4xx/STM32F4xx_HAL_Driver/Src/stm32f4xx_hal_rcc_ex.c ****           {
 787:stm/stm32f4xx/STM32F4xx_HAL_Driver/Src/stm32f4xx_hal_rcc_ex.c ****             /* Get the I2S source clock value */
 788:stm/stm32f4xx/STM32F4xx_HAL_Driver/Src/stm32f4xx_hal_rcc_ex.c ****             vcoinput = (uint32_t)(HSE_VALUE / (uint32_t)(RCC->PLLI2SCFGR & RCC_PLLI2SCFGR_PLLI2SM))
 789:stm/stm32f4xx/STM32F4xx_HAL_Driver/Src/stm32f4xx_hal_rcc_ex.c ****           }
 790:stm/stm32f4xx/STM32F4xx_HAL_Driver/Src/stm32f4xx_hal_rcc_ex.c ****           else
 791:stm/stm32f4xx/STM32F4xx_HAL_Driver/Src/stm32f4xx_hal_rcc_ex.c ****           {
 792:stm/stm32f4xx/STM32F4xx_HAL_Driver/Src/stm32f4xx_hal_rcc_ex.c ****             /* Get the I2S source clock value */
 793:stm/stm32f4xx/STM32F4xx_HAL_Driver/Src/stm32f4xx_hal_rcc_ex.c ****             vcoinput = (uint32_t)(HSI_VALUE / (uint32_t)(RCC->PLLI2SCFGR & RCC_PLLI2SCFGR_PLLI2SM))
 794:stm/stm32f4xx/STM32F4xx_HAL_Driver/Src/stm32f4xx_hal_rcc_ex.c ****           }
 795:stm/stm32f4xx/STM32F4xx_HAL_Driver/Src/stm32f4xx_hal_rcc_ex.c **** 
 796:stm/stm32f4xx/STM32F4xx_HAL_Driver/Src/stm32f4xx_hal_rcc_ex.c ****           /* PLLI2S_VCO Output = PLLI2S_VCO Input * PLLI2SN */
 797:stm/stm32f4xx/STM32F4xx_HAL_Driver/Src/stm32f4xx_hal_rcc_ex.c ****           vcooutput = (uint32_t)(vcoinput * (((RCC->PLLI2SCFGR & RCC_PLLI2SCFGR_PLLI2SN) >> 6U) & (
 798:stm/stm32f4xx/STM32F4xx_HAL_Driver/Src/stm32f4xx_hal_rcc_ex.c ****           /* I2S_CLK = PLLI2S_VCO Output/PLLI2SR */
 799:stm/stm32f4xx/STM32F4xx_HAL_Driver/Src/stm32f4xx_hal_rcc_ex.c ****           frequency = (uint32_t)(vcooutput /(((RCC->PLLI2SCFGR & RCC_PLLI2SCFGR_PLLI2SR) >> 28U) & 
 800:stm/stm32f4xx/STM32F4xx_HAL_Driver/Src/stm32f4xx_hal_rcc_ex.c ****           break;
 801:stm/stm32f4xx/STM32F4xx_HAL_Driver/Src/stm32f4xx_hal_rcc_ex.c ****         }
 802:stm/stm32f4xx/STM32F4xx_HAL_Driver/Src/stm32f4xx_hal_rcc_ex.c ****         /* Check if I2S clock selection is PLL VCO Output divided by PLLR used as I2S clock */
 803:stm/stm32f4xx/STM32F4xx_HAL_Driver/Src/stm32f4xx_hal_rcc_ex.c ****       case RCC_I2SAPB2CLKSOURCE_PLLR:
 804:stm/stm32f4xx/STM32F4xx_HAL_Driver/Src/stm32f4xx_hal_rcc_ex.c ****         {
 805:stm/stm32f4xx/STM32F4xx_HAL_Driver/Src/stm32f4xx_hal_rcc_ex.c ****           /* Configure the PLL division factor R */
 806:stm/stm32f4xx/STM32F4xx_HAL_Driver/Src/stm32f4xx_hal_rcc_ex.c ****           /* PLL_VCO Input  = PLL_SOURCE/PLLM */
 807:stm/stm32f4xx/STM32F4xx_HAL_Driver/Src/stm32f4xx_hal_rcc_ex.c ****           if((RCC->PLLCFGR & RCC_PLLCFGR_PLLSRC) == RCC_PLLSOURCE_HSE)
 808:stm/stm32f4xx/STM32F4xx_HAL_Driver/Src/stm32f4xx_hal_rcc_ex.c ****           {
 809:stm/stm32f4xx/STM32F4xx_HAL_Driver/Src/stm32f4xx_hal_rcc_ex.c ****             /* Get the I2S source clock value */
 810:stm/stm32f4xx/STM32F4xx_HAL_Driver/Src/stm32f4xx_hal_rcc_ex.c ****             vcoinput = (uint32_t)(HSE_VALUE / (uint32_t)(RCC->PLLCFGR & RCC_PLLCFGR_PLLM));
 811:stm/stm32f4xx/STM32F4xx_HAL_Driver/Src/stm32f4xx_hal_rcc_ex.c ****           }
 812:stm/stm32f4xx/STM32F4xx_HAL_Driver/Src/stm32f4xx_hal_rcc_ex.c ****           else
 813:stm/stm32f4xx/STM32F4xx_HAL_Driver/Src/stm32f4xx_hal_rcc_ex.c ****           {
 814:stm/stm32f4xx/STM32F4xx_HAL_Driver/Src/stm32f4xx_hal_rcc_ex.c ****             /* Get the I2S source clock value */
 815:stm/stm32f4xx/STM32F4xx_HAL_Driver/Src/stm32f4xx_hal_rcc_ex.c ****             vcoinput = (uint32_t)(HSI_VALUE / (uint32_t)(RCC->PLLCFGR & RCC_PLLCFGR_PLLM));
 816:stm/stm32f4xx/STM32F4xx_HAL_Driver/Src/stm32f4xx_hal_rcc_ex.c ****           }
 817:stm/stm32f4xx/STM32F4xx_HAL_Driver/Src/stm32f4xx_hal_rcc_ex.c **** 
 818:stm/stm32f4xx/STM32F4xx_HAL_Driver/Src/stm32f4xx_hal_rcc_ex.c ****           /* PLL_VCO Output = PLL_VCO Input * PLLN */
 819:stm/stm32f4xx/STM32F4xx_HAL_Driver/Src/stm32f4xx_hal_rcc_ex.c ****           vcooutput = (uint32_t)(vcoinput * (((RCC->PLLCFGR & RCC_PLLCFGR_PLLN) >> 6U) & (RCC_PLLCF
 820:stm/stm32f4xx/STM32F4xx_HAL_Driver/Src/stm32f4xx_hal_rcc_ex.c ****           /* I2S_CLK = PLL_VCO Output/PLLR */
 821:stm/stm32f4xx/STM32F4xx_HAL_Driver/Src/stm32f4xx_hal_rcc_ex.c ****           frequency = (uint32_t)(vcooutput /(((RCC->PLLCFGR & RCC_PLLCFGR_PLLR) >> 28U) & (RCC_PLLC
 822:stm/stm32f4xx/STM32F4xx_HAL_Driver/Src/stm32f4xx_hal_rcc_ex.c ****           break;
 823:stm/stm32f4xx/STM32F4xx_HAL_Driver/Src/stm32f4xx_hal_rcc_ex.c ****         }
 824:stm/stm32f4xx/STM32F4xx_HAL_Driver/Src/stm32f4xx_hal_rcc_ex.c ****         /* Check if I2S clock selection is HSI or HSE depending from PLL source Clock */
 825:stm/stm32f4xx/STM32F4xx_HAL_Driver/Src/stm32f4xx_hal_rcc_ex.c ****       case RCC_I2SAPB2CLKSOURCE_PLLSRC:
ARM GAS  /tmp/ccsRaXLF.s 			page 47


 826:stm/stm32f4xx/STM32F4xx_HAL_Driver/Src/stm32f4xx_hal_rcc_ex.c ****         {
 827:stm/stm32f4xx/STM32F4xx_HAL_Driver/Src/stm32f4xx_hal_rcc_ex.c ****           if((RCC->PLLCFGR & RCC_PLLCFGR_PLLSRC) == RCC_PLLSOURCE_HSE)
 1543              		.loc 1 827 11 view .LVU550
 1544              		.loc 1 827 18 is_stmt 0 view .LVU551
 1545 023c 284B     		ldr	r3, .L126
 1546              	.LVL125:
 1547              		.loc 1 827 18 view .LVU552
 1548 023e 5B68     		ldr	r3, [r3, #4]
 1549              		.loc 1 827 13 view .LVU553
 1550 0240 13F4800F 		tst	r3, #4194304
 1551 0244 5CD0     		beq	.L121
 828:stm/stm32f4xx/STM32F4xx_HAL_Driver/Src/stm32f4xx_hal_rcc_ex.c ****           {
 829:stm/stm32f4xx/STM32F4xx_HAL_Driver/Src/stm32f4xx_hal_rcc_ex.c ****             frequency = HSE_VALUE;
 1552              		.loc 1 829 23 view .LVU554
 1553 0246 2848     		ldr	r0, .L126+8
 1554 0248 7047     		bx	lr
 1555              	.LVL126:
 1556              	.L125:
 830:stm/stm32f4xx/STM32F4xx_HAL_Driver/Src/stm32f4xx_hal_rcc_ex.c ****           }
 831:stm/stm32f4xx/STM32F4xx_HAL_Driver/Src/stm32f4xx_hal_rcc_ex.c ****           else
 832:stm/stm32f4xx/STM32F4xx_HAL_Driver/Src/stm32f4xx_hal_rcc_ex.c ****           {
 833:stm/stm32f4xx/STM32F4xx_HAL_Driver/Src/stm32f4xx_hal_rcc_ex.c ****             frequency = HSI_VALUE;
 834:stm/stm32f4xx/STM32F4xx_HAL_Driver/Src/stm32f4xx_hal_rcc_ex.c ****           }
 835:stm/stm32f4xx/STM32F4xx_HAL_Driver/Src/stm32f4xx_hal_rcc_ex.c ****           break;
 836:stm/stm32f4xx/STM32F4xx_HAL_Driver/Src/stm32f4xx_hal_rcc_ex.c ****         }
 837:stm/stm32f4xx/STM32F4xx_HAL_Driver/Src/stm32f4xx_hal_rcc_ex.c ****         /* Clock not enabled for I2S*/
 838:stm/stm32f4xx/STM32F4xx_HAL_Driver/Src/stm32f4xx_hal_rcc_ex.c ****       default:
 839:stm/stm32f4xx/STM32F4xx_HAL_Driver/Src/stm32f4xx_hal_rcc_ex.c ****         {
 840:stm/stm32f4xx/STM32F4xx_HAL_Driver/Src/stm32f4xx_hal_rcc_ex.c ****           frequency = 0U;
 1557              		.loc 1 840 21 view .LVU555
 1558 024a 0020     		movs	r0, #0
 1559 024c 7047     		bx	lr
 1560              	.L109:
 785:stm/stm32f4xx/STM32F4xx_HAL_Driver/Src/stm32f4xx_hal_rcc_ex.c ****           {
 1561              		.loc 1 785 11 is_stmt 1 view .LVU556
 785:stm/stm32f4xx/STM32F4xx_HAL_Driver/Src/stm32f4xx_hal_rcc_ex.c ****           {
 1562              		.loc 1 785 18 is_stmt 0 view .LVU557
 1563 024e 244B     		ldr	r3, .L126
 1564              	.LVL127:
 785:stm/stm32f4xx/STM32F4xx_HAL_Driver/Src/stm32f4xx_hal_rcc_ex.c ****           {
 1565              		.loc 1 785 18 view .LVU558
 1566 0250 5B68     		ldr	r3, [r3, #4]
 785:stm/stm32f4xx/STM32F4xx_HAL_Driver/Src/stm32f4xx_hal_rcc_ex.c ****           {
 1567              		.loc 1 785 13 view .LVU559
 1568 0252 13F4800F 		tst	r3, #4194304
 1569 0256 15D0     		beq	.L111
 788:stm/stm32f4xx/STM32F4xx_HAL_Driver/Src/stm32f4xx_hal_rcc_ex.c ****           }
 1570              		.loc 1 788 13 is_stmt 1 view .LVU560
 788:stm/stm32f4xx/STM32F4xx_HAL_Driver/Src/stm32f4xx_hal_rcc_ex.c ****           }
 1571              		.loc 1 788 61 is_stmt 0 view .LVU561
 1572 0258 214B     		ldr	r3, .L126
 1573 025a D3F88420 		ldr	r2, [r3, #132]
 788:stm/stm32f4xx/STM32F4xx_HAL_Driver/Src/stm32f4xx_hal_rcc_ex.c ****           }
 1574              		.loc 1 788 47 view .LVU562
 1575 025e 02F03F02 		and	r2, r2, #63
 788:stm/stm32f4xx/STM32F4xx_HAL_Driver/Src/stm32f4xx_hal_rcc_ex.c ****           }
 1576              		.loc 1 788 22 view .LVU563
ARM GAS  /tmp/ccsRaXLF.s 			page 48


 1577 0262 214B     		ldr	r3, .L126+8
 1578 0264 B3FBF2F3 		udiv	r3, r3, r2
 1579              	.LVL128:
 1580              	.L112:
 797:stm/stm32f4xx/STM32F4xx_HAL_Driver/Src/stm32f4xx_hal_rcc_ex.c ****           /* I2S_CLK = PLLI2S_VCO Output/PLLI2SR */
 1581              		.loc 1 797 11 is_stmt 1 view .LVU564
 797:stm/stm32f4xx/STM32F4xx_HAL_Driver/Src/stm32f4xx_hal_rcc_ex.c ****           /* I2S_CLK = PLLI2S_VCO Output/PLLI2SR */
 1582              		.loc 1 797 51 is_stmt 0 view .LVU565
 1583 0268 1D4A     		ldr	r2, .L126
 1584 026a D2F88400 		ldr	r0, [r2, #132]
 797:stm/stm32f4xx/STM32F4xx_HAL_Driver/Src/stm32f4xx_hal_rcc_ex.c ****           /* I2S_CLK = PLLI2S_VCO Output/PLLI2SR */
 1585              		.loc 1 797 97 view .LVU566
 1586 026e C0F38810 		ubfx	r0, r0, #6, #9
 797:stm/stm32f4xx/STM32F4xx_HAL_Driver/Src/stm32f4xx_hal_rcc_ex.c ****           /* I2S_CLK = PLLI2S_VCO Output/PLLI2SR */
 1587              		.loc 1 797 21 view .LVU567
 1588 0272 03FB00F0 		mul	r0, r3, r0
 1589              	.LVL129:
 799:stm/stm32f4xx/STM32F4xx_HAL_Driver/Src/stm32f4xx_hal_rcc_ex.c ****           break;
 1590              		.loc 1 799 11 is_stmt 1 view .LVU568
 799:stm/stm32f4xx/STM32F4xx_HAL_Driver/Src/stm32f4xx_hal_rcc_ex.c ****           break;
 1591              		.loc 1 799 51 is_stmt 0 view .LVU569
 1592 0276 D2F88430 		ldr	r3, [r2, #132]
 1593              	.LVL130:
 799:stm/stm32f4xx/STM32F4xx_HAL_Driver/Src/stm32f4xx_hal_rcc_ex.c ****           break;
 1594              		.loc 1 799 98 view .LVU570
 1595 027a C3F30273 		ubfx	r3, r3, #28, #3
 799:stm/stm32f4xx/STM32F4xx_HAL_Driver/Src/stm32f4xx_hal_rcc_ex.c ****           break;
 1596              		.loc 1 799 21 view .LVU571
 1597 027e B0FBF3F0 		udiv	r0, r0, r3
 1598              	.LVL131:
 800:stm/stm32f4xx/STM32F4xx_HAL_Driver/Src/stm32f4xx_hal_rcc_ex.c ****         }
 1599              		.loc 1 800 11 is_stmt 1 view .LVU572
 1600 0282 7047     		bx	lr
 1601              	.LVL132:
 1602              	.L111:
 793:stm/stm32f4xx/STM32F4xx_HAL_Driver/Src/stm32f4xx_hal_rcc_ex.c ****           }
 1603              		.loc 1 793 13 view .LVU573
 793:stm/stm32f4xx/STM32F4xx_HAL_Driver/Src/stm32f4xx_hal_rcc_ex.c ****           }
 1604              		.loc 1 793 61 is_stmt 0 view .LVU574
 1605 0284 164B     		ldr	r3, .L126
 1606 0286 D3F88420 		ldr	r2, [r3, #132]
 793:stm/stm32f4xx/STM32F4xx_HAL_Driver/Src/stm32f4xx_hal_rcc_ex.c ****           }
 1607              		.loc 1 793 47 view .LVU575
 1608 028a 02F03F02 		and	r2, r2, #63
 793:stm/stm32f4xx/STM32F4xx_HAL_Driver/Src/stm32f4xx_hal_rcc_ex.c ****           }
 1609              		.loc 1 793 22 view .LVU576
 1610 028e 154B     		ldr	r3, .L126+4
 1611 0290 B3FBF2F3 		udiv	r3, r3, r2
 1612              	.LVL133:
 793:stm/stm32f4xx/STM32F4xx_HAL_Driver/Src/stm32f4xx_hal_rcc_ex.c ****           }
 1613              		.loc 1 793 22 view .LVU577
 1614 0294 E8E7     		b	.L112
 1615              	.LVL134:
 1616              	.L107:
 807:stm/stm32f4xx/STM32F4xx_HAL_Driver/Src/stm32f4xx_hal_rcc_ex.c ****           {
 1617              		.loc 1 807 11 is_stmt 1 view .LVU578
 807:stm/stm32f4xx/STM32F4xx_HAL_Driver/Src/stm32f4xx_hal_rcc_ex.c ****           {
ARM GAS  /tmp/ccsRaXLF.s 			page 49


 1618              		.loc 1 807 18 is_stmt 0 view .LVU579
 1619 0296 124B     		ldr	r3, .L126
 1620              	.LVL135:
 807:stm/stm32f4xx/STM32F4xx_HAL_Driver/Src/stm32f4xx_hal_rcc_ex.c ****           {
 1621              		.loc 1 807 18 view .LVU580
 1622 0298 5B68     		ldr	r3, [r3, #4]
 807:stm/stm32f4xx/STM32F4xx_HAL_Driver/Src/stm32f4xx_hal_rcc_ex.c ****           {
 1623              		.loc 1 807 13 view .LVU581
 1624 029a 13F4800F 		tst	r3, #4194304
 1625 029e 12D0     		beq	.L113
 810:stm/stm32f4xx/STM32F4xx_HAL_Driver/Src/stm32f4xx_hal_rcc_ex.c ****           }
 1626              		.loc 1 810 13 is_stmt 1 view .LVU582
 810:stm/stm32f4xx/STM32F4xx_HAL_Driver/Src/stm32f4xx_hal_rcc_ex.c ****           }
 1627              		.loc 1 810 61 is_stmt 0 view .LVU583
 1628 02a0 0F4B     		ldr	r3, .L126
 1629 02a2 5A68     		ldr	r2, [r3, #4]
 810:stm/stm32f4xx/STM32F4xx_HAL_Driver/Src/stm32f4xx_hal_rcc_ex.c ****           }
 1630              		.loc 1 810 47 view .LVU584
 1631 02a4 02F03F02 		and	r2, r2, #63
 810:stm/stm32f4xx/STM32F4xx_HAL_Driver/Src/stm32f4xx_hal_rcc_ex.c ****           }
 1632              		.loc 1 810 22 view .LVU585
 1633 02a8 0F4B     		ldr	r3, .L126+8
 1634 02aa B3FBF2F3 		udiv	r3, r3, r2
 1635              	.LVL136:
 1636              	.L114:
 819:stm/stm32f4xx/STM32F4xx_HAL_Driver/Src/stm32f4xx_hal_rcc_ex.c ****           /* I2S_CLK = PLL_VCO Output/PLLR */
 1637              		.loc 1 819 11 is_stmt 1 view .LVU586
 819:stm/stm32f4xx/STM32F4xx_HAL_Driver/Src/stm32f4xx_hal_rcc_ex.c ****           /* I2S_CLK = PLL_VCO Output/PLLR */
 1638              		.loc 1 819 51 is_stmt 0 view .LVU587
 1639 02ae 0C4A     		ldr	r2, .L126
 1640 02b0 5068     		ldr	r0, [r2, #4]
 819:stm/stm32f4xx/STM32F4xx_HAL_Driver/Src/stm32f4xx_hal_rcc_ex.c ****           /* I2S_CLK = PLL_VCO Output/PLLR */
 1641              		.loc 1 819 88 view .LVU588
 1642 02b2 C0F38810 		ubfx	r0, r0, #6, #9
 819:stm/stm32f4xx/STM32F4xx_HAL_Driver/Src/stm32f4xx_hal_rcc_ex.c ****           /* I2S_CLK = PLL_VCO Output/PLLR */
 1643              		.loc 1 819 21 view .LVU589
 1644 02b6 03FB00F0 		mul	r0, r3, r0
 1645              	.LVL137:
 821:stm/stm32f4xx/STM32F4xx_HAL_Driver/Src/stm32f4xx_hal_rcc_ex.c ****           break;
 1646              		.loc 1 821 11 is_stmt 1 view .LVU590
 821:stm/stm32f4xx/STM32F4xx_HAL_Driver/Src/stm32f4xx_hal_rcc_ex.c ****           break;
 1647              		.loc 1 821 51 is_stmt 0 view .LVU591
 1648 02ba 5368     		ldr	r3, [r2, #4]
 1649              	.LVL138:
 821:stm/stm32f4xx/STM32F4xx_HAL_Driver/Src/stm32f4xx_hal_rcc_ex.c ****           break;
 1650              		.loc 1 821 89 view .LVU592
 1651 02bc C3F30273 		ubfx	r3, r3, #28, #3
 821:stm/stm32f4xx/STM32F4xx_HAL_Driver/Src/stm32f4xx_hal_rcc_ex.c ****           break;
 1652              		.loc 1 821 21 view .LVU593
 1653 02c0 B0FBF3F0 		udiv	r0, r0, r3
 1654              	.LVL139:
 822:stm/stm32f4xx/STM32F4xx_HAL_Driver/Src/stm32f4xx_hal_rcc_ex.c ****         }
 1655              		.loc 1 822 11 is_stmt 1 view .LVU594
 1656 02c4 7047     		bx	lr
 1657              	.LVL140:
 1658              	.L113:
 815:stm/stm32f4xx/STM32F4xx_HAL_Driver/Src/stm32f4xx_hal_rcc_ex.c ****           }
ARM GAS  /tmp/ccsRaXLF.s 			page 50


 1659              		.loc 1 815 13 view .LVU595
 815:stm/stm32f4xx/STM32F4xx_HAL_Driver/Src/stm32f4xx_hal_rcc_ex.c ****           }
 1660              		.loc 1 815 61 is_stmt 0 view .LVU596
 1661 02c6 064B     		ldr	r3, .L126
 1662 02c8 5A68     		ldr	r2, [r3, #4]
 815:stm/stm32f4xx/STM32F4xx_HAL_Driver/Src/stm32f4xx_hal_rcc_ex.c ****           }
 1663              		.loc 1 815 47 view .LVU597
 1664 02ca 02F03F02 		and	r2, r2, #63
 815:stm/stm32f4xx/STM32F4xx_HAL_Driver/Src/stm32f4xx_hal_rcc_ex.c ****           }
 1665              		.loc 1 815 22 view .LVU598
 1666 02ce 054B     		ldr	r3, .L126+4
 1667 02d0 B3FBF2F3 		udiv	r3, r3, r2
 1668              	.LVL141:
 815:stm/stm32f4xx/STM32F4xx_HAL_Driver/Src/stm32f4xx_hal_rcc_ex.c ****           }
 1669              		.loc 1 815 22 view .LVU599
 1670 02d4 EBE7     		b	.L114
 1671              	.LVL142:
 1672              	.L115:
 581:stm/stm32f4xx/STM32F4xx_HAL_Driver/Src/stm32f4xx_hal_rcc_ex.c ****   {
 1673              		.loc 1 581 3 view .LVU600
 1674 02d6 0020     		movs	r0, #0
 1675 02d8 7047     		bx	lr
 1676              	.LVL143:
 1677              	.L116:
 664:stm/stm32f4xx/STM32F4xx_HAL_Driver/Src/stm32f4xx_hal_rcc_ex.c ****           break;
 1678              		.loc 1 664 21 view .LVU601
 1679 02da 0448     		ldr	r0, .L126+12
 1680 02dc 7047     		bx	lr
 1681              	.L127:
 1682 02de 00BF     		.align	2
 1683              	.L126:
 1684 02e0 00380240 		.word	1073887232
 1685 02e4 0024F400 		.word	16000000
 1686 02e8 40787D01 		.word	25000000
 1687 02ec 0080BB00 		.word	12288000
 1688              	.LVL144:
 1689              	.L117:
 677:stm/stm32f4xx/STM32F4xx_HAL_Driver/Src/stm32f4xx_hal_rcc_ex.c ****           }
 1690              		.loc 1 677 23 view .LVU602
 1691 02f0 0448     		ldr	r0, .L128
 1692 02f2 7047     		bx	lr
 1693              	.LVL145:
 1694              	.L118:
 761:stm/stm32f4xx/STM32F4xx_HAL_Driver/Src/stm32f4xx_hal_rcc_ex.c ****           break;
 1695              		.loc 1 761 21 view .LVU603
 1696 02f4 0020     		movs	r0, #0
 1697 02f6 7047     		bx	lr
 1698              	.LVL146:
 1699              	.L119:
 754:stm/stm32f4xx/STM32F4xx_HAL_Driver/Src/stm32f4xx_hal_rcc_ex.c ****           }
 1700              		.loc 1 754 23 view .LVU604
 1701 02f8 0348     		ldr	r0, .L128+4
 1702 02fa 7047     		bx	lr
 1703              	.LVL147:
 1704              	.L120:
 1705              		.loc 1 840 21 view .LVU605
 1706 02fc 0020     		movs	r0, #0
ARM GAS  /tmp/ccsRaXLF.s 			page 51


 1707 02fe 7047     		bx	lr
 1708              	.LVL148:
 1709              	.L121:
 833:stm/stm32f4xx/STM32F4xx_HAL_Driver/Src/stm32f4xx_hal_rcc_ex.c ****           }
 1710              		.loc 1 833 23 view .LVU606
 1711 0300 0148     		ldr	r0, .L128+4
 1712              	.LVL149:
 841:stm/stm32f4xx/STM32F4xx_HAL_Driver/Src/stm32f4xx_hal_rcc_ex.c ****           break;
 842:stm/stm32f4xx/STM32F4xx_HAL_Driver/Src/stm32f4xx_hal_rcc_ex.c ****         }
 843:stm/stm32f4xx/STM32F4xx_HAL_Driver/Src/stm32f4xx_hal_rcc_ex.c ****       }
 844:stm/stm32f4xx/STM32F4xx_HAL_Driver/Src/stm32f4xx_hal_rcc_ex.c ****       break;
 845:stm/stm32f4xx/STM32F4xx_HAL_Driver/Src/stm32f4xx_hal_rcc_ex.c ****     }
 846:stm/stm32f4xx/STM32F4xx_HAL_Driver/Src/stm32f4xx_hal_rcc_ex.c ****   default:
 847:stm/stm32f4xx/STM32F4xx_HAL_Driver/Src/stm32f4xx_hal_rcc_ex.c ****     {
 848:stm/stm32f4xx/STM32F4xx_HAL_Driver/Src/stm32f4xx_hal_rcc_ex.c ****        break;
 849:stm/stm32f4xx/STM32F4xx_HAL_Driver/Src/stm32f4xx_hal_rcc_ex.c ****     }
 850:stm/stm32f4xx/STM32F4xx_HAL_Driver/Src/stm32f4xx_hal_rcc_ex.c ****   }
 851:stm/stm32f4xx/STM32F4xx_HAL_Driver/Src/stm32f4xx_hal_rcc_ex.c ****   return frequency;
 1713              		.loc 1 851 3 is_stmt 1 view .LVU607
 852:stm/stm32f4xx/STM32F4xx_HAL_Driver/Src/stm32f4xx_hal_rcc_ex.c **** }
 1714              		.loc 1 852 1 is_stmt 0 view .LVU608
 1715 0302 7047     		bx	lr
 1716              	.L129:
 1717              		.align	2
 1718              	.L128:
 1719 0304 40787D01 		.word	25000000
 1720 0308 0024F400 		.word	16000000
 1721              		.cfi_endproc
 1722              	.LFE241:
 1724              		.section	.text.HAL_RCCEx_SelectLSEMode,"ax",%progbits
 1725              		.align	1
 1726              		.global	HAL_RCCEx_SelectLSEMode
 1727              		.syntax unified
 1728              		.thumb
 1729              		.thumb_func
 1731              	HAL_RCCEx_SelectLSEMode:
 1732              	.LVL150:
 1733              	.LFB242:
 853:stm/stm32f4xx/STM32F4xx_HAL_Driver/Src/stm32f4xx_hal_rcc_ex.c **** #endif /* STM32F446xx */
 854:stm/stm32f4xx/STM32F4xx_HAL_Driver/Src/stm32f4xx_hal_rcc_ex.c **** 
 855:stm/stm32f4xx/STM32F4xx_HAL_Driver/Src/stm32f4xx_hal_rcc_ex.c **** #if defined(STM32F469xx) || defined(STM32F479xx)
 856:stm/stm32f4xx/STM32F4xx_HAL_Driver/Src/stm32f4xx_hal_rcc_ex.c **** /**
 857:stm/stm32f4xx/STM32F4xx_HAL_Driver/Src/stm32f4xx_hal_rcc_ex.c ****   * @brief  Initializes the RCC extended peripherals clocks according to the specified
 858:stm/stm32f4xx/STM32F4xx_HAL_Driver/Src/stm32f4xx_hal_rcc_ex.c ****   *         parameters in the RCC_PeriphCLKInitTypeDef.
 859:stm/stm32f4xx/STM32F4xx_HAL_Driver/Src/stm32f4xx_hal_rcc_ex.c ****   * @param  PeriphClkInit pointer to an RCC_PeriphCLKInitTypeDef structure that
 860:stm/stm32f4xx/STM32F4xx_HAL_Driver/Src/stm32f4xx_hal_rcc_ex.c ****   *         contains the configuration information for the Extended Peripherals
 861:stm/stm32f4xx/STM32F4xx_HAL_Driver/Src/stm32f4xx_hal_rcc_ex.c ****   *         clocks(I2S, SAI, LTDC, RTC and TIM).
 862:stm/stm32f4xx/STM32F4xx_HAL_Driver/Src/stm32f4xx_hal_rcc_ex.c ****   *
 863:stm/stm32f4xx/STM32F4xx_HAL_Driver/Src/stm32f4xx_hal_rcc_ex.c ****   * @note   Care must be taken when HAL_RCCEx_PeriphCLKConfig() is used to select
 864:stm/stm32f4xx/STM32F4xx_HAL_Driver/Src/stm32f4xx_hal_rcc_ex.c ****   *         the RTC clock source; in this case the Backup domain will be reset in
 865:stm/stm32f4xx/STM32F4xx_HAL_Driver/Src/stm32f4xx_hal_rcc_ex.c ****   *         order to modify the RTC Clock source, as consequence RTC registers (including
 866:stm/stm32f4xx/STM32F4xx_HAL_Driver/Src/stm32f4xx_hal_rcc_ex.c ****   *         the backup registers) and RCC_BDCR register are set to their reset values.
 867:stm/stm32f4xx/STM32F4xx_HAL_Driver/Src/stm32f4xx_hal_rcc_ex.c ****   *
 868:stm/stm32f4xx/STM32F4xx_HAL_Driver/Src/stm32f4xx_hal_rcc_ex.c ****   * @retval HAL status
 869:stm/stm32f4xx/STM32F4xx_HAL_Driver/Src/stm32f4xx_hal_rcc_ex.c ****   */
 870:stm/stm32f4xx/STM32F4xx_HAL_Driver/Src/stm32f4xx_hal_rcc_ex.c **** HAL_StatusTypeDef HAL_RCCEx_PeriphCLKConfig(RCC_PeriphCLKInitTypeDef  *PeriphClkInit)
 871:stm/stm32f4xx/STM32F4xx_HAL_Driver/Src/stm32f4xx_hal_rcc_ex.c **** {
ARM GAS  /tmp/ccsRaXLF.s 			page 52


 872:stm/stm32f4xx/STM32F4xx_HAL_Driver/Src/stm32f4xx_hal_rcc_ex.c ****   uint32_t tickstart = 0U;
 873:stm/stm32f4xx/STM32F4xx_HAL_Driver/Src/stm32f4xx_hal_rcc_ex.c ****   uint32_t tmpreg1 = 0U;
 874:stm/stm32f4xx/STM32F4xx_HAL_Driver/Src/stm32f4xx_hal_rcc_ex.c ****   uint32_t pllsaip = 0U;
 875:stm/stm32f4xx/STM32F4xx_HAL_Driver/Src/stm32f4xx_hal_rcc_ex.c ****   uint32_t pllsaiq = 0U;
 876:stm/stm32f4xx/STM32F4xx_HAL_Driver/Src/stm32f4xx_hal_rcc_ex.c ****   uint32_t pllsair = 0U;
 877:stm/stm32f4xx/STM32F4xx_HAL_Driver/Src/stm32f4xx_hal_rcc_ex.c **** 
 878:stm/stm32f4xx/STM32F4xx_HAL_Driver/Src/stm32f4xx_hal_rcc_ex.c ****   /* Check the parameters */
 879:stm/stm32f4xx/STM32F4xx_HAL_Driver/Src/stm32f4xx_hal_rcc_ex.c ****   assert_param(IS_RCC_PERIPHCLOCK(PeriphClkInit->PeriphClockSelection));
 880:stm/stm32f4xx/STM32F4xx_HAL_Driver/Src/stm32f4xx_hal_rcc_ex.c **** 
 881:stm/stm32f4xx/STM32F4xx_HAL_Driver/Src/stm32f4xx_hal_rcc_ex.c ****   /*--------------------------- CLK48 Configuration --------------------------*/
 882:stm/stm32f4xx/STM32F4xx_HAL_Driver/Src/stm32f4xx_hal_rcc_ex.c ****   if(((PeriphClkInit->PeriphClockSelection) & RCC_PERIPHCLK_CLK48) == RCC_PERIPHCLK_CLK48)
 883:stm/stm32f4xx/STM32F4xx_HAL_Driver/Src/stm32f4xx_hal_rcc_ex.c ****   {
 884:stm/stm32f4xx/STM32F4xx_HAL_Driver/Src/stm32f4xx_hal_rcc_ex.c ****     /* Check the parameters */
 885:stm/stm32f4xx/STM32F4xx_HAL_Driver/Src/stm32f4xx_hal_rcc_ex.c ****     assert_param(IS_RCC_CLK48CLKSOURCE(PeriphClkInit->Clk48ClockSelection));
 886:stm/stm32f4xx/STM32F4xx_HAL_Driver/Src/stm32f4xx_hal_rcc_ex.c **** 
 887:stm/stm32f4xx/STM32F4xx_HAL_Driver/Src/stm32f4xx_hal_rcc_ex.c ****     /* Configure the CLK48 clock source */
 888:stm/stm32f4xx/STM32F4xx_HAL_Driver/Src/stm32f4xx_hal_rcc_ex.c ****     __HAL_RCC_CLK48_CONFIG(PeriphClkInit->Clk48ClockSelection);
 889:stm/stm32f4xx/STM32F4xx_HAL_Driver/Src/stm32f4xx_hal_rcc_ex.c ****   }
 890:stm/stm32f4xx/STM32F4xx_HAL_Driver/Src/stm32f4xx_hal_rcc_ex.c ****   /*--------------------------------------------------------------------------*/
 891:stm/stm32f4xx/STM32F4xx_HAL_Driver/Src/stm32f4xx_hal_rcc_ex.c **** 
 892:stm/stm32f4xx/STM32F4xx_HAL_Driver/Src/stm32f4xx_hal_rcc_ex.c ****   /*------------------------------ SDIO Configuration ------------------------*/
 893:stm/stm32f4xx/STM32F4xx_HAL_Driver/Src/stm32f4xx_hal_rcc_ex.c ****   if(((PeriphClkInit->PeriphClockSelection) & RCC_PERIPHCLK_SDIO) == RCC_PERIPHCLK_SDIO)
 894:stm/stm32f4xx/STM32F4xx_HAL_Driver/Src/stm32f4xx_hal_rcc_ex.c ****   {
 895:stm/stm32f4xx/STM32F4xx_HAL_Driver/Src/stm32f4xx_hal_rcc_ex.c ****     /* Check the parameters */
 896:stm/stm32f4xx/STM32F4xx_HAL_Driver/Src/stm32f4xx_hal_rcc_ex.c ****     assert_param(IS_RCC_SDIOCLKSOURCE(PeriphClkInit->SdioClockSelection));
 897:stm/stm32f4xx/STM32F4xx_HAL_Driver/Src/stm32f4xx_hal_rcc_ex.c **** 
 898:stm/stm32f4xx/STM32F4xx_HAL_Driver/Src/stm32f4xx_hal_rcc_ex.c ****     /* Configure the SDIO clock source */
 899:stm/stm32f4xx/STM32F4xx_HAL_Driver/Src/stm32f4xx_hal_rcc_ex.c ****     __HAL_RCC_SDIO_CONFIG(PeriphClkInit->SdioClockSelection);
 900:stm/stm32f4xx/STM32F4xx_HAL_Driver/Src/stm32f4xx_hal_rcc_ex.c ****   }
 901:stm/stm32f4xx/STM32F4xx_HAL_Driver/Src/stm32f4xx_hal_rcc_ex.c ****   /*--------------------------------------------------------------------------*/
 902:stm/stm32f4xx/STM32F4xx_HAL_Driver/Src/stm32f4xx_hal_rcc_ex.c **** 
 903:stm/stm32f4xx/STM32F4xx_HAL_Driver/Src/stm32f4xx_hal_rcc_ex.c ****   /*----------------------- SAI/I2S Configuration (PLLI2S) -------------------*/
 904:stm/stm32f4xx/STM32F4xx_HAL_Driver/Src/stm32f4xx_hal_rcc_ex.c ****   /*------------------- Common configuration SAI/I2S -------------------------*/
 905:stm/stm32f4xx/STM32F4xx_HAL_Driver/Src/stm32f4xx_hal_rcc_ex.c ****   /* In Case of SAI or I2S Clock Configuration through PLLI2S, PLLI2SN division
 906:stm/stm32f4xx/STM32F4xx_HAL_Driver/Src/stm32f4xx_hal_rcc_ex.c ****      factor is common parameters for both peripherals */
 907:stm/stm32f4xx/STM32F4xx_HAL_Driver/Src/stm32f4xx_hal_rcc_ex.c ****   if((((PeriphClkInit->PeriphClockSelection) & RCC_PERIPHCLK_I2S) == RCC_PERIPHCLK_I2S) ||
 908:stm/stm32f4xx/STM32F4xx_HAL_Driver/Src/stm32f4xx_hal_rcc_ex.c ****      (((PeriphClkInit->PeriphClockSelection) & RCC_PERIPHCLK_SAI_PLLI2S) == RCC_PERIPHCLK_SAI_PLLI2
 909:stm/stm32f4xx/STM32F4xx_HAL_Driver/Src/stm32f4xx_hal_rcc_ex.c ****      (((PeriphClkInit->PeriphClockSelection) & RCC_PERIPHCLK_PLLI2S) == RCC_PERIPHCLK_PLLI2S))
 910:stm/stm32f4xx/STM32F4xx_HAL_Driver/Src/stm32f4xx_hal_rcc_ex.c ****   {
 911:stm/stm32f4xx/STM32F4xx_HAL_Driver/Src/stm32f4xx_hal_rcc_ex.c ****     /* check for Parameters */
 912:stm/stm32f4xx/STM32F4xx_HAL_Driver/Src/stm32f4xx_hal_rcc_ex.c ****     assert_param(IS_RCC_PLLI2SN_VALUE(PeriphClkInit->PLLI2S.PLLI2SN));
 913:stm/stm32f4xx/STM32F4xx_HAL_Driver/Src/stm32f4xx_hal_rcc_ex.c **** 
 914:stm/stm32f4xx/STM32F4xx_HAL_Driver/Src/stm32f4xx_hal_rcc_ex.c ****     /* Disable the PLLI2S */
 915:stm/stm32f4xx/STM32F4xx_HAL_Driver/Src/stm32f4xx_hal_rcc_ex.c ****     __HAL_RCC_PLLI2S_DISABLE();
 916:stm/stm32f4xx/STM32F4xx_HAL_Driver/Src/stm32f4xx_hal_rcc_ex.c ****     /* Get tick */
 917:stm/stm32f4xx/STM32F4xx_HAL_Driver/Src/stm32f4xx_hal_rcc_ex.c ****     tickstart = HAL_GetTick();
 918:stm/stm32f4xx/STM32F4xx_HAL_Driver/Src/stm32f4xx_hal_rcc_ex.c ****     /* Wait till PLLI2S is disabled */
 919:stm/stm32f4xx/STM32F4xx_HAL_Driver/Src/stm32f4xx_hal_rcc_ex.c ****     while(__HAL_RCC_GET_FLAG(RCC_FLAG_PLLI2SRDY)  != RESET)
 920:stm/stm32f4xx/STM32F4xx_HAL_Driver/Src/stm32f4xx_hal_rcc_ex.c ****     {
 921:stm/stm32f4xx/STM32F4xx_HAL_Driver/Src/stm32f4xx_hal_rcc_ex.c ****       if((HAL_GetTick() - tickstart ) > PLLI2S_TIMEOUT_VALUE)
 922:stm/stm32f4xx/STM32F4xx_HAL_Driver/Src/stm32f4xx_hal_rcc_ex.c ****       {
 923:stm/stm32f4xx/STM32F4xx_HAL_Driver/Src/stm32f4xx_hal_rcc_ex.c ****         /* return in case of Timeout detected */
 924:stm/stm32f4xx/STM32F4xx_HAL_Driver/Src/stm32f4xx_hal_rcc_ex.c ****         return HAL_TIMEOUT;
 925:stm/stm32f4xx/STM32F4xx_HAL_Driver/Src/stm32f4xx_hal_rcc_ex.c ****       }
 926:stm/stm32f4xx/STM32F4xx_HAL_Driver/Src/stm32f4xx_hal_rcc_ex.c ****     }
 927:stm/stm32f4xx/STM32F4xx_HAL_Driver/Src/stm32f4xx_hal_rcc_ex.c **** 
 928:stm/stm32f4xx/STM32F4xx_HAL_Driver/Src/stm32f4xx_hal_rcc_ex.c ****     /*---------------------- I2S configuration -------------------------------*/
ARM GAS  /tmp/ccsRaXLF.s 			page 53


 929:stm/stm32f4xx/STM32F4xx_HAL_Driver/Src/stm32f4xx_hal_rcc_ex.c ****     /* In Case of I2S Clock Configuration through PLLI2S, PLLI2SR must be added
 930:stm/stm32f4xx/STM32F4xx_HAL_Driver/Src/stm32f4xx_hal_rcc_ex.c ****       only for I2S configuration */
 931:stm/stm32f4xx/STM32F4xx_HAL_Driver/Src/stm32f4xx_hal_rcc_ex.c ****     if(((PeriphClkInit->PeriphClockSelection) & RCC_PERIPHCLK_I2S) == (RCC_PERIPHCLK_I2S))
 932:stm/stm32f4xx/STM32F4xx_HAL_Driver/Src/stm32f4xx_hal_rcc_ex.c ****     {
 933:stm/stm32f4xx/STM32F4xx_HAL_Driver/Src/stm32f4xx_hal_rcc_ex.c ****       /* check for Parameters */
 934:stm/stm32f4xx/STM32F4xx_HAL_Driver/Src/stm32f4xx_hal_rcc_ex.c ****       assert_param(IS_RCC_PLLI2SR_VALUE(PeriphClkInit->PLLI2S.PLLI2SR));
 935:stm/stm32f4xx/STM32F4xx_HAL_Driver/Src/stm32f4xx_hal_rcc_ex.c ****       /* Configure the PLLI2S division factors */
 936:stm/stm32f4xx/STM32F4xx_HAL_Driver/Src/stm32f4xx_hal_rcc_ex.c ****       /* PLLI2S_VCO = f(VCO clock) = f(PLLI2S clock input) x (PLLI2SN/PLLM) */
 937:stm/stm32f4xx/STM32F4xx_HAL_Driver/Src/stm32f4xx_hal_rcc_ex.c ****       /* I2SCLK = f(PLLI2S clock output) = f(VCO clock) / PLLI2SR */
 938:stm/stm32f4xx/STM32F4xx_HAL_Driver/Src/stm32f4xx_hal_rcc_ex.c ****       __HAL_RCC_PLLI2S_CONFIG(PeriphClkInit->PLLI2S.PLLI2SN , PeriphClkInit->PLLI2S.PLLI2SR);
 939:stm/stm32f4xx/STM32F4xx_HAL_Driver/Src/stm32f4xx_hal_rcc_ex.c ****     }
 940:stm/stm32f4xx/STM32F4xx_HAL_Driver/Src/stm32f4xx_hal_rcc_ex.c **** 
 941:stm/stm32f4xx/STM32F4xx_HAL_Driver/Src/stm32f4xx_hal_rcc_ex.c ****     /*---------------------------- SAI configuration -------------------------*/
 942:stm/stm32f4xx/STM32F4xx_HAL_Driver/Src/stm32f4xx_hal_rcc_ex.c ****     /* In Case of SAI Clock Configuration through PLLI2S, PLLI2SQ and PLLI2S_DIVQ must
 943:stm/stm32f4xx/STM32F4xx_HAL_Driver/Src/stm32f4xx_hal_rcc_ex.c ****        be added only for SAI configuration */
 944:stm/stm32f4xx/STM32F4xx_HAL_Driver/Src/stm32f4xx_hal_rcc_ex.c ****     if(((PeriphClkInit->PeriphClockSelection) & RCC_PERIPHCLK_SAI_PLLI2S) == (RCC_PERIPHCLK_SAI_PLL
 945:stm/stm32f4xx/STM32F4xx_HAL_Driver/Src/stm32f4xx_hal_rcc_ex.c ****     {
 946:stm/stm32f4xx/STM32F4xx_HAL_Driver/Src/stm32f4xx_hal_rcc_ex.c ****       /* Check the PLLI2S division factors */
 947:stm/stm32f4xx/STM32F4xx_HAL_Driver/Src/stm32f4xx_hal_rcc_ex.c ****       assert_param(IS_RCC_PLLI2SQ_VALUE(PeriphClkInit->PLLI2S.PLLI2SQ));
 948:stm/stm32f4xx/STM32F4xx_HAL_Driver/Src/stm32f4xx_hal_rcc_ex.c ****       assert_param(IS_RCC_PLLI2S_DIVQ_VALUE(PeriphClkInit->PLLI2SDivQ));
 949:stm/stm32f4xx/STM32F4xx_HAL_Driver/Src/stm32f4xx_hal_rcc_ex.c **** 
 950:stm/stm32f4xx/STM32F4xx_HAL_Driver/Src/stm32f4xx_hal_rcc_ex.c ****       /* Read PLLI2SR value from PLLI2SCFGR register (this value is not need for SAI configuration)
 951:stm/stm32f4xx/STM32F4xx_HAL_Driver/Src/stm32f4xx_hal_rcc_ex.c ****       tmpreg1 = ((RCC->PLLI2SCFGR & RCC_PLLI2SCFGR_PLLI2SR) >> RCC_PLLI2SCFGR_PLLI2SR_Pos);
 952:stm/stm32f4xx/STM32F4xx_HAL_Driver/Src/stm32f4xx_hal_rcc_ex.c ****       /* Configure the PLLI2S division factors */
 953:stm/stm32f4xx/STM32F4xx_HAL_Driver/Src/stm32f4xx_hal_rcc_ex.c ****       /* PLLI2S_VCO Input  = PLL_SOURCE/PLLM */
 954:stm/stm32f4xx/STM32F4xx_HAL_Driver/Src/stm32f4xx_hal_rcc_ex.c ****       /* PLLI2S_VCO Output = PLLI2S_VCO Input * PLLI2SN */
 955:stm/stm32f4xx/STM32F4xx_HAL_Driver/Src/stm32f4xx_hal_rcc_ex.c ****       /* SAI_CLK(first level) = PLLI2S_VCO Output/PLLI2SQ */
 956:stm/stm32f4xx/STM32F4xx_HAL_Driver/Src/stm32f4xx_hal_rcc_ex.c ****       __HAL_RCC_PLLI2S_SAICLK_CONFIG(PeriphClkInit->PLLI2S.PLLI2SN , PeriphClkInit->PLLI2S.PLLI2SQ 
 957:stm/stm32f4xx/STM32F4xx_HAL_Driver/Src/stm32f4xx_hal_rcc_ex.c ****       /* SAI_CLK_x = SAI_CLK(first level)/PLLI2SDIVQ */
 958:stm/stm32f4xx/STM32F4xx_HAL_Driver/Src/stm32f4xx_hal_rcc_ex.c ****       __HAL_RCC_PLLI2S_PLLSAICLKDIVQ_CONFIG(PeriphClkInit->PLLI2SDivQ);
 959:stm/stm32f4xx/STM32F4xx_HAL_Driver/Src/stm32f4xx_hal_rcc_ex.c ****     }
 960:stm/stm32f4xx/STM32F4xx_HAL_Driver/Src/stm32f4xx_hal_rcc_ex.c **** 
 961:stm/stm32f4xx/STM32F4xx_HAL_Driver/Src/stm32f4xx_hal_rcc_ex.c ****     /*----------------- In Case of PLLI2S is just selected  -----------------*/
 962:stm/stm32f4xx/STM32F4xx_HAL_Driver/Src/stm32f4xx_hal_rcc_ex.c ****     if((PeriphClkInit->PeriphClockSelection & RCC_PERIPHCLK_PLLI2S) == RCC_PERIPHCLK_PLLI2S)
 963:stm/stm32f4xx/STM32F4xx_HAL_Driver/Src/stm32f4xx_hal_rcc_ex.c ****     {
 964:stm/stm32f4xx/STM32F4xx_HAL_Driver/Src/stm32f4xx_hal_rcc_ex.c ****       /* Check for Parameters */
 965:stm/stm32f4xx/STM32F4xx_HAL_Driver/Src/stm32f4xx_hal_rcc_ex.c ****       assert_param(IS_RCC_PLLI2SQ_VALUE(PeriphClkInit->PLLI2S.PLLI2SQ));
 966:stm/stm32f4xx/STM32F4xx_HAL_Driver/Src/stm32f4xx_hal_rcc_ex.c ****       assert_param(IS_RCC_PLLI2SR_VALUE(PeriphClkInit->PLLI2S.PLLI2SR));
 967:stm/stm32f4xx/STM32F4xx_HAL_Driver/Src/stm32f4xx_hal_rcc_ex.c **** 
 968:stm/stm32f4xx/STM32F4xx_HAL_Driver/Src/stm32f4xx_hal_rcc_ex.c ****       /* Configure the PLLI2S multiplication and division factors */
 969:stm/stm32f4xx/STM32F4xx_HAL_Driver/Src/stm32f4xx_hal_rcc_ex.c ****       __HAL_RCC_PLLI2S_SAICLK_CONFIG(PeriphClkInit->PLLI2S.PLLI2SN, PeriphClkInit->PLLI2S.PLLI2SQ, 
 970:stm/stm32f4xx/STM32F4xx_HAL_Driver/Src/stm32f4xx_hal_rcc_ex.c ****     }
 971:stm/stm32f4xx/STM32F4xx_HAL_Driver/Src/stm32f4xx_hal_rcc_ex.c **** 
 972:stm/stm32f4xx/STM32F4xx_HAL_Driver/Src/stm32f4xx_hal_rcc_ex.c ****     /* Enable the PLLI2S */
 973:stm/stm32f4xx/STM32F4xx_HAL_Driver/Src/stm32f4xx_hal_rcc_ex.c ****     __HAL_RCC_PLLI2S_ENABLE();
 974:stm/stm32f4xx/STM32F4xx_HAL_Driver/Src/stm32f4xx_hal_rcc_ex.c ****     /* Get tick */
 975:stm/stm32f4xx/STM32F4xx_HAL_Driver/Src/stm32f4xx_hal_rcc_ex.c ****     tickstart = HAL_GetTick();
 976:stm/stm32f4xx/STM32F4xx_HAL_Driver/Src/stm32f4xx_hal_rcc_ex.c ****     /* Wait till PLLI2S is ready */
 977:stm/stm32f4xx/STM32F4xx_HAL_Driver/Src/stm32f4xx_hal_rcc_ex.c ****     while(__HAL_RCC_GET_FLAG(RCC_FLAG_PLLI2SRDY)  == RESET)
 978:stm/stm32f4xx/STM32F4xx_HAL_Driver/Src/stm32f4xx_hal_rcc_ex.c ****     {
 979:stm/stm32f4xx/STM32F4xx_HAL_Driver/Src/stm32f4xx_hal_rcc_ex.c ****       if((HAL_GetTick() - tickstart ) > PLLI2S_TIMEOUT_VALUE)
 980:stm/stm32f4xx/STM32F4xx_HAL_Driver/Src/stm32f4xx_hal_rcc_ex.c ****       {
 981:stm/stm32f4xx/STM32F4xx_HAL_Driver/Src/stm32f4xx_hal_rcc_ex.c ****         /* return in case of Timeout detected */
 982:stm/stm32f4xx/STM32F4xx_HAL_Driver/Src/stm32f4xx_hal_rcc_ex.c ****         return HAL_TIMEOUT;
 983:stm/stm32f4xx/STM32F4xx_HAL_Driver/Src/stm32f4xx_hal_rcc_ex.c ****       }
 984:stm/stm32f4xx/STM32F4xx_HAL_Driver/Src/stm32f4xx_hal_rcc_ex.c ****     }
 985:stm/stm32f4xx/STM32F4xx_HAL_Driver/Src/stm32f4xx_hal_rcc_ex.c ****   }
ARM GAS  /tmp/ccsRaXLF.s 			page 54


 986:stm/stm32f4xx/STM32F4xx_HAL_Driver/Src/stm32f4xx_hal_rcc_ex.c ****   /*--------------------------------------------------------------------------*/
 987:stm/stm32f4xx/STM32F4xx_HAL_Driver/Src/stm32f4xx_hal_rcc_ex.c **** 
 988:stm/stm32f4xx/STM32F4xx_HAL_Driver/Src/stm32f4xx_hal_rcc_ex.c ****   /*----------------------- SAI/LTDC Configuration (PLLSAI) ------------------*/
 989:stm/stm32f4xx/STM32F4xx_HAL_Driver/Src/stm32f4xx_hal_rcc_ex.c ****   /*----------------------- Common configuration SAI/LTDC --------------------*/
 990:stm/stm32f4xx/STM32F4xx_HAL_Driver/Src/stm32f4xx_hal_rcc_ex.c ****   /* In Case of SAI, LTDC or CLK48 Clock Configuration through PLLSAI, PLLSAIN division
 991:stm/stm32f4xx/STM32F4xx_HAL_Driver/Src/stm32f4xx_hal_rcc_ex.c ****      factor is common parameters for these peripherals */
 992:stm/stm32f4xx/STM32F4xx_HAL_Driver/Src/stm32f4xx_hal_rcc_ex.c ****   if((((PeriphClkInit->PeriphClockSelection) & RCC_PERIPHCLK_SAI_PLLSAI) == RCC_PERIPHCLK_SAI_PLLSA
 993:stm/stm32f4xx/STM32F4xx_HAL_Driver/Src/stm32f4xx_hal_rcc_ex.c ****      (((PeriphClkInit->PeriphClockSelection) & RCC_PERIPHCLK_LTDC) == RCC_PERIPHCLK_LTDC)          
 994:stm/stm32f4xx/STM32F4xx_HAL_Driver/Src/stm32f4xx_hal_rcc_ex.c ****      ((((PeriphClkInit->PeriphClockSelection) & RCC_PERIPHCLK_CLK48) == RCC_PERIPHCLK_CLK48)       
 995:stm/stm32f4xx/STM32F4xx_HAL_Driver/Src/stm32f4xx_hal_rcc_ex.c ****       (PeriphClkInit->Clk48ClockSelection == RCC_CLK48CLKSOURCE_PLLSAIP)))
 996:stm/stm32f4xx/STM32F4xx_HAL_Driver/Src/stm32f4xx_hal_rcc_ex.c ****   {
 997:stm/stm32f4xx/STM32F4xx_HAL_Driver/Src/stm32f4xx_hal_rcc_ex.c ****     /* Check the PLLSAI division factors */
 998:stm/stm32f4xx/STM32F4xx_HAL_Driver/Src/stm32f4xx_hal_rcc_ex.c ****     assert_param(IS_RCC_PLLSAIN_VALUE(PeriphClkInit->PLLSAI.PLLSAIN));
 999:stm/stm32f4xx/STM32F4xx_HAL_Driver/Src/stm32f4xx_hal_rcc_ex.c **** 
1000:stm/stm32f4xx/STM32F4xx_HAL_Driver/Src/stm32f4xx_hal_rcc_ex.c ****     /* Disable PLLSAI Clock */
1001:stm/stm32f4xx/STM32F4xx_HAL_Driver/Src/stm32f4xx_hal_rcc_ex.c ****     __HAL_RCC_PLLSAI_DISABLE();
1002:stm/stm32f4xx/STM32F4xx_HAL_Driver/Src/stm32f4xx_hal_rcc_ex.c ****     /* Get tick */
1003:stm/stm32f4xx/STM32F4xx_HAL_Driver/Src/stm32f4xx_hal_rcc_ex.c ****     tickstart = HAL_GetTick();
1004:stm/stm32f4xx/STM32F4xx_HAL_Driver/Src/stm32f4xx_hal_rcc_ex.c ****     /* Wait till PLLSAI is disabled */
1005:stm/stm32f4xx/STM32F4xx_HAL_Driver/Src/stm32f4xx_hal_rcc_ex.c ****     while(__HAL_RCC_PLLSAI_GET_FLAG() != RESET)
1006:stm/stm32f4xx/STM32F4xx_HAL_Driver/Src/stm32f4xx_hal_rcc_ex.c ****     {
1007:stm/stm32f4xx/STM32F4xx_HAL_Driver/Src/stm32f4xx_hal_rcc_ex.c ****       if((HAL_GetTick() - tickstart ) > PLLSAI_TIMEOUT_VALUE)
1008:stm/stm32f4xx/STM32F4xx_HAL_Driver/Src/stm32f4xx_hal_rcc_ex.c ****       {
1009:stm/stm32f4xx/STM32F4xx_HAL_Driver/Src/stm32f4xx_hal_rcc_ex.c ****         /* return in case of Timeout detected */
1010:stm/stm32f4xx/STM32F4xx_HAL_Driver/Src/stm32f4xx_hal_rcc_ex.c ****         return HAL_TIMEOUT;
1011:stm/stm32f4xx/STM32F4xx_HAL_Driver/Src/stm32f4xx_hal_rcc_ex.c ****       }
1012:stm/stm32f4xx/STM32F4xx_HAL_Driver/Src/stm32f4xx_hal_rcc_ex.c ****     }
1013:stm/stm32f4xx/STM32F4xx_HAL_Driver/Src/stm32f4xx_hal_rcc_ex.c **** 
1014:stm/stm32f4xx/STM32F4xx_HAL_Driver/Src/stm32f4xx_hal_rcc_ex.c ****     /*---------------------------- SAI configuration -------------------------*/
1015:stm/stm32f4xx/STM32F4xx_HAL_Driver/Src/stm32f4xx_hal_rcc_ex.c ****     /* In Case of SAI Clock Configuration through PLLSAI, PLLSAIQ and PLLSAI_DIVQ must
1016:stm/stm32f4xx/STM32F4xx_HAL_Driver/Src/stm32f4xx_hal_rcc_ex.c ****        be added only for SAI configuration */
1017:stm/stm32f4xx/STM32F4xx_HAL_Driver/Src/stm32f4xx_hal_rcc_ex.c ****     if(((PeriphClkInit->PeriphClockSelection) & RCC_PERIPHCLK_SAI_PLLSAI) == (RCC_PERIPHCLK_SAI_PLL
1018:stm/stm32f4xx/STM32F4xx_HAL_Driver/Src/stm32f4xx_hal_rcc_ex.c ****     {
1019:stm/stm32f4xx/STM32F4xx_HAL_Driver/Src/stm32f4xx_hal_rcc_ex.c ****       assert_param(IS_RCC_PLLSAIQ_VALUE(PeriphClkInit->PLLSAI.PLLSAIQ));
1020:stm/stm32f4xx/STM32F4xx_HAL_Driver/Src/stm32f4xx_hal_rcc_ex.c ****       assert_param(IS_RCC_PLLSAI_DIVQ_VALUE(PeriphClkInit->PLLSAIDivQ));
1021:stm/stm32f4xx/STM32F4xx_HAL_Driver/Src/stm32f4xx_hal_rcc_ex.c **** 
1022:stm/stm32f4xx/STM32F4xx_HAL_Driver/Src/stm32f4xx_hal_rcc_ex.c ****       /* Read PLLSAIP value from PLLSAICFGR register (this value is not needed for SAI configuratio
1023:stm/stm32f4xx/STM32F4xx_HAL_Driver/Src/stm32f4xx_hal_rcc_ex.c ****       pllsaip = ((((RCC->PLLSAICFGR & RCC_PLLSAICFGR_PLLSAIP) >> RCC_PLLSAICFGR_PLLSAIP_Pos) + 1U) 
1024:stm/stm32f4xx/STM32F4xx_HAL_Driver/Src/stm32f4xx_hal_rcc_ex.c ****       /* Read PLLSAIR value from PLLSAICFGR register (this value is not need for SAI configuration)
1025:stm/stm32f4xx/STM32F4xx_HAL_Driver/Src/stm32f4xx_hal_rcc_ex.c ****       pllsair = ((RCC->PLLSAICFGR & RCC_PLLSAICFGR_PLLSAIR) >> RCC_PLLSAICFGR_PLLSAIR_Pos);
1026:stm/stm32f4xx/STM32F4xx_HAL_Driver/Src/stm32f4xx_hal_rcc_ex.c ****       /* PLLSAI_VCO Input  = PLL_SOURCE/PLLM */
1027:stm/stm32f4xx/STM32F4xx_HAL_Driver/Src/stm32f4xx_hal_rcc_ex.c ****       /* PLLSAI_VCO Output = PLLSAI_VCO Input * PLLSAIN */
1028:stm/stm32f4xx/STM32F4xx_HAL_Driver/Src/stm32f4xx_hal_rcc_ex.c ****       /* SAI_CLK(first level) = PLLSAI_VCO Output/PLLSAIQ */
1029:stm/stm32f4xx/STM32F4xx_HAL_Driver/Src/stm32f4xx_hal_rcc_ex.c ****       __HAL_RCC_PLLSAI_CONFIG(PeriphClkInit->PLLSAI.PLLSAIN, pllsaip, PeriphClkInit->PLLSAI.PLLSAIQ
1030:stm/stm32f4xx/STM32F4xx_HAL_Driver/Src/stm32f4xx_hal_rcc_ex.c ****       /* SAI_CLK_x = SAI_CLK(first level)/PLLSAIDIVQ */
1031:stm/stm32f4xx/STM32F4xx_HAL_Driver/Src/stm32f4xx_hal_rcc_ex.c ****       __HAL_RCC_PLLSAI_PLLSAICLKDIVQ_CONFIG(PeriphClkInit->PLLSAIDivQ);
1032:stm/stm32f4xx/STM32F4xx_HAL_Driver/Src/stm32f4xx_hal_rcc_ex.c ****     }
1033:stm/stm32f4xx/STM32F4xx_HAL_Driver/Src/stm32f4xx_hal_rcc_ex.c **** 
1034:stm/stm32f4xx/STM32F4xx_HAL_Driver/Src/stm32f4xx_hal_rcc_ex.c ****     /*---------------------------- LTDC configuration ------------------------*/
1035:stm/stm32f4xx/STM32F4xx_HAL_Driver/Src/stm32f4xx_hal_rcc_ex.c ****     if(((PeriphClkInit->PeriphClockSelection) & RCC_PERIPHCLK_LTDC) == (RCC_PERIPHCLK_LTDC))
1036:stm/stm32f4xx/STM32F4xx_HAL_Driver/Src/stm32f4xx_hal_rcc_ex.c ****     {
1037:stm/stm32f4xx/STM32F4xx_HAL_Driver/Src/stm32f4xx_hal_rcc_ex.c ****       assert_param(IS_RCC_PLLSAIR_VALUE(PeriphClkInit->PLLSAI.PLLSAIR));
1038:stm/stm32f4xx/STM32F4xx_HAL_Driver/Src/stm32f4xx_hal_rcc_ex.c ****       assert_param(IS_RCC_PLLSAI_DIVR_VALUE(PeriphClkInit->PLLSAIDivR));
1039:stm/stm32f4xx/STM32F4xx_HAL_Driver/Src/stm32f4xx_hal_rcc_ex.c **** 
1040:stm/stm32f4xx/STM32F4xx_HAL_Driver/Src/stm32f4xx_hal_rcc_ex.c ****       /* Read PLLSAIP value from PLLSAICFGR register (this value is not needed for SAI configuratio
1041:stm/stm32f4xx/STM32F4xx_HAL_Driver/Src/stm32f4xx_hal_rcc_ex.c ****       pllsaip = ((((RCC->PLLSAICFGR & RCC_PLLSAICFGR_PLLSAIP) >> RCC_PLLSAICFGR_PLLSAIP_Pos) + 1U) 
1042:stm/stm32f4xx/STM32F4xx_HAL_Driver/Src/stm32f4xx_hal_rcc_ex.c ****       /* Read PLLSAIQ value from PLLSAICFGR register (this value is not need for SAI configuration)
ARM GAS  /tmp/ccsRaXLF.s 			page 55


1043:stm/stm32f4xx/STM32F4xx_HAL_Driver/Src/stm32f4xx_hal_rcc_ex.c ****       pllsaiq = ((RCC->PLLSAICFGR & RCC_PLLSAICFGR_PLLSAIQ) >> RCC_PLLSAICFGR_PLLSAIQ_Pos);
1044:stm/stm32f4xx/STM32F4xx_HAL_Driver/Src/stm32f4xx_hal_rcc_ex.c ****       /* PLLSAI_VCO Input  = PLL_SOURCE/PLLM */
1045:stm/stm32f4xx/STM32F4xx_HAL_Driver/Src/stm32f4xx_hal_rcc_ex.c ****       /* PLLSAI_VCO Output = PLLSAI_VCO Input * PLLSAIN */
1046:stm/stm32f4xx/STM32F4xx_HAL_Driver/Src/stm32f4xx_hal_rcc_ex.c ****       /* LTDC_CLK(first level) = PLLSAI_VCO Output/PLLSAIR */
1047:stm/stm32f4xx/STM32F4xx_HAL_Driver/Src/stm32f4xx_hal_rcc_ex.c ****       __HAL_RCC_PLLSAI_CONFIG(PeriphClkInit->PLLSAI.PLLSAIN, pllsaip, pllsaiq, PeriphClkInit->PLLSA
1048:stm/stm32f4xx/STM32F4xx_HAL_Driver/Src/stm32f4xx_hal_rcc_ex.c ****       /* LTDC_CLK = LTDC_CLK(first level)/PLLSAIDIVR */
1049:stm/stm32f4xx/STM32F4xx_HAL_Driver/Src/stm32f4xx_hal_rcc_ex.c ****       __HAL_RCC_PLLSAI_PLLSAICLKDIVR_CONFIG(PeriphClkInit->PLLSAIDivR);
1050:stm/stm32f4xx/STM32F4xx_HAL_Driver/Src/stm32f4xx_hal_rcc_ex.c ****     }
1051:stm/stm32f4xx/STM32F4xx_HAL_Driver/Src/stm32f4xx_hal_rcc_ex.c **** 
1052:stm/stm32f4xx/STM32F4xx_HAL_Driver/Src/stm32f4xx_hal_rcc_ex.c ****     /*---------------------------- CLK48 configuration ------------------------*/
1053:stm/stm32f4xx/STM32F4xx_HAL_Driver/Src/stm32f4xx_hal_rcc_ex.c ****     /* Configure the PLLSAI when it is used as clock source for CLK48 */
1054:stm/stm32f4xx/STM32F4xx_HAL_Driver/Src/stm32f4xx_hal_rcc_ex.c ****     if((((PeriphClkInit->PeriphClockSelection) & RCC_PERIPHCLK_CLK48) == (RCC_PERIPHCLK_CLK48)) &&
1055:stm/stm32f4xx/STM32F4xx_HAL_Driver/Src/stm32f4xx_hal_rcc_ex.c ****        (PeriphClkInit->Clk48ClockSelection == RCC_CLK48CLKSOURCE_PLLSAIP))
1056:stm/stm32f4xx/STM32F4xx_HAL_Driver/Src/stm32f4xx_hal_rcc_ex.c ****     {
1057:stm/stm32f4xx/STM32F4xx_HAL_Driver/Src/stm32f4xx_hal_rcc_ex.c ****       assert_param(IS_RCC_PLLSAIP_VALUE(PeriphClkInit->PLLSAI.PLLSAIP));
1058:stm/stm32f4xx/STM32F4xx_HAL_Driver/Src/stm32f4xx_hal_rcc_ex.c **** 
1059:stm/stm32f4xx/STM32F4xx_HAL_Driver/Src/stm32f4xx_hal_rcc_ex.c ****       /* Read PLLSAIQ value from PLLSAICFGR register (this value is not need for SAI configuration)
1060:stm/stm32f4xx/STM32F4xx_HAL_Driver/Src/stm32f4xx_hal_rcc_ex.c ****       pllsaiq = ((RCC->PLLSAICFGR & RCC_PLLSAICFGR_PLLSAIQ) >> RCC_PLLSAICFGR_PLLSAIQ_Pos);
1061:stm/stm32f4xx/STM32F4xx_HAL_Driver/Src/stm32f4xx_hal_rcc_ex.c ****       /* Read PLLSAIR value from PLLSAICFGR register (this value is not need for SAI configuration)
1062:stm/stm32f4xx/STM32F4xx_HAL_Driver/Src/stm32f4xx_hal_rcc_ex.c ****       pllsair = ((RCC->PLLSAICFGR & RCC_PLLSAICFGR_PLLSAIR) >> RCC_PLLSAICFGR_PLLSAIR_Pos);
1063:stm/stm32f4xx/STM32F4xx_HAL_Driver/Src/stm32f4xx_hal_rcc_ex.c ****       /* PLLSAI_VCO Input  = PLL_SOURCE/PLLM */
1064:stm/stm32f4xx/STM32F4xx_HAL_Driver/Src/stm32f4xx_hal_rcc_ex.c ****       /* PLLSAI_VCO Output = PLLSAI_VCO Input * PLLSAIN */
1065:stm/stm32f4xx/STM32F4xx_HAL_Driver/Src/stm32f4xx_hal_rcc_ex.c ****       /* CLK48_CLK(first level) = PLLSAI_VCO Output/PLLSAIP */
1066:stm/stm32f4xx/STM32F4xx_HAL_Driver/Src/stm32f4xx_hal_rcc_ex.c ****       __HAL_RCC_PLLSAI_CONFIG(PeriphClkInit->PLLSAI.PLLSAIN, PeriphClkInit->PLLSAI.PLLSAIP, pllsaiq
1067:stm/stm32f4xx/STM32F4xx_HAL_Driver/Src/stm32f4xx_hal_rcc_ex.c ****     }
1068:stm/stm32f4xx/STM32F4xx_HAL_Driver/Src/stm32f4xx_hal_rcc_ex.c **** 
1069:stm/stm32f4xx/STM32F4xx_HAL_Driver/Src/stm32f4xx_hal_rcc_ex.c ****     /* Enable PLLSAI Clock */
1070:stm/stm32f4xx/STM32F4xx_HAL_Driver/Src/stm32f4xx_hal_rcc_ex.c ****     __HAL_RCC_PLLSAI_ENABLE();
1071:stm/stm32f4xx/STM32F4xx_HAL_Driver/Src/stm32f4xx_hal_rcc_ex.c ****     /* Get tick */
1072:stm/stm32f4xx/STM32F4xx_HAL_Driver/Src/stm32f4xx_hal_rcc_ex.c ****     tickstart = HAL_GetTick();
1073:stm/stm32f4xx/STM32F4xx_HAL_Driver/Src/stm32f4xx_hal_rcc_ex.c ****     /* Wait till PLLSAI is ready */
1074:stm/stm32f4xx/STM32F4xx_HAL_Driver/Src/stm32f4xx_hal_rcc_ex.c ****     while(__HAL_RCC_PLLSAI_GET_FLAG() == RESET)
1075:stm/stm32f4xx/STM32F4xx_HAL_Driver/Src/stm32f4xx_hal_rcc_ex.c ****     {
1076:stm/stm32f4xx/STM32F4xx_HAL_Driver/Src/stm32f4xx_hal_rcc_ex.c ****       if((HAL_GetTick() - tickstart ) > PLLSAI_TIMEOUT_VALUE)
1077:stm/stm32f4xx/STM32F4xx_HAL_Driver/Src/stm32f4xx_hal_rcc_ex.c ****       {
1078:stm/stm32f4xx/STM32F4xx_HAL_Driver/Src/stm32f4xx_hal_rcc_ex.c ****         /* return in case of Timeout detected */
1079:stm/stm32f4xx/STM32F4xx_HAL_Driver/Src/stm32f4xx_hal_rcc_ex.c ****         return HAL_TIMEOUT;
1080:stm/stm32f4xx/STM32F4xx_HAL_Driver/Src/stm32f4xx_hal_rcc_ex.c ****       }
1081:stm/stm32f4xx/STM32F4xx_HAL_Driver/Src/stm32f4xx_hal_rcc_ex.c ****     }
1082:stm/stm32f4xx/STM32F4xx_HAL_Driver/Src/stm32f4xx_hal_rcc_ex.c ****   }
1083:stm/stm32f4xx/STM32F4xx_HAL_Driver/Src/stm32f4xx_hal_rcc_ex.c **** 
1084:stm/stm32f4xx/STM32F4xx_HAL_Driver/Src/stm32f4xx_hal_rcc_ex.c ****   /*--------------------------------------------------------------------------*/
1085:stm/stm32f4xx/STM32F4xx_HAL_Driver/Src/stm32f4xx_hal_rcc_ex.c **** 
1086:stm/stm32f4xx/STM32F4xx_HAL_Driver/Src/stm32f4xx_hal_rcc_ex.c ****   /*---------------------------- RTC configuration ---------------------------*/
1087:stm/stm32f4xx/STM32F4xx_HAL_Driver/Src/stm32f4xx_hal_rcc_ex.c ****   if(((PeriphClkInit->PeriphClockSelection) & RCC_PERIPHCLK_RTC) == (RCC_PERIPHCLK_RTC))
1088:stm/stm32f4xx/STM32F4xx_HAL_Driver/Src/stm32f4xx_hal_rcc_ex.c ****   {
1089:stm/stm32f4xx/STM32F4xx_HAL_Driver/Src/stm32f4xx_hal_rcc_ex.c ****     /* Check for RTC Parameters used to output RTCCLK */
1090:stm/stm32f4xx/STM32F4xx_HAL_Driver/Src/stm32f4xx_hal_rcc_ex.c ****     assert_param(IS_RCC_RTCCLKSOURCE(PeriphClkInit->RTCClockSelection));
1091:stm/stm32f4xx/STM32F4xx_HAL_Driver/Src/stm32f4xx_hal_rcc_ex.c **** 
1092:stm/stm32f4xx/STM32F4xx_HAL_Driver/Src/stm32f4xx_hal_rcc_ex.c ****     /* Enable Power Clock*/
1093:stm/stm32f4xx/STM32F4xx_HAL_Driver/Src/stm32f4xx_hal_rcc_ex.c ****     __HAL_RCC_PWR_CLK_ENABLE();
1094:stm/stm32f4xx/STM32F4xx_HAL_Driver/Src/stm32f4xx_hal_rcc_ex.c **** 
1095:stm/stm32f4xx/STM32F4xx_HAL_Driver/Src/stm32f4xx_hal_rcc_ex.c ****     /* Enable write access to Backup domain */
1096:stm/stm32f4xx/STM32F4xx_HAL_Driver/Src/stm32f4xx_hal_rcc_ex.c ****     PWR->CR |= PWR_CR_DBP;
1097:stm/stm32f4xx/STM32F4xx_HAL_Driver/Src/stm32f4xx_hal_rcc_ex.c **** 
1098:stm/stm32f4xx/STM32F4xx_HAL_Driver/Src/stm32f4xx_hal_rcc_ex.c ****     /* Get tick */
1099:stm/stm32f4xx/STM32F4xx_HAL_Driver/Src/stm32f4xx_hal_rcc_ex.c ****     tickstart = HAL_GetTick();
ARM GAS  /tmp/ccsRaXLF.s 			page 56


1100:stm/stm32f4xx/STM32F4xx_HAL_Driver/Src/stm32f4xx_hal_rcc_ex.c **** 
1101:stm/stm32f4xx/STM32F4xx_HAL_Driver/Src/stm32f4xx_hal_rcc_ex.c ****     while((PWR->CR & PWR_CR_DBP) == RESET)
1102:stm/stm32f4xx/STM32F4xx_HAL_Driver/Src/stm32f4xx_hal_rcc_ex.c ****     {
1103:stm/stm32f4xx/STM32F4xx_HAL_Driver/Src/stm32f4xx_hal_rcc_ex.c ****       if((HAL_GetTick() - tickstart ) > RCC_DBP_TIMEOUT_VALUE)
1104:stm/stm32f4xx/STM32F4xx_HAL_Driver/Src/stm32f4xx_hal_rcc_ex.c ****       {
1105:stm/stm32f4xx/STM32F4xx_HAL_Driver/Src/stm32f4xx_hal_rcc_ex.c ****         return HAL_TIMEOUT;
1106:stm/stm32f4xx/STM32F4xx_HAL_Driver/Src/stm32f4xx_hal_rcc_ex.c ****       }
1107:stm/stm32f4xx/STM32F4xx_HAL_Driver/Src/stm32f4xx_hal_rcc_ex.c ****     }
1108:stm/stm32f4xx/STM32F4xx_HAL_Driver/Src/stm32f4xx_hal_rcc_ex.c ****     /* Reset the Backup domain only if the RTC Clock source selection is modified from reset value 
1109:stm/stm32f4xx/STM32F4xx_HAL_Driver/Src/stm32f4xx_hal_rcc_ex.c ****     tmpreg1 = (RCC->BDCR & RCC_BDCR_RTCSEL);
1110:stm/stm32f4xx/STM32F4xx_HAL_Driver/Src/stm32f4xx_hal_rcc_ex.c ****     if((tmpreg1 != 0x00000000U) && ((tmpreg1) != (PeriphClkInit->RTCClockSelection & RCC_BDCR_RTCSE
1111:stm/stm32f4xx/STM32F4xx_HAL_Driver/Src/stm32f4xx_hal_rcc_ex.c ****     {
1112:stm/stm32f4xx/STM32F4xx_HAL_Driver/Src/stm32f4xx_hal_rcc_ex.c ****       /* Store the content of BDCR register before the reset of Backup Domain */
1113:stm/stm32f4xx/STM32F4xx_HAL_Driver/Src/stm32f4xx_hal_rcc_ex.c ****       tmpreg1 = (RCC->BDCR & ~(RCC_BDCR_RTCSEL));
1114:stm/stm32f4xx/STM32F4xx_HAL_Driver/Src/stm32f4xx_hal_rcc_ex.c ****       /* RTC Clock selection can be changed only if the Backup Domain is reset */
1115:stm/stm32f4xx/STM32F4xx_HAL_Driver/Src/stm32f4xx_hal_rcc_ex.c ****       __HAL_RCC_BACKUPRESET_FORCE();
1116:stm/stm32f4xx/STM32F4xx_HAL_Driver/Src/stm32f4xx_hal_rcc_ex.c ****       __HAL_RCC_BACKUPRESET_RELEASE();
1117:stm/stm32f4xx/STM32F4xx_HAL_Driver/Src/stm32f4xx_hal_rcc_ex.c ****       /* Restore the Content of BDCR register */
1118:stm/stm32f4xx/STM32F4xx_HAL_Driver/Src/stm32f4xx_hal_rcc_ex.c ****       RCC->BDCR = tmpreg1;
1119:stm/stm32f4xx/STM32F4xx_HAL_Driver/Src/stm32f4xx_hal_rcc_ex.c **** 
1120:stm/stm32f4xx/STM32F4xx_HAL_Driver/Src/stm32f4xx_hal_rcc_ex.c ****       /* Wait for LSE reactivation if LSE was enable prior to Backup Domain reset */
1121:stm/stm32f4xx/STM32F4xx_HAL_Driver/Src/stm32f4xx_hal_rcc_ex.c ****       if(HAL_IS_BIT_SET(RCC->BDCR, RCC_BDCR_LSEON))
1122:stm/stm32f4xx/STM32F4xx_HAL_Driver/Src/stm32f4xx_hal_rcc_ex.c ****       {
1123:stm/stm32f4xx/STM32F4xx_HAL_Driver/Src/stm32f4xx_hal_rcc_ex.c ****         /* Get tick */
1124:stm/stm32f4xx/STM32F4xx_HAL_Driver/Src/stm32f4xx_hal_rcc_ex.c ****         tickstart = HAL_GetTick();
1125:stm/stm32f4xx/STM32F4xx_HAL_Driver/Src/stm32f4xx_hal_rcc_ex.c **** 
1126:stm/stm32f4xx/STM32F4xx_HAL_Driver/Src/stm32f4xx_hal_rcc_ex.c ****         /* Wait till LSE is ready */
1127:stm/stm32f4xx/STM32F4xx_HAL_Driver/Src/stm32f4xx_hal_rcc_ex.c ****         while(__HAL_RCC_GET_FLAG(RCC_FLAG_LSERDY) == RESET)
1128:stm/stm32f4xx/STM32F4xx_HAL_Driver/Src/stm32f4xx_hal_rcc_ex.c ****         {
1129:stm/stm32f4xx/STM32F4xx_HAL_Driver/Src/stm32f4xx_hal_rcc_ex.c ****           if((HAL_GetTick() - tickstart ) > RCC_LSE_TIMEOUT_VALUE)
1130:stm/stm32f4xx/STM32F4xx_HAL_Driver/Src/stm32f4xx_hal_rcc_ex.c ****           {
1131:stm/stm32f4xx/STM32F4xx_HAL_Driver/Src/stm32f4xx_hal_rcc_ex.c ****             return HAL_TIMEOUT;
1132:stm/stm32f4xx/STM32F4xx_HAL_Driver/Src/stm32f4xx_hal_rcc_ex.c ****           }
1133:stm/stm32f4xx/STM32F4xx_HAL_Driver/Src/stm32f4xx_hal_rcc_ex.c ****         }
1134:stm/stm32f4xx/STM32F4xx_HAL_Driver/Src/stm32f4xx_hal_rcc_ex.c ****       }
1135:stm/stm32f4xx/STM32F4xx_HAL_Driver/Src/stm32f4xx_hal_rcc_ex.c ****     }
1136:stm/stm32f4xx/STM32F4xx_HAL_Driver/Src/stm32f4xx_hal_rcc_ex.c ****     __HAL_RCC_RTC_CONFIG(PeriphClkInit->RTCClockSelection);
1137:stm/stm32f4xx/STM32F4xx_HAL_Driver/Src/stm32f4xx_hal_rcc_ex.c ****   }
1138:stm/stm32f4xx/STM32F4xx_HAL_Driver/Src/stm32f4xx_hal_rcc_ex.c ****   /*--------------------------------------------------------------------------*/
1139:stm/stm32f4xx/STM32F4xx_HAL_Driver/Src/stm32f4xx_hal_rcc_ex.c **** 
1140:stm/stm32f4xx/STM32F4xx_HAL_Driver/Src/stm32f4xx_hal_rcc_ex.c ****   /*---------------------------- TIM configuration ---------------------------*/
1141:stm/stm32f4xx/STM32F4xx_HAL_Driver/Src/stm32f4xx_hal_rcc_ex.c ****   if(((PeriphClkInit->PeriphClockSelection) & RCC_PERIPHCLK_TIM) == (RCC_PERIPHCLK_TIM))
1142:stm/stm32f4xx/STM32F4xx_HAL_Driver/Src/stm32f4xx_hal_rcc_ex.c ****   {
1143:stm/stm32f4xx/STM32F4xx_HAL_Driver/Src/stm32f4xx_hal_rcc_ex.c ****     __HAL_RCC_TIMCLKPRESCALER(PeriphClkInit->TIMPresSelection);
1144:stm/stm32f4xx/STM32F4xx_HAL_Driver/Src/stm32f4xx_hal_rcc_ex.c ****   }
1145:stm/stm32f4xx/STM32F4xx_HAL_Driver/Src/stm32f4xx_hal_rcc_ex.c ****   return HAL_OK;
1146:stm/stm32f4xx/STM32F4xx_HAL_Driver/Src/stm32f4xx_hal_rcc_ex.c **** }
1147:stm/stm32f4xx/STM32F4xx_HAL_Driver/Src/stm32f4xx_hal_rcc_ex.c **** 
1148:stm/stm32f4xx/STM32F4xx_HAL_Driver/Src/stm32f4xx_hal_rcc_ex.c **** /**
1149:stm/stm32f4xx/STM32F4xx_HAL_Driver/Src/stm32f4xx_hal_rcc_ex.c ****   * @brief  Configures the RCC_PeriphCLKInitTypeDef according to the internal
1150:stm/stm32f4xx/STM32F4xx_HAL_Driver/Src/stm32f4xx_hal_rcc_ex.c ****   * RCC configuration registers.
1151:stm/stm32f4xx/STM32F4xx_HAL_Driver/Src/stm32f4xx_hal_rcc_ex.c ****   * @param  PeriphClkInit pointer to an RCC_PeriphCLKInitTypeDef structure that
1152:stm/stm32f4xx/STM32F4xx_HAL_Driver/Src/stm32f4xx_hal_rcc_ex.c ****   *         will be configured.
1153:stm/stm32f4xx/STM32F4xx_HAL_Driver/Src/stm32f4xx_hal_rcc_ex.c ****   * @retval None
1154:stm/stm32f4xx/STM32F4xx_HAL_Driver/Src/stm32f4xx_hal_rcc_ex.c ****   */
1155:stm/stm32f4xx/STM32F4xx_HAL_Driver/Src/stm32f4xx_hal_rcc_ex.c **** void HAL_RCCEx_GetPeriphCLKConfig(RCC_PeriphCLKInitTypeDef  *PeriphClkInit)
1156:stm/stm32f4xx/STM32F4xx_HAL_Driver/Src/stm32f4xx_hal_rcc_ex.c **** {
ARM GAS  /tmp/ccsRaXLF.s 			page 57


1157:stm/stm32f4xx/STM32F4xx_HAL_Driver/Src/stm32f4xx_hal_rcc_ex.c ****   uint32_t tempreg;
1158:stm/stm32f4xx/STM32F4xx_HAL_Driver/Src/stm32f4xx_hal_rcc_ex.c **** 
1159:stm/stm32f4xx/STM32F4xx_HAL_Driver/Src/stm32f4xx_hal_rcc_ex.c ****   /* Set all possible values for the extended clock type parameter------------*/
1160:stm/stm32f4xx/STM32F4xx_HAL_Driver/Src/stm32f4xx_hal_rcc_ex.c ****   PeriphClkInit->PeriphClockSelection = RCC_PERIPHCLK_I2S        | RCC_PERIPHCLK_SAI_PLLSAI |\
1161:stm/stm32f4xx/STM32F4xx_HAL_Driver/Src/stm32f4xx_hal_rcc_ex.c ****                                         RCC_PERIPHCLK_SAI_PLLI2S | RCC_PERIPHCLK_LTDC       |\
1162:stm/stm32f4xx/STM32F4xx_HAL_Driver/Src/stm32f4xx_hal_rcc_ex.c ****                                         RCC_PERIPHCLK_TIM        | RCC_PERIPHCLK_RTC        |\
1163:stm/stm32f4xx/STM32F4xx_HAL_Driver/Src/stm32f4xx_hal_rcc_ex.c ****                                         RCC_PERIPHCLK_CLK48       | RCC_PERIPHCLK_SDIO;
1164:stm/stm32f4xx/STM32F4xx_HAL_Driver/Src/stm32f4xx_hal_rcc_ex.c **** 
1165:stm/stm32f4xx/STM32F4xx_HAL_Driver/Src/stm32f4xx_hal_rcc_ex.c ****   /* Get the PLLI2S Clock configuration --------------------------------------*/
1166:stm/stm32f4xx/STM32F4xx_HAL_Driver/Src/stm32f4xx_hal_rcc_ex.c ****   PeriphClkInit->PLLI2S.PLLI2SN = (uint32_t)((RCC->PLLI2SCFGR & RCC_PLLI2SCFGR_PLLI2SN) >> RCC_PLLI
1167:stm/stm32f4xx/STM32F4xx_HAL_Driver/Src/stm32f4xx_hal_rcc_ex.c ****   PeriphClkInit->PLLI2S.PLLI2SR = (uint32_t)((RCC->PLLI2SCFGR & RCC_PLLI2SCFGR_PLLI2SR) >> RCC_PLLI
1168:stm/stm32f4xx/STM32F4xx_HAL_Driver/Src/stm32f4xx_hal_rcc_ex.c ****   PeriphClkInit->PLLI2S.PLLI2SQ = (uint32_t)((RCC->PLLI2SCFGR & RCC_PLLI2SCFGR_PLLI2SQ) >> RCC_PLLI
1169:stm/stm32f4xx/STM32F4xx_HAL_Driver/Src/stm32f4xx_hal_rcc_ex.c ****   /* Get the PLLSAI Clock configuration --------------------------------------*/
1170:stm/stm32f4xx/STM32F4xx_HAL_Driver/Src/stm32f4xx_hal_rcc_ex.c ****   PeriphClkInit->PLLSAI.PLLSAIN = (uint32_t)((RCC->PLLSAICFGR & RCC_PLLSAICFGR_PLLSAIN) >> RCC_PLLS
1171:stm/stm32f4xx/STM32F4xx_HAL_Driver/Src/stm32f4xx_hal_rcc_ex.c ****   PeriphClkInit->PLLSAI.PLLSAIR = (uint32_t)((RCC->PLLSAICFGR & RCC_PLLSAICFGR_PLLSAIR) >> RCC_PLLS
1172:stm/stm32f4xx/STM32F4xx_HAL_Driver/Src/stm32f4xx_hal_rcc_ex.c ****   PeriphClkInit->PLLSAI.PLLSAIQ = (uint32_t)((RCC->PLLSAICFGR & RCC_PLLSAICFGR_PLLSAIQ) >> RCC_PLLS
1173:stm/stm32f4xx/STM32F4xx_HAL_Driver/Src/stm32f4xx_hal_rcc_ex.c ****   /* Get the PLLSAI/PLLI2S division factors ----------------------------------*/
1174:stm/stm32f4xx/STM32F4xx_HAL_Driver/Src/stm32f4xx_hal_rcc_ex.c ****   PeriphClkInit->PLLI2SDivQ = (uint32_t)((RCC->DCKCFGR & RCC_DCKCFGR_PLLI2SDIVQ) >> RCC_DCKCFGR_PLL
1175:stm/stm32f4xx/STM32F4xx_HAL_Driver/Src/stm32f4xx_hal_rcc_ex.c ****   PeriphClkInit->PLLSAIDivQ = (uint32_t)((RCC->DCKCFGR & RCC_DCKCFGR_PLLSAIDIVQ) >> RCC_DCKCFGR_PLL
1176:stm/stm32f4xx/STM32F4xx_HAL_Driver/Src/stm32f4xx_hal_rcc_ex.c ****   PeriphClkInit->PLLSAIDivR = (uint32_t)(RCC->DCKCFGR & RCC_DCKCFGR_PLLSAIDIVR);
1177:stm/stm32f4xx/STM32F4xx_HAL_Driver/Src/stm32f4xx_hal_rcc_ex.c ****   /* Get the RTC Clock configuration -----------------------------------------*/
1178:stm/stm32f4xx/STM32F4xx_HAL_Driver/Src/stm32f4xx_hal_rcc_ex.c ****   tempreg = (RCC->CFGR & RCC_CFGR_RTCPRE);
1179:stm/stm32f4xx/STM32F4xx_HAL_Driver/Src/stm32f4xx_hal_rcc_ex.c ****   PeriphClkInit->RTCClockSelection = (uint32_t)((tempreg) | (RCC->BDCR & RCC_BDCR_RTCSEL));
1180:stm/stm32f4xx/STM32F4xx_HAL_Driver/Src/stm32f4xx_hal_rcc_ex.c **** 
1181:stm/stm32f4xx/STM32F4xx_HAL_Driver/Src/stm32f4xx_hal_rcc_ex.c ****     /* Get the CLK48 clock configuration -------------------------------------*/
1182:stm/stm32f4xx/STM32F4xx_HAL_Driver/Src/stm32f4xx_hal_rcc_ex.c ****   PeriphClkInit->Clk48ClockSelection = __HAL_RCC_GET_CLK48_SOURCE();
1183:stm/stm32f4xx/STM32F4xx_HAL_Driver/Src/stm32f4xx_hal_rcc_ex.c **** 
1184:stm/stm32f4xx/STM32F4xx_HAL_Driver/Src/stm32f4xx_hal_rcc_ex.c ****   /* Get the SDIO clock configuration ----------------------------------------*/
1185:stm/stm32f4xx/STM32F4xx_HAL_Driver/Src/stm32f4xx_hal_rcc_ex.c ****   PeriphClkInit->SdioClockSelection = __HAL_RCC_GET_SDIO_SOURCE();
1186:stm/stm32f4xx/STM32F4xx_HAL_Driver/Src/stm32f4xx_hal_rcc_ex.c **** 
1187:stm/stm32f4xx/STM32F4xx_HAL_Driver/Src/stm32f4xx_hal_rcc_ex.c ****   if ((RCC->DCKCFGR & RCC_DCKCFGR_TIMPRE) == RESET)
1188:stm/stm32f4xx/STM32F4xx_HAL_Driver/Src/stm32f4xx_hal_rcc_ex.c ****   {
1189:stm/stm32f4xx/STM32F4xx_HAL_Driver/Src/stm32f4xx_hal_rcc_ex.c ****     PeriphClkInit->TIMPresSelection = RCC_TIMPRES_DESACTIVATED;
1190:stm/stm32f4xx/STM32F4xx_HAL_Driver/Src/stm32f4xx_hal_rcc_ex.c ****   }
1191:stm/stm32f4xx/STM32F4xx_HAL_Driver/Src/stm32f4xx_hal_rcc_ex.c ****   else
1192:stm/stm32f4xx/STM32F4xx_HAL_Driver/Src/stm32f4xx_hal_rcc_ex.c ****   {
1193:stm/stm32f4xx/STM32F4xx_HAL_Driver/Src/stm32f4xx_hal_rcc_ex.c ****     PeriphClkInit->TIMPresSelection = RCC_TIMPRES_ACTIVATED;
1194:stm/stm32f4xx/STM32F4xx_HAL_Driver/Src/stm32f4xx_hal_rcc_ex.c ****   }
1195:stm/stm32f4xx/STM32F4xx_HAL_Driver/Src/stm32f4xx_hal_rcc_ex.c **** }
1196:stm/stm32f4xx/STM32F4xx_HAL_Driver/Src/stm32f4xx_hal_rcc_ex.c **** 
1197:stm/stm32f4xx/STM32F4xx_HAL_Driver/Src/stm32f4xx_hal_rcc_ex.c **** /**
1198:stm/stm32f4xx/STM32F4xx_HAL_Driver/Src/stm32f4xx_hal_rcc_ex.c ****   * @brief  Return the peripheral clock frequency for a given peripheral(SAI..)
1199:stm/stm32f4xx/STM32F4xx_HAL_Driver/Src/stm32f4xx_hal_rcc_ex.c ****   * @note   Return 0 if peripheral clock identifier not managed by this API
1200:stm/stm32f4xx/STM32F4xx_HAL_Driver/Src/stm32f4xx_hal_rcc_ex.c ****   * @param  PeriphClk Peripheral clock identifier
1201:stm/stm32f4xx/STM32F4xx_HAL_Driver/Src/stm32f4xx_hal_rcc_ex.c ****   *         This parameter can be one of the following values:
1202:stm/stm32f4xx/STM32F4xx_HAL_Driver/Src/stm32f4xx_hal_rcc_ex.c ****   *            @arg RCC_PERIPHCLK_I2S: I2S peripheral clock
1203:stm/stm32f4xx/STM32F4xx_HAL_Driver/Src/stm32f4xx_hal_rcc_ex.c ****   * @retval Frequency in KHz
1204:stm/stm32f4xx/STM32F4xx_HAL_Driver/Src/stm32f4xx_hal_rcc_ex.c ****   */
1205:stm/stm32f4xx/STM32F4xx_HAL_Driver/Src/stm32f4xx_hal_rcc_ex.c **** uint32_t HAL_RCCEx_GetPeriphCLKFreq(uint32_t PeriphClk)
1206:stm/stm32f4xx/STM32F4xx_HAL_Driver/Src/stm32f4xx_hal_rcc_ex.c **** {
1207:stm/stm32f4xx/STM32F4xx_HAL_Driver/Src/stm32f4xx_hal_rcc_ex.c ****   /* This variable used to store the I2S clock frequency (value in Hz) */
1208:stm/stm32f4xx/STM32F4xx_HAL_Driver/Src/stm32f4xx_hal_rcc_ex.c ****   uint32_t frequency = 0U;
1209:stm/stm32f4xx/STM32F4xx_HAL_Driver/Src/stm32f4xx_hal_rcc_ex.c ****   /* This variable used to store the VCO Input (value in Hz) */
1210:stm/stm32f4xx/STM32F4xx_HAL_Driver/Src/stm32f4xx_hal_rcc_ex.c ****   uint32_t vcoinput = 0U;
1211:stm/stm32f4xx/STM32F4xx_HAL_Driver/Src/stm32f4xx_hal_rcc_ex.c ****   uint32_t srcclk = 0U;
1212:stm/stm32f4xx/STM32F4xx_HAL_Driver/Src/stm32f4xx_hal_rcc_ex.c ****   /* This variable used to store the VCO Output (value in Hz) */
1213:stm/stm32f4xx/STM32F4xx_HAL_Driver/Src/stm32f4xx_hal_rcc_ex.c ****   uint32_t vcooutput = 0U;
ARM GAS  /tmp/ccsRaXLF.s 			page 58


1214:stm/stm32f4xx/STM32F4xx_HAL_Driver/Src/stm32f4xx_hal_rcc_ex.c ****   switch (PeriphClk)
1215:stm/stm32f4xx/STM32F4xx_HAL_Driver/Src/stm32f4xx_hal_rcc_ex.c ****   {
1216:stm/stm32f4xx/STM32F4xx_HAL_Driver/Src/stm32f4xx_hal_rcc_ex.c ****   case RCC_PERIPHCLK_I2S:
1217:stm/stm32f4xx/STM32F4xx_HAL_Driver/Src/stm32f4xx_hal_rcc_ex.c ****     {
1218:stm/stm32f4xx/STM32F4xx_HAL_Driver/Src/stm32f4xx_hal_rcc_ex.c ****       /* Get the current I2S source */
1219:stm/stm32f4xx/STM32F4xx_HAL_Driver/Src/stm32f4xx_hal_rcc_ex.c ****       srcclk = __HAL_RCC_GET_I2S_SOURCE();
1220:stm/stm32f4xx/STM32F4xx_HAL_Driver/Src/stm32f4xx_hal_rcc_ex.c ****       switch (srcclk)
1221:stm/stm32f4xx/STM32F4xx_HAL_Driver/Src/stm32f4xx_hal_rcc_ex.c ****       {
1222:stm/stm32f4xx/STM32F4xx_HAL_Driver/Src/stm32f4xx_hal_rcc_ex.c ****       /* Check if I2S clock selection is External clock mapped on the I2S_CKIN pin used as I2S cloc
1223:stm/stm32f4xx/STM32F4xx_HAL_Driver/Src/stm32f4xx_hal_rcc_ex.c ****       case RCC_I2SCLKSOURCE_EXT:
1224:stm/stm32f4xx/STM32F4xx_HAL_Driver/Src/stm32f4xx_hal_rcc_ex.c ****         {
1225:stm/stm32f4xx/STM32F4xx_HAL_Driver/Src/stm32f4xx_hal_rcc_ex.c ****           /* Set the I2S clock to the external clock  value */
1226:stm/stm32f4xx/STM32F4xx_HAL_Driver/Src/stm32f4xx_hal_rcc_ex.c ****           frequency = EXTERNAL_CLOCK_VALUE;
1227:stm/stm32f4xx/STM32F4xx_HAL_Driver/Src/stm32f4xx_hal_rcc_ex.c ****           break;
1228:stm/stm32f4xx/STM32F4xx_HAL_Driver/Src/stm32f4xx_hal_rcc_ex.c ****         }
1229:stm/stm32f4xx/STM32F4xx_HAL_Driver/Src/stm32f4xx_hal_rcc_ex.c ****       /* Check if I2S clock selection is PLLI2S VCO output clock divided by PLLI2SR used as I2S clo
1230:stm/stm32f4xx/STM32F4xx_HAL_Driver/Src/stm32f4xx_hal_rcc_ex.c ****       case RCC_I2SCLKSOURCE_PLLI2S:
1231:stm/stm32f4xx/STM32F4xx_HAL_Driver/Src/stm32f4xx_hal_rcc_ex.c ****         {
1232:stm/stm32f4xx/STM32F4xx_HAL_Driver/Src/stm32f4xx_hal_rcc_ex.c ****           /* Configure the PLLI2S division factor */
1233:stm/stm32f4xx/STM32F4xx_HAL_Driver/Src/stm32f4xx_hal_rcc_ex.c ****           /* PLLI2S_VCO Input  = PLL_SOURCE/PLLI2SM */
1234:stm/stm32f4xx/STM32F4xx_HAL_Driver/Src/stm32f4xx_hal_rcc_ex.c ****           if((RCC->PLLCFGR & RCC_PLLCFGR_PLLSRC) == RCC_PLLSOURCE_HSE)
1235:stm/stm32f4xx/STM32F4xx_HAL_Driver/Src/stm32f4xx_hal_rcc_ex.c ****           {
1236:stm/stm32f4xx/STM32F4xx_HAL_Driver/Src/stm32f4xx_hal_rcc_ex.c ****             /* Get the I2S source clock value */
1237:stm/stm32f4xx/STM32F4xx_HAL_Driver/Src/stm32f4xx_hal_rcc_ex.c ****             vcoinput = (uint32_t)(HSE_VALUE / (uint32_t)(RCC->PLLCFGR & RCC_PLLCFGR_PLLM));
1238:stm/stm32f4xx/STM32F4xx_HAL_Driver/Src/stm32f4xx_hal_rcc_ex.c ****           }
1239:stm/stm32f4xx/STM32F4xx_HAL_Driver/Src/stm32f4xx_hal_rcc_ex.c ****           else
1240:stm/stm32f4xx/STM32F4xx_HAL_Driver/Src/stm32f4xx_hal_rcc_ex.c ****           {
1241:stm/stm32f4xx/STM32F4xx_HAL_Driver/Src/stm32f4xx_hal_rcc_ex.c ****             /* Get the I2S source clock value */
1242:stm/stm32f4xx/STM32F4xx_HAL_Driver/Src/stm32f4xx_hal_rcc_ex.c ****             vcoinput = (uint32_t)(HSI_VALUE / (uint32_t)(RCC->PLLCFGR & RCC_PLLCFGR_PLLM));
1243:stm/stm32f4xx/STM32F4xx_HAL_Driver/Src/stm32f4xx_hal_rcc_ex.c ****           }
1244:stm/stm32f4xx/STM32F4xx_HAL_Driver/Src/stm32f4xx_hal_rcc_ex.c **** 
1245:stm/stm32f4xx/STM32F4xx_HAL_Driver/Src/stm32f4xx_hal_rcc_ex.c ****           /* PLLI2S_VCO Output = PLLI2S_VCO Input * PLLI2SN */
1246:stm/stm32f4xx/STM32F4xx_HAL_Driver/Src/stm32f4xx_hal_rcc_ex.c ****           vcooutput = (uint32_t)(vcoinput * (((RCC->PLLI2SCFGR & RCC_PLLI2SCFGR_PLLI2SN) >> 6U) & (
1247:stm/stm32f4xx/STM32F4xx_HAL_Driver/Src/stm32f4xx_hal_rcc_ex.c ****           /* I2S_CLK = PLLI2S_VCO Output/PLLI2SR */
1248:stm/stm32f4xx/STM32F4xx_HAL_Driver/Src/stm32f4xx_hal_rcc_ex.c ****           frequency = (uint32_t)(vcooutput /(((RCC->PLLI2SCFGR & RCC_PLLI2SCFGR_PLLI2SR) >> 28U) & 
1249:stm/stm32f4xx/STM32F4xx_HAL_Driver/Src/stm32f4xx_hal_rcc_ex.c ****           break;
1250:stm/stm32f4xx/STM32F4xx_HAL_Driver/Src/stm32f4xx_hal_rcc_ex.c ****         }
1251:stm/stm32f4xx/STM32F4xx_HAL_Driver/Src/stm32f4xx_hal_rcc_ex.c ****         /* Clock not enabled for I2S*/
1252:stm/stm32f4xx/STM32F4xx_HAL_Driver/Src/stm32f4xx_hal_rcc_ex.c ****       default:
1253:stm/stm32f4xx/STM32F4xx_HAL_Driver/Src/stm32f4xx_hal_rcc_ex.c ****         {
1254:stm/stm32f4xx/STM32F4xx_HAL_Driver/Src/stm32f4xx_hal_rcc_ex.c ****           frequency = 0U;
1255:stm/stm32f4xx/STM32F4xx_HAL_Driver/Src/stm32f4xx_hal_rcc_ex.c ****           break;
1256:stm/stm32f4xx/STM32F4xx_HAL_Driver/Src/stm32f4xx_hal_rcc_ex.c ****         }
1257:stm/stm32f4xx/STM32F4xx_HAL_Driver/Src/stm32f4xx_hal_rcc_ex.c ****       }
1258:stm/stm32f4xx/STM32F4xx_HAL_Driver/Src/stm32f4xx_hal_rcc_ex.c ****       break;
1259:stm/stm32f4xx/STM32F4xx_HAL_Driver/Src/stm32f4xx_hal_rcc_ex.c ****     }
1260:stm/stm32f4xx/STM32F4xx_HAL_Driver/Src/stm32f4xx_hal_rcc_ex.c ****   default:
1261:stm/stm32f4xx/STM32F4xx_HAL_Driver/Src/stm32f4xx_hal_rcc_ex.c ****     {
1262:stm/stm32f4xx/STM32F4xx_HAL_Driver/Src/stm32f4xx_hal_rcc_ex.c ****        break;
1263:stm/stm32f4xx/STM32F4xx_HAL_Driver/Src/stm32f4xx_hal_rcc_ex.c ****     }
1264:stm/stm32f4xx/STM32F4xx_HAL_Driver/Src/stm32f4xx_hal_rcc_ex.c ****   }
1265:stm/stm32f4xx/STM32F4xx_HAL_Driver/Src/stm32f4xx_hal_rcc_ex.c ****   return frequency;
1266:stm/stm32f4xx/STM32F4xx_HAL_Driver/Src/stm32f4xx_hal_rcc_ex.c **** }
1267:stm/stm32f4xx/STM32F4xx_HAL_Driver/Src/stm32f4xx_hal_rcc_ex.c **** #endif /* STM32F469xx || STM32F479xx */
1268:stm/stm32f4xx/STM32F4xx_HAL_Driver/Src/stm32f4xx_hal_rcc_ex.c **** 
1269:stm/stm32f4xx/STM32F4xx_HAL_Driver/Src/stm32f4xx_hal_rcc_ex.c **** #if defined(STM32F412Zx) || defined(STM32F412Vx) || defined(STM32F412Rx) || defined(STM32F412Cx) ||
1270:stm/stm32f4xx/STM32F4xx_HAL_Driver/Src/stm32f4xx_hal_rcc_ex.c **** /**
ARM GAS  /tmp/ccsRaXLF.s 			page 59


1271:stm/stm32f4xx/STM32F4xx_HAL_Driver/Src/stm32f4xx_hal_rcc_ex.c ****   * @brief  Initializes the RCC extended peripherals clocks according to the specified
1272:stm/stm32f4xx/STM32F4xx_HAL_Driver/Src/stm32f4xx_hal_rcc_ex.c ****   *         parameters in the RCC_PeriphCLKInitTypeDef.
1273:stm/stm32f4xx/STM32F4xx_HAL_Driver/Src/stm32f4xx_hal_rcc_ex.c ****   * @param  PeriphClkInit pointer to an RCC_PeriphCLKInitTypeDef structure that
1274:stm/stm32f4xx/STM32F4xx_HAL_Driver/Src/stm32f4xx_hal_rcc_ex.c ****   *         contains the configuration information for the Extended Peripherals
1275:stm/stm32f4xx/STM32F4xx_HAL_Driver/Src/stm32f4xx_hal_rcc_ex.c ****   *         clocks(I2S, LTDC RTC and TIM).
1276:stm/stm32f4xx/STM32F4xx_HAL_Driver/Src/stm32f4xx_hal_rcc_ex.c ****   *
1277:stm/stm32f4xx/STM32F4xx_HAL_Driver/Src/stm32f4xx_hal_rcc_ex.c ****   * @note   Care must be taken when HAL_RCCEx_PeriphCLKConfig() is used to select
1278:stm/stm32f4xx/STM32F4xx_HAL_Driver/Src/stm32f4xx_hal_rcc_ex.c ****   *         the RTC clock source; in this case the Backup domain will be reset in
1279:stm/stm32f4xx/STM32F4xx_HAL_Driver/Src/stm32f4xx_hal_rcc_ex.c ****   *         order to modify the RTC Clock source, as consequence RTC registers (including
1280:stm/stm32f4xx/STM32F4xx_HAL_Driver/Src/stm32f4xx_hal_rcc_ex.c ****   *         the backup registers) and RCC_BDCR register are set to their reset values.
1281:stm/stm32f4xx/STM32F4xx_HAL_Driver/Src/stm32f4xx_hal_rcc_ex.c ****   *
1282:stm/stm32f4xx/STM32F4xx_HAL_Driver/Src/stm32f4xx_hal_rcc_ex.c ****   * @retval HAL status
1283:stm/stm32f4xx/STM32F4xx_HAL_Driver/Src/stm32f4xx_hal_rcc_ex.c ****   */
1284:stm/stm32f4xx/STM32F4xx_HAL_Driver/Src/stm32f4xx_hal_rcc_ex.c **** HAL_StatusTypeDef HAL_RCCEx_PeriphCLKConfig(RCC_PeriphCLKInitTypeDef  *PeriphClkInit)
1285:stm/stm32f4xx/STM32F4xx_HAL_Driver/Src/stm32f4xx_hal_rcc_ex.c **** {
1286:stm/stm32f4xx/STM32F4xx_HAL_Driver/Src/stm32f4xx_hal_rcc_ex.c ****   uint32_t tickstart = 0U;
1287:stm/stm32f4xx/STM32F4xx_HAL_Driver/Src/stm32f4xx_hal_rcc_ex.c ****   uint32_t tmpreg1 = 0U;
1288:stm/stm32f4xx/STM32F4xx_HAL_Driver/Src/stm32f4xx_hal_rcc_ex.c **** #if defined(STM32F413xx) || defined(STM32F423xx)
1289:stm/stm32f4xx/STM32F4xx_HAL_Driver/Src/stm32f4xx_hal_rcc_ex.c ****   uint32_t plli2sq = 0U;
1290:stm/stm32f4xx/STM32F4xx_HAL_Driver/Src/stm32f4xx_hal_rcc_ex.c **** #endif /* STM32F413xx || STM32F423xx */
1291:stm/stm32f4xx/STM32F4xx_HAL_Driver/Src/stm32f4xx_hal_rcc_ex.c ****   uint32_t plli2sused = 0U;
1292:stm/stm32f4xx/STM32F4xx_HAL_Driver/Src/stm32f4xx_hal_rcc_ex.c **** 
1293:stm/stm32f4xx/STM32F4xx_HAL_Driver/Src/stm32f4xx_hal_rcc_ex.c ****   /* Check the peripheral clock selection parameters */
1294:stm/stm32f4xx/STM32F4xx_HAL_Driver/Src/stm32f4xx_hal_rcc_ex.c ****   assert_param(IS_RCC_PERIPHCLOCK(PeriphClkInit->PeriphClockSelection));
1295:stm/stm32f4xx/STM32F4xx_HAL_Driver/Src/stm32f4xx_hal_rcc_ex.c **** 
1296:stm/stm32f4xx/STM32F4xx_HAL_Driver/Src/stm32f4xx_hal_rcc_ex.c ****   /*----------------------------------- I2S APB1 configuration ---------------*/
1297:stm/stm32f4xx/STM32F4xx_HAL_Driver/Src/stm32f4xx_hal_rcc_ex.c ****   if(((PeriphClkInit->PeriphClockSelection) & RCC_PERIPHCLK_I2S_APB1) == (RCC_PERIPHCLK_I2S_APB1))
1298:stm/stm32f4xx/STM32F4xx_HAL_Driver/Src/stm32f4xx_hal_rcc_ex.c ****   {
1299:stm/stm32f4xx/STM32F4xx_HAL_Driver/Src/stm32f4xx_hal_rcc_ex.c ****     /* Check the parameters */
1300:stm/stm32f4xx/STM32F4xx_HAL_Driver/Src/stm32f4xx_hal_rcc_ex.c ****     assert_param(IS_RCC_I2SAPB1CLKSOURCE(PeriphClkInit->I2sApb1ClockSelection));
1301:stm/stm32f4xx/STM32F4xx_HAL_Driver/Src/stm32f4xx_hal_rcc_ex.c **** 
1302:stm/stm32f4xx/STM32F4xx_HAL_Driver/Src/stm32f4xx_hal_rcc_ex.c ****     /* Configure I2S Clock source */
1303:stm/stm32f4xx/STM32F4xx_HAL_Driver/Src/stm32f4xx_hal_rcc_ex.c ****     __HAL_RCC_I2S_APB1_CONFIG(PeriphClkInit->I2sApb1ClockSelection);
1304:stm/stm32f4xx/STM32F4xx_HAL_Driver/Src/stm32f4xx_hal_rcc_ex.c ****     /* Enable the PLLI2S when it's used as clock source for I2S */
1305:stm/stm32f4xx/STM32F4xx_HAL_Driver/Src/stm32f4xx_hal_rcc_ex.c ****     if(PeriphClkInit->I2sApb1ClockSelection == RCC_I2SAPB1CLKSOURCE_PLLI2S)
1306:stm/stm32f4xx/STM32F4xx_HAL_Driver/Src/stm32f4xx_hal_rcc_ex.c ****     {
1307:stm/stm32f4xx/STM32F4xx_HAL_Driver/Src/stm32f4xx_hal_rcc_ex.c ****       plli2sused = 1U;
1308:stm/stm32f4xx/STM32F4xx_HAL_Driver/Src/stm32f4xx_hal_rcc_ex.c ****     }
1309:stm/stm32f4xx/STM32F4xx_HAL_Driver/Src/stm32f4xx_hal_rcc_ex.c ****   }
1310:stm/stm32f4xx/STM32F4xx_HAL_Driver/Src/stm32f4xx_hal_rcc_ex.c ****   /*--------------------------------------------------------------------------*/
1311:stm/stm32f4xx/STM32F4xx_HAL_Driver/Src/stm32f4xx_hal_rcc_ex.c **** 
1312:stm/stm32f4xx/STM32F4xx_HAL_Driver/Src/stm32f4xx_hal_rcc_ex.c ****   /*----------------------------------- I2S APB2 configuration ---------------*/
1313:stm/stm32f4xx/STM32F4xx_HAL_Driver/Src/stm32f4xx_hal_rcc_ex.c ****   if(((PeriphClkInit->PeriphClockSelection) & RCC_PERIPHCLK_I2S_APB2) == (RCC_PERIPHCLK_I2S_APB2))
1314:stm/stm32f4xx/STM32F4xx_HAL_Driver/Src/stm32f4xx_hal_rcc_ex.c ****   {
1315:stm/stm32f4xx/STM32F4xx_HAL_Driver/Src/stm32f4xx_hal_rcc_ex.c ****     /* Check the parameters */
1316:stm/stm32f4xx/STM32F4xx_HAL_Driver/Src/stm32f4xx_hal_rcc_ex.c ****     assert_param(IS_RCC_I2SAPB2CLKSOURCE(PeriphClkInit->I2sApb2ClockSelection));
1317:stm/stm32f4xx/STM32F4xx_HAL_Driver/Src/stm32f4xx_hal_rcc_ex.c **** 
1318:stm/stm32f4xx/STM32F4xx_HAL_Driver/Src/stm32f4xx_hal_rcc_ex.c ****     /* Configure I2S Clock source */
1319:stm/stm32f4xx/STM32F4xx_HAL_Driver/Src/stm32f4xx_hal_rcc_ex.c ****     __HAL_RCC_I2S_APB2_CONFIG(PeriphClkInit->I2sApb2ClockSelection);
1320:stm/stm32f4xx/STM32F4xx_HAL_Driver/Src/stm32f4xx_hal_rcc_ex.c ****     /* Enable the PLLI2S when it's used as clock source for I2S */
1321:stm/stm32f4xx/STM32F4xx_HAL_Driver/Src/stm32f4xx_hal_rcc_ex.c ****     if(PeriphClkInit->I2sApb2ClockSelection == RCC_I2SAPB2CLKSOURCE_PLLI2S)
1322:stm/stm32f4xx/STM32F4xx_HAL_Driver/Src/stm32f4xx_hal_rcc_ex.c ****     {
1323:stm/stm32f4xx/STM32F4xx_HAL_Driver/Src/stm32f4xx_hal_rcc_ex.c ****       plli2sused = 1U;
1324:stm/stm32f4xx/STM32F4xx_HAL_Driver/Src/stm32f4xx_hal_rcc_ex.c ****     }
1325:stm/stm32f4xx/STM32F4xx_HAL_Driver/Src/stm32f4xx_hal_rcc_ex.c ****   }
1326:stm/stm32f4xx/STM32F4xx_HAL_Driver/Src/stm32f4xx_hal_rcc_ex.c ****   /*--------------------------------------------------------------------------*/
1327:stm/stm32f4xx/STM32F4xx_HAL_Driver/Src/stm32f4xx_hal_rcc_ex.c **** 
ARM GAS  /tmp/ccsRaXLF.s 			page 60


1328:stm/stm32f4xx/STM32F4xx_HAL_Driver/Src/stm32f4xx_hal_rcc_ex.c **** #if defined(STM32F413xx) || defined(STM32F423xx)
1329:stm/stm32f4xx/STM32F4xx_HAL_Driver/Src/stm32f4xx_hal_rcc_ex.c ****   /*----------------------- SAI1 Block A configuration -----------------------*/
1330:stm/stm32f4xx/STM32F4xx_HAL_Driver/Src/stm32f4xx_hal_rcc_ex.c ****   if(((PeriphClkInit->PeriphClockSelection) & RCC_PERIPHCLK_SAIA) == (RCC_PERIPHCLK_SAIA))
1331:stm/stm32f4xx/STM32F4xx_HAL_Driver/Src/stm32f4xx_hal_rcc_ex.c ****   {
1332:stm/stm32f4xx/STM32F4xx_HAL_Driver/Src/stm32f4xx_hal_rcc_ex.c ****     /* Check the parameters */
1333:stm/stm32f4xx/STM32F4xx_HAL_Driver/Src/stm32f4xx_hal_rcc_ex.c ****     assert_param(IS_RCC_SAIACLKSOURCE(PeriphClkInit->SaiAClockSelection));
1334:stm/stm32f4xx/STM32F4xx_HAL_Driver/Src/stm32f4xx_hal_rcc_ex.c **** 
1335:stm/stm32f4xx/STM32F4xx_HAL_Driver/Src/stm32f4xx_hal_rcc_ex.c ****     /* Configure SAI1 Clock source */
1336:stm/stm32f4xx/STM32F4xx_HAL_Driver/Src/stm32f4xx_hal_rcc_ex.c ****     __HAL_RCC_SAI_BLOCKACLKSOURCE_CONFIG(PeriphClkInit->SaiAClockSelection);
1337:stm/stm32f4xx/STM32F4xx_HAL_Driver/Src/stm32f4xx_hal_rcc_ex.c ****     /* Enable the PLLI2S when it's used as clock source for SAI */
1338:stm/stm32f4xx/STM32F4xx_HAL_Driver/Src/stm32f4xx_hal_rcc_ex.c ****     if(PeriphClkInit->SaiAClockSelection == RCC_SAIACLKSOURCE_PLLI2SR)
1339:stm/stm32f4xx/STM32F4xx_HAL_Driver/Src/stm32f4xx_hal_rcc_ex.c ****     {
1340:stm/stm32f4xx/STM32F4xx_HAL_Driver/Src/stm32f4xx_hal_rcc_ex.c ****       plli2sused = 1U;
1341:stm/stm32f4xx/STM32F4xx_HAL_Driver/Src/stm32f4xx_hal_rcc_ex.c ****     }
1342:stm/stm32f4xx/STM32F4xx_HAL_Driver/Src/stm32f4xx_hal_rcc_ex.c ****     /* Enable the PLLSAI when it's used as clock source for SAI */
1343:stm/stm32f4xx/STM32F4xx_HAL_Driver/Src/stm32f4xx_hal_rcc_ex.c ****     if(PeriphClkInit->SaiAClockSelection == RCC_SAIACLKSOURCE_PLLR)
1344:stm/stm32f4xx/STM32F4xx_HAL_Driver/Src/stm32f4xx_hal_rcc_ex.c ****     {
1345:stm/stm32f4xx/STM32F4xx_HAL_Driver/Src/stm32f4xx_hal_rcc_ex.c ****       /* Check for PLL/DIVR parameters */
1346:stm/stm32f4xx/STM32F4xx_HAL_Driver/Src/stm32f4xx_hal_rcc_ex.c ****       assert_param(IS_RCC_PLL_DIVR_VALUE(PeriphClkInit->PLLDivR));
1347:stm/stm32f4xx/STM32F4xx_HAL_Driver/Src/stm32f4xx_hal_rcc_ex.c **** 
1348:stm/stm32f4xx/STM32F4xx_HAL_Driver/Src/stm32f4xx_hal_rcc_ex.c ****       /* SAI_CLK_x = SAI_CLK(first level)/PLLDIVR */
1349:stm/stm32f4xx/STM32F4xx_HAL_Driver/Src/stm32f4xx_hal_rcc_ex.c ****       __HAL_RCC_PLL_PLLSAICLKDIVR_CONFIG(PeriphClkInit->PLLDivR);
1350:stm/stm32f4xx/STM32F4xx_HAL_Driver/Src/stm32f4xx_hal_rcc_ex.c ****     }
1351:stm/stm32f4xx/STM32F4xx_HAL_Driver/Src/stm32f4xx_hal_rcc_ex.c ****   }
1352:stm/stm32f4xx/STM32F4xx_HAL_Driver/Src/stm32f4xx_hal_rcc_ex.c ****   /*--------------------------------------------------------------------------*/
1353:stm/stm32f4xx/STM32F4xx_HAL_Driver/Src/stm32f4xx_hal_rcc_ex.c **** 
1354:stm/stm32f4xx/STM32F4xx_HAL_Driver/Src/stm32f4xx_hal_rcc_ex.c ****   /*---------------------- SAI1 Block B configuration ------------------------*/
1355:stm/stm32f4xx/STM32F4xx_HAL_Driver/Src/stm32f4xx_hal_rcc_ex.c ****   if(((PeriphClkInit->PeriphClockSelection) & RCC_PERIPHCLK_SAIB) == (RCC_PERIPHCLK_SAIB))
1356:stm/stm32f4xx/STM32F4xx_HAL_Driver/Src/stm32f4xx_hal_rcc_ex.c ****   {
1357:stm/stm32f4xx/STM32F4xx_HAL_Driver/Src/stm32f4xx_hal_rcc_ex.c ****     /* Check the parameters */
1358:stm/stm32f4xx/STM32F4xx_HAL_Driver/Src/stm32f4xx_hal_rcc_ex.c ****     assert_param(IS_RCC_SAIBCLKSOURCE(PeriphClkInit->SaiBClockSelection));
1359:stm/stm32f4xx/STM32F4xx_HAL_Driver/Src/stm32f4xx_hal_rcc_ex.c **** 
1360:stm/stm32f4xx/STM32F4xx_HAL_Driver/Src/stm32f4xx_hal_rcc_ex.c ****     /* Configure SAI1 Clock source */
1361:stm/stm32f4xx/STM32F4xx_HAL_Driver/Src/stm32f4xx_hal_rcc_ex.c ****     __HAL_RCC_SAI_BLOCKBCLKSOURCE_CONFIG(PeriphClkInit->SaiBClockSelection);
1362:stm/stm32f4xx/STM32F4xx_HAL_Driver/Src/stm32f4xx_hal_rcc_ex.c ****     /* Enable the PLLI2S when it's used as clock source for SAI */
1363:stm/stm32f4xx/STM32F4xx_HAL_Driver/Src/stm32f4xx_hal_rcc_ex.c ****     if(PeriphClkInit->SaiBClockSelection == RCC_SAIBCLKSOURCE_PLLI2SR)
1364:stm/stm32f4xx/STM32F4xx_HAL_Driver/Src/stm32f4xx_hal_rcc_ex.c ****     {
1365:stm/stm32f4xx/STM32F4xx_HAL_Driver/Src/stm32f4xx_hal_rcc_ex.c ****       plli2sused = 1U;
1366:stm/stm32f4xx/STM32F4xx_HAL_Driver/Src/stm32f4xx_hal_rcc_ex.c ****     }
1367:stm/stm32f4xx/STM32F4xx_HAL_Driver/Src/stm32f4xx_hal_rcc_ex.c ****     /* Enable the PLLSAI when it's used as clock source for SAI */
1368:stm/stm32f4xx/STM32F4xx_HAL_Driver/Src/stm32f4xx_hal_rcc_ex.c ****     if(PeriphClkInit->SaiBClockSelection == RCC_SAIBCLKSOURCE_PLLR)
1369:stm/stm32f4xx/STM32F4xx_HAL_Driver/Src/stm32f4xx_hal_rcc_ex.c ****     {
1370:stm/stm32f4xx/STM32F4xx_HAL_Driver/Src/stm32f4xx_hal_rcc_ex.c ****       /* Check for PLL/DIVR parameters */
1371:stm/stm32f4xx/STM32F4xx_HAL_Driver/Src/stm32f4xx_hal_rcc_ex.c ****       assert_param(IS_RCC_PLL_DIVR_VALUE(PeriphClkInit->PLLDivR));
1372:stm/stm32f4xx/STM32F4xx_HAL_Driver/Src/stm32f4xx_hal_rcc_ex.c **** 
1373:stm/stm32f4xx/STM32F4xx_HAL_Driver/Src/stm32f4xx_hal_rcc_ex.c ****       /* SAI_CLK_x = SAI_CLK(first level)/PLLDIVR */
1374:stm/stm32f4xx/STM32F4xx_HAL_Driver/Src/stm32f4xx_hal_rcc_ex.c ****       __HAL_RCC_PLL_PLLSAICLKDIVR_CONFIG(PeriphClkInit->PLLDivR);
1375:stm/stm32f4xx/STM32F4xx_HAL_Driver/Src/stm32f4xx_hal_rcc_ex.c ****     }
1376:stm/stm32f4xx/STM32F4xx_HAL_Driver/Src/stm32f4xx_hal_rcc_ex.c ****   }
1377:stm/stm32f4xx/STM32F4xx_HAL_Driver/Src/stm32f4xx_hal_rcc_ex.c ****   /*--------------------------------------------------------------------------*/
1378:stm/stm32f4xx/STM32F4xx_HAL_Driver/Src/stm32f4xx_hal_rcc_ex.c **** #endif /* STM32F413xx || STM32F423xx */
1379:stm/stm32f4xx/STM32F4xx_HAL_Driver/Src/stm32f4xx_hal_rcc_ex.c **** 
1380:stm/stm32f4xx/STM32F4xx_HAL_Driver/Src/stm32f4xx_hal_rcc_ex.c ****   /*------------------------------------ RTC configuration -------------------*/
1381:stm/stm32f4xx/STM32F4xx_HAL_Driver/Src/stm32f4xx_hal_rcc_ex.c ****   if(((PeriphClkInit->PeriphClockSelection) & RCC_PERIPHCLK_RTC) == (RCC_PERIPHCLK_RTC))
1382:stm/stm32f4xx/STM32F4xx_HAL_Driver/Src/stm32f4xx_hal_rcc_ex.c ****   {
1383:stm/stm32f4xx/STM32F4xx_HAL_Driver/Src/stm32f4xx_hal_rcc_ex.c ****     /* Check for RTC Parameters used to output RTCCLK */
1384:stm/stm32f4xx/STM32F4xx_HAL_Driver/Src/stm32f4xx_hal_rcc_ex.c ****     assert_param(IS_RCC_RTCCLKSOURCE(PeriphClkInit->RTCClockSelection));
ARM GAS  /tmp/ccsRaXLF.s 			page 61


1385:stm/stm32f4xx/STM32F4xx_HAL_Driver/Src/stm32f4xx_hal_rcc_ex.c **** 
1386:stm/stm32f4xx/STM32F4xx_HAL_Driver/Src/stm32f4xx_hal_rcc_ex.c ****     /* Enable Power Clock*/
1387:stm/stm32f4xx/STM32F4xx_HAL_Driver/Src/stm32f4xx_hal_rcc_ex.c ****     __HAL_RCC_PWR_CLK_ENABLE();
1388:stm/stm32f4xx/STM32F4xx_HAL_Driver/Src/stm32f4xx_hal_rcc_ex.c **** 
1389:stm/stm32f4xx/STM32F4xx_HAL_Driver/Src/stm32f4xx_hal_rcc_ex.c ****     /* Enable write access to Backup domain */
1390:stm/stm32f4xx/STM32F4xx_HAL_Driver/Src/stm32f4xx_hal_rcc_ex.c ****     PWR->CR |= PWR_CR_DBP;
1391:stm/stm32f4xx/STM32F4xx_HAL_Driver/Src/stm32f4xx_hal_rcc_ex.c **** 
1392:stm/stm32f4xx/STM32F4xx_HAL_Driver/Src/stm32f4xx_hal_rcc_ex.c ****     /* Get tick */
1393:stm/stm32f4xx/STM32F4xx_HAL_Driver/Src/stm32f4xx_hal_rcc_ex.c ****     tickstart = HAL_GetTick();
1394:stm/stm32f4xx/STM32F4xx_HAL_Driver/Src/stm32f4xx_hal_rcc_ex.c **** 
1395:stm/stm32f4xx/STM32F4xx_HAL_Driver/Src/stm32f4xx_hal_rcc_ex.c ****     while((PWR->CR & PWR_CR_DBP) == RESET)
1396:stm/stm32f4xx/STM32F4xx_HAL_Driver/Src/stm32f4xx_hal_rcc_ex.c ****     {
1397:stm/stm32f4xx/STM32F4xx_HAL_Driver/Src/stm32f4xx_hal_rcc_ex.c ****       if((HAL_GetTick() - tickstart ) > RCC_DBP_TIMEOUT_VALUE)
1398:stm/stm32f4xx/STM32F4xx_HAL_Driver/Src/stm32f4xx_hal_rcc_ex.c ****       {
1399:stm/stm32f4xx/STM32F4xx_HAL_Driver/Src/stm32f4xx_hal_rcc_ex.c ****         return HAL_TIMEOUT;
1400:stm/stm32f4xx/STM32F4xx_HAL_Driver/Src/stm32f4xx_hal_rcc_ex.c ****       }
1401:stm/stm32f4xx/STM32F4xx_HAL_Driver/Src/stm32f4xx_hal_rcc_ex.c ****     }
1402:stm/stm32f4xx/STM32F4xx_HAL_Driver/Src/stm32f4xx_hal_rcc_ex.c ****     /* Reset the Backup domain only if the RTC Clock source selection is modified from reset value 
1403:stm/stm32f4xx/STM32F4xx_HAL_Driver/Src/stm32f4xx_hal_rcc_ex.c ****     tmpreg1 = (RCC->BDCR & RCC_BDCR_RTCSEL);
1404:stm/stm32f4xx/STM32F4xx_HAL_Driver/Src/stm32f4xx_hal_rcc_ex.c ****     if((tmpreg1 != 0x00000000U) && ((tmpreg1) != (PeriphClkInit->RTCClockSelection & RCC_BDCR_RTCSE
1405:stm/stm32f4xx/STM32F4xx_HAL_Driver/Src/stm32f4xx_hal_rcc_ex.c ****     {
1406:stm/stm32f4xx/STM32F4xx_HAL_Driver/Src/stm32f4xx_hal_rcc_ex.c ****       /* Store the content of BDCR register before the reset of Backup Domain */
1407:stm/stm32f4xx/STM32F4xx_HAL_Driver/Src/stm32f4xx_hal_rcc_ex.c ****       tmpreg1 = (RCC->BDCR & ~(RCC_BDCR_RTCSEL));
1408:stm/stm32f4xx/STM32F4xx_HAL_Driver/Src/stm32f4xx_hal_rcc_ex.c ****       /* RTC Clock selection can be changed only if the Backup Domain is reset */
1409:stm/stm32f4xx/STM32F4xx_HAL_Driver/Src/stm32f4xx_hal_rcc_ex.c ****       __HAL_RCC_BACKUPRESET_FORCE();
1410:stm/stm32f4xx/STM32F4xx_HAL_Driver/Src/stm32f4xx_hal_rcc_ex.c ****       __HAL_RCC_BACKUPRESET_RELEASE();
1411:stm/stm32f4xx/STM32F4xx_HAL_Driver/Src/stm32f4xx_hal_rcc_ex.c ****       /* Restore the Content of BDCR register */
1412:stm/stm32f4xx/STM32F4xx_HAL_Driver/Src/stm32f4xx_hal_rcc_ex.c ****       RCC->BDCR = tmpreg1;
1413:stm/stm32f4xx/STM32F4xx_HAL_Driver/Src/stm32f4xx_hal_rcc_ex.c **** 
1414:stm/stm32f4xx/STM32F4xx_HAL_Driver/Src/stm32f4xx_hal_rcc_ex.c ****       /* Wait for LSE reactivation if LSE was enable prior to Backup Domain reset */
1415:stm/stm32f4xx/STM32F4xx_HAL_Driver/Src/stm32f4xx_hal_rcc_ex.c ****       if(HAL_IS_BIT_SET(RCC->BDCR, RCC_BDCR_LSEON))
1416:stm/stm32f4xx/STM32F4xx_HAL_Driver/Src/stm32f4xx_hal_rcc_ex.c ****       {
1417:stm/stm32f4xx/STM32F4xx_HAL_Driver/Src/stm32f4xx_hal_rcc_ex.c ****         /* Get tick */
1418:stm/stm32f4xx/STM32F4xx_HAL_Driver/Src/stm32f4xx_hal_rcc_ex.c ****         tickstart = HAL_GetTick();
1419:stm/stm32f4xx/STM32F4xx_HAL_Driver/Src/stm32f4xx_hal_rcc_ex.c **** 
1420:stm/stm32f4xx/STM32F4xx_HAL_Driver/Src/stm32f4xx_hal_rcc_ex.c ****         /* Wait till LSE is ready */
1421:stm/stm32f4xx/STM32F4xx_HAL_Driver/Src/stm32f4xx_hal_rcc_ex.c ****         while(__HAL_RCC_GET_FLAG(RCC_FLAG_LSERDY) == RESET)
1422:stm/stm32f4xx/STM32F4xx_HAL_Driver/Src/stm32f4xx_hal_rcc_ex.c ****         {
1423:stm/stm32f4xx/STM32F4xx_HAL_Driver/Src/stm32f4xx_hal_rcc_ex.c ****           if((HAL_GetTick() - tickstart ) > RCC_LSE_TIMEOUT_VALUE)
1424:stm/stm32f4xx/STM32F4xx_HAL_Driver/Src/stm32f4xx_hal_rcc_ex.c ****           {
1425:stm/stm32f4xx/STM32F4xx_HAL_Driver/Src/stm32f4xx_hal_rcc_ex.c ****             return HAL_TIMEOUT;
1426:stm/stm32f4xx/STM32F4xx_HAL_Driver/Src/stm32f4xx_hal_rcc_ex.c ****           }
1427:stm/stm32f4xx/STM32F4xx_HAL_Driver/Src/stm32f4xx_hal_rcc_ex.c ****         }
1428:stm/stm32f4xx/STM32F4xx_HAL_Driver/Src/stm32f4xx_hal_rcc_ex.c ****       }
1429:stm/stm32f4xx/STM32F4xx_HAL_Driver/Src/stm32f4xx_hal_rcc_ex.c ****     }
1430:stm/stm32f4xx/STM32F4xx_HAL_Driver/Src/stm32f4xx_hal_rcc_ex.c ****     __HAL_RCC_RTC_CONFIG(PeriphClkInit->RTCClockSelection);
1431:stm/stm32f4xx/STM32F4xx_HAL_Driver/Src/stm32f4xx_hal_rcc_ex.c ****   }
1432:stm/stm32f4xx/STM32F4xx_HAL_Driver/Src/stm32f4xx_hal_rcc_ex.c ****   /*--------------------------------------------------------------------------*/
1433:stm/stm32f4xx/STM32F4xx_HAL_Driver/Src/stm32f4xx_hal_rcc_ex.c **** 
1434:stm/stm32f4xx/STM32F4xx_HAL_Driver/Src/stm32f4xx_hal_rcc_ex.c ****   /*------------------------------------ TIM configuration -------------------*/
1435:stm/stm32f4xx/STM32F4xx_HAL_Driver/Src/stm32f4xx_hal_rcc_ex.c ****   if(((PeriphClkInit->PeriphClockSelection) & RCC_PERIPHCLK_TIM) == (RCC_PERIPHCLK_TIM))
1436:stm/stm32f4xx/STM32F4xx_HAL_Driver/Src/stm32f4xx_hal_rcc_ex.c ****   {
1437:stm/stm32f4xx/STM32F4xx_HAL_Driver/Src/stm32f4xx_hal_rcc_ex.c ****     /* Configure Timer Prescaler */
1438:stm/stm32f4xx/STM32F4xx_HAL_Driver/Src/stm32f4xx_hal_rcc_ex.c ****     __HAL_RCC_TIMCLKPRESCALER(PeriphClkInit->TIMPresSelection);
1439:stm/stm32f4xx/STM32F4xx_HAL_Driver/Src/stm32f4xx_hal_rcc_ex.c ****   }
1440:stm/stm32f4xx/STM32F4xx_HAL_Driver/Src/stm32f4xx_hal_rcc_ex.c ****   /*--------------------------------------------------------------------------*/
1441:stm/stm32f4xx/STM32F4xx_HAL_Driver/Src/stm32f4xx_hal_rcc_ex.c **** 
ARM GAS  /tmp/ccsRaXLF.s 			page 62


1442:stm/stm32f4xx/STM32F4xx_HAL_Driver/Src/stm32f4xx_hal_rcc_ex.c ****   /*------------------------------------- FMPI2C1 Configuration --------------*/
1443:stm/stm32f4xx/STM32F4xx_HAL_Driver/Src/stm32f4xx_hal_rcc_ex.c ****   if(((PeriphClkInit->PeriphClockSelection) & RCC_PERIPHCLK_FMPI2C1) == RCC_PERIPHCLK_FMPI2C1)
1444:stm/stm32f4xx/STM32F4xx_HAL_Driver/Src/stm32f4xx_hal_rcc_ex.c ****   {
1445:stm/stm32f4xx/STM32F4xx_HAL_Driver/Src/stm32f4xx_hal_rcc_ex.c ****     /* Check the parameters */
1446:stm/stm32f4xx/STM32F4xx_HAL_Driver/Src/stm32f4xx_hal_rcc_ex.c ****     assert_param(IS_RCC_FMPI2C1CLKSOURCE(PeriphClkInit->Fmpi2c1ClockSelection));
1447:stm/stm32f4xx/STM32F4xx_HAL_Driver/Src/stm32f4xx_hal_rcc_ex.c **** 
1448:stm/stm32f4xx/STM32F4xx_HAL_Driver/Src/stm32f4xx_hal_rcc_ex.c ****     /* Configure the FMPI2C1 clock source */
1449:stm/stm32f4xx/STM32F4xx_HAL_Driver/Src/stm32f4xx_hal_rcc_ex.c ****     __HAL_RCC_FMPI2C1_CONFIG(PeriphClkInit->Fmpi2c1ClockSelection);
1450:stm/stm32f4xx/STM32F4xx_HAL_Driver/Src/stm32f4xx_hal_rcc_ex.c ****   }
1451:stm/stm32f4xx/STM32F4xx_HAL_Driver/Src/stm32f4xx_hal_rcc_ex.c ****   /*--------------------------------------------------------------------------*/
1452:stm/stm32f4xx/STM32F4xx_HAL_Driver/Src/stm32f4xx_hal_rcc_ex.c **** 
1453:stm/stm32f4xx/STM32F4xx_HAL_Driver/Src/stm32f4xx_hal_rcc_ex.c ****   /*------------------------------------- CLK48 Configuration ----------------*/
1454:stm/stm32f4xx/STM32F4xx_HAL_Driver/Src/stm32f4xx_hal_rcc_ex.c ****   if(((PeriphClkInit->PeriphClockSelection) & RCC_PERIPHCLK_CLK48) == RCC_PERIPHCLK_CLK48)
1455:stm/stm32f4xx/STM32F4xx_HAL_Driver/Src/stm32f4xx_hal_rcc_ex.c ****   {
1456:stm/stm32f4xx/STM32F4xx_HAL_Driver/Src/stm32f4xx_hal_rcc_ex.c ****     /* Check the parameters */
1457:stm/stm32f4xx/STM32F4xx_HAL_Driver/Src/stm32f4xx_hal_rcc_ex.c ****     assert_param(IS_RCC_CLK48CLKSOURCE(PeriphClkInit->Clk48ClockSelection));
1458:stm/stm32f4xx/STM32F4xx_HAL_Driver/Src/stm32f4xx_hal_rcc_ex.c **** 
1459:stm/stm32f4xx/STM32F4xx_HAL_Driver/Src/stm32f4xx_hal_rcc_ex.c ****     /* Configure the SDIO clock source */
1460:stm/stm32f4xx/STM32F4xx_HAL_Driver/Src/stm32f4xx_hal_rcc_ex.c ****     __HAL_RCC_CLK48_CONFIG(PeriphClkInit->Clk48ClockSelection);
1461:stm/stm32f4xx/STM32F4xx_HAL_Driver/Src/stm32f4xx_hal_rcc_ex.c **** 
1462:stm/stm32f4xx/STM32F4xx_HAL_Driver/Src/stm32f4xx_hal_rcc_ex.c ****     /* Enable the PLLI2S when it's used as clock source for CLK48 */
1463:stm/stm32f4xx/STM32F4xx_HAL_Driver/Src/stm32f4xx_hal_rcc_ex.c ****     if(PeriphClkInit->Clk48ClockSelection == RCC_CLK48CLKSOURCE_PLLI2SQ)
1464:stm/stm32f4xx/STM32F4xx_HAL_Driver/Src/stm32f4xx_hal_rcc_ex.c ****     {
1465:stm/stm32f4xx/STM32F4xx_HAL_Driver/Src/stm32f4xx_hal_rcc_ex.c ****       plli2sused = 1U;
1466:stm/stm32f4xx/STM32F4xx_HAL_Driver/Src/stm32f4xx_hal_rcc_ex.c ****     }
1467:stm/stm32f4xx/STM32F4xx_HAL_Driver/Src/stm32f4xx_hal_rcc_ex.c ****   }
1468:stm/stm32f4xx/STM32F4xx_HAL_Driver/Src/stm32f4xx_hal_rcc_ex.c ****   /*--------------------------------------------------------------------------*/
1469:stm/stm32f4xx/STM32F4xx_HAL_Driver/Src/stm32f4xx_hal_rcc_ex.c **** 
1470:stm/stm32f4xx/STM32F4xx_HAL_Driver/Src/stm32f4xx_hal_rcc_ex.c ****   /*------------------------------------- SDIO Configuration -----------------*/
1471:stm/stm32f4xx/STM32F4xx_HAL_Driver/Src/stm32f4xx_hal_rcc_ex.c ****   if(((PeriphClkInit->PeriphClockSelection) & RCC_PERIPHCLK_SDIO) == RCC_PERIPHCLK_SDIO)
1472:stm/stm32f4xx/STM32F4xx_HAL_Driver/Src/stm32f4xx_hal_rcc_ex.c ****   {
1473:stm/stm32f4xx/STM32F4xx_HAL_Driver/Src/stm32f4xx_hal_rcc_ex.c ****     /* Check the parameters */
1474:stm/stm32f4xx/STM32F4xx_HAL_Driver/Src/stm32f4xx_hal_rcc_ex.c ****     assert_param(IS_RCC_SDIOCLKSOURCE(PeriphClkInit->SdioClockSelection));
1475:stm/stm32f4xx/STM32F4xx_HAL_Driver/Src/stm32f4xx_hal_rcc_ex.c **** 
1476:stm/stm32f4xx/STM32F4xx_HAL_Driver/Src/stm32f4xx_hal_rcc_ex.c ****     /* Configure the SDIO clock source */
1477:stm/stm32f4xx/STM32F4xx_HAL_Driver/Src/stm32f4xx_hal_rcc_ex.c ****     __HAL_RCC_SDIO_CONFIG(PeriphClkInit->SdioClockSelection);
1478:stm/stm32f4xx/STM32F4xx_HAL_Driver/Src/stm32f4xx_hal_rcc_ex.c ****   }
1479:stm/stm32f4xx/STM32F4xx_HAL_Driver/Src/stm32f4xx_hal_rcc_ex.c ****   /*--------------------------------------------------------------------------*/
1480:stm/stm32f4xx/STM32F4xx_HAL_Driver/Src/stm32f4xx_hal_rcc_ex.c **** 
1481:stm/stm32f4xx/STM32F4xx_HAL_Driver/Src/stm32f4xx_hal_rcc_ex.c ****   /*-------------------------------------- PLLI2S Configuration --------------*/
1482:stm/stm32f4xx/STM32F4xx_HAL_Driver/Src/stm32f4xx_hal_rcc_ex.c ****   /* PLLI2S is configured when a peripheral will use it as source clock : I2S on APB1 or
1483:stm/stm32f4xx/STM32F4xx_HAL_Driver/Src/stm32f4xx_hal_rcc_ex.c ****      I2S on APB2*/
1484:stm/stm32f4xx/STM32F4xx_HAL_Driver/Src/stm32f4xx_hal_rcc_ex.c ****   if((plli2sused == 1U) || (PeriphClkInit->PeriphClockSelection == RCC_PERIPHCLK_PLLI2S))
1485:stm/stm32f4xx/STM32F4xx_HAL_Driver/Src/stm32f4xx_hal_rcc_ex.c ****   {
1486:stm/stm32f4xx/STM32F4xx_HAL_Driver/Src/stm32f4xx_hal_rcc_ex.c ****     /* Disable the PLLI2S */
1487:stm/stm32f4xx/STM32F4xx_HAL_Driver/Src/stm32f4xx_hal_rcc_ex.c ****     __HAL_RCC_PLLI2S_DISABLE();
1488:stm/stm32f4xx/STM32F4xx_HAL_Driver/Src/stm32f4xx_hal_rcc_ex.c ****     /* Get tick */
1489:stm/stm32f4xx/STM32F4xx_HAL_Driver/Src/stm32f4xx_hal_rcc_ex.c ****     tickstart = HAL_GetTick();
1490:stm/stm32f4xx/STM32F4xx_HAL_Driver/Src/stm32f4xx_hal_rcc_ex.c ****     /* Wait till PLLI2S is disabled */
1491:stm/stm32f4xx/STM32F4xx_HAL_Driver/Src/stm32f4xx_hal_rcc_ex.c ****     while(__HAL_RCC_GET_FLAG(RCC_FLAG_PLLI2SRDY)  != RESET)
1492:stm/stm32f4xx/STM32F4xx_HAL_Driver/Src/stm32f4xx_hal_rcc_ex.c ****     {
1493:stm/stm32f4xx/STM32F4xx_HAL_Driver/Src/stm32f4xx_hal_rcc_ex.c ****       if((HAL_GetTick() - tickstart ) > PLLI2S_TIMEOUT_VALUE)
1494:stm/stm32f4xx/STM32F4xx_HAL_Driver/Src/stm32f4xx_hal_rcc_ex.c ****       {
1495:stm/stm32f4xx/STM32F4xx_HAL_Driver/Src/stm32f4xx_hal_rcc_ex.c ****         /* return in case of Timeout detected */
1496:stm/stm32f4xx/STM32F4xx_HAL_Driver/Src/stm32f4xx_hal_rcc_ex.c ****         return HAL_TIMEOUT;
1497:stm/stm32f4xx/STM32F4xx_HAL_Driver/Src/stm32f4xx_hal_rcc_ex.c ****       }
1498:stm/stm32f4xx/STM32F4xx_HAL_Driver/Src/stm32f4xx_hal_rcc_ex.c ****     }
ARM GAS  /tmp/ccsRaXLF.s 			page 63


1499:stm/stm32f4xx/STM32F4xx_HAL_Driver/Src/stm32f4xx_hal_rcc_ex.c **** 
1500:stm/stm32f4xx/STM32F4xx_HAL_Driver/Src/stm32f4xx_hal_rcc_ex.c ****     /* check for common PLLI2S Parameters */
1501:stm/stm32f4xx/STM32F4xx_HAL_Driver/Src/stm32f4xx_hal_rcc_ex.c ****     assert_param(IS_RCC_PLLI2SCLKSOURCE(PeriphClkInit->PLLI2SSelection));
1502:stm/stm32f4xx/STM32F4xx_HAL_Driver/Src/stm32f4xx_hal_rcc_ex.c ****     assert_param(IS_RCC_PLLI2SM_VALUE(PeriphClkInit->PLLI2S.PLLI2SM));
1503:stm/stm32f4xx/STM32F4xx_HAL_Driver/Src/stm32f4xx_hal_rcc_ex.c ****     assert_param(IS_RCC_PLLI2SN_VALUE(PeriphClkInit->PLLI2S.PLLI2SN));
1504:stm/stm32f4xx/STM32F4xx_HAL_Driver/Src/stm32f4xx_hal_rcc_ex.c ****     /*-------------------- Set the PLL I2S clock -----------------------------*/
1505:stm/stm32f4xx/STM32F4xx_HAL_Driver/Src/stm32f4xx_hal_rcc_ex.c ****     __HAL_RCC_PLL_I2S_CONFIG(PeriphClkInit->PLLI2SSelection);
1506:stm/stm32f4xx/STM32F4xx_HAL_Driver/Src/stm32f4xx_hal_rcc_ex.c **** 
1507:stm/stm32f4xx/STM32F4xx_HAL_Driver/Src/stm32f4xx_hal_rcc_ex.c ****     /*------- In Case of PLLI2S is selected as source clock for I2S ----------*/
1508:stm/stm32f4xx/STM32F4xx_HAL_Driver/Src/stm32f4xx_hal_rcc_ex.c ****     if(((((PeriphClkInit->PeriphClockSelection) & RCC_PERIPHCLK_I2S_APB1) == RCC_PERIPHCLK_I2S_APB1
1509:stm/stm32f4xx/STM32F4xx_HAL_Driver/Src/stm32f4xx_hal_rcc_ex.c ****        ((((PeriphClkInit->PeriphClockSelection) & RCC_PERIPHCLK_I2S_APB2) == RCC_PERIPHCLK_I2S_APB2
1510:stm/stm32f4xx/STM32F4xx_HAL_Driver/Src/stm32f4xx_hal_rcc_ex.c ****        ((((PeriphClkInit->PeriphClockSelection) & RCC_PERIPHCLK_CLK48) == RCC_PERIPHCLK_CLK48) && (
1511:stm/stm32f4xx/STM32F4xx_HAL_Driver/Src/stm32f4xx_hal_rcc_ex.c ****        ((((PeriphClkInit->PeriphClockSelection) & RCC_PERIPHCLK_SDIO) == RCC_PERIPHCLK_SDIO) && (Pe
1512:stm/stm32f4xx/STM32F4xx_HAL_Driver/Src/stm32f4xx_hal_rcc_ex.c ****     {
1513:stm/stm32f4xx/STM32F4xx_HAL_Driver/Src/stm32f4xx_hal_rcc_ex.c ****       /* check for Parameters */
1514:stm/stm32f4xx/STM32F4xx_HAL_Driver/Src/stm32f4xx_hal_rcc_ex.c ****       assert_param(IS_RCC_PLLI2SR_VALUE(PeriphClkInit->PLLI2S.PLLI2SR));
1515:stm/stm32f4xx/STM32F4xx_HAL_Driver/Src/stm32f4xx_hal_rcc_ex.c ****       assert_param(IS_RCC_PLLI2SQ_VALUE(PeriphClkInit->PLLI2S.PLLI2SQ));
1516:stm/stm32f4xx/STM32F4xx_HAL_Driver/Src/stm32f4xx_hal_rcc_ex.c **** 
1517:stm/stm32f4xx/STM32F4xx_HAL_Driver/Src/stm32f4xx_hal_rcc_ex.c ****       /* Configure the PLLI2S division factors */
1518:stm/stm32f4xx/STM32F4xx_HAL_Driver/Src/stm32f4xx_hal_rcc_ex.c ****       /* PLLI2S_VCO = f(VCO clock) = f(PLLI2S clock input) * (PLLI2SN/PLLI2SM)*/
1519:stm/stm32f4xx/STM32F4xx_HAL_Driver/Src/stm32f4xx_hal_rcc_ex.c ****       /* I2SCLK = f(PLLI2S clock output) = f(VCO clock) / PLLI2SR */
1520:stm/stm32f4xx/STM32F4xx_HAL_Driver/Src/stm32f4xx_hal_rcc_ex.c ****       __HAL_RCC_PLLI2S_CONFIG(PeriphClkInit->PLLI2S.PLLI2SM, PeriphClkInit->PLLI2S.PLLI2SN , Periph
1521:stm/stm32f4xx/STM32F4xx_HAL_Driver/Src/stm32f4xx_hal_rcc_ex.c ****     }
1522:stm/stm32f4xx/STM32F4xx_HAL_Driver/Src/stm32f4xx_hal_rcc_ex.c **** 
1523:stm/stm32f4xx/STM32F4xx_HAL_Driver/Src/stm32f4xx_hal_rcc_ex.c **** #if defined(STM32F413xx) || defined(STM32F423xx)
1524:stm/stm32f4xx/STM32F4xx_HAL_Driver/Src/stm32f4xx_hal_rcc_ex.c ****     /*------- In Case of PLLI2S is selected as source clock for SAI ----------*/
1525:stm/stm32f4xx/STM32F4xx_HAL_Driver/Src/stm32f4xx_hal_rcc_ex.c ****     if(((((PeriphClkInit->PeriphClockSelection) & RCC_PERIPHCLK_SAIA) == RCC_PERIPHCLK_SAIA) && (Pe
1526:stm/stm32f4xx/STM32F4xx_HAL_Driver/Src/stm32f4xx_hal_rcc_ex.c ****        ((((PeriphClkInit->PeriphClockSelection) & RCC_PERIPHCLK_SAIB) == RCC_PERIPHCLK_SAIB) && (Pe
1527:stm/stm32f4xx/STM32F4xx_HAL_Driver/Src/stm32f4xx_hal_rcc_ex.c ****     {
1528:stm/stm32f4xx/STM32F4xx_HAL_Driver/Src/stm32f4xx_hal_rcc_ex.c ****       /* Check for PLLI2S Parameters */
1529:stm/stm32f4xx/STM32F4xx_HAL_Driver/Src/stm32f4xx_hal_rcc_ex.c ****       assert_param(IS_RCC_PLLI2SR_VALUE(PeriphClkInit->PLLI2S.PLLI2SR));
1530:stm/stm32f4xx/STM32F4xx_HAL_Driver/Src/stm32f4xx_hal_rcc_ex.c ****       /* Check for PLLI2S/DIVR parameters */
1531:stm/stm32f4xx/STM32F4xx_HAL_Driver/Src/stm32f4xx_hal_rcc_ex.c ****       assert_param(IS_RCC_PLLI2S_DIVR_VALUE(PeriphClkInit->PLLI2SDivR));
1532:stm/stm32f4xx/STM32F4xx_HAL_Driver/Src/stm32f4xx_hal_rcc_ex.c **** 
1533:stm/stm32f4xx/STM32F4xx_HAL_Driver/Src/stm32f4xx_hal_rcc_ex.c ****       /* Read PLLI2SQ value from PLLI2SCFGR register (this value is not needed for SAI configuratio
1534:stm/stm32f4xx/STM32F4xx_HAL_Driver/Src/stm32f4xx_hal_rcc_ex.c ****       plli2sq = ((RCC->PLLI2SCFGR & RCC_PLLI2SCFGR_PLLI2SQ) >> RCC_PLLI2SCFGR_PLLI2SQ_Pos);
1535:stm/stm32f4xx/STM32F4xx_HAL_Driver/Src/stm32f4xx_hal_rcc_ex.c ****       /* Configure the PLLI2S division factors */
1536:stm/stm32f4xx/STM32F4xx_HAL_Driver/Src/stm32f4xx_hal_rcc_ex.c ****       /* PLLI2S_VCO Input  = PLL_SOURCE/PLLI2SM */
1537:stm/stm32f4xx/STM32F4xx_HAL_Driver/Src/stm32f4xx_hal_rcc_ex.c ****       /* PLLI2S_VCO Output = PLLI2S_VCO Input * PLLI2SN */
1538:stm/stm32f4xx/STM32F4xx_HAL_Driver/Src/stm32f4xx_hal_rcc_ex.c ****       /* SAI_CLK(first level) = PLLI2S_VCO Output/PLLI2SQ */
1539:stm/stm32f4xx/STM32F4xx_HAL_Driver/Src/stm32f4xx_hal_rcc_ex.c ****       __HAL_RCC_PLLI2S_CONFIG(PeriphClkInit->PLLI2S.PLLI2SM, PeriphClkInit->PLLI2S.PLLI2SN, plli2sq
1540:stm/stm32f4xx/STM32F4xx_HAL_Driver/Src/stm32f4xx_hal_rcc_ex.c **** 
1541:stm/stm32f4xx/STM32F4xx_HAL_Driver/Src/stm32f4xx_hal_rcc_ex.c ****       /* SAI_CLK_x = SAI_CLK(first level)/PLLI2SDIVR */
1542:stm/stm32f4xx/STM32F4xx_HAL_Driver/Src/stm32f4xx_hal_rcc_ex.c ****       __HAL_RCC_PLLI2S_PLLSAICLKDIVR_CONFIG(PeriphClkInit->PLLI2SDivR);
1543:stm/stm32f4xx/STM32F4xx_HAL_Driver/Src/stm32f4xx_hal_rcc_ex.c ****     }
1544:stm/stm32f4xx/STM32F4xx_HAL_Driver/Src/stm32f4xx_hal_rcc_ex.c **** #endif /* STM32F413xx || STM32F423xx */
1545:stm/stm32f4xx/STM32F4xx_HAL_Driver/Src/stm32f4xx_hal_rcc_ex.c **** 
1546:stm/stm32f4xx/STM32F4xx_HAL_Driver/Src/stm32f4xx_hal_rcc_ex.c ****     /*----------------- In Case of PLLI2S is just selected  ------------------*/
1547:stm/stm32f4xx/STM32F4xx_HAL_Driver/Src/stm32f4xx_hal_rcc_ex.c ****     if((PeriphClkInit->PeriphClockSelection & RCC_PERIPHCLK_PLLI2S) == RCC_PERIPHCLK_PLLI2S)
1548:stm/stm32f4xx/STM32F4xx_HAL_Driver/Src/stm32f4xx_hal_rcc_ex.c ****     {
1549:stm/stm32f4xx/STM32F4xx_HAL_Driver/Src/stm32f4xx_hal_rcc_ex.c ****       /* Check for Parameters */
1550:stm/stm32f4xx/STM32F4xx_HAL_Driver/Src/stm32f4xx_hal_rcc_ex.c ****       assert_param(IS_RCC_PLLI2SR_VALUE(PeriphClkInit->PLLI2S.PLLI2SR));
1551:stm/stm32f4xx/STM32F4xx_HAL_Driver/Src/stm32f4xx_hal_rcc_ex.c ****       assert_param(IS_RCC_PLLI2SQ_VALUE(PeriphClkInit->PLLI2S.PLLI2SQ));
1552:stm/stm32f4xx/STM32F4xx_HAL_Driver/Src/stm32f4xx_hal_rcc_ex.c **** 
1553:stm/stm32f4xx/STM32F4xx_HAL_Driver/Src/stm32f4xx_hal_rcc_ex.c ****       /* Configure the PLLI2S division factors */
1554:stm/stm32f4xx/STM32F4xx_HAL_Driver/Src/stm32f4xx_hal_rcc_ex.c ****       /* PLLI2S_VCO = f(VCO clock) = f(PLLI2S clock input) * (PLLI2SN/PLLI2SM)*/
1555:stm/stm32f4xx/STM32F4xx_HAL_Driver/Src/stm32f4xx_hal_rcc_ex.c ****       /* SPDIFRXCLK = f(PLLI2S clock output) = f(VCO clock) / PLLI2SP */
ARM GAS  /tmp/ccsRaXLF.s 			page 64


1556:stm/stm32f4xx/STM32F4xx_HAL_Driver/Src/stm32f4xx_hal_rcc_ex.c ****       __HAL_RCC_PLLI2S_CONFIG(PeriphClkInit->PLLI2S.PLLI2SM, PeriphClkInit->PLLI2S.PLLI2SN , Periph
1557:stm/stm32f4xx/STM32F4xx_HAL_Driver/Src/stm32f4xx_hal_rcc_ex.c ****     }
1558:stm/stm32f4xx/STM32F4xx_HAL_Driver/Src/stm32f4xx_hal_rcc_ex.c **** 
1559:stm/stm32f4xx/STM32F4xx_HAL_Driver/Src/stm32f4xx_hal_rcc_ex.c ****     /* Enable the PLLI2S */
1560:stm/stm32f4xx/STM32F4xx_HAL_Driver/Src/stm32f4xx_hal_rcc_ex.c ****     __HAL_RCC_PLLI2S_ENABLE();
1561:stm/stm32f4xx/STM32F4xx_HAL_Driver/Src/stm32f4xx_hal_rcc_ex.c ****     /* Get tick */
1562:stm/stm32f4xx/STM32F4xx_HAL_Driver/Src/stm32f4xx_hal_rcc_ex.c ****     tickstart = HAL_GetTick();
1563:stm/stm32f4xx/STM32F4xx_HAL_Driver/Src/stm32f4xx_hal_rcc_ex.c ****     /* Wait till PLLI2S is ready */
1564:stm/stm32f4xx/STM32F4xx_HAL_Driver/Src/stm32f4xx_hal_rcc_ex.c ****     while(__HAL_RCC_GET_FLAG(RCC_FLAG_PLLI2SRDY)  == RESET)
1565:stm/stm32f4xx/STM32F4xx_HAL_Driver/Src/stm32f4xx_hal_rcc_ex.c ****     {
1566:stm/stm32f4xx/STM32F4xx_HAL_Driver/Src/stm32f4xx_hal_rcc_ex.c ****       if((HAL_GetTick() - tickstart ) > PLLI2S_TIMEOUT_VALUE)
1567:stm/stm32f4xx/STM32F4xx_HAL_Driver/Src/stm32f4xx_hal_rcc_ex.c ****       {
1568:stm/stm32f4xx/STM32F4xx_HAL_Driver/Src/stm32f4xx_hal_rcc_ex.c ****         /* return in case of Timeout detected */
1569:stm/stm32f4xx/STM32F4xx_HAL_Driver/Src/stm32f4xx_hal_rcc_ex.c ****         return HAL_TIMEOUT;
1570:stm/stm32f4xx/STM32F4xx_HAL_Driver/Src/stm32f4xx_hal_rcc_ex.c ****       }
1571:stm/stm32f4xx/STM32F4xx_HAL_Driver/Src/stm32f4xx_hal_rcc_ex.c ****     }
1572:stm/stm32f4xx/STM32F4xx_HAL_Driver/Src/stm32f4xx_hal_rcc_ex.c ****   }
1573:stm/stm32f4xx/STM32F4xx_HAL_Driver/Src/stm32f4xx_hal_rcc_ex.c ****   /*--------------------------------------------------------------------------*/
1574:stm/stm32f4xx/STM32F4xx_HAL_Driver/Src/stm32f4xx_hal_rcc_ex.c **** 
1575:stm/stm32f4xx/STM32F4xx_HAL_Driver/Src/stm32f4xx_hal_rcc_ex.c ****   /*-------------------- DFSDM1 clock source configuration -------------------*/
1576:stm/stm32f4xx/STM32F4xx_HAL_Driver/Src/stm32f4xx_hal_rcc_ex.c ****   if(((PeriphClkInit->PeriphClockSelection) & RCC_PERIPHCLK_DFSDM1) == RCC_PERIPHCLK_DFSDM1)
1577:stm/stm32f4xx/STM32F4xx_HAL_Driver/Src/stm32f4xx_hal_rcc_ex.c ****   {
1578:stm/stm32f4xx/STM32F4xx_HAL_Driver/Src/stm32f4xx_hal_rcc_ex.c ****     /* Check the parameters */
1579:stm/stm32f4xx/STM32F4xx_HAL_Driver/Src/stm32f4xx_hal_rcc_ex.c ****     assert_param(IS_RCC_DFSDM1CLKSOURCE(PeriphClkInit->Dfsdm1ClockSelection));
1580:stm/stm32f4xx/STM32F4xx_HAL_Driver/Src/stm32f4xx_hal_rcc_ex.c **** 
1581:stm/stm32f4xx/STM32F4xx_HAL_Driver/Src/stm32f4xx_hal_rcc_ex.c ****     /* Configure the DFSDM1 interface clock source */
1582:stm/stm32f4xx/STM32F4xx_HAL_Driver/Src/stm32f4xx_hal_rcc_ex.c ****     __HAL_RCC_DFSDM1_CONFIG(PeriphClkInit->Dfsdm1ClockSelection);
1583:stm/stm32f4xx/STM32F4xx_HAL_Driver/Src/stm32f4xx_hal_rcc_ex.c ****   }
1584:stm/stm32f4xx/STM32F4xx_HAL_Driver/Src/stm32f4xx_hal_rcc_ex.c ****   /*--------------------------------------------------------------------------*/
1585:stm/stm32f4xx/STM32F4xx_HAL_Driver/Src/stm32f4xx_hal_rcc_ex.c **** 
1586:stm/stm32f4xx/STM32F4xx_HAL_Driver/Src/stm32f4xx_hal_rcc_ex.c ****   /*-------------------- DFSDM1 Audio clock source configuration -------------*/
1587:stm/stm32f4xx/STM32F4xx_HAL_Driver/Src/stm32f4xx_hal_rcc_ex.c ****   if(((PeriphClkInit->PeriphClockSelection) & RCC_PERIPHCLK_DFSDM1_AUDIO) == RCC_PERIPHCLK_DFSDM1_A
1588:stm/stm32f4xx/STM32F4xx_HAL_Driver/Src/stm32f4xx_hal_rcc_ex.c ****   {
1589:stm/stm32f4xx/STM32F4xx_HAL_Driver/Src/stm32f4xx_hal_rcc_ex.c ****     /* Check the parameters */
1590:stm/stm32f4xx/STM32F4xx_HAL_Driver/Src/stm32f4xx_hal_rcc_ex.c ****     assert_param(IS_RCC_DFSDM1AUDIOCLKSOURCE(PeriphClkInit->Dfsdm1AudioClockSelection));
1591:stm/stm32f4xx/STM32F4xx_HAL_Driver/Src/stm32f4xx_hal_rcc_ex.c **** 
1592:stm/stm32f4xx/STM32F4xx_HAL_Driver/Src/stm32f4xx_hal_rcc_ex.c ****     /* Configure the DFSDM1 Audio interface clock source */
1593:stm/stm32f4xx/STM32F4xx_HAL_Driver/Src/stm32f4xx_hal_rcc_ex.c ****     __HAL_RCC_DFSDM1AUDIO_CONFIG(PeriphClkInit->Dfsdm1AudioClockSelection);
1594:stm/stm32f4xx/STM32F4xx_HAL_Driver/Src/stm32f4xx_hal_rcc_ex.c ****   }
1595:stm/stm32f4xx/STM32F4xx_HAL_Driver/Src/stm32f4xx_hal_rcc_ex.c ****   /*--------------------------------------------------------------------------*/
1596:stm/stm32f4xx/STM32F4xx_HAL_Driver/Src/stm32f4xx_hal_rcc_ex.c **** 
1597:stm/stm32f4xx/STM32F4xx_HAL_Driver/Src/stm32f4xx_hal_rcc_ex.c **** #if defined(STM32F413xx) || defined(STM32F423xx)
1598:stm/stm32f4xx/STM32F4xx_HAL_Driver/Src/stm32f4xx_hal_rcc_ex.c ****   /*-------------------- DFSDM2 clock source configuration -------------------*/
1599:stm/stm32f4xx/STM32F4xx_HAL_Driver/Src/stm32f4xx_hal_rcc_ex.c ****   if(((PeriphClkInit->PeriphClockSelection) & RCC_PERIPHCLK_DFSDM2) == RCC_PERIPHCLK_DFSDM2)
1600:stm/stm32f4xx/STM32F4xx_HAL_Driver/Src/stm32f4xx_hal_rcc_ex.c ****   {
1601:stm/stm32f4xx/STM32F4xx_HAL_Driver/Src/stm32f4xx_hal_rcc_ex.c ****     /* Check the parameters */
1602:stm/stm32f4xx/STM32F4xx_HAL_Driver/Src/stm32f4xx_hal_rcc_ex.c ****     assert_param(IS_RCC_DFSDM2CLKSOURCE(PeriphClkInit->Dfsdm2ClockSelection));
1603:stm/stm32f4xx/STM32F4xx_HAL_Driver/Src/stm32f4xx_hal_rcc_ex.c **** 
1604:stm/stm32f4xx/STM32F4xx_HAL_Driver/Src/stm32f4xx_hal_rcc_ex.c ****     /* Configure the DFSDM1 interface clock source */
1605:stm/stm32f4xx/STM32F4xx_HAL_Driver/Src/stm32f4xx_hal_rcc_ex.c ****     __HAL_RCC_DFSDM2_CONFIG(PeriphClkInit->Dfsdm2ClockSelection);
1606:stm/stm32f4xx/STM32F4xx_HAL_Driver/Src/stm32f4xx_hal_rcc_ex.c ****   }
1607:stm/stm32f4xx/STM32F4xx_HAL_Driver/Src/stm32f4xx_hal_rcc_ex.c ****   /*--------------------------------------------------------------------------*/
1608:stm/stm32f4xx/STM32F4xx_HAL_Driver/Src/stm32f4xx_hal_rcc_ex.c **** 
1609:stm/stm32f4xx/STM32F4xx_HAL_Driver/Src/stm32f4xx_hal_rcc_ex.c ****   /*-------------------- DFSDM2 Audio clock source configuration -------------*/
1610:stm/stm32f4xx/STM32F4xx_HAL_Driver/Src/stm32f4xx_hal_rcc_ex.c ****   if(((PeriphClkInit->PeriphClockSelection) & RCC_PERIPHCLK_DFSDM2_AUDIO) == RCC_PERIPHCLK_DFSDM2_A
1611:stm/stm32f4xx/STM32F4xx_HAL_Driver/Src/stm32f4xx_hal_rcc_ex.c ****   {
1612:stm/stm32f4xx/STM32F4xx_HAL_Driver/Src/stm32f4xx_hal_rcc_ex.c ****     /* Check the parameters */
ARM GAS  /tmp/ccsRaXLF.s 			page 65


1613:stm/stm32f4xx/STM32F4xx_HAL_Driver/Src/stm32f4xx_hal_rcc_ex.c ****     assert_param(IS_RCC_DFSDM2AUDIOCLKSOURCE(PeriphClkInit->Dfsdm2AudioClockSelection));
1614:stm/stm32f4xx/STM32F4xx_HAL_Driver/Src/stm32f4xx_hal_rcc_ex.c **** 
1615:stm/stm32f4xx/STM32F4xx_HAL_Driver/Src/stm32f4xx_hal_rcc_ex.c ****     /* Configure the DFSDM1 Audio interface clock source */
1616:stm/stm32f4xx/STM32F4xx_HAL_Driver/Src/stm32f4xx_hal_rcc_ex.c ****     __HAL_RCC_DFSDM2AUDIO_CONFIG(PeriphClkInit->Dfsdm2AudioClockSelection);
1617:stm/stm32f4xx/STM32F4xx_HAL_Driver/Src/stm32f4xx_hal_rcc_ex.c ****   }
1618:stm/stm32f4xx/STM32F4xx_HAL_Driver/Src/stm32f4xx_hal_rcc_ex.c ****   /*--------------------------------------------------------------------------*/
1619:stm/stm32f4xx/STM32F4xx_HAL_Driver/Src/stm32f4xx_hal_rcc_ex.c **** 
1620:stm/stm32f4xx/STM32F4xx_HAL_Driver/Src/stm32f4xx_hal_rcc_ex.c ****   /*---------------------------- LPTIM1 Configuration ------------------------*/
1621:stm/stm32f4xx/STM32F4xx_HAL_Driver/Src/stm32f4xx_hal_rcc_ex.c ****   if(((PeriphClkInit->PeriphClockSelection) & RCC_PERIPHCLK_LPTIM1) == RCC_PERIPHCLK_LPTIM1)
1622:stm/stm32f4xx/STM32F4xx_HAL_Driver/Src/stm32f4xx_hal_rcc_ex.c ****   {
1623:stm/stm32f4xx/STM32F4xx_HAL_Driver/Src/stm32f4xx_hal_rcc_ex.c ****     /* Check the parameters */
1624:stm/stm32f4xx/STM32F4xx_HAL_Driver/Src/stm32f4xx_hal_rcc_ex.c ****     assert_param(IS_RCC_LPTIM1CLKSOURCE(PeriphClkInit->Lptim1ClockSelection));
1625:stm/stm32f4xx/STM32F4xx_HAL_Driver/Src/stm32f4xx_hal_rcc_ex.c **** 
1626:stm/stm32f4xx/STM32F4xx_HAL_Driver/Src/stm32f4xx_hal_rcc_ex.c ****     /* Configure the LPTIM1 clock source */
1627:stm/stm32f4xx/STM32F4xx_HAL_Driver/Src/stm32f4xx_hal_rcc_ex.c ****     __HAL_RCC_LPTIM1_CONFIG(PeriphClkInit->Lptim1ClockSelection);
1628:stm/stm32f4xx/STM32F4xx_HAL_Driver/Src/stm32f4xx_hal_rcc_ex.c ****   }
1629:stm/stm32f4xx/STM32F4xx_HAL_Driver/Src/stm32f4xx_hal_rcc_ex.c ****   /*--------------------------------------------------------------------------*/
1630:stm/stm32f4xx/STM32F4xx_HAL_Driver/Src/stm32f4xx_hal_rcc_ex.c **** #endif /* STM32F413xx || STM32F423xx */
1631:stm/stm32f4xx/STM32F4xx_HAL_Driver/Src/stm32f4xx_hal_rcc_ex.c **** 
1632:stm/stm32f4xx/STM32F4xx_HAL_Driver/Src/stm32f4xx_hal_rcc_ex.c ****   return HAL_OK;
1633:stm/stm32f4xx/STM32F4xx_HAL_Driver/Src/stm32f4xx_hal_rcc_ex.c **** }
1634:stm/stm32f4xx/STM32F4xx_HAL_Driver/Src/stm32f4xx_hal_rcc_ex.c **** 
1635:stm/stm32f4xx/STM32F4xx_HAL_Driver/Src/stm32f4xx_hal_rcc_ex.c **** /**
1636:stm/stm32f4xx/STM32F4xx_HAL_Driver/Src/stm32f4xx_hal_rcc_ex.c ****   * @brief  Get the RCC_PeriphCLKInitTypeDef according to the internal
1637:stm/stm32f4xx/STM32F4xx_HAL_Driver/Src/stm32f4xx_hal_rcc_ex.c ****   *         RCC configuration registers.
1638:stm/stm32f4xx/STM32F4xx_HAL_Driver/Src/stm32f4xx_hal_rcc_ex.c ****   * @param  PeriphClkInit pointer to an RCC_PeriphCLKInitTypeDef structure that
1639:stm/stm32f4xx/STM32F4xx_HAL_Driver/Src/stm32f4xx_hal_rcc_ex.c ****   *         will be configured.
1640:stm/stm32f4xx/STM32F4xx_HAL_Driver/Src/stm32f4xx_hal_rcc_ex.c ****   * @retval None
1641:stm/stm32f4xx/STM32F4xx_HAL_Driver/Src/stm32f4xx_hal_rcc_ex.c ****   */
1642:stm/stm32f4xx/STM32F4xx_HAL_Driver/Src/stm32f4xx_hal_rcc_ex.c **** void HAL_RCCEx_GetPeriphCLKConfig(RCC_PeriphCLKInitTypeDef  *PeriphClkInit)
1643:stm/stm32f4xx/STM32F4xx_HAL_Driver/Src/stm32f4xx_hal_rcc_ex.c **** {
1644:stm/stm32f4xx/STM32F4xx_HAL_Driver/Src/stm32f4xx_hal_rcc_ex.c ****   uint32_t tempreg;
1645:stm/stm32f4xx/STM32F4xx_HAL_Driver/Src/stm32f4xx_hal_rcc_ex.c **** 
1646:stm/stm32f4xx/STM32F4xx_HAL_Driver/Src/stm32f4xx_hal_rcc_ex.c ****   /* Set all possible values for the extended clock type parameter------------*/
1647:stm/stm32f4xx/STM32F4xx_HAL_Driver/Src/stm32f4xx_hal_rcc_ex.c **** #if defined(STM32F413xx) || defined(STM32F423xx)
1648:stm/stm32f4xx/STM32F4xx_HAL_Driver/Src/stm32f4xx_hal_rcc_ex.c ****   PeriphClkInit->PeriphClockSelection = RCC_PERIPHCLK_I2S_APB1     | RCC_PERIPHCLK_I2S_APB2 |\
1649:stm/stm32f4xx/STM32F4xx_HAL_Driver/Src/stm32f4xx_hal_rcc_ex.c ****                                         RCC_PERIPHCLK_TIM          | RCC_PERIPHCLK_RTC      |\
1650:stm/stm32f4xx/STM32F4xx_HAL_Driver/Src/stm32f4xx_hal_rcc_ex.c ****                                         RCC_PERIPHCLK_FMPI2C1      | RCC_PERIPHCLK_CLK48    |\
1651:stm/stm32f4xx/STM32F4xx_HAL_Driver/Src/stm32f4xx_hal_rcc_ex.c ****                                         RCC_PERIPHCLK_SDIO         | RCC_PERIPHCLK_DFSDM1   |\
1652:stm/stm32f4xx/STM32F4xx_HAL_Driver/Src/stm32f4xx_hal_rcc_ex.c ****                                         RCC_PERIPHCLK_DFSDM1_AUDIO | RCC_PERIPHCLK_DFSDM2   |\
1653:stm/stm32f4xx/STM32F4xx_HAL_Driver/Src/stm32f4xx_hal_rcc_ex.c ****                                         RCC_PERIPHCLK_DFSDM2_AUDIO | RCC_PERIPHCLK_LPTIM1   |\
1654:stm/stm32f4xx/STM32F4xx_HAL_Driver/Src/stm32f4xx_hal_rcc_ex.c ****                                         RCC_PERIPHCLK_SAIA         | RCC_PERIPHCLK_SAIB;
1655:stm/stm32f4xx/STM32F4xx_HAL_Driver/Src/stm32f4xx_hal_rcc_ex.c **** #else /* STM32F412Zx || STM32F412Vx || STM32F412Rx || STM32F412Cx */
1656:stm/stm32f4xx/STM32F4xx_HAL_Driver/Src/stm32f4xx_hal_rcc_ex.c ****   PeriphClkInit->PeriphClockSelection = RCC_PERIPHCLK_I2S_APB1 | RCC_PERIPHCLK_I2S_APB2 |\
1657:stm/stm32f4xx/STM32F4xx_HAL_Driver/Src/stm32f4xx_hal_rcc_ex.c ****                                         RCC_PERIPHCLK_TIM      | RCC_PERIPHCLK_RTC      |\
1658:stm/stm32f4xx/STM32F4xx_HAL_Driver/Src/stm32f4xx_hal_rcc_ex.c ****                                         RCC_PERIPHCLK_FMPI2C1  | RCC_PERIPHCLK_CLK48    |\
1659:stm/stm32f4xx/STM32F4xx_HAL_Driver/Src/stm32f4xx_hal_rcc_ex.c ****                                         RCC_PERIPHCLK_SDIO     | RCC_PERIPHCLK_DFSDM1   |\
1660:stm/stm32f4xx/STM32F4xx_HAL_Driver/Src/stm32f4xx_hal_rcc_ex.c ****                                         RCC_PERIPHCLK_DFSDM1_AUDIO;
1661:stm/stm32f4xx/STM32F4xx_HAL_Driver/Src/stm32f4xx_hal_rcc_ex.c **** #endif /* STM32F413xx || STM32F423xx */
1662:stm/stm32f4xx/STM32F4xx_HAL_Driver/Src/stm32f4xx_hal_rcc_ex.c **** 
1663:stm/stm32f4xx/STM32F4xx_HAL_Driver/Src/stm32f4xx_hal_rcc_ex.c **** 
1664:stm/stm32f4xx/STM32F4xx_HAL_Driver/Src/stm32f4xx_hal_rcc_ex.c **** 
1665:stm/stm32f4xx/STM32F4xx_HAL_Driver/Src/stm32f4xx_hal_rcc_ex.c ****   /* Get the PLLI2S Clock configuration --------------------------------------*/
1666:stm/stm32f4xx/STM32F4xx_HAL_Driver/Src/stm32f4xx_hal_rcc_ex.c ****   PeriphClkInit->PLLI2S.PLLI2SM = (uint32_t)((RCC->PLLI2SCFGR & RCC_PLLI2SCFGR_PLLI2SM) >> RCC_PLLI
1667:stm/stm32f4xx/STM32F4xx_HAL_Driver/Src/stm32f4xx_hal_rcc_ex.c ****   PeriphClkInit->PLLI2S.PLLI2SN = (uint32_t)((RCC->PLLI2SCFGR & RCC_PLLI2SCFGR_PLLI2SN) >> RCC_PLLI
1668:stm/stm32f4xx/STM32F4xx_HAL_Driver/Src/stm32f4xx_hal_rcc_ex.c ****   PeriphClkInit->PLLI2S.PLLI2SQ = (uint32_t)((RCC->PLLI2SCFGR & RCC_PLLI2SCFGR_PLLI2SQ) >> RCC_PLLI
1669:stm/stm32f4xx/STM32F4xx_HAL_Driver/Src/stm32f4xx_hal_rcc_ex.c ****   PeriphClkInit->PLLI2S.PLLI2SR = (uint32_t)((RCC->PLLI2SCFGR & RCC_PLLI2SCFGR_PLLI2SR) >> RCC_PLLI
ARM GAS  /tmp/ccsRaXLF.s 			page 66


1670:stm/stm32f4xx/STM32F4xx_HAL_Driver/Src/stm32f4xx_hal_rcc_ex.c **** #if defined(STM32F413xx) || defined(STM32F423xx)
1671:stm/stm32f4xx/STM32F4xx_HAL_Driver/Src/stm32f4xx_hal_rcc_ex.c ****   /* Get the PLL/PLLI2S division factors -------------------------------------*/
1672:stm/stm32f4xx/STM32F4xx_HAL_Driver/Src/stm32f4xx_hal_rcc_ex.c ****   PeriphClkInit->PLLI2SDivR = (uint32_t)((RCC->DCKCFGR & RCC_DCKCFGR_PLLI2SDIVR) >> RCC_DCKCFGR_PLL
1673:stm/stm32f4xx/STM32F4xx_HAL_Driver/Src/stm32f4xx_hal_rcc_ex.c ****   PeriphClkInit->PLLDivR = (uint32_t)((RCC->DCKCFGR & RCC_DCKCFGR_PLLDIVR) >> RCC_DCKCFGR_PLLDIVR_P
1674:stm/stm32f4xx/STM32F4xx_HAL_Driver/Src/stm32f4xx_hal_rcc_ex.c **** #endif /* STM32F413xx || STM32F423xx */
1675:stm/stm32f4xx/STM32F4xx_HAL_Driver/Src/stm32f4xx_hal_rcc_ex.c **** 
1676:stm/stm32f4xx/STM32F4xx_HAL_Driver/Src/stm32f4xx_hal_rcc_ex.c ****   /* Get the I2S APB1 clock configuration ------------------------------------*/
1677:stm/stm32f4xx/STM32F4xx_HAL_Driver/Src/stm32f4xx_hal_rcc_ex.c ****   PeriphClkInit->I2sApb1ClockSelection = __HAL_RCC_GET_I2S_APB1_SOURCE();
1678:stm/stm32f4xx/STM32F4xx_HAL_Driver/Src/stm32f4xx_hal_rcc_ex.c **** 
1679:stm/stm32f4xx/STM32F4xx_HAL_Driver/Src/stm32f4xx_hal_rcc_ex.c ****   /* Get the I2S APB2 clock configuration ------------------------------------*/
1680:stm/stm32f4xx/STM32F4xx_HAL_Driver/Src/stm32f4xx_hal_rcc_ex.c ****   PeriphClkInit->I2sApb2ClockSelection = __HAL_RCC_GET_I2S_APB2_SOURCE();
1681:stm/stm32f4xx/STM32F4xx_HAL_Driver/Src/stm32f4xx_hal_rcc_ex.c **** 
1682:stm/stm32f4xx/STM32F4xx_HAL_Driver/Src/stm32f4xx_hal_rcc_ex.c ****   /* Get the RTC Clock configuration -----------------------------------------*/
1683:stm/stm32f4xx/STM32F4xx_HAL_Driver/Src/stm32f4xx_hal_rcc_ex.c ****   tempreg = (RCC->CFGR & RCC_CFGR_RTCPRE);
1684:stm/stm32f4xx/STM32F4xx_HAL_Driver/Src/stm32f4xx_hal_rcc_ex.c ****   PeriphClkInit->RTCClockSelection = (uint32_t)((tempreg) | (RCC->BDCR & RCC_BDCR_RTCSEL));
1685:stm/stm32f4xx/STM32F4xx_HAL_Driver/Src/stm32f4xx_hal_rcc_ex.c **** 
1686:stm/stm32f4xx/STM32F4xx_HAL_Driver/Src/stm32f4xx_hal_rcc_ex.c ****   /* Get the FMPI2C1 clock configuration -------------------------------------*/
1687:stm/stm32f4xx/STM32F4xx_HAL_Driver/Src/stm32f4xx_hal_rcc_ex.c ****   PeriphClkInit->Fmpi2c1ClockSelection = __HAL_RCC_GET_FMPI2C1_SOURCE();
1688:stm/stm32f4xx/STM32F4xx_HAL_Driver/Src/stm32f4xx_hal_rcc_ex.c **** 
1689:stm/stm32f4xx/STM32F4xx_HAL_Driver/Src/stm32f4xx_hal_rcc_ex.c ****   /* Get the CLK48 clock configuration ---------------------------------------*/
1690:stm/stm32f4xx/STM32F4xx_HAL_Driver/Src/stm32f4xx_hal_rcc_ex.c ****   PeriphClkInit->Clk48ClockSelection = __HAL_RCC_GET_CLK48_SOURCE();
1691:stm/stm32f4xx/STM32F4xx_HAL_Driver/Src/stm32f4xx_hal_rcc_ex.c **** 
1692:stm/stm32f4xx/STM32F4xx_HAL_Driver/Src/stm32f4xx_hal_rcc_ex.c ****   /* Get the SDIO clock configuration ----------------------------------------*/
1693:stm/stm32f4xx/STM32F4xx_HAL_Driver/Src/stm32f4xx_hal_rcc_ex.c ****   PeriphClkInit->SdioClockSelection = __HAL_RCC_GET_SDIO_SOURCE();
1694:stm/stm32f4xx/STM32F4xx_HAL_Driver/Src/stm32f4xx_hal_rcc_ex.c **** 
1695:stm/stm32f4xx/STM32F4xx_HAL_Driver/Src/stm32f4xx_hal_rcc_ex.c ****   /* Get the DFSDM1 clock configuration --------------------------------------*/
1696:stm/stm32f4xx/STM32F4xx_HAL_Driver/Src/stm32f4xx_hal_rcc_ex.c ****   PeriphClkInit->Dfsdm1ClockSelection = __HAL_RCC_GET_DFSDM1_SOURCE();
1697:stm/stm32f4xx/STM32F4xx_HAL_Driver/Src/stm32f4xx_hal_rcc_ex.c **** 
1698:stm/stm32f4xx/STM32F4xx_HAL_Driver/Src/stm32f4xx_hal_rcc_ex.c ****   /* Get the DFSDM1 Audio clock configuration --------------------------------*/
1699:stm/stm32f4xx/STM32F4xx_HAL_Driver/Src/stm32f4xx_hal_rcc_ex.c ****   PeriphClkInit->Dfsdm1AudioClockSelection = __HAL_RCC_GET_DFSDM1AUDIO_SOURCE();
1700:stm/stm32f4xx/STM32F4xx_HAL_Driver/Src/stm32f4xx_hal_rcc_ex.c **** 
1701:stm/stm32f4xx/STM32F4xx_HAL_Driver/Src/stm32f4xx_hal_rcc_ex.c **** #if defined(STM32F413xx) || defined(STM32F423xx)
1702:stm/stm32f4xx/STM32F4xx_HAL_Driver/Src/stm32f4xx_hal_rcc_ex.c ****   /* Get the DFSDM2 clock configuration --------------------------------------*/
1703:stm/stm32f4xx/STM32F4xx_HAL_Driver/Src/stm32f4xx_hal_rcc_ex.c ****   PeriphClkInit->Dfsdm2ClockSelection = __HAL_RCC_GET_DFSDM2_SOURCE();
1704:stm/stm32f4xx/STM32F4xx_HAL_Driver/Src/stm32f4xx_hal_rcc_ex.c **** 
1705:stm/stm32f4xx/STM32F4xx_HAL_Driver/Src/stm32f4xx_hal_rcc_ex.c ****   /* Get the DFSDM2 Audio clock configuration --------------------------------*/
1706:stm/stm32f4xx/STM32F4xx_HAL_Driver/Src/stm32f4xx_hal_rcc_ex.c ****   PeriphClkInit->Dfsdm2AudioClockSelection = __HAL_RCC_GET_DFSDM2AUDIO_SOURCE();
1707:stm/stm32f4xx/STM32F4xx_HAL_Driver/Src/stm32f4xx_hal_rcc_ex.c **** 
1708:stm/stm32f4xx/STM32F4xx_HAL_Driver/Src/stm32f4xx_hal_rcc_ex.c ****   /* Get the LPTIM1 clock configuration --------------------------------------*/
1709:stm/stm32f4xx/STM32F4xx_HAL_Driver/Src/stm32f4xx_hal_rcc_ex.c ****   PeriphClkInit->Lptim1ClockSelection = __HAL_RCC_GET_LPTIM1_SOURCE();
1710:stm/stm32f4xx/STM32F4xx_HAL_Driver/Src/stm32f4xx_hal_rcc_ex.c **** 
1711:stm/stm32f4xx/STM32F4xx_HAL_Driver/Src/stm32f4xx_hal_rcc_ex.c ****   /* Get the SAI1 Block Aclock configuration ---------------------------------*/
1712:stm/stm32f4xx/STM32F4xx_HAL_Driver/Src/stm32f4xx_hal_rcc_ex.c ****   PeriphClkInit->SaiAClockSelection = __HAL_RCC_GET_SAI_BLOCKA_SOURCE();
1713:stm/stm32f4xx/STM32F4xx_HAL_Driver/Src/stm32f4xx_hal_rcc_ex.c **** 
1714:stm/stm32f4xx/STM32F4xx_HAL_Driver/Src/stm32f4xx_hal_rcc_ex.c ****   /* Get the SAI1 Block B clock configuration --------------------------------*/
1715:stm/stm32f4xx/STM32F4xx_HAL_Driver/Src/stm32f4xx_hal_rcc_ex.c ****   PeriphClkInit->SaiBClockSelection = __HAL_RCC_GET_SAI_BLOCKB_SOURCE();
1716:stm/stm32f4xx/STM32F4xx_HAL_Driver/Src/stm32f4xx_hal_rcc_ex.c **** #endif /* STM32F413xx || STM32F423xx */
1717:stm/stm32f4xx/STM32F4xx_HAL_Driver/Src/stm32f4xx_hal_rcc_ex.c **** 
1718:stm/stm32f4xx/STM32F4xx_HAL_Driver/Src/stm32f4xx_hal_rcc_ex.c ****   /* Get the TIM Prescaler configuration -------------------------------------*/
1719:stm/stm32f4xx/STM32F4xx_HAL_Driver/Src/stm32f4xx_hal_rcc_ex.c ****   if ((RCC->DCKCFGR & RCC_DCKCFGR_TIMPRE) == RESET)
1720:stm/stm32f4xx/STM32F4xx_HAL_Driver/Src/stm32f4xx_hal_rcc_ex.c ****   {
1721:stm/stm32f4xx/STM32F4xx_HAL_Driver/Src/stm32f4xx_hal_rcc_ex.c ****     PeriphClkInit->TIMPresSelection = RCC_TIMPRES_DESACTIVATED;
1722:stm/stm32f4xx/STM32F4xx_HAL_Driver/Src/stm32f4xx_hal_rcc_ex.c ****   }
1723:stm/stm32f4xx/STM32F4xx_HAL_Driver/Src/stm32f4xx_hal_rcc_ex.c ****   else
1724:stm/stm32f4xx/STM32F4xx_HAL_Driver/Src/stm32f4xx_hal_rcc_ex.c ****   {
1725:stm/stm32f4xx/STM32F4xx_HAL_Driver/Src/stm32f4xx_hal_rcc_ex.c ****     PeriphClkInit->TIMPresSelection = RCC_TIMPRES_ACTIVATED;
1726:stm/stm32f4xx/STM32F4xx_HAL_Driver/Src/stm32f4xx_hal_rcc_ex.c ****   }
ARM GAS  /tmp/ccsRaXLF.s 			page 67


1727:stm/stm32f4xx/STM32F4xx_HAL_Driver/Src/stm32f4xx_hal_rcc_ex.c **** }
1728:stm/stm32f4xx/STM32F4xx_HAL_Driver/Src/stm32f4xx_hal_rcc_ex.c **** 
1729:stm/stm32f4xx/STM32F4xx_HAL_Driver/Src/stm32f4xx_hal_rcc_ex.c **** /**
1730:stm/stm32f4xx/STM32F4xx_HAL_Driver/Src/stm32f4xx_hal_rcc_ex.c ****   * @brief  Return the peripheral clock frequency for a given peripheral(I2S..)
1731:stm/stm32f4xx/STM32F4xx_HAL_Driver/Src/stm32f4xx_hal_rcc_ex.c ****   * @note   Return 0 if peripheral clock identifier not managed by this API
1732:stm/stm32f4xx/STM32F4xx_HAL_Driver/Src/stm32f4xx_hal_rcc_ex.c ****   * @param  PeriphClk Peripheral clock identifier
1733:stm/stm32f4xx/STM32F4xx_HAL_Driver/Src/stm32f4xx_hal_rcc_ex.c ****   *         This parameter can be one of the following values:
1734:stm/stm32f4xx/STM32F4xx_HAL_Driver/Src/stm32f4xx_hal_rcc_ex.c ****   *            @arg RCC_PERIPHCLK_I2S_APB1: I2S APB1 peripheral clock
1735:stm/stm32f4xx/STM32F4xx_HAL_Driver/Src/stm32f4xx_hal_rcc_ex.c ****   *            @arg RCC_PERIPHCLK_I2S_APB2: I2S APB2 peripheral clock
1736:stm/stm32f4xx/STM32F4xx_HAL_Driver/Src/stm32f4xx_hal_rcc_ex.c ****   * @retval Frequency in KHz
1737:stm/stm32f4xx/STM32F4xx_HAL_Driver/Src/stm32f4xx_hal_rcc_ex.c ****   */
1738:stm/stm32f4xx/STM32F4xx_HAL_Driver/Src/stm32f4xx_hal_rcc_ex.c **** uint32_t HAL_RCCEx_GetPeriphCLKFreq(uint32_t PeriphClk)
1739:stm/stm32f4xx/STM32F4xx_HAL_Driver/Src/stm32f4xx_hal_rcc_ex.c **** {
1740:stm/stm32f4xx/STM32F4xx_HAL_Driver/Src/stm32f4xx_hal_rcc_ex.c ****   /* This variable used to store the I2S clock frequency (value in Hz) */
1741:stm/stm32f4xx/STM32F4xx_HAL_Driver/Src/stm32f4xx_hal_rcc_ex.c ****   uint32_t frequency = 0U;
1742:stm/stm32f4xx/STM32F4xx_HAL_Driver/Src/stm32f4xx_hal_rcc_ex.c ****   /* This variable used to store the VCO Input (value in Hz) */
1743:stm/stm32f4xx/STM32F4xx_HAL_Driver/Src/stm32f4xx_hal_rcc_ex.c ****   uint32_t vcoinput = 0U;
1744:stm/stm32f4xx/STM32F4xx_HAL_Driver/Src/stm32f4xx_hal_rcc_ex.c ****   uint32_t srcclk = 0U;
1745:stm/stm32f4xx/STM32F4xx_HAL_Driver/Src/stm32f4xx_hal_rcc_ex.c ****   /* This variable used to store the VCO Output (value in Hz) */
1746:stm/stm32f4xx/STM32F4xx_HAL_Driver/Src/stm32f4xx_hal_rcc_ex.c ****   uint32_t vcooutput = 0U;
1747:stm/stm32f4xx/STM32F4xx_HAL_Driver/Src/stm32f4xx_hal_rcc_ex.c ****   switch (PeriphClk)
1748:stm/stm32f4xx/STM32F4xx_HAL_Driver/Src/stm32f4xx_hal_rcc_ex.c ****   {
1749:stm/stm32f4xx/STM32F4xx_HAL_Driver/Src/stm32f4xx_hal_rcc_ex.c ****   case RCC_PERIPHCLK_I2S_APB1:
1750:stm/stm32f4xx/STM32F4xx_HAL_Driver/Src/stm32f4xx_hal_rcc_ex.c ****     {
1751:stm/stm32f4xx/STM32F4xx_HAL_Driver/Src/stm32f4xx_hal_rcc_ex.c ****       /* Get the current I2S source */
1752:stm/stm32f4xx/STM32F4xx_HAL_Driver/Src/stm32f4xx_hal_rcc_ex.c ****       srcclk = __HAL_RCC_GET_I2S_APB1_SOURCE();
1753:stm/stm32f4xx/STM32F4xx_HAL_Driver/Src/stm32f4xx_hal_rcc_ex.c ****       switch (srcclk)
1754:stm/stm32f4xx/STM32F4xx_HAL_Driver/Src/stm32f4xx_hal_rcc_ex.c ****       {
1755:stm/stm32f4xx/STM32F4xx_HAL_Driver/Src/stm32f4xx_hal_rcc_ex.c ****       /* Check if I2S clock selection is External clock mapped on the I2S_CKIN pin used as I2S cloc
1756:stm/stm32f4xx/STM32F4xx_HAL_Driver/Src/stm32f4xx_hal_rcc_ex.c ****       case RCC_I2SAPB1CLKSOURCE_EXT:
1757:stm/stm32f4xx/STM32F4xx_HAL_Driver/Src/stm32f4xx_hal_rcc_ex.c ****         {
1758:stm/stm32f4xx/STM32F4xx_HAL_Driver/Src/stm32f4xx_hal_rcc_ex.c ****           /* Set the I2S clock to the external clock  value */
1759:stm/stm32f4xx/STM32F4xx_HAL_Driver/Src/stm32f4xx_hal_rcc_ex.c ****           frequency = EXTERNAL_CLOCK_VALUE;
1760:stm/stm32f4xx/STM32F4xx_HAL_Driver/Src/stm32f4xx_hal_rcc_ex.c ****           break;
1761:stm/stm32f4xx/STM32F4xx_HAL_Driver/Src/stm32f4xx_hal_rcc_ex.c ****         }
1762:stm/stm32f4xx/STM32F4xx_HAL_Driver/Src/stm32f4xx_hal_rcc_ex.c ****       /* Check if I2S clock selection is PLLI2S VCO output clock divided by PLLI2SR used as I2S clo
1763:stm/stm32f4xx/STM32F4xx_HAL_Driver/Src/stm32f4xx_hal_rcc_ex.c ****       case RCC_I2SAPB1CLKSOURCE_PLLI2S:
1764:stm/stm32f4xx/STM32F4xx_HAL_Driver/Src/stm32f4xx_hal_rcc_ex.c ****         {
1765:stm/stm32f4xx/STM32F4xx_HAL_Driver/Src/stm32f4xx_hal_rcc_ex.c ****           if((RCC->PLLI2SCFGR & RCC_PLLI2SCFGR_PLLI2SSRC) == RCC_PLLI2SCFGR_PLLI2SSRC)
1766:stm/stm32f4xx/STM32F4xx_HAL_Driver/Src/stm32f4xx_hal_rcc_ex.c ****           {
1767:stm/stm32f4xx/STM32F4xx_HAL_Driver/Src/stm32f4xx_hal_rcc_ex.c ****             /* Get the I2S source clock value */
1768:stm/stm32f4xx/STM32F4xx_HAL_Driver/Src/stm32f4xx_hal_rcc_ex.c ****             vcoinput = (uint32_t)(EXTERNAL_CLOCK_VALUE / (uint32_t)(RCC->PLLI2SCFGR & RCC_PLLI2SCFG
1769:stm/stm32f4xx/STM32F4xx_HAL_Driver/Src/stm32f4xx_hal_rcc_ex.c ****           }
1770:stm/stm32f4xx/STM32F4xx_HAL_Driver/Src/stm32f4xx_hal_rcc_ex.c ****           else
1771:stm/stm32f4xx/STM32F4xx_HAL_Driver/Src/stm32f4xx_hal_rcc_ex.c ****           {
1772:stm/stm32f4xx/STM32F4xx_HAL_Driver/Src/stm32f4xx_hal_rcc_ex.c ****             /* Configure the PLLI2S division factor */
1773:stm/stm32f4xx/STM32F4xx_HAL_Driver/Src/stm32f4xx_hal_rcc_ex.c ****             /* PLLI2S_VCO Input  = PLL_SOURCE/PLLI2SM */
1774:stm/stm32f4xx/STM32F4xx_HAL_Driver/Src/stm32f4xx_hal_rcc_ex.c ****             if((RCC->PLLCFGR & RCC_PLLCFGR_PLLSRC) == RCC_PLLSOURCE_HSE)
1775:stm/stm32f4xx/STM32F4xx_HAL_Driver/Src/stm32f4xx_hal_rcc_ex.c ****             {
1776:stm/stm32f4xx/STM32F4xx_HAL_Driver/Src/stm32f4xx_hal_rcc_ex.c ****               /* Get the I2S source clock value */
1777:stm/stm32f4xx/STM32F4xx_HAL_Driver/Src/stm32f4xx_hal_rcc_ex.c ****               vcoinput = (uint32_t)(HSE_VALUE / (uint32_t)(RCC->PLLI2SCFGR & RCC_PLLI2SCFGR_PLLI2SM
1778:stm/stm32f4xx/STM32F4xx_HAL_Driver/Src/stm32f4xx_hal_rcc_ex.c ****             }
1779:stm/stm32f4xx/STM32F4xx_HAL_Driver/Src/stm32f4xx_hal_rcc_ex.c ****             else
1780:stm/stm32f4xx/STM32F4xx_HAL_Driver/Src/stm32f4xx_hal_rcc_ex.c ****             {
1781:stm/stm32f4xx/STM32F4xx_HAL_Driver/Src/stm32f4xx_hal_rcc_ex.c ****               /* Get the I2S source clock value */
1782:stm/stm32f4xx/STM32F4xx_HAL_Driver/Src/stm32f4xx_hal_rcc_ex.c ****               vcoinput = (uint32_t)(HSI_VALUE / (uint32_t)(RCC->PLLI2SCFGR & RCC_PLLI2SCFGR_PLLI2SM
1783:stm/stm32f4xx/STM32F4xx_HAL_Driver/Src/stm32f4xx_hal_rcc_ex.c ****             }
ARM GAS  /tmp/ccsRaXLF.s 			page 68


1784:stm/stm32f4xx/STM32F4xx_HAL_Driver/Src/stm32f4xx_hal_rcc_ex.c ****           }
1785:stm/stm32f4xx/STM32F4xx_HAL_Driver/Src/stm32f4xx_hal_rcc_ex.c ****           /* PLLI2S_VCO Output = PLLI2S_VCO Input * PLLI2SN */
1786:stm/stm32f4xx/STM32F4xx_HAL_Driver/Src/stm32f4xx_hal_rcc_ex.c ****           vcooutput = (uint32_t)(vcoinput * (((RCC->PLLI2SCFGR & RCC_PLLI2SCFGR_PLLI2SN) >> 6U) & (
1787:stm/stm32f4xx/STM32F4xx_HAL_Driver/Src/stm32f4xx_hal_rcc_ex.c ****           /* I2S_CLK = PLLI2S_VCO Output/PLLI2SR */
1788:stm/stm32f4xx/STM32F4xx_HAL_Driver/Src/stm32f4xx_hal_rcc_ex.c ****           frequency = (uint32_t)(vcooutput /(((RCC->PLLI2SCFGR & RCC_PLLI2SCFGR_PLLI2SR) >> 28U) & 
1789:stm/stm32f4xx/STM32F4xx_HAL_Driver/Src/stm32f4xx_hal_rcc_ex.c ****           break;
1790:stm/stm32f4xx/STM32F4xx_HAL_Driver/Src/stm32f4xx_hal_rcc_ex.c ****         }
1791:stm/stm32f4xx/STM32F4xx_HAL_Driver/Src/stm32f4xx_hal_rcc_ex.c ****       /* Check if I2S clock selection is PLL VCO Output divided by PLLR used as I2S clock */
1792:stm/stm32f4xx/STM32F4xx_HAL_Driver/Src/stm32f4xx_hal_rcc_ex.c ****       case RCC_I2SAPB1CLKSOURCE_PLLR:
1793:stm/stm32f4xx/STM32F4xx_HAL_Driver/Src/stm32f4xx_hal_rcc_ex.c ****         {
1794:stm/stm32f4xx/STM32F4xx_HAL_Driver/Src/stm32f4xx_hal_rcc_ex.c ****           /* Configure the PLL division factor R */
1795:stm/stm32f4xx/STM32F4xx_HAL_Driver/Src/stm32f4xx_hal_rcc_ex.c ****           /* PLL_VCO Input  = PLL_SOURCE/PLLM */
1796:stm/stm32f4xx/STM32F4xx_HAL_Driver/Src/stm32f4xx_hal_rcc_ex.c ****           if((RCC->PLLCFGR & RCC_PLLCFGR_PLLSRC) == RCC_PLLSOURCE_HSE)
1797:stm/stm32f4xx/STM32F4xx_HAL_Driver/Src/stm32f4xx_hal_rcc_ex.c ****           {
1798:stm/stm32f4xx/STM32F4xx_HAL_Driver/Src/stm32f4xx_hal_rcc_ex.c ****             /* Get the I2S source clock value */
1799:stm/stm32f4xx/STM32F4xx_HAL_Driver/Src/stm32f4xx_hal_rcc_ex.c ****             vcoinput = (uint32_t)(HSE_VALUE / (uint32_t)(RCC->PLLCFGR & RCC_PLLCFGR_PLLM));
1800:stm/stm32f4xx/STM32F4xx_HAL_Driver/Src/stm32f4xx_hal_rcc_ex.c ****           }
1801:stm/stm32f4xx/STM32F4xx_HAL_Driver/Src/stm32f4xx_hal_rcc_ex.c ****           else
1802:stm/stm32f4xx/STM32F4xx_HAL_Driver/Src/stm32f4xx_hal_rcc_ex.c ****           {
1803:stm/stm32f4xx/STM32F4xx_HAL_Driver/Src/stm32f4xx_hal_rcc_ex.c ****             /* Get the I2S source clock value */
1804:stm/stm32f4xx/STM32F4xx_HAL_Driver/Src/stm32f4xx_hal_rcc_ex.c ****             vcoinput = (uint32_t)(HSI_VALUE / (uint32_t)(RCC->PLLCFGR & RCC_PLLCFGR_PLLM));
1805:stm/stm32f4xx/STM32F4xx_HAL_Driver/Src/stm32f4xx_hal_rcc_ex.c ****           }
1806:stm/stm32f4xx/STM32F4xx_HAL_Driver/Src/stm32f4xx_hal_rcc_ex.c **** 
1807:stm/stm32f4xx/STM32F4xx_HAL_Driver/Src/stm32f4xx_hal_rcc_ex.c ****           /* PLL_VCO Output = PLL_VCO Input * PLLN */
1808:stm/stm32f4xx/STM32F4xx_HAL_Driver/Src/stm32f4xx_hal_rcc_ex.c ****           vcooutput = (uint32_t)(vcoinput * (((RCC->PLLCFGR & RCC_PLLCFGR_PLLN) >> 6U) & (RCC_PLLCF
1809:stm/stm32f4xx/STM32F4xx_HAL_Driver/Src/stm32f4xx_hal_rcc_ex.c ****           /* I2S_CLK = PLL_VCO Output/PLLR */
1810:stm/stm32f4xx/STM32F4xx_HAL_Driver/Src/stm32f4xx_hal_rcc_ex.c ****           frequency = (uint32_t)(vcooutput /(((RCC->PLLCFGR & RCC_PLLCFGR_PLLR) >> 28U) & (RCC_PLLC
1811:stm/stm32f4xx/STM32F4xx_HAL_Driver/Src/stm32f4xx_hal_rcc_ex.c ****           break;
1812:stm/stm32f4xx/STM32F4xx_HAL_Driver/Src/stm32f4xx_hal_rcc_ex.c ****         }
1813:stm/stm32f4xx/STM32F4xx_HAL_Driver/Src/stm32f4xx_hal_rcc_ex.c ****       /* Check if I2S clock selection is HSI or HSE depending from PLL source Clock */
1814:stm/stm32f4xx/STM32F4xx_HAL_Driver/Src/stm32f4xx_hal_rcc_ex.c ****       case RCC_I2SAPB1CLKSOURCE_PLLSRC:
1815:stm/stm32f4xx/STM32F4xx_HAL_Driver/Src/stm32f4xx_hal_rcc_ex.c ****         {
1816:stm/stm32f4xx/STM32F4xx_HAL_Driver/Src/stm32f4xx_hal_rcc_ex.c ****           if((RCC->PLLCFGR & RCC_PLLCFGR_PLLSRC) == RCC_PLLSOURCE_HSE)
1817:stm/stm32f4xx/STM32F4xx_HAL_Driver/Src/stm32f4xx_hal_rcc_ex.c ****           {
1818:stm/stm32f4xx/STM32F4xx_HAL_Driver/Src/stm32f4xx_hal_rcc_ex.c ****             frequency = HSE_VALUE;
1819:stm/stm32f4xx/STM32F4xx_HAL_Driver/Src/stm32f4xx_hal_rcc_ex.c ****           }
1820:stm/stm32f4xx/STM32F4xx_HAL_Driver/Src/stm32f4xx_hal_rcc_ex.c ****           else
1821:stm/stm32f4xx/STM32F4xx_HAL_Driver/Src/stm32f4xx_hal_rcc_ex.c ****           {
1822:stm/stm32f4xx/STM32F4xx_HAL_Driver/Src/stm32f4xx_hal_rcc_ex.c ****             frequency = HSI_VALUE;
1823:stm/stm32f4xx/STM32F4xx_HAL_Driver/Src/stm32f4xx_hal_rcc_ex.c ****           }
1824:stm/stm32f4xx/STM32F4xx_HAL_Driver/Src/stm32f4xx_hal_rcc_ex.c ****           break;
1825:stm/stm32f4xx/STM32F4xx_HAL_Driver/Src/stm32f4xx_hal_rcc_ex.c ****         }
1826:stm/stm32f4xx/STM32F4xx_HAL_Driver/Src/stm32f4xx_hal_rcc_ex.c ****         /* Clock not enabled for I2S*/
1827:stm/stm32f4xx/STM32F4xx_HAL_Driver/Src/stm32f4xx_hal_rcc_ex.c ****       default:
1828:stm/stm32f4xx/STM32F4xx_HAL_Driver/Src/stm32f4xx_hal_rcc_ex.c ****         {
1829:stm/stm32f4xx/STM32F4xx_HAL_Driver/Src/stm32f4xx_hal_rcc_ex.c ****           frequency = 0U;
1830:stm/stm32f4xx/STM32F4xx_HAL_Driver/Src/stm32f4xx_hal_rcc_ex.c ****           break;
1831:stm/stm32f4xx/STM32F4xx_HAL_Driver/Src/stm32f4xx_hal_rcc_ex.c ****         }
1832:stm/stm32f4xx/STM32F4xx_HAL_Driver/Src/stm32f4xx_hal_rcc_ex.c ****       }
1833:stm/stm32f4xx/STM32F4xx_HAL_Driver/Src/stm32f4xx_hal_rcc_ex.c ****       break;
1834:stm/stm32f4xx/STM32F4xx_HAL_Driver/Src/stm32f4xx_hal_rcc_ex.c ****     }
1835:stm/stm32f4xx/STM32F4xx_HAL_Driver/Src/stm32f4xx_hal_rcc_ex.c ****   case RCC_PERIPHCLK_I2S_APB2:
1836:stm/stm32f4xx/STM32F4xx_HAL_Driver/Src/stm32f4xx_hal_rcc_ex.c ****     {
1837:stm/stm32f4xx/STM32F4xx_HAL_Driver/Src/stm32f4xx_hal_rcc_ex.c ****       /* Get the current I2S source */
1838:stm/stm32f4xx/STM32F4xx_HAL_Driver/Src/stm32f4xx_hal_rcc_ex.c ****       srcclk = __HAL_RCC_GET_I2S_APB2_SOURCE();
1839:stm/stm32f4xx/STM32F4xx_HAL_Driver/Src/stm32f4xx_hal_rcc_ex.c ****       switch (srcclk)
1840:stm/stm32f4xx/STM32F4xx_HAL_Driver/Src/stm32f4xx_hal_rcc_ex.c ****       {
ARM GAS  /tmp/ccsRaXLF.s 			page 69


1841:stm/stm32f4xx/STM32F4xx_HAL_Driver/Src/stm32f4xx_hal_rcc_ex.c ****         /* Check if I2S clock selection is External clock mapped on the I2S_CKIN pin used as I2S cl
1842:stm/stm32f4xx/STM32F4xx_HAL_Driver/Src/stm32f4xx_hal_rcc_ex.c ****       case RCC_I2SAPB2CLKSOURCE_EXT:
1843:stm/stm32f4xx/STM32F4xx_HAL_Driver/Src/stm32f4xx_hal_rcc_ex.c ****         {
1844:stm/stm32f4xx/STM32F4xx_HAL_Driver/Src/stm32f4xx_hal_rcc_ex.c ****           /* Set the I2S clock to the external clock  value */
1845:stm/stm32f4xx/STM32F4xx_HAL_Driver/Src/stm32f4xx_hal_rcc_ex.c ****           frequency = EXTERNAL_CLOCK_VALUE;
1846:stm/stm32f4xx/STM32F4xx_HAL_Driver/Src/stm32f4xx_hal_rcc_ex.c ****           break;
1847:stm/stm32f4xx/STM32F4xx_HAL_Driver/Src/stm32f4xx_hal_rcc_ex.c ****         }
1848:stm/stm32f4xx/STM32F4xx_HAL_Driver/Src/stm32f4xx_hal_rcc_ex.c ****         /* Check if I2S clock selection is PLLI2S VCO output clock divided by PLLI2SR used as I2S c
1849:stm/stm32f4xx/STM32F4xx_HAL_Driver/Src/stm32f4xx_hal_rcc_ex.c ****       case RCC_I2SAPB2CLKSOURCE_PLLI2S:
1850:stm/stm32f4xx/STM32F4xx_HAL_Driver/Src/stm32f4xx_hal_rcc_ex.c ****         {
1851:stm/stm32f4xx/STM32F4xx_HAL_Driver/Src/stm32f4xx_hal_rcc_ex.c ****           if((RCC->PLLI2SCFGR & RCC_PLLI2SCFGR_PLLI2SSRC) == RCC_PLLI2SCFGR_PLLI2SSRC)
1852:stm/stm32f4xx/STM32F4xx_HAL_Driver/Src/stm32f4xx_hal_rcc_ex.c ****           {
1853:stm/stm32f4xx/STM32F4xx_HAL_Driver/Src/stm32f4xx_hal_rcc_ex.c ****             /* Get the I2S source clock value */
1854:stm/stm32f4xx/STM32F4xx_HAL_Driver/Src/stm32f4xx_hal_rcc_ex.c ****             vcoinput = (uint32_t)(EXTERNAL_CLOCK_VALUE / (uint32_t)(RCC->PLLI2SCFGR & RCC_PLLI2SCFG
1855:stm/stm32f4xx/STM32F4xx_HAL_Driver/Src/stm32f4xx_hal_rcc_ex.c ****           }
1856:stm/stm32f4xx/STM32F4xx_HAL_Driver/Src/stm32f4xx_hal_rcc_ex.c ****           else
1857:stm/stm32f4xx/STM32F4xx_HAL_Driver/Src/stm32f4xx_hal_rcc_ex.c ****           {
1858:stm/stm32f4xx/STM32F4xx_HAL_Driver/Src/stm32f4xx_hal_rcc_ex.c ****             /* Configure the PLLI2S division factor */
1859:stm/stm32f4xx/STM32F4xx_HAL_Driver/Src/stm32f4xx_hal_rcc_ex.c ****             /* PLLI2S_VCO Input  = PLL_SOURCE/PLLI2SM */
1860:stm/stm32f4xx/STM32F4xx_HAL_Driver/Src/stm32f4xx_hal_rcc_ex.c ****             if((RCC->PLLCFGR & RCC_PLLCFGR_PLLSRC) == RCC_PLLSOURCE_HSE)
1861:stm/stm32f4xx/STM32F4xx_HAL_Driver/Src/stm32f4xx_hal_rcc_ex.c ****             {
1862:stm/stm32f4xx/STM32F4xx_HAL_Driver/Src/stm32f4xx_hal_rcc_ex.c ****               /* Get the I2S source clock value */
1863:stm/stm32f4xx/STM32F4xx_HAL_Driver/Src/stm32f4xx_hal_rcc_ex.c ****               vcoinput = (uint32_t)(HSE_VALUE / (uint32_t)(RCC->PLLI2SCFGR & RCC_PLLI2SCFGR_PLLI2SM
1864:stm/stm32f4xx/STM32F4xx_HAL_Driver/Src/stm32f4xx_hal_rcc_ex.c ****             }
1865:stm/stm32f4xx/STM32F4xx_HAL_Driver/Src/stm32f4xx_hal_rcc_ex.c ****             else
1866:stm/stm32f4xx/STM32F4xx_HAL_Driver/Src/stm32f4xx_hal_rcc_ex.c ****             {
1867:stm/stm32f4xx/STM32F4xx_HAL_Driver/Src/stm32f4xx_hal_rcc_ex.c ****               /* Get the I2S source clock value */
1868:stm/stm32f4xx/STM32F4xx_HAL_Driver/Src/stm32f4xx_hal_rcc_ex.c ****               vcoinput = (uint32_t)(HSI_VALUE / (uint32_t)(RCC->PLLI2SCFGR & RCC_PLLI2SCFGR_PLLI2SM
1869:stm/stm32f4xx/STM32F4xx_HAL_Driver/Src/stm32f4xx_hal_rcc_ex.c ****             }
1870:stm/stm32f4xx/STM32F4xx_HAL_Driver/Src/stm32f4xx_hal_rcc_ex.c ****           }
1871:stm/stm32f4xx/STM32F4xx_HAL_Driver/Src/stm32f4xx_hal_rcc_ex.c ****           /* PLLI2S_VCO Output = PLLI2S_VCO Input * PLLI2SN */
1872:stm/stm32f4xx/STM32F4xx_HAL_Driver/Src/stm32f4xx_hal_rcc_ex.c ****           vcooutput = (uint32_t)(vcoinput * (((RCC->PLLI2SCFGR & RCC_PLLI2SCFGR_PLLI2SN) >> 6U) & (
1873:stm/stm32f4xx/STM32F4xx_HAL_Driver/Src/stm32f4xx_hal_rcc_ex.c ****           /* I2S_CLK = PLLI2S_VCO Output/PLLI2SR */
1874:stm/stm32f4xx/STM32F4xx_HAL_Driver/Src/stm32f4xx_hal_rcc_ex.c ****           frequency = (uint32_t)(vcooutput /(((RCC->PLLI2SCFGR & RCC_PLLI2SCFGR_PLLI2SR) >> 28U) & 
1875:stm/stm32f4xx/STM32F4xx_HAL_Driver/Src/stm32f4xx_hal_rcc_ex.c ****           break;
1876:stm/stm32f4xx/STM32F4xx_HAL_Driver/Src/stm32f4xx_hal_rcc_ex.c ****         }
1877:stm/stm32f4xx/STM32F4xx_HAL_Driver/Src/stm32f4xx_hal_rcc_ex.c ****         /* Check if I2S clock selection is PLL VCO Output divided by PLLR used as I2S clock */
1878:stm/stm32f4xx/STM32F4xx_HAL_Driver/Src/stm32f4xx_hal_rcc_ex.c ****       case RCC_I2SAPB2CLKSOURCE_PLLR:
1879:stm/stm32f4xx/STM32F4xx_HAL_Driver/Src/stm32f4xx_hal_rcc_ex.c ****         {
1880:stm/stm32f4xx/STM32F4xx_HAL_Driver/Src/stm32f4xx_hal_rcc_ex.c ****           /* Configure the PLL division factor R */
1881:stm/stm32f4xx/STM32F4xx_HAL_Driver/Src/stm32f4xx_hal_rcc_ex.c ****           /* PLL_VCO Input  = PLL_SOURCE/PLLM */
1882:stm/stm32f4xx/STM32F4xx_HAL_Driver/Src/stm32f4xx_hal_rcc_ex.c ****           if((RCC->PLLCFGR & RCC_PLLCFGR_PLLSRC) == RCC_PLLSOURCE_HSE)
1883:stm/stm32f4xx/STM32F4xx_HAL_Driver/Src/stm32f4xx_hal_rcc_ex.c ****           {
1884:stm/stm32f4xx/STM32F4xx_HAL_Driver/Src/stm32f4xx_hal_rcc_ex.c ****             /* Get the I2S source clock value */
1885:stm/stm32f4xx/STM32F4xx_HAL_Driver/Src/stm32f4xx_hal_rcc_ex.c ****             vcoinput = (uint32_t)(HSE_VALUE / (uint32_t)(RCC->PLLCFGR & RCC_PLLCFGR_PLLM));
1886:stm/stm32f4xx/STM32F4xx_HAL_Driver/Src/stm32f4xx_hal_rcc_ex.c ****           }
1887:stm/stm32f4xx/STM32F4xx_HAL_Driver/Src/stm32f4xx_hal_rcc_ex.c ****           else
1888:stm/stm32f4xx/STM32F4xx_HAL_Driver/Src/stm32f4xx_hal_rcc_ex.c ****           {
1889:stm/stm32f4xx/STM32F4xx_HAL_Driver/Src/stm32f4xx_hal_rcc_ex.c ****             /* Get the I2S source clock value */
1890:stm/stm32f4xx/STM32F4xx_HAL_Driver/Src/stm32f4xx_hal_rcc_ex.c ****             vcoinput = (uint32_t)(HSI_VALUE / (uint32_t)(RCC->PLLCFGR & RCC_PLLCFGR_PLLM));
1891:stm/stm32f4xx/STM32F4xx_HAL_Driver/Src/stm32f4xx_hal_rcc_ex.c ****           }
1892:stm/stm32f4xx/STM32F4xx_HAL_Driver/Src/stm32f4xx_hal_rcc_ex.c **** 
1893:stm/stm32f4xx/STM32F4xx_HAL_Driver/Src/stm32f4xx_hal_rcc_ex.c ****           /* PLL_VCO Output = PLL_VCO Input * PLLN */
1894:stm/stm32f4xx/STM32F4xx_HAL_Driver/Src/stm32f4xx_hal_rcc_ex.c ****           vcooutput = (uint32_t)(vcoinput * (((RCC->PLLCFGR & RCC_PLLCFGR_PLLN) >> 6U) & (RCC_PLLCF
1895:stm/stm32f4xx/STM32F4xx_HAL_Driver/Src/stm32f4xx_hal_rcc_ex.c ****           /* I2S_CLK = PLL_VCO Output/PLLR */
1896:stm/stm32f4xx/STM32F4xx_HAL_Driver/Src/stm32f4xx_hal_rcc_ex.c ****           frequency = (uint32_t)(vcooutput /(((RCC->PLLCFGR & RCC_PLLCFGR_PLLR) >> 28U) & (RCC_PLLC
1897:stm/stm32f4xx/STM32F4xx_HAL_Driver/Src/stm32f4xx_hal_rcc_ex.c ****           break;
ARM GAS  /tmp/ccsRaXLF.s 			page 70


1898:stm/stm32f4xx/STM32F4xx_HAL_Driver/Src/stm32f4xx_hal_rcc_ex.c ****         }
1899:stm/stm32f4xx/STM32F4xx_HAL_Driver/Src/stm32f4xx_hal_rcc_ex.c ****         /* Check if I2S clock selection is HSI or HSE depending from PLL source Clock */
1900:stm/stm32f4xx/STM32F4xx_HAL_Driver/Src/stm32f4xx_hal_rcc_ex.c ****       case RCC_I2SAPB2CLKSOURCE_PLLSRC:
1901:stm/stm32f4xx/STM32F4xx_HAL_Driver/Src/stm32f4xx_hal_rcc_ex.c ****         {
1902:stm/stm32f4xx/STM32F4xx_HAL_Driver/Src/stm32f4xx_hal_rcc_ex.c ****           if((RCC->PLLCFGR & RCC_PLLCFGR_PLLSRC) == RCC_PLLSOURCE_HSE)
1903:stm/stm32f4xx/STM32F4xx_HAL_Driver/Src/stm32f4xx_hal_rcc_ex.c ****           {
1904:stm/stm32f4xx/STM32F4xx_HAL_Driver/Src/stm32f4xx_hal_rcc_ex.c ****             frequency = HSE_VALUE;
1905:stm/stm32f4xx/STM32F4xx_HAL_Driver/Src/stm32f4xx_hal_rcc_ex.c ****           }
1906:stm/stm32f4xx/STM32F4xx_HAL_Driver/Src/stm32f4xx_hal_rcc_ex.c ****           else
1907:stm/stm32f4xx/STM32F4xx_HAL_Driver/Src/stm32f4xx_hal_rcc_ex.c ****           {
1908:stm/stm32f4xx/STM32F4xx_HAL_Driver/Src/stm32f4xx_hal_rcc_ex.c ****             frequency = HSI_VALUE;
1909:stm/stm32f4xx/STM32F4xx_HAL_Driver/Src/stm32f4xx_hal_rcc_ex.c ****           }
1910:stm/stm32f4xx/STM32F4xx_HAL_Driver/Src/stm32f4xx_hal_rcc_ex.c ****           break;
1911:stm/stm32f4xx/STM32F4xx_HAL_Driver/Src/stm32f4xx_hal_rcc_ex.c ****         }
1912:stm/stm32f4xx/STM32F4xx_HAL_Driver/Src/stm32f4xx_hal_rcc_ex.c ****       /* Clock not enabled for I2S*/
1913:stm/stm32f4xx/STM32F4xx_HAL_Driver/Src/stm32f4xx_hal_rcc_ex.c ****       default:
1914:stm/stm32f4xx/STM32F4xx_HAL_Driver/Src/stm32f4xx_hal_rcc_ex.c ****         {
1915:stm/stm32f4xx/STM32F4xx_HAL_Driver/Src/stm32f4xx_hal_rcc_ex.c ****           frequency = 0U;
1916:stm/stm32f4xx/STM32F4xx_HAL_Driver/Src/stm32f4xx_hal_rcc_ex.c ****           break;
1917:stm/stm32f4xx/STM32F4xx_HAL_Driver/Src/stm32f4xx_hal_rcc_ex.c ****         }
1918:stm/stm32f4xx/STM32F4xx_HAL_Driver/Src/stm32f4xx_hal_rcc_ex.c ****       }
1919:stm/stm32f4xx/STM32F4xx_HAL_Driver/Src/stm32f4xx_hal_rcc_ex.c ****       break;
1920:stm/stm32f4xx/STM32F4xx_HAL_Driver/Src/stm32f4xx_hal_rcc_ex.c ****     }
1921:stm/stm32f4xx/STM32F4xx_HAL_Driver/Src/stm32f4xx_hal_rcc_ex.c ****   default:
1922:stm/stm32f4xx/STM32F4xx_HAL_Driver/Src/stm32f4xx_hal_rcc_ex.c ****     {
1923:stm/stm32f4xx/STM32F4xx_HAL_Driver/Src/stm32f4xx_hal_rcc_ex.c ****        break;
1924:stm/stm32f4xx/STM32F4xx_HAL_Driver/Src/stm32f4xx_hal_rcc_ex.c ****     }
1925:stm/stm32f4xx/STM32F4xx_HAL_Driver/Src/stm32f4xx_hal_rcc_ex.c ****   }
1926:stm/stm32f4xx/STM32F4xx_HAL_Driver/Src/stm32f4xx_hal_rcc_ex.c ****   return frequency;
1927:stm/stm32f4xx/STM32F4xx_HAL_Driver/Src/stm32f4xx_hal_rcc_ex.c **** }
1928:stm/stm32f4xx/STM32F4xx_HAL_Driver/Src/stm32f4xx_hal_rcc_ex.c **** #endif /* STM32F412Zx || STM32F412Vx || STM32F412Rx || STM32F412Cx || STM32F413xx || STM32F423xx */
1929:stm/stm32f4xx/STM32F4xx_HAL_Driver/Src/stm32f4xx_hal_rcc_ex.c **** 
1930:stm/stm32f4xx/STM32F4xx_HAL_Driver/Src/stm32f4xx_hal_rcc_ex.c **** #if defined(STM32F410Tx) || defined(STM32F410Cx) || defined(STM32F410Rx)
1931:stm/stm32f4xx/STM32F4xx_HAL_Driver/Src/stm32f4xx_hal_rcc_ex.c **** /**
1932:stm/stm32f4xx/STM32F4xx_HAL_Driver/Src/stm32f4xx_hal_rcc_ex.c ****   * @brief  Initializes the RCC extended peripherals clocks according to the specified parameters i
1933:stm/stm32f4xx/STM32F4xx_HAL_Driver/Src/stm32f4xx_hal_rcc_ex.c ****   *         RCC_PeriphCLKInitTypeDef.
1934:stm/stm32f4xx/STM32F4xx_HAL_Driver/Src/stm32f4xx_hal_rcc_ex.c ****   * @param  PeriphClkInit pointer to an RCC_PeriphCLKInitTypeDef structure that
1935:stm/stm32f4xx/STM32F4xx_HAL_Driver/Src/stm32f4xx_hal_rcc_ex.c ****   *         contains the configuration information for the Extended Peripherals clocks(I2S and RTC 
1936:stm/stm32f4xx/STM32F4xx_HAL_Driver/Src/stm32f4xx_hal_rcc_ex.c ****   *
1937:stm/stm32f4xx/STM32F4xx_HAL_Driver/Src/stm32f4xx_hal_rcc_ex.c ****   * @note   A caution to be taken when HAL_RCCEx_PeriphCLKConfig() is used to select RTC clock sele
1938:stm/stm32f4xx/STM32F4xx_HAL_Driver/Src/stm32f4xx_hal_rcc_ex.c ****   *         the Reset of Backup domain will be applied in order to modify the RTC Clock source as c
1939:stm/stm32f4xx/STM32F4xx_HAL_Driver/Src/stm32f4xx_hal_rcc_ex.c ****   *        domain (RTC and RCC_BDCR register expect BKPSRAM) will be reset
1940:stm/stm32f4xx/STM32F4xx_HAL_Driver/Src/stm32f4xx_hal_rcc_ex.c ****   *
1941:stm/stm32f4xx/STM32F4xx_HAL_Driver/Src/stm32f4xx_hal_rcc_ex.c ****   * @retval HAL status
1942:stm/stm32f4xx/STM32F4xx_HAL_Driver/Src/stm32f4xx_hal_rcc_ex.c ****   */
1943:stm/stm32f4xx/STM32F4xx_HAL_Driver/Src/stm32f4xx_hal_rcc_ex.c **** HAL_StatusTypeDef HAL_RCCEx_PeriphCLKConfig(RCC_PeriphCLKInitTypeDef  *PeriphClkInit)
1944:stm/stm32f4xx/STM32F4xx_HAL_Driver/Src/stm32f4xx_hal_rcc_ex.c **** {
1945:stm/stm32f4xx/STM32F4xx_HAL_Driver/Src/stm32f4xx_hal_rcc_ex.c ****   uint32_t tickstart = 0U;
1946:stm/stm32f4xx/STM32F4xx_HAL_Driver/Src/stm32f4xx_hal_rcc_ex.c ****   uint32_t tmpreg1 = 0U;
1947:stm/stm32f4xx/STM32F4xx_HAL_Driver/Src/stm32f4xx_hal_rcc_ex.c **** 
1948:stm/stm32f4xx/STM32F4xx_HAL_Driver/Src/stm32f4xx_hal_rcc_ex.c ****   /* Check the parameters */
1949:stm/stm32f4xx/STM32F4xx_HAL_Driver/Src/stm32f4xx_hal_rcc_ex.c ****   assert_param(IS_RCC_PERIPHCLOCK(PeriphClkInit->PeriphClockSelection));
1950:stm/stm32f4xx/STM32F4xx_HAL_Driver/Src/stm32f4xx_hal_rcc_ex.c **** 
1951:stm/stm32f4xx/STM32F4xx_HAL_Driver/Src/stm32f4xx_hal_rcc_ex.c ****   /*---------------------------- RTC configuration ---------------------------*/
1952:stm/stm32f4xx/STM32F4xx_HAL_Driver/Src/stm32f4xx_hal_rcc_ex.c ****   if(((PeriphClkInit->PeriphClockSelection) & RCC_PERIPHCLK_RTC) == (RCC_PERIPHCLK_RTC))
1953:stm/stm32f4xx/STM32F4xx_HAL_Driver/Src/stm32f4xx_hal_rcc_ex.c ****   {
1954:stm/stm32f4xx/STM32F4xx_HAL_Driver/Src/stm32f4xx_hal_rcc_ex.c ****     /* Check for RTC Parameters used to output RTCCLK */
ARM GAS  /tmp/ccsRaXLF.s 			page 71


1955:stm/stm32f4xx/STM32F4xx_HAL_Driver/Src/stm32f4xx_hal_rcc_ex.c ****     assert_param(IS_RCC_RTCCLKSOURCE(PeriphClkInit->RTCClockSelection));
1956:stm/stm32f4xx/STM32F4xx_HAL_Driver/Src/stm32f4xx_hal_rcc_ex.c **** 
1957:stm/stm32f4xx/STM32F4xx_HAL_Driver/Src/stm32f4xx_hal_rcc_ex.c ****     /* Enable Power Clock*/
1958:stm/stm32f4xx/STM32F4xx_HAL_Driver/Src/stm32f4xx_hal_rcc_ex.c ****     __HAL_RCC_PWR_CLK_ENABLE();
1959:stm/stm32f4xx/STM32F4xx_HAL_Driver/Src/stm32f4xx_hal_rcc_ex.c **** 
1960:stm/stm32f4xx/STM32F4xx_HAL_Driver/Src/stm32f4xx_hal_rcc_ex.c ****     /* Enable write access to Backup domain */
1961:stm/stm32f4xx/STM32F4xx_HAL_Driver/Src/stm32f4xx_hal_rcc_ex.c ****     PWR->CR |= PWR_CR_DBP;
1962:stm/stm32f4xx/STM32F4xx_HAL_Driver/Src/stm32f4xx_hal_rcc_ex.c **** 
1963:stm/stm32f4xx/STM32F4xx_HAL_Driver/Src/stm32f4xx_hal_rcc_ex.c ****     /* Get tick */
1964:stm/stm32f4xx/STM32F4xx_HAL_Driver/Src/stm32f4xx_hal_rcc_ex.c ****     tickstart = HAL_GetTick();
1965:stm/stm32f4xx/STM32F4xx_HAL_Driver/Src/stm32f4xx_hal_rcc_ex.c **** 
1966:stm/stm32f4xx/STM32F4xx_HAL_Driver/Src/stm32f4xx_hal_rcc_ex.c ****     while((PWR->CR & PWR_CR_DBP) == RESET)
1967:stm/stm32f4xx/STM32F4xx_HAL_Driver/Src/stm32f4xx_hal_rcc_ex.c ****     {
1968:stm/stm32f4xx/STM32F4xx_HAL_Driver/Src/stm32f4xx_hal_rcc_ex.c ****       if((HAL_GetTick() - tickstart ) > RCC_DBP_TIMEOUT_VALUE)
1969:stm/stm32f4xx/STM32F4xx_HAL_Driver/Src/stm32f4xx_hal_rcc_ex.c ****       {
1970:stm/stm32f4xx/STM32F4xx_HAL_Driver/Src/stm32f4xx_hal_rcc_ex.c ****         return HAL_TIMEOUT;
1971:stm/stm32f4xx/STM32F4xx_HAL_Driver/Src/stm32f4xx_hal_rcc_ex.c ****       }
1972:stm/stm32f4xx/STM32F4xx_HAL_Driver/Src/stm32f4xx_hal_rcc_ex.c ****     }
1973:stm/stm32f4xx/STM32F4xx_HAL_Driver/Src/stm32f4xx_hal_rcc_ex.c ****     /* Reset the Backup domain only if the RTC Clock source selection is modified from reset value 
1974:stm/stm32f4xx/STM32F4xx_HAL_Driver/Src/stm32f4xx_hal_rcc_ex.c ****     tmpreg1 = (RCC->BDCR & RCC_BDCR_RTCSEL);
1975:stm/stm32f4xx/STM32F4xx_HAL_Driver/Src/stm32f4xx_hal_rcc_ex.c ****     if((tmpreg1 != 0x00000000U) && ((tmpreg1) != (PeriphClkInit->RTCClockSelection & RCC_BDCR_RTCSE
1976:stm/stm32f4xx/STM32F4xx_HAL_Driver/Src/stm32f4xx_hal_rcc_ex.c ****     {
1977:stm/stm32f4xx/STM32F4xx_HAL_Driver/Src/stm32f4xx_hal_rcc_ex.c ****       /* Store the content of BDCR register before the reset of Backup Domain */
1978:stm/stm32f4xx/STM32F4xx_HAL_Driver/Src/stm32f4xx_hal_rcc_ex.c ****       tmpreg1 = (RCC->BDCR & ~(RCC_BDCR_RTCSEL));
1979:stm/stm32f4xx/STM32F4xx_HAL_Driver/Src/stm32f4xx_hal_rcc_ex.c ****       /* RTC Clock selection can be changed only if the Backup Domain is reset */
1980:stm/stm32f4xx/STM32F4xx_HAL_Driver/Src/stm32f4xx_hal_rcc_ex.c ****       __HAL_RCC_BACKUPRESET_FORCE();
1981:stm/stm32f4xx/STM32F4xx_HAL_Driver/Src/stm32f4xx_hal_rcc_ex.c ****       __HAL_RCC_BACKUPRESET_RELEASE();
1982:stm/stm32f4xx/STM32F4xx_HAL_Driver/Src/stm32f4xx_hal_rcc_ex.c ****       /* Restore the Content of BDCR register */
1983:stm/stm32f4xx/STM32F4xx_HAL_Driver/Src/stm32f4xx_hal_rcc_ex.c ****       RCC->BDCR = tmpreg1;
1984:stm/stm32f4xx/STM32F4xx_HAL_Driver/Src/stm32f4xx_hal_rcc_ex.c **** 
1985:stm/stm32f4xx/STM32F4xx_HAL_Driver/Src/stm32f4xx_hal_rcc_ex.c ****       /* Wait for LSE reactivation if LSE was enable prior to Backup Domain reset */
1986:stm/stm32f4xx/STM32F4xx_HAL_Driver/Src/stm32f4xx_hal_rcc_ex.c ****       if(HAL_IS_BIT_SET(RCC->BDCR, RCC_BDCR_LSEON))
1987:stm/stm32f4xx/STM32F4xx_HAL_Driver/Src/stm32f4xx_hal_rcc_ex.c ****       {
1988:stm/stm32f4xx/STM32F4xx_HAL_Driver/Src/stm32f4xx_hal_rcc_ex.c ****         /* Get tick */
1989:stm/stm32f4xx/STM32F4xx_HAL_Driver/Src/stm32f4xx_hal_rcc_ex.c ****         tickstart = HAL_GetTick();
1990:stm/stm32f4xx/STM32F4xx_HAL_Driver/Src/stm32f4xx_hal_rcc_ex.c **** 
1991:stm/stm32f4xx/STM32F4xx_HAL_Driver/Src/stm32f4xx_hal_rcc_ex.c ****         /* Wait till LSE is ready */
1992:stm/stm32f4xx/STM32F4xx_HAL_Driver/Src/stm32f4xx_hal_rcc_ex.c ****         while(__HAL_RCC_GET_FLAG(RCC_FLAG_LSERDY) == RESET)
1993:stm/stm32f4xx/STM32F4xx_HAL_Driver/Src/stm32f4xx_hal_rcc_ex.c ****         {
1994:stm/stm32f4xx/STM32F4xx_HAL_Driver/Src/stm32f4xx_hal_rcc_ex.c ****           if((HAL_GetTick() - tickstart ) > RCC_LSE_TIMEOUT_VALUE)
1995:stm/stm32f4xx/STM32F4xx_HAL_Driver/Src/stm32f4xx_hal_rcc_ex.c ****           {
1996:stm/stm32f4xx/STM32F4xx_HAL_Driver/Src/stm32f4xx_hal_rcc_ex.c ****             return HAL_TIMEOUT;
1997:stm/stm32f4xx/STM32F4xx_HAL_Driver/Src/stm32f4xx_hal_rcc_ex.c ****           }
1998:stm/stm32f4xx/STM32F4xx_HAL_Driver/Src/stm32f4xx_hal_rcc_ex.c ****         }
1999:stm/stm32f4xx/STM32F4xx_HAL_Driver/Src/stm32f4xx_hal_rcc_ex.c ****       }
2000:stm/stm32f4xx/STM32F4xx_HAL_Driver/Src/stm32f4xx_hal_rcc_ex.c ****     }
2001:stm/stm32f4xx/STM32F4xx_HAL_Driver/Src/stm32f4xx_hal_rcc_ex.c ****     __HAL_RCC_RTC_CONFIG(PeriphClkInit->RTCClockSelection);
2002:stm/stm32f4xx/STM32F4xx_HAL_Driver/Src/stm32f4xx_hal_rcc_ex.c ****   }
2003:stm/stm32f4xx/STM32F4xx_HAL_Driver/Src/stm32f4xx_hal_rcc_ex.c ****   /*--------------------------------------------------------------------------*/
2004:stm/stm32f4xx/STM32F4xx_HAL_Driver/Src/stm32f4xx_hal_rcc_ex.c **** 
2005:stm/stm32f4xx/STM32F4xx_HAL_Driver/Src/stm32f4xx_hal_rcc_ex.c ****   /*---------------------------- TIM configuration ---------------------------*/
2006:stm/stm32f4xx/STM32F4xx_HAL_Driver/Src/stm32f4xx_hal_rcc_ex.c ****   if(((PeriphClkInit->PeriphClockSelection) & RCC_PERIPHCLK_TIM) == (RCC_PERIPHCLK_TIM))
2007:stm/stm32f4xx/STM32F4xx_HAL_Driver/Src/stm32f4xx_hal_rcc_ex.c ****   {
2008:stm/stm32f4xx/STM32F4xx_HAL_Driver/Src/stm32f4xx_hal_rcc_ex.c ****     __HAL_RCC_TIMCLKPRESCALER(PeriphClkInit->TIMPresSelection);
2009:stm/stm32f4xx/STM32F4xx_HAL_Driver/Src/stm32f4xx_hal_rcc_ex.c ****   }
2010:stm/stm32f4xx/STM32F4xx_HAL_Driver/Src/stm32f4xx_hal_rcc_ex.c ****   /*--------------------------------------------------------------------------*/
2011:stm/stm32f4xx/STM32F4xx_HAL_Driver/Src/stm32f4xx_hal_rcc_ex.c **** 
ARM GAS  /tmp/ccsRaXLF.s 			page 72


2012:stm/stm32f4xx/STM32F4xx_HAL_Driver/Src/stm32f4xx_hal_rcc_ex.c ****   /*---------------------------- FMPI2C1 Configuration -----------------------*/
2013:stm/stm32f4xx/STM32F4xx_HAL_Driver/Src/stm32f4xx_hal_rcc_ex.c ****   if(((PeriphClkInit->PeriphClockSelection) & RCC_PERIPHCLK_FMPI2C1) == RCC_PERIPHCLK_FMPI2C1)
2014:stm/stm32f4xx/STM32F4xx_HAL_Driver/Src/stm32f4xx_hal_rcc_ex.c ****   {
2015:stm/stm32f4xx/STM32F4xx_HAL_Driver/Src/stm32f4xx_hal_rcc_ex.c ****     /* Check the parameters */
2016:stm/stm32f4xx/STM32F4xx_HAL_Driver/Src/stm32f4xx_hal_rcc_ex.c ****     assert_param(IS_RCC_FMPI2C1CLKSOURCE(PeriphClkInit->Fmpi2c1ClockSelection));
2017:stm/stm32f4xx/STM32F4xx_HAL_Driver/Src/stm32f4xx_hal_rcc_ex.c **** 
2018:stm/stm32f4xx/STM32F4xx_HAL_Driver/Src/stm32f4xx_hal_rcc_ex.c ****     /* Configure the FMPI2C1 clock source */
2019:stm/stm32f4xx/STM32F4xx_HAL_Driver/Src/stm32f4xx_hal_rcc_ex.c ****     __HAL_RCC_FMPI2C1_CONFIG(PeriphClkInit->Fmpi2c1ClockSelection);
2020:stm/stm32f4xx/STM32F4xx_HAL_Driver/Src/stm32f4xx_hal_rcc_ex.c ****   }
2021:stm/stm32f4xx/STM32F4xx_HAL_Driver/Src/stm32f4xx_hal_rcc_ex.c ****   /*--------------------------------------------------------------------------*/
2022:stm/stm32f4xx/STM32F4xx_HAL_Driver/Src/stm32f4xx_hal_rcc_ex.c **** 
2023:stm/stm32f4xx/STM32F4xx_HAL_Driver/Src/stm32f4xx_hal_rcc_ex.c ****   /*---------------------------- LPTIM1 Configuration ------------------------*/
2024:stm/stm32f4xx/STM32F4xx_HAL_Driver/Src/stm32f4xx_hal_rcc_ex.c ****   if(((PeriphClkInit->PeriphClockSelection) & RCC_PERIPHCLK_LPTIM1) == RCC_PERIPHCLK_LPTIM1)
2025:stm/stm32f4xx/STM32F4xx_HAL_Driver/Src/stm32f4xx_hal_rcc_ex.c ****   {
2026:stm/stm32f4xx/STM32F4xx_HAL_Driver/Src/stm32f4xx_hal_rcc_ex.c ****     /* Check the parameters */
2027:stm/stm32f4xx/STM32F4xx_HAL_Driver/Src/stm32f4xx_hal_rcc_ex.c ****     assert_param(IS_RCC_LPTIM1CLKSOURCE(PeriphClkInit->Lptim1ClockSelection));
2028:stm/stm32f4xx/STM32F4xx_HAL_Driver/Src/stm32f4xx_hal_rcc_ex.c **** 
2029:stm/stm32f4xx/STM32F4xx_HAL_Driver/Src/stm32f4xx_hal_rcc_ex.c ****     /* Configure the LPTIM1 clock source */
2030:stm/stm32f4xx/STM32F4xx_HAL_Driver/Src/stm32f4xx_hal_rcc_ex.c ****     __HAL_RCC_LPTIM1_CONFIG(PeriphClkInit->Lptim1ClockSelection);
2031:stm/stm32f4xx/STM32F4xx_HAL_Driver/Src/stm32f4xx_hal_rcc_ex.c ****   }
2032:stm/stm32f4xx/STM32F4xx_HAL_Driver/Src/stm32f4xx_hal_rcc_ex.c **** 
2033:stm/stm32f4xx/STM32F4xx_HAL_Driver/Src/stm32f4xx_hal_rcc_ex.c ****   /*---------------------------- I2S Configuration ---------------------------*/
2034:stm/stm32f4xx/STM32F4xx_HAL_Driver/Src/stm32f4xx_hal_rcc_ex.c ****   if(((PeriphClkInit->PeriphClockSelection) & RCC_PERIPHCLK_I2S) == RCC_PERIPHCLK_I2S)
2035:stm/stm32f4xx/STM32F4xx_HAL_Driver/Src/stm32f4xx_hal_rcc_ex.c ****   {
2036:stm/stm32f4xx/STM32F4xx_HAL_Driver/Src/stm32f4xx_hal_rcc_ex.c ****     /* Check the parameters */
2037:stm/stm32f4xx/STM32F4xx_HAL_Driver/Src/stm32f4xx_hal_rcc_ex.c ****     assert_param(IS_RCC_I2SAPBCLKSOURCE(PeriphClkInit->I2SClockSelection));
2038:stm/stm32f4xx/STM32F4xx_HAL_Driver/Src/stm32f4xx_hal_rcc_ex.c **** 
2039:stm/stm32f4xx/STM32F4xx_HAL_Driver/Src/stm32f4xx_hal_rcc_ex.c ****     /* Configure the I2S clock source */
2040:stm/stm32f4xx/STM32F4xx_HAL_Driver/Src/stm32f4xx_hal_rcc_ex.c ****     __HAL_RCC_I2S_CONFIG(PeriphClkInit->I2SClockSelection);
2041:stm/stm32f4xx/STM32F4xx_HAL_Driver/Src/stm32f4xx_hal_rcc_ex.c ****   }
2042:stm/stm32f4xx/STM32F4xx_HAL_Driver/Src/stm32f4xx_hal_rcc_ex.c **** 
2043:stm/stm32f4xx/STM32F4xx_HAL_Driver/Src/stm32f4xx_hal_rcc_ex.c ****   return HAL_OK;
2044:stm/stm32f4xx/STM32F4xx_HAL_Driver/Src/stm32f4xx_hal_rcc_ex.c **** }
2045:stm/stm32f4xx/STM32F4xx_HAL_Driver/Src/stm32f4xx_hal_rcc_ex.c **** 
2046:stm/stm32f4xx/STM32F4xx_HAL_Driver/Src/stm32f4xx_hal_rcc_ex.c **** /**
2047:stm/stm32f4xx/STM32F4xx_HAL_Driver/Src/stm32f4xx_hal_rcc_ex.c ****   * @brief  Configures the RCC_OscInitStruct according to the internal
2048:stm/stm32f4xx/STM32F4xx_HAL_Driver/Src/stm32f4xx_hal_rcc_ex.c ****   * RCC configuration registers.
2049:stm/stm32f4xx/STM32F4xx_HAL_Driver/Src/stm32f4xx_hal_rcc_ex.c ****   * @param  PeriphClkInit pointer to an RCC_PeriphCLKInitTypeDef structure that
2050:stm/stm32f4xx/STM32F4xx_HAL_Driver/Src/stm32f4xx_hal_rcc_ex.c ****   * will be configured.
2051:stm/stm32f4xx/STM32F4xx_HAL_Driver/Src/stm32f4xx_hal_rcc_ex.c ****   * @retval None
2052:stm/stm32f4xx/STM32F4xx_HAL_Driver/Src/stm32f4xx_hal_rcc_ex.c ****   */
2053:stm/stm32f4xx/STM32F4xx_HAL_Driver/Src/stm32f4xx_hal_rcc_ex.c **** void HAL_RCCEx_GetPeriphCLKConfig(RCC_PeriphCLKInitTypeDef  *PeriphClkInit)
2054:stm/stm32f4xx/STM32F4xx_HAL_Driver/Src/stm32f4xx_hal_rcc_ex.c **** {
2055:stm/stm32f4xx/STM32F4xx_HAL_Driver/Src/stm32f4xx_hal_rcc_ex.c ****   uint32_t tempreg;
2056:stm/stm32f4xx/STM32F4xx_HAL_Driver/Src/stm32f4xx_hal_rcc_ex.c **** 
2057:stm/stm32f4xx/STM32F4xx_HAL_Driver/Src/stm32f4xx_hal_rcc_ex.c ****   /* Set all possible values for the extended clock type parameter------------*/
2058:stm/stm32f4xx/STM32F4xx_HAL_Driver/Src/stm32f4xx_hal_rcc_ex.c ****   PeriphClkInit->PeriphClockSelection = RCC_PERIPHCLK_FMPI2C1 | RCC_PERIPHCLK_LPTIM1 | RCC_PERIPHCL
2059:stm/stm32f4xx/STM32F4xx_HAL_Driver/Src/stm32f4xx_hal_rcc_ex.c **** 
2060:stm/stm32f4xx/STM32F4xx_HAL_Driver/Src/stm32f4xx_hal_rcc_ex.c ****   tempreg = (RCC->CFGR & RCC_CFGR_RTCPRE);
2061:stm/stm32f4xx/STM32F4xx_HAL_Driver/Src/stm32f4xx_hal_rcc_ex.c ****   PeriphClkInit->RTCClockSelection = (uint32_t)((tempreg) | (RCC->BDCR & RCC_BDCR_RTCSEL));
2062:stm/stm32f4xx/STM32F4xx_HAL_Driver/Src/stm32f4xx_hal_rcc_ex.c **** 
2063:stm/stm32f4xx/STM32F4xx_HAL_Driver/Src/stm32f4xx_hal_rcc_ex.c ****   if ((RCC->DCKCFGR & RCC_DCKCFGR_TIMPRE) == RESET)
2064:stm/stm32f4xx/STM32F4xx_HAL_Driver/Src/stm32f4xx_hal_rcc_ex.c ****   {
2065:stm/stm32f4xx/STM32F4xx_HAL_Driver/Src/stm32f4xx_hal_rcc_ex.c ****     PeriphClkInit->TIMPresSelection = RCC_TIMPRES_DESACTIVATED;
2066:stm/stm32f4xx/STM32F4xx_HAL_Driver/Src/stm32f4xx_hal_rcc_ex.c ****   }
2067:stm/stm32f4xx/STM32F4xx_HAL_Driver/Src/stm32f4xx_hal_rcc_ex.c ****   else
2068:stm/stm32f4xx/STM32F4xx_HAL_Driver/Src/stm32f4xx_hal_rcc_ex.c ****   {
ARM GAS  /tmp/ccsRaXLF.s 			page 73


2069:stm/stm32f4xx/STM32F4xx_HAL_Driver/Src/stm32f4xx_hal_rcc_ex.c ****     PeriphClkInit->TIMPresSelection = RCC_TIMPRES_ACTIVATED;
2070:stm/stm32f4xx/STM32F4xx_HAL_Driver/Src/stm32f4xx_hal_rcc_ex.c ****   }
2071:stm/stm32f4xx/STM32F4xx_HAL_Driver/Src/stm32f4xx_hal_rcc_ex.c ****   /* Get the FMPI2C1 clock configuration -------------------------------------*/
2072:stm/stm32f4xx/STM32F4xx_HAL_Driver/Src/stm32f4xx_hal_rcc_ex.c ****   PeriphClkInit->Fmpi2c1ClockSelection = __HAL_RCC_GET_FMPI2C1_SOURCE();
2073:stm/stm32f4xx/STM32F4xx_HAL_Driver/Src/stm32f4xx_hal_rcc_ex.c **** 
2074:stm/stm32f4xx/STM32F4xx_HAL_Driver/Src/stm32f4xx_hal_rcc_ex.c ****   /* Get the I2S clock configuration -----------------------------------------*/
2075:stm/stm32f4xx/STM32F4xx_HAL_Driver/Src/stm32f4xx_hal_rcc_ex.c ****   PeriphClkInit->I2SClockSelection = __HAL_RCC_GET_I2S_SOURCE();
2076:stm/stm32f4xx/STM32F4xx_HAL_Driver/Src/stm32f4xx_hal_rcc_ex.c **** 
2077:stm/stm32f4xx/STM32F4xx_HAL_Driver/Src/stm32f4xx_hal_rcc_ex.c **** 
2078:stm/stm32f4xx/STM32F4xx_HAL_Driver/Src/stm32f4xx_hal_rcc_ex.c **** }
2079:stm/stm32f4xx/STM32F4xx_HAL_Driver/Src/stm32f4xx_hal_rcc_ex.c **** /**
2080:stm/stm32f4xx/STM32F4xx_HAL_Driver/Src/stm32f4xx_hal_rcc_ex.c ****   * @brief  Return the peripheral clock frequency for a given peripheral(SAI..)
2081:stm/stm32f4xx/STM32F4xx_HAL_Driver/Src/stm32f4xx_hal_rcc_ex.c ****   * @note   Return 0 if peripheral clock identifier not managed by this API
2082:stm/stm32f4xx/STM32F4xx_HAL_Driver/Src/stm32f4xx_hal_rcc_ex.c ****   * @param  PeriphClk Peripheral clock identifier
2083:stm/stm32f4xx/STM32F4xx_HAL_Driver/Src/stm32f4xx_hal_rcc_ex.c ****   *         This parameter can be one of the following values:
2084:stm/stm32f4xx/STM32F4xx_HAL_Driver/Src/stm32f4xx_hal_rcc_ex.c ****   *            @arg RCC_PERIPHCLK_I2S: I2S peripheral clock
2085:stm/stm32f4xx/STM32F4xx_HAL_Driver/Src/stm32f4xx_hal_rcc_ex.c ****   * @retval Frequency in KHz
2086:stm/stm32f4xx/STM32F4xx_HAL_Driver/Src/stm32f4xx_hal_rcc_ex.c ****   */
2087:stm/stm32f4xx/STM32F4xx_HAL_Driver/Src/stm32f4xx_hal_rcc_ex.c **** uint32_t HAL_RCCEx_GetPeriphCLKFreq(uint32_t PeriphClk)
2088:stm/stm32f4xx/STM32F4xx_HAL_Driver/Src/stm32f4xx_hal_rcc_ex.c **** {
2089:stm/stm32f4xx/STM32F4xx_HAL_Driver/Src/stm32f4xx_hal_rcc_ex.c ****   /* This variable used to store the I2S clock frequency (value in Hz) */
2090:stm/stm32f4xx/STM32F4xx_HAL_Driver/Src/stm32f4xx_hal_rcc_ex.c ****   uint32_t frequency = 0U;
2091:stm/stm32f4xx/STM32F4xx_HAL_Driver/Src/stm32f4xx_hal_rcc_ex.c ****   /* This variable used to store the VCO Input (value in Hz) */
2092:stm/stm32f4xx/STM32F4xx_HAL_Driver/Src/stm32f4xx_hal_rcc_ex.c ****   uint32_t vcoinput = 0U;
2093:stm/stm32f4xx/STM32F4xx_HAL_Driver/Src/stm32f4xx_hal_rcc_ex.c ****   uint32_t srcclk = 0U;
2094:stm/stm32f4xx/STM32F4xx_HAL_Driver/Src/stm32f4xx_hal_rcc_ex.c ****   /* This variable used to store the VCO Output (value in Hz) */
2095:stm/stm32f4xx/STM32F4xx_HAL_Driver/Src/stm32f4xx_hal_rcc_ex.c ****   uint32_t vcooutput = 0U;
2096:stm/stm32f4xx/STM32F4xx_HAL_Driver/Src/stm32f4xx_hal_rcc_ex.c ****   switch (PeriphClk)
2097:stm/stm32f4xx/STM32F4xx_HAL_Driver/Src/stm32f4xx_hal_rcc_ex.c ****   {
2098:stm/stm32f4xx/STM32F4xx_HAL_Driver/Src/stm32f4xx_hal_rcc_ex.c ****   case RCC_PERIPHCLK_I2S:
2099:stm/stm32f4xx/STM32F4xx_HAL_Driver/Src/stm32f4xx_hal_rcc_ex.c ****     {
2100:stm/stm32f4xx/STM32F4xx_HAL_Driver/Src/stm32f4xx_hal_rcc_ex.c ****       /* Get the current I2S source */
2101:stm/stm32f4xx/STM32F4xx_HAL_Driver/Src/stm32f4xx_hal_rcc_ex.c ****       srcclk = __HAL_RCC_GET_I2S_SOURCE();
2102:stm/stm32f4xx/STM32F4xx_HAL_Driver/Src/stm32f4xx_hal_rcc_ex.c ****       switch (srcclk)
2103:stm/stm32f4xx/STM32F4xx_HAL_Driver/Src/stm32f4xx_hal_rcc_ex.c ****       {
2104:stm/stm32f4xx/STM32F4xx_HAL_Driver/Src/stm32f4xx_hal_rcc_ex.c ****       /* Check if I2S clock selection is External clock mapped on the I2S_CKIN pin used as I2S cloc
2105:stm/stm32f4xx/STM32F4xx_HAL_Driver/Src/stm32f4xx_hal_rcc_ex.c ****       case RCC_I2SAPBCLKSOURCE_EXT:
2106:stm/stm32f4xx/STM32F4xx_HAL_Driver/Src/stm32f4xx_hal_rcc_ex.c ****         {
2107:stm/stm32f4xx/STM32F4xx_HAL_Driver/Src/stm32f4xx_hal_rcc_ex.c ****           /* Set the I2S clock to the external clock  value */
2108:stm/stm32f4xx/STM32F4xx_HAL_Driver/Src/stm32f4xx_hal_rcc_ex.c ****           frequency = EXTERNAL_CLOCK_VALUE;
2109:stm/stm32f4xx/STM32F4xx_HAL_Driver/Src/stm32f4xx_hal_rcc_ex.c ****           break;
2110:stm/stm32f4xx/STM32F4xx_HAL_Driver/Src/stm32f4xx_hal_rcc_ex.c ****         }
2111:stm/stm32f4xx/STM32F4xx_HAL_Driver/Src/stm32f4xx_hal_rcc_ex.c ****       /* Check if I2S clock selection is PLL VCO Output divided by PLLR used as I2S clock */
2112:stm/stm32f4xx/STM32F4xx_HAL_Driver/Src/stm32f4xx_hal_rcc_ex.c ****       case RCC_I2SAPBCLKSOURCE_PLLR:
2113:stm/stm32f4xx/STM32F4xx_HAL_Driver/Src/stm32f4xx_hal_rcc_ex.c ****         {
2114:stm/stm32f4xx/STM32F4xx_HAL_Driver/Src/stm32f4xx_hal_rcc_ex.c ****           /* Configure the PLL division factor R */
2115:stm/stm32f4xx/STM32F4xx_HAL_Driver/Src/stm32f4xx_hal_rcc_ex.c ****           /* PLL_VCO Input  = PLL_SOURCE/PLLM */
2116:stm/stm32f4xx/STM32F4xx_HAL_Driver/Src/stm32f4xx_hal_rcc_ex.c ****           if((RCC->PLLCFGR & RCC_PLLCFGR_PLLSRC) == RCC_PLLSOURCE_HSE)
2117:stm/stm32f4xx/STM32F4xx_HAL_Driver/Src/stm32f4xx_hal_rcc_ex.c ****           {
2118:stm/stm32f4xx/STM32F4xx_HAL_Driver/Src/stm32f4xx_hal_rcc_ex.c ****             /* Get the I2S source clock value */
2119:stm/stm32f4xx/STM32F4xx_HAL_Driver/Src/stm32f4xx_hal_rcc_ex.c ****             vcoinput = (uint32_t)(HSE_VALUE / (uint32_t)(RCC->PLLCFGR & RCC_PLLCFGR_PLLM));
2120:stm/stm32f4xx/STM32F4xx_HAL_Driver/Src/stm32f4xx_hal_rcc_ex.c ****           }
2121:stm/stm32f4xx/STM32F4xx_HAL_Driver/Src/stm32f4xx_hal_rcc_ex.c ****           else
2122:stm/stm32f4xx/STM32F4xx_HAL_Driver/Src/stm32f4xx_hal_rcc_ex.c ****           {
2123:stm/stm32f4xx/STM32F4xx_HAL_Driver/Src/stm32f4xx_hal_rcc_ex.c ****             /* Get the I2S source clock value */
2124:stm/stm32f4xx/STM32F4xx_HAL_Driver/Src/stm32f4xx_hal_rcc_ex.c ****             vcoinput = (uint32_t)(HSI_VALUE / (uint32_t)(RCC->PLLCFGR & RCC_PLLCFGR_PLLM));
2125:stm/stm32f4xx/STM32F4xx_HAL_Driver/Src/stm32f4xx_hal_rcc_ex.c ****           }
ARM GAS  /tmp/ccsRaXLF.s 			page 74


2126:stm/stm32f4xx/STM32F4xx_HAL_Driver/Src/stm32f4xx_hal_rcc_ex.c **** 
2127:stm/stm32f4xx/STM32F4xx_HAL_Driver/Src/stm32f4xx_hal_rcc_ex.c ****           /* PLL_VCO Output = PLL_VCO Input * PLLN */
2128:stm/stm32f4xx/STM32F4xx_HAL_Driver/Src/stm32f4xx_hal_rcc_ex.c ****           vcooutput = (uint32_t)(vcoinput * (((RCC->PLLCFGR & RCC_PLLCFGR_PLLN) >> 6U) & (RCC_PLLCF
2129:stm/stm32f4xx/STM32F4xx_HAL_Driver/Src/stm32f4xx_hal_rcc_ex.c ****           /* I2S_CLK = PLL_VCO Output/PLLR */
2130:stm/stm32f4xx/STM32F4xx_HAL_Driver/Src/stm32f4xx_hal_rcc_ex.c ****           frequency = (uint32_t)(vcooutput /(((RCC->PLLCFGR & RCC_PLLCFGR_PLLR) >> 28U) & (RCC_PLLC
2131:stm/stm32f4xx/STM32F4xx_HAL_Driver/Src/stm32f4xx_hal_rcc_ex.c ****           break;
2132:stm/stm32f4xx/STM32F4xx_HAL_Driver/Src/stm32f4xx_hal_rcc_ex.c ****         }
2133:stm/stm32f4xx/STM32F4xx_HAL_Driver/Src/stm32f4xx_hal_rcc_ex.c ****       /* Check if I2S clock selection is HSI or HSE depending from PLL source Clock */
2134:stm/stm32f4xx/STM32F4xx_HAL_Driver/Src/stm32f4xx_hal_rcc_ex.c ****       case RCC_I2SAPBCLKSOURCE_PLLSRC:
2135:stm/stm32f4xx/STM32F4xx_HAL_Driver/Src/stm32f4xx_hal_rcc_ex.c ****         {
2136:stm/stm32f4xx/STM32F4xx_HAL_Driver/Src/stm32f4xx_hal_rcc_ex.c ****           if((RCC->PLLCFGR & RCC_PLLCFGR_PLLSRC) == RCC_PLLSOURCE_HSE)
2137:stm/stm32f4xx/STM32F4xx_HAL_Driver/Src/stm32f4xx_hal_rcc_ex.c ****           {
2138:stm/stm32f4xx/STM32F4xx_HAL_Driver/Src/stm32f4xx_hal_rcc_ex.c ****             frequency = HSE_VALUE;
2139:stm/stm32f4xx/STM32F4xx_HAL_Driver/Src/stm32f4xx_hal_rcc_ex.c ****           }
2140:stm/stm32f4xx/STM32F4xx_HAL_Driver/Src/stm32f4xx_hal_rcc_ex.c ****           else
2141:stm/stm32f4xx/STM32F4xx_HAL_Driver/Src/stm32f4xx_hal_rcc_ex.c ****           {
2142:stm/stm32f4xx/STM32F4xx_HAL_Driver/Src/stm32f4xx_hal_rcc_ex.c ****             frequency = HSI_VALUE;
2143:stm/stm32f4xx/STM32F4xx_HAL_Driver/Src/stm32f4xx_hal_rcc_ex.c ****           }
2144:stm/stm32f4xx/STM32F4xx_HAL_Driver/Src/stm32f4xx_hal_rcc_ex.c ****           break;
2145:stm/stm32f4xx/STM32F4xx_HAL_Driver/Src/stm32f4xx_hal_rcc_ex.c ****         }
2146:stm/stm32f4xx/STM32F4xx_HAL_Driver/Src/stm32f4xx_hal_rcc_ex.c ****         /* Clock not enabled for I2S*/
2147:stm/stm32f4xx/STM32F4xx_HAL_Driver/Src/stm32f4xx_hal_rcc_ex.c ****       default:
2148:stm/stm32f4xx/STM32F4xx_HAL_Driver/Src/stm32f4xx_hal_rcc_ex.c ****         {
2149:stm/stm32f4xx/STM32F4xx_HAL_Driver/Src/stm32f4xx_hal_rcc_ex.c ****           frequency = 0U;
2150:stm/stm32f4xx/STM32F4xx_HAL_Driver/Src/stm32f4xx_hal_rcc_ex.c ****           break;
2151:stm/stm32f4xx/STM32F4xx_HAL_Driver/Src/stm32f4xx_hal_rcc_ex.c ****         }
2152:stm/stm32f4xx/STM32F4xx_HAL_Driver/Src/stm32f4xx_hal_rcc_ex.c ****       }
2153:stm/stm32f4xx/STM32F4xx_HAL_Driver/Src/stm32f4xx_hal_rcc_ex.c ****       break;
2154:stm/stm32f4xx/STM32F4xx_HAL_Driver/Src/stm32f4xx_hal_rcc_ex.c ****     }
2155:stm/stm32f4xx/STM32F4xx_HAL_Driver/Src/stm32f4xx_hal_rcc_ex.c ****   default:
2156:stm/stm32f4xx/STM32F4xx_HAL_Driver/Src/stm32f4xx_hal_rcc_ex.c ****     {
2157:stm/stm32f4xx/STM32F4xx_HAL_Driver/Src/stm32f4xx_hal_rcc_ex.c ****        break;
2158:stm/stm32f4xx/STM32F4xx_HAL_Driver/Src/stm32f4xx_hal_rcc_ex.c ****     }
2159:stm/stm32f4xx/STM32F4xx_HAL_Driver/Src/stm32f4xx_hal_rcc_ex.c ****   }
2160:stm/stm32f4xx/STM32F4xx_HAL_Driver/Src/stm32f4xx_hal_rcc_ex.c ****   return frequency;
2161:stm/stm32f4xx/STM32F4xx_HAL_Driver/Src/stm32f4xx_hal_rcc_ex.c **** }
2162:stm/stm32f4xx/STM32F4xx_HAL_Driver/Src/stm32f4xx_hal_rcc_ex.c **** #endif /* STM32F410Tx || STM32F410Cx || STM32F410Rx */
2163:stm/stm32f4xx/STM32F4xx_HAL_Driver/Src/stm32f4xx_hal_rcc_ex.c **** 
2164:stm/stm32f4xx/STM32F4xx_HAL_Driver/Src/stm32f4xx_hal_rcc_ex.c **** #if defined(STM32F427xx) || defined(STM32F437xx) || defined(STM32F429xx) || defined(STM32F439xx)
2165:stm/stm32f4xx/STM32F4xx_HAL_Driver/Src/stm32f4xx_hal_rcc_ex.c **** /**
2166:stm/stm32f4xx/STM32F4xx_HAL_Driver/Src/stm32f4xx_hal_rcc_ex.c ****   * @brief  Initializes the RCC extended peripherals clocks according to the specified
2167:stm/stm32f4xx/STM32F4xx_HAL_Driver/Src/stm32f4xx_hal_rcc_ex.c ****   *         parameters in the RCC_PeriphCLKInitTypeDef.
2168:stm/stm32f4xx/STM32F4xx_HAL_Driver/Src/stm32f4xx_hal_rcc_ex.c ****   * @param  PeriphClkInit pointer to an RCC_PeriphCLKInitTypeDef structure that
2169:stm/stm32f4xx/STM32F4xx_HAL_Driver/Src/stm32f4xx_hal_rcc_ex.c ****   *         contains the configuration information for the Extended Peripherals
2170:stm/stm32f4xx/STM32F4xx_HAL_Driver/Src/stm32f4xx_hal_rcc_ex.c ****   *         clocks(I2S, SAI, LTDC RTC and TIM).
2171:stm/stm32f4xx/STM32F4xx_HAL_Driver/Src/stm32f4xx_hal_rcc_ex.c ****   *
2172:stm/stm32f4xx/STM32F4xx_HAL_Driver/Src/stm32f4xx_hal_rcc_ex.c ****   * @note   Care must be taken when HAL_RCCEx_PeriphCLKConfig() is used to select
2173:stm/stm32f4xx/STM32F4xx_HAL_Driver/Src/stm32f4xx_hal_rcc_ex.c ****   *         the RTC clock source; in this case the Backup domain will be reset in
2174:stm/stm32f4xx/STM32F4xx_HAL_Driver/Src/stm32f4xx_hal_rcc_ex.c ****   *         order to modify the RTC Clock source, as consequence RTC registers (including
2175:stm/stm32f4xx/STM32F4xx_HAL_Driver/Src/stm32f4xx_hal_rcc_ex.c ****   *         the backup registers) and RCC_BDCR register are set to their reset values.
2176:stm/stm32f4xx/STM32F4xx_HAL_Driver/Src/stm32f4xx_hal_rcc_ex.c ****   *
2177:stm/stm32f4xx/STM32F4xx_HAL_Driver/Src/stm32f4xx_hal_rcc_ex.c ****   * @retval HAL status
2178:stm/stm32f4xx/STM32F4xx_HAL_Driver/Src/stm32f4xx_hal_rcc_ex.c ****   */
2179:stm/stm32f4xx/STM32F4xx_HAL_Driver/Src/stm32f4xx_hal_rcc_ex.c **** HAL_StatusTypeDef HAL_RCCEx_PeriphCLKConfig(RCC_PeriphCLKInitTypeDef  *PeriphClkInit)
2180:stm/stm32f4xx/STM32F4xx_HAL_Driver/Src/stm32f4xx_hal_rcc_ex.c **** {
2181:stm/stm32f4xx/STM32F4xx_HAL_Driver/Src/stm32f4xx_hal_rcc_ex.c ****   uint32_t tickstart = 0U;
2182:stm/stm32f4xx/STM32F4xx_HAL_Driver/Src/stm32f4xx_hal_rcc_ex.c ****   uint32_t tmpreg1 = 0U;
ARM GAS  /tmp/ccsRaXLF.s 			page 75


2183:stm/stm32f4xx/STM32F4xx_HAL_Driver/Src/stm32f4xx_hal_rcc_ex.c **** 
2184:stm/stm32f4xx/STM32F4xx_HAL_Driver/Src/stm32f4xx_hal_rcc_ex.c ****   /* Check the parameters */
2185:stm/stm32f4xx/STM32F4xx_HAL_Driver/Src/stm32f4xx_hal_rcc_ex.c ****   assert_param(IS_RCC_PERIPHCLOCK(PeriphClkInit->PeriphClockSelection));
2186:stm/stm32f4xx/STM32F4xx_HAL_Driver/Src/stm32f4xx_hal_rcc_ex.c **** 
2187:stm/stm32f4xx/STM32F4xx_HAL_Driver/Src/stm32f4xx_hal_rcc_ex.c ****   /*----------------------- SAI/I2S Configuration (PLLI2S) -------------------*/
2188:stm/stm32f4xx/STM32F4xx_HAL_Driver/Src/stm32f4xx_hal_rcc_ex.c ****   /*----------------------- Common configuration SAI/I2S ---------------------*/
2189:stm/stm32f4xx/STM32F4xx_HAL_Driver/Src/stm32f4xx_hal_rcc_ex.c ****   /* In Case of SAI or I2S Clock Configuration through PLLI2S, PLLI2SN division
2190:stm/stm32f4xx/STM32F4xx_HAL_Driver/Src/stm32f4xx_hal_rcc_ex.c ****      factor is common parameters for both peripherals */
2191:stm/stm32f4xx/STM32F4xx_HAL_Driver/Src/stm32f4xx_hal_rcc_ex.c ****   if((((PeriphClkInit->PeriphClockSelection) & RCC_PERIPHCLK_I2S) == RCC_PERIPHCLK_I2S) ||
2192:stm/stm32f4xx/STM32F4xx_HAL_Driver/Src/stm32f4xx_hal_rcc_ex.c ****      (((PeriphClkInit->PeriphClockSelection) & RCC_PERIPHCLK_SAI_PLLI2S) == RCC_PERIPHCLK_SAI_PLLI2
2193:stm/stm32f4xx/STM32F4xx_HAL_Driver/Src/stm32f4xx_hal_rcc_ex.c ****      (((PeriphClkInit->PeriphClockSelection) & RCC_PERIPHCLK_PLLI2S) == RCC_PERIPHCLK_PLLI2S))
2194:stm/stm32f4xx/STM32F4xx_HAL_Driver/Src/stm32f4xx_hal_rcc_ex.c ****   {
2195:stm/stm32f4xx/STM32F4xx_HAL_Driver/Src/stm32f4xx_hal_rcc_ex.c ****     /* check for Parameters */
2196:stm/stm32f4xx/STM32F4xx_HAL_Driver/Src/stm32f4xx_hal_rcc_ex.c ****     assert_param(IS_RCC_PLLI2SN_VALUE(PeriphClkInit->PLLI2S.PLLI2SN));
2197:stm/stm32f4xx/STM32F4xx_HAL_Driver/Src/stm32f4xx_hal_rcc_ex.c **** 
2198:stm/stm32f4xx/STM32F4xx_HAL_Driver/Src/stm32f4xx_hal_rcc_ex.c ****     /* Disable the PLLI2S */
2199:stm/stm32f4xx/STM32F4xx_HAL_Driver/Src/stm32f4xx_hal_rcc_ex.c ****     __HAL_RCC_PLLI2S_DISABLE();
2200:stm/stm32f4xx/STM32F4xx_HAL_Driver/Src/stm32f4xx_hal_rcc_ex.c ****     /* Get tick */
2201:stm/stm32f4xx/STM32F4xx_HAL_Driver/Src/stm32f4xx_hal_rcc_ex.c ****     tickstart = HAL_GetTick();
2202:stm/stm32f4xx/STM32F4xx_HAL_Driver/Src/stm32f4xx_hal_rcc_ex.c ****     /* Wait till PLLI2S is disabled */
2203:stm/stm32f4xx/STM32F4xx_HAL_Driver/Src/stm32f4xx_hal_rcc_ex.c ****     while(__HAL_RCC_GET_FLAG(RCC_FLAG_PLLI2SRDY)  != RESET)
2204:stm/stm32f4xx/STM32F4xx_HAL_Driver/Src/stm32f4xx_hal_rcc_ex.c ****     {
2205:stm/stm32f4xx/STM32F4xx_HAL_Driver/Src/stm32f4xx_hal_rcc_ex.c ****       if((HAL_GetTick() - tickstart ) > PLLI2S_TIMEOUT_VALUE)
2206:stm/stm32f4xx/STM32F4xx_HAL_Driver/Src/stm32f4xx_hal_rcc_ex.c ****       {
2207:stm/stm32f4xx/STM32F4xx_HAL_Driver/Src/stm32f4xx_hal_rcc_ex.c ****         /* return in case of Timeout detected */
2208:stm/stm32f4xx/STM32F4xx_HAL_Driver/Src/stm32f4xx_hal_rcc_ex.c ****         return HAL_TIMEOUT;
2209:stm/stm32f4xx/STM32F4xx_HAL_Driver/Src/stm32f4xx_hal_rcc_ex.c ****       }
2210:stm/stm32f4xx/STM32F4xx_HAL_Driver/Src/stm32f4xx_hal_rcc_ex.c ****     }
2211:stm/stm32f4xx/STM32F4xx_HAL_Driver/Src/stm32f4xx_hal_rcc_ex.c **** 
2212:stm/stm32f4xx/STM32F4xx_HAL_Driver/Src/stm32f4xx_hal_rcc_ex.c ****     /*---------------------------- I2S configuration -------------------------*/
2213:stm/stm32f4xx/STM32F4xx_HAL_Driver/Src/stm32f4xx_hal_rcc_ex.c ****     /* In Case of I2S Clock Configuration through PLLI2S, PLLI2SR must be added
2214:stm/stm32f4xx/STM32F4xx_HAL_Driver/Src/stm32f4xx_hal_rcc_ex.c ****       only for I2S configuration */
2215:stm/stm32f4xx/STM32F4xx_HAL_Driver/Src/stm32f4xx_hal_rcc_ex.c ****     if(((PeriphClkInit->PeriphClockSelection) & RCC_PERIPHCLK_I2S) == (RCC_PERIPHCLK_I2S))
2216:stm/stm32f4xx/STM32F4xx_HAL_Driver/Src/stm32f4xx_hal_rcc_ex.c ****     {
2217:stm/stm32f4xx/STM32F4xx_HAL_Driver/Src/stm32f4xx_hal_rcc_ex.c ****       /* check for Parameters */
2218:stm/stm32f4xx/STM32F4xx_HAL_Driver/Src/stm32f4xx_hal_rcc_ex.c ****       assert_param(IS_RCC_PLLI2SR_VALUE(PeriphClkInit->PLLI2S.PLLI2SR));
2219:stm/stm32f4xx/STM32F4xx_HAL_Driver/Src/stm32f4xx_hal_rcc_ex.c ****       /* Configure the PLLI2S division factors */
2220:stm/stm32f4xx/STM32F4xx_HAL_Driver/Src/stm32f4xx_hal_rcc_ex.c ****       /* PLLI2S_VCO = f(VCO clock) = f(PLLI2S clock input) * (PLLI2SN/PLLM) */
2221:stm/stm32f4xx/STM32F4xx_HAL_Driver/Src/stm32f4xx_hal_rcc_ex.c ****       /* I2SCLK = f(PLLI2S clock output) = f(VCO clock) / PLLI2SR */
2222:stm/stm32f4xx/STM32F4xx_HAL_Driver/Src/stm32f4xx_hal_rcc_ex.c ****       __HAL_RCC_PLLI2S_CONFIG(PeriphClkInit->PLLI2S.PLLI2SN , PeriphClkInit->PLLI2S.PLLI2SR);
2223:stm/stm32f4xx/STM32F4xx_HAL_Driver/Src/stm32f4xx_hal_rcc_ex.c ****     }
2224:stm/stm32f4xx/STM32F4xx_HAL_Driver/Src/stm32f4xx_hal_rcc_ex.c **** 
2225:stm/stm32f4xx/STM32F4xx_HAL_Driver/Src/stm32f4xx_hal_rcc_ex.c ****     /*---------------------------- SAI configuration -------------------------*/
2226:stm/stm32f4xx/STM32F4xx_HAL_Driver/Src/stm32f4xx_hal_rcc_ex.c ****     /* In Case of SAI Clock Configuration through PLLI2S, PLLI2SQ and PLLI2S_DIVQ must
2227:stm/stm32f4xx/STM32F4xx_HAL_Driver/Src/stm32f4xx_hal_rcc_ex.c ****        be added only for SAI configuration */
2228:stm/stm32f4xx/STM32F4xx_HAL_Driver/Src/stm32f4xx_hal_rcc_ex.c ****     if(((PeriphClkInit->PeriphClockSelection) & RCC_PERIPHCLK_SAI_PLLI2S) == (RCC_PERIPHCLK_SAI_PLL
2229:stm/stm32f4xx/STM32F4xx_HAL_Driver/Src/stm32f4xx_hal_rcc_ex.c ****     {
2230:stm/stm32f4xx/STM32F4xx_HAL_Driver/Src/stm32f4xx_hal_rcc_ex.c ****       /* Check the PLLI2S division factors */
2231:stm/stm32f4xx/STM32F4xx_HAL_Driver/Src/stm32f4xx_hal_rcc_ex.c ****       assert_param(IS_RCC_PLLI2SQ_VALUE(PeriphClkInit->PLLI2S.PLLI2SQ));
2232:stm/stm32f4xx/STM32F4xx_HAL_Driver/Src/stm32f4xx_hal_rcc_ex.c ****       assert_param(IS_RCC_PLLI2S_DIVQ_VALUE(PeriphClkInit->PLLI2SDivQ));
2233:stm/stm32f4xx/STM32F4xx_HAL_Driver/Src/stm32f4xx_hal_rcc_ex.c **** 
2234:stm/stm32f4xx/STM32F4xx_HAL_Driver/Src/stm32f4xx_hal_rcc_ex.c ****       /* Read PLLI2SR value from PLLI2SCFGR register (this value is not need for SAI configuration)
2235:stm/stm32f4xx/STM32F4xx_HAL_Driver/Src/stm32f4xx_hal_rcc_ex.c ****       tmpreg1 = ((RCC->PLLI2SCFGR & RCC_PLLI2SCFGR_PLLI2SR) >> RCC_PLLI2SCFGR_PLLI2SR_Pos);
2236:stm/stm32f4xx/STM32F4xx_HAL_Driver/Src/stm32f4xx_hal_rcc_ex.c ****       /* Configure the PLLI2S division factors */
2237:stm/stm32f4xx/STM32F4xx_HAL_Driver/Src/stm32f4xx_hal_rcc_ex.c ****       /* PLLI2S_VCO Input  = PLL_SOURCE/PLLM */
2238:stm/stm32f4xx/STM32F4xx_HAL_Driver/Src/stm32f4xx_hal_rcc_ex.c ****       /* PLLI2S_VCO Output = PLLI2S_VCO Input * PLLI2SN */
2239:stm/stm32f4xx/STM32F4xx_HAL_Driver/Src/stm32f4xx_hal_rcc_ex.c ****       /* SAI_CLK(first level) = PLLI2S_VCO Output/PLLI2SQ */
ARM GAS  /tmp/ccsRaXLF.s 			page 76


2240:stm/stm32f4xx/STM32F4xx_HAL_Driver/Src/stm32f4xx_hal_rcc_ex.c ****       __HAL_RCC_PLLI2S_SAICLK_CONFIG(PeriphClkInit->PLLI2S.PLLI2SN , PeriphClkInit->PLLI2S.PLLI2SQ 
2241:stm/stm32f4xx/STM32F4xx_HAL_Driver/Src/stm32f4xx_hal_rcc_ex.c ****       /* SAI_CLK_x = SAI_CLK(first level)/PLLI2SDIVQ */
2242:stm/stm32f4xx/STM32F4xx_HAL_Driver/Src/stm32f4xx_hal_rcc_ex.c ****       __HAL_RCC_PLLI2S_PLLSAICLKDIVQ_CONFIG(PeriphClkInit->PLLI2SDivQ);
2243:stm/stm32f4xx/STM32F4xx_HAL_Driver/Src/stm32f4xx_hal_rcc_ex.c ****     }
2244:stm/stm32f4xx/STM32F4xx_HAL_Driver/Src/stm32f4xx_hal_rcc_ex.c **** 
2245:stm/stm32f4xx/STM32F4xx_HAL_Driver/Src/stm32f4xx_hal_rcc_ex.c ****     /*----------------- In Case of PLLI2S is just selected  -----------------*/
2246:stm/stm32f4xx/STM32F4xx_HAL_Driver/Src/stm32f4xx_hal_rcc_ex.c ****     if((PeriphClkInit->PeriphClockSelection & RCC_PERIPHCLK_PLLI2S) == RCC_PERIPHCLK_PLLI2S)
2247:stm/stm32f4xx/STM32F4xx_HAL_Driver/Src/stm32f4xx_hal_rcc_ex.c ****     {
2248:stm/stm32f4xx/STM32F4xx_HAL_Driver/Src/stm32f4xx_hal_rcc_ex.c ****       /* Check for Parameters */
2249:stm/stm32f4xx/STM32F4xx_HAL_Driver/Src/stm32f4xx_hal_rcc_ex.c ****       assert_param(IS_RCC_PLLI2SQ_VALUE(PeriphClkInit->PLLI2S.PLLI2SQ));
2250:stm/stm32f4xx/STM32F4xx_HAL_Driver/Src/stm32f4xx_hal_rcc_ex.c ****       assert_param(IS_RCC_PLLI2SR_VALUE(PeriphClkInit->PLLI2S.PLLI2SR));
2251:stm/stm32f4xx/STM32F4xx_HAL_Driver/Src/stm32f4xx_hal_rcc_ex.c **** 
2252:stm/stm32f4xx/STM32F4xx_HAL_Driver/Src/stm32f4xx_hal_rcc_ex.c ****       /* Configure the PLLI2S multiplication and division factors */
2253:stm/stm32f4xx/STM32F4xx_HAL_Driver/Src/stm32f4xx_hal_rcc_ex.c ****       __HAL_RCC_PLLI2S_SAICLK_CONFIG(PeriphClkInit->PLLI2S.PLLI2SN, PeriphClkInit->PLLI2S.PLLI2SQ, 
2254:stm/stm32f4xx/STM32F4xx_HAL_Driver/Src/stm32f4xx_hal_rcc_ex.c ****     }
2255:stm/stm32f4xx/STM32F4xx_HAL_Driver/Src/stm32f4xx_hal_rcc_ex.c **** 
2256:stm/stm32f4xx/STM32F4xx_HAL_Driver/Src/stm32f4xx_hal_rcc_ex.c ****     /* Enable the PLLI2S */
2257:stm/stm32f4xx/STM32F4xx_HAL_Driver/Src/stm32f4xx_hal_rcc_ex.c ****     __HAL_RCC_PLLI2S_ENABLE();
2258:stm/stm32f4xx/STM32F4xx_HAL_Driver/Src/stm32f4xx_hal_rcc_ex.c ****     /* Get tick */
2259:stm/stm32f4xx/STM32F4xx_HAL_Driver/Src/stm32f4xx_hal_rcc_ex.c ****     tickstart = HAL_GetTick();
2260:stm/stm32f4xx/STM32F4xx_HAL_Driver/Src/stm32f4xx_hal_rcc_ex.c ****     /* Wait till PLLI2S is ready */
2261:stm/stm32f4xx/STM32F4xx_HAL_Driver/Src/stm32f4xx_hal_rcc_ex.c ****     while(__HAL_RCC_GET_FLAG(RCC_FLAG_PLLI2SRDY)  == RESET)
2262:stm/stm32f4xx/STM32F4xx_HAL_Driver/Src/stm32f4xx_hal_rcc_ex.c ****     {
2263:stm/stm32f4xx/STM32F4xx_HAL_Driver/Src/stm32f4xx_hal_rcc_ex.c ****       if((HAL_GetTick() - tickstart ) > PLLI2S_TIMEOUT_VALUE)
2264:stm/stm32f4xx/STM32F4xx_HAL_Driver/Src/stm32f4xx_hal_rcc_ex.c ****       {
2265:stm/stm32f4xx/STM32F4xx_HAL_Driver/Src/stm32f4xx_hal_rcc_ex.c ****         /* return in case of Timeout detected */
2266:stm/stm32f4xx/STM32F4xx_HAL_Driver/Src/stm32f4xx_hal_rcc_ex.c ****         return HAL_TIMEOUT;
2267:stm/stm32f4xx/STM32F4xx_HAL_Driver/Src/stm32f4xx_hal_rcc_ex.c ****       }
2268:stm/stm32f4xx/STM32F4xx_HAL_Driver/Src/stm32f4xx_hal_rcc_ex.c ****     }
2269:stm/stm32f4xx/STM32F4xx_HAL_Driver/Src/stm32f4xx_hal_rcc_ex.c ****   }
2270:stm/stm32f4xx/STM32F4xx_HAL_Driver/Src/stm32f4xx_hal_rcc_ex.c ****   /*--------------------------------------------------------------------------*/
2271:stm/stm32f4xx/STM32F4xx_HAL_Driver/Src/stm32f4xx_hal_rcc_ex.c **** 
2272:stm/stm32f4xx/STM32F4xx_HAL_Driver/Src/stm32f4xx_hal_rcc_ex.c ****   /*----------------------- SAI/LTDC Configuration (PLLSAI) ------------------*/
2273:stm/stm32f4xx/STM32F4xx_HAL_Driver/Src/stm32f4xx_hal_rcc_ex.c ****   /*----------------------- Common configuration SAI/LTDC --------------------*/
2274:stm/stm32f4xx/STM32F4xx_HAL_Driver/Src/stm32f4xx_hal_rcc_ex.c ****   /* In Case of SAI or LTDC Clock Configuration through PLLSAI, PLLSAIN division
2275:stm/stm32f4xx/STM32F4xx_HAL_Driver/Src/stm32f4xx_hal_rcc_ex.c ****      factor is common parameters for both peripherals */
2276:stm/stm32f4xx/STM32F4xx_HAL_Driver/Src/stm32f4xx_hal_rcc_ex.c ****   if((((PeriphClkInit->PeriphClockSelection) & RCC_PERIPHCLK_SAI_PLLSAI) == RCC_PERIPHCLK_SAI_PLLSA
2277:stm/stm32f4xx/STM32F4xx_HAL_Driver/Src/stm32f4xx_hal_rcc_ex.c ****      (((PeriphClkInit->PeriphClockSelection) & RCC_PERIPHCLK_LTDC) == RCC_PERIPHCLK_LTDC))
2278:stm/stm32f4xx/STM32F4xx_HAL_Driver/Src/stm32f4xx_hal_rcc_ex.c ****   {
2279:stm/stm32f4xx/STM32F4xx_HAL_Driver/Src/stm32f4xx_hal_rcc_ex.c ****     /* Check the PLLSAI division factors */
2280:stm/stm32f4xx/STM32F4xx_HAL_Driver/Src/stm32f4xx_hal_rcc_ex.c ****     assert_param(IS_RCC_PLLSAIN_VALUE(PeriphClkInit->PLLSAI.PLLSAIN));
2281:stm/stm32f4xx/STM32F4xx_HAL_Driver/Src/stm32f4xx_hal_rcc_ex.c **** 
2282:stm/stm32f4xx/STM32F4xx_HAL_Driver/Src/stm32f4xx_hal_rcc_ex.c ****     /* Disable PLLSAI Clock */
2283:stm/stm32f4xx/STM32F4xx_HAL_Driver/Src/stm32f4xx_hal_rcc_ex.c ****     __HAL_RCC_PLLSAI_DISABLE();
2284:stm/stm32f4xx/STM32F4xx_HAL_Driver/Src/stm32f4xx_hal_rcc_ex.c ****     /* Get tick */
2285:stm/stm32f4xx/STM32F4xx_HAL_Driver/Src/stm32f4xx_hal_rcc_ex.c ****     tickstart = HAL_GetTick();
2286:stm/stm32f4xx/STM32F4xx_HAL_Driver/Src/stm32f4xx_hal_rcc_ex.c ****     /* Wait till PLLSAI is disabled */
2287:stm/stm32f4xx/STM32F4xx_HAL_Driver/Src/stm32f4xx_hal_rcc_ex.c ****     while(__HAL_RCC_PLLSAI_GET_FLAG() != RESET)
2288:stm/stm32f4xx/STM32F4xx_HAL_Driver/Src/stm32f4xx_hal_rcc_ex.c ****     {
2289:stm/stm32f4xx/STM32F4xx_HAL_Driver/Src/stm32f4xx_hal_rcc_ex.c ****       if((HAL_GetTick() - tickstart ) > PLLSAI_TIMEOUT_VALUE)
2290:stm/stm32f4xx/STM32F4xx_HAL_Driver/Src/stm32f4xx_hal_rcc_ex.c ****       {
2291:stm/stm32f4xx/STM32F4xx_HAL_Driver/Src/stm32f4xx_hal_rcc_ex.c ****         /* return in case of Timeout detected */
2292:stm/stm32f4xx/STM32F4xx_HAL_Driver/Src/stm32f4xx_hal_rcc_ex.c ****         return HAL_TIMEOUT;
2293:stm/stm32f4xx/STM32F4xx_HAL_Driver/Src/stm32f4xx_hal_rcc_ex.c ****       }
2294:stm/stm32f4xx/STM32F4xx_HAL_Driver/Src/stm32f4xx_hal_rcc_ex.c ****     }
2295:stm/stm32f4xx/STM32F4xx_HAL_Driver/Src/stm32f4xx_hal_rcc_ex.c **** 
2296:stm/stm32f4xx/STM32F4xx_HAL_Driver/Src/stm32f4xx_hal_rcc_ex.c ****     /*---------------------------- SAI configuration -------------------------*/
ARM GAS  /tmp/ccsRaXLF.s 			page 77


2297:stm/stm32f4xx/STM32F4xx_HAL_Driver/Src/stm32f4xx_hal_rcc_ex.c ****     /* In Case of SAI Clock Configuration through PLLSAI, PLLSAIQ and PLLSAI_DIVQ must
2298:stm/stm32f4xx/STM32F4xx_HAL_Driver/Src/stm32f4xx_hal_rcc_ex.c ****        be added only for SAI configuration */
2299:stm/stm32f4xx/STM32F4xx_HAL_Driver/Src/stm32f4xx_hal_rcc_ex.c ****     if(((PeriphClkInit->PeriphClockSelection) & RCC_PERIPHCLK_SAI_PLLSAI) == (RCC_PERIPHCLK_SAI_PLL
2300:stm/stm32f4xx/STM32F4xx_HAL_Driver/Src/stm32f4xx_hal_rcc_ex.c ****     {
2301:stm/stm32f4xx/STM32F4xx_HAL_Driver/Src/stm32f4xx_hal_rcc_ex.c ****       assert_param(IS_RCC_PLLSAIQ_VALUE(PeriphClkInit->PLLSAI.PLLSAIQ));
2302:stm/stm32f4xx/STM32F4xx_HAL_Driver/Src/stm32f4xx_hal_rcc_ex.c ****       assert_param(IS_RCC_PLLSAI_DIVQ_VALUE(PeriphClkInit->PLLSAIDivQ));
2303:stm/stm32f4xx/STM32F4xx_HAL_Driver/Src/stm32f4xx_hal_rcc_ex.c **** 
2304:stm/stm32f4xx/STM32F4xx_HAL_Driver/Src/stm32f4xx_hal_rcc_ex.c ****       /* Read PLLSAIR value from PLLSAICFGR register (this value is not need for SAI configuration)
2305:stm/stm32f4xx/STM32F4xx_HAL_Driver/Src/stm32f4xx_hal_rcc_ex.c ****       tmpreg1 = ((RCC->PLLSAICFGR & RCC_PLLSAICFGR_PLLSAIR) >> RCC_PLLSAICFGR_PLLSAIR_Pos);
2306:stm/stm32f4xx/STM32F4xx_HAL_Driver/Src/stm32f4xx_hal_rcc_ex.c ****       /* PLLSAI_VCO Input  = PLL_SOURCE/PLLM */
2307:stm/stm32f4xx/STM32F4xx_HAL_Driver/Src/stm32f4xx_hal_rcc_ex.c ****       /* PLLSAI_VCO Output = PLLSAI_VCO Input * PLLSAIN */
2308:stm/stm32f4xx/STM32F4xx_HAL_Driver/Src/stm32f4xx_hal_rcc_ex.c ****       /* SAI_CLK(first level) = PLLSAI_VCO Output/PLLSAIQ */
2309:stm/stm32f4xx/STM32F4xx_HAL_Driver/Src/stm32f4xx_hal_rcc_ex.c ****       __HAL_RCC_PLLSAI_CONFIG(PeriphClkInit->PLLSAI.PLLSAIN , PeriphClkInit->PLLSAI.PLLSAIQ, tmpreg
2310:stm/stm32f4xx/STM32F4xx_HAL_Driver/Src/stm32f4xx_hal_rcc_ex.c ****       /* SAI_CLK_x = SAI_CLK(first level)/PLLSAIDIVQ */
2311:stm/stm32f4xx/STM32F4xx_HAL_Driver/Src/stm32f4xx_hal_rcc_ex.c ****       __HAL_RCC_PLLSAI_PLLSAICLKDIVQ_CONFIG(PeriphClkInit->PLLSAIDivQ);
2312:stm/stm32f4xx/STM32F4xx_HAL_Driver/Src/stm32f4xx_hal_rcc_ex.c ****     }
2313:stm/stm32f4xx/STM32F4xx_HAL_Driver/Src/stm32f4xx_hal_rcc_ex.c **** 
2314:stm/stm32f4xx/STM32F4xx_HAL_Driver/Src/stm32f4xx_hal_rcc_ex.c ****     /*---------------------------- LTDC configuration ------------------------*/
2315:stm/stm32f4xx/STM32F4xx_HAL_Driver/Src/stm32f4xx_hal_rcc_ex.c ****     if(((PeriphClkInit->PeriphClockSelection) & RCC_PERIPHCLK_LTDC) == (RCC_PERIPHCLK_LTDC))
2316:stm/stm32f4xx/STM32F4xx_HAL_Driver/Src/stm32f4xx_hal_rcc_ex.c ****     {
2317:stm/stm32f4xx/STM32F4xx_HAL_Driver/Src/stm32f4xx_hal_rcc_ex.c ****       assert_param(IS_RCC_PLLSAIR_VALUE(PeriphClkInit->PLLSAI.PLLSAIR));
2318:stm/stm32f4xx/STM32F4xx_HAL_Driver/Src/stm32f4xx_hal_rcc_ex.c ****       assert_param(IS_RCC_PLLSAI_DIVR_VALUE(PeriphClkInit->PLLSAIDivR));
2319:stm/stm32f4xx/STM32F4xx_HAL_Driver/Src/stm32f4xx_hal_rcc_ex.c **** 
2320:stm/stm32f4xx/STM32F4xx_HAL_Driver/Src/stm32f4xx_hal_rcc_ex.c ****       /* Read PLLSAIR value from PLLSAICFGR register (this value is not need for SAI configuration)
2321:stm/stm32f4xx/STM32F4xx_HAL_Driver/Src/stm32f4xx_hal_rcc_ex.c ****       tmpreg1 = ((RCC->PLLSAICFGR & RCC_PLLSAICFGR_PLLSAIQ) >> RCC_PLLSAICFGR_PLLSAIQ_Pos);
2322:stm/stm32f4xx/STM32F4xx_HAL_Driver/Src/stm32f4xx_hal_rcc_ex.c ****       /* PLLSAI_VCO Input  = PLL_SOURCE/PLLM */
2323:stm/stm32f4xx/STM32F4xx_HAL_Driver/Src/stm32f4xx_hal_rcc_ex.c ****       /* PLLSAI_VCO Output = PLLSAI_VCO Input * PLLSAIN */
2324:stm/stm32f4xx/STM32F4xx_HAL_Driver/Src/stm32f4xx_hal_rcc_ex.c ****       /* LTDC_CLK(first level) = PLLSAI_VCO Output/PLLSAIR */
2325:stm/stm32f4xx/STM32F4xx_HAL_Driver/Src/stm32f4xx_hal_rcc_ex.c ****       __HAL_RCC_PLLSAI_CONFIG(PeriphClkInit->PLLSAI.PLLSAIN , tmpreg1, PeriphClkInit->PLLSAI.PLLSAI
2326:stm/stm32f4xx/STM32F4xx_HAL_Driver/Src/stm32f4xx_hal_rcc_ex.c ****       /* LTDC_CLK = LTDC_CLK(first level)/PLLSAIDIVR */
2327:stm/stm32f4xx/STM32F4xx_HAL_Driver/Src/stm32f4xx_hal_rcc_ex.c ****       __HAL_RCC_PLLSAI_PLLSAICLKDIVR_CONFIG(PeriphClkInit->PLLSAIDivR);
2328:stm/stm32f4xx/STM32F4xx_HAL_Driver/Src/stm32f4xx_hal_rcc_ex.c ****     }
2329:stm/stm32f4xx/STM32F4xx_HAL_Driver/Src/stm32f4xx_hal_rcc_ex.c ****     /* Enable PLLSAI Clock */
2330:stm/stm32f4xx/STM32F4xx_HAL_Driver/Src/stm32f4xx_hal_rcc_ex.c ****     __HAL_RCC_PLLSAI_ENABLE();
2331:stm/stm32f4xx/STM32F4xx_HAL_Driver/Src/stm32f4xx_hal_rcc_ex.c ****     /* Get tick */
2332:stm/stm32f4xx/STM32F4xx_HAL_Driver/Src/stm32f4xx_hal_rcc_ex.c ****     tickstart = HAL_GetTick();
2333:stm/stm32f4xx/STM32F4xx_HAL_Driver/Src/stm32f4xx_hal_rcc_ex.c ****     /* Wait till PLLSAI is ready */
2334:stm/stm32f4xx/STM32F4xx_HAL_Driver/Src/stm32f4xx_hal_rcc_ex.c ****     while(__HAL_RCC_PLLSAI_GET_FLAG() == RESET)
2335:stm/stm32f4xx/STM32F4xx_HAL_Driver/Src/stm32f4xx_hal_rcc_ex.c ****     {
2336:stm/stm32f4xx/STM32F4xx_HAL_Driver/Src/stm32f4xx_hal_rcc_ex.c ****       if((HAL_GetTick() - tickstart ) > PLLSAI_TIMEOUT_VALUE)
2337:stm/stm32f4xx/STM32F4xx_HAL_Driver/Src/stm32f4xx_hal_rcc_ex.c ****       {
2338:stm/stm32f4xx/STM32F4xx_HAL_Driver/Src/stm32f4xx_hal_rcc_ex.c ****         /* return in case of Timeout detected */
2339:stm/stm32f4xx/STM32F4xx_HAL_Driver/Src/stm32f4xx_hal_rcc_ex.c ****         return HAL_TIMEOUT;
2340:stm/stm32f4xx/STM32F4xx_HAL_Driver/Src/stm32f4xx_hal_rcc_ex.c ****       }
2341:stm/stm32f4xx/STM32F4xx_HAL_Driver/Src/stm32f4xx_hal_rcc_ex.c ****     }
2342:stm/stm32f4xx/STM32F4xx_HAL_Driver/Src/stm32f4xx_hal_rcc_ex.c ****   }
2343:stm/stm32f4xx/STM32F4xx_HAL_Driver/Src/stm32f4xx_hal_rcc_ex.c ****   /*--------------------------------------------------------------------------*/
2344:stm/stm32f4xx/STM32F4xx_HAL_Driver/Src/stm32f4xx_hal_rcc_ex.c **** 
2345:stm/stm32f4xx/STM32F4xx_HAL_Driver/Src/stm32f4xx_hal_rcc_ex.c ****   /*---------------------------- RTC configuration ---------------------------*/
2346:stm/stm32f4xx/STM32F4xx_HAL_Driver/Src/stm32f4xx_hal_rcc_ex.c ****   if(((PeriphClkInit->PeriphClockSelection) & RCC_PERIPHCLK_RTC) == (RCC_PERIPHCLK_RTC))
2347:stm/stm32f4xx/STM32F4xx_HAL_Driver/Src/stm32f4xx_hal_rcc_ex.c ****   {
2348:stm/stm32f4xx/STM32F4xx_HAL_Driver/Src/stm32f4xx_hal_rcc_ex.c ****     /* Check for RTC Parameters used to output RTCCLK */
2349:stm/stm32f4xx/STM32F4xx_HAL_Driver/Src/stm32f4xx_hal_rcc_ex.c ****     assert_param(IS_RCC_RTCCLKSOURCE(PeriphClkInit->RTCClockSelection));
2350:stm/stm32f4xx/STM32F4xx_HAL_Driver/Src/stm32f4xx_hal_rcc_ex.c **** 
2351:stm/stm32f4xx/STM32F4xx_HAL_Driver/Src/stm32f4xx_hal_rcc_ex.c ****     /* Enable Power Clock*/
2352:stm/stm32f4xx/STM32F4xx_HAL_Driver/Src/stm32f4xx_hal_rcc_ex.c ****     __HAL_RCC_PWR_CLK_ENABLE();
2353:stm/stm32f4xx/STM32F4xx_HAL_Driver/Src/stm32f4xx_hal_rcc_ex.c **** 
ARM GAS  /tmp/ccsRaXLF.s 			page 78


2354:stm/stm32f4xx/STM32F4xx_HAL_Driver/Src/stm32f4xx_hal_rcc_ex.c ****     /* Enable write access to Backup domain */
2355:stm/stm32f4xx/STM32F4xx_HAL_Driver/Src/stm32f4xx_hal_rcc_ex.c ****     PWR->CR |= PWR_CR_DBP;
2356:stm/stm32f4xx/STM32F4xx_HAL_Driver/Src/stm32f4xx_hal_rcc_ex.c **** 
2357:stm/stm32f4xx/STM32F4xx_HAL_Driver/Src/stm32f4xx_hal_rcc_ex.c ****     /* Get tick */
2358:stm/stm32f4xx/STM32F4xx_HAL_Driver/Src/stm32f4xx_hal_rcc_ex.c ****     tickstart = HAL_GetTick();
2359:stm/stm32f4xx/STM32F4xx_HAL_Driver/Src/stm32f4xx_hal_rcc_ex.c **** 
2360:stm/stm32f4xx/STM32F4xx_HAL_Driver/Src/stm32f4xx_hal_rcc_ex.c ****     while((PWR->CR & PWR_CR_DBP) == RESET)
2361:stm/stm32f4xx/STM32F4xx_HAL_Driver/Src/stm32f4xx_hal_rcc_ex.c ****     {
2362:stm/stm32f4xx/STM32F4xx_HAL_Driver/Src/stm32f4xx_hal_rcc_ex.c ****       if((HAL_GetTick() - tickstart ) > RCC_DBP_TIMEOUT_VALUE)
2363:stm/stm32f4xx/STM32F4xx_HAL_Driver/Src/stm32f4xx_hal_rcc_ex.c ****       {
2364:stm/stm32f4xx/STM32F4xx_HAL_Driver/Src/stm32f4xx_hal_rcc_ex.c ****         return HAL_TIMEOUT;
2365:stm/stm32f4xx/STM32F4xx_HAL_Driver/Src/stm32f4xx_hal_rcc_ex.c ****       }
2366:stm/stm32f4xx/STM32F4xx_HAL_Driver/Src/stm32f4xx_hal_rcc_ex.c ****     }
2367:stm/stm32f4xx/STM32F4xx_HAL_Driver/Src/stm32f4xx_hal_rcc_ex.c ****     /* Reset the Backup domain only if the RTC Clock source selection is modified from reset value 
2368:stm/stm32f4xx/STM32F4xx_HAL_Driver/Src/stm32f4xx_hal_rcc_ex.c ****     tmpreg1 = (RCC->BDCR & RCC_BDCR_RTCSEL);
2369:stm/stm32f4xx/STM32F4xx_HAL_Driver/Src/stm32f4xx_hal_rcc_ex.c ****     if((tmpreg1 != 0x00000000U) && ((tmpreg1) != (PeriphClkInit->RTCClockSelection & RCC_BDCR_RTCSE
2370:stm/stm32f4xx/STM32F4xx_HAL_Driver/Src/stm32f4xx_hal_rcc_ex.c ****     {
2371:stm/stm32f4xx/STM32F4xx_HAL_Driver/Src/stm32f4xx_hal_rcc_ex.c ****       /* Store the content of BDCR register before the reset of Backup Domain */
2372:stm/stm32f4xx/STM32F4xx_HAL_Driver/Src/stm32f4xx_hal_rcc_ex.c ****       tmpreg1 = (RCC->BDCR & ~(RCC_BDCR_RTCSEL));
2373:stm/stm32f4xx/STM32F4xx_HAL_Driver/Src/stm32f4xx_hal_rcc_ex.c ****       /* RTC Clock selection can be changed only if the Backup Domain is reset */
2374:stm/stm32f4xx/STM32F4xx_HAL_Driver/Src/stm32f4xx_hal_rcc_ex.c ****       __HAL_RCC_BACKUPRESET_FORCE();
2375:stm/stm32f4xx/STM32F4xx_HAL_Driver/Src/stm32f4xx_hal_rcc_ex.c ****       __HAL_RCC_BACKUPRESET_RELEASE();
2376:stm/stm32f4xx/STM32F4xx_HAL_Driver/Src/stm32f4xx_hal_rcc_ex.c ****       /* Restore the Content of BDCR register */
2377:stm/stm32f4xx/STM32F4xx_HAL_Driver/Src/stm32f4xx_hal_rcc_ex.c ****       RCC->BDCR = tmpreg1;
2378:stm/stm32f4xx/STM32F4xx_HAL_Driver/Src/stm32f4xx_hal_rcc_ex.c **** 
2379:stm/stm32f4xx/STM32F4xx_HAL_Driver/Src/stm32f4xx_hal_rcc_ex.c ****       /* Wait for LSE reactivation if LSE was enable prior to Backup Domain reset */
2380:stm/stm32f4xx/STM32F4xx_HAL_Driver/Src/stm32f4xx_hal_rcc_ex.c ****       if(HAL_IS_BIT_SET(RCC->BDCR, RCC_BDCR_LSEON))
2381:stm/stm32f4xx/STM32F4xx_HAL_Driver/Src/stm32f4xx_hal_rcc_ex.c ****       {
2382:stm/stm32f4xx/STM32F4xx_HAL_Driver/Src/stm32f4xx_hal_rcc_ex.c ****         /* Get tick */
2383:stm/stm32f4xx/STM32F4xx_HAL_Driver/Src/stm32f4xx_hal_rcc_ex.c ****         tickstart = HAL_GetTick();
2384:stm/stm32f4xx/STM32F4xx_HAL_Driver/Src/stm32f4xx_hal_rcc_ex.c **** 
2385:stm/stm32f4xx/STM32F4xx_HAL_Driver/Src/stm32f4xx_hal_rcc_ex.c ****         /* Wait till LSE is ready */
2386:stm/stm32f4xx/STM32F4xx_HAL_Driver/Src/stm32f4xx_hal_rcc_ex.c ****         while(__HAL_RCC_GET_FLAG(RCC_FLAG_LSERDY) == RESET)
2387:stm/stm32f4xx/STM32F4xx_HAL_Driver/Src/stm32f4xx_hal_rcc_ex.c ****         {
2388:stm/stm32f4xx/STM32F4xx_HAL_Driver/Src/stm32f4xx_hal_rcc_ex.c ****           if((HAL_GetTick() - tickstart ) > RCC_LSE_TIMEOUT_VALUE)
2389:stm/stm32f4xx/STM32F4xx_HAL_Driver/Src/stm32f4xx_hal_rcc_ex.c ****           {
2390:stm/stm32f4xx/STM32F4xx_HAL_Driver/Src/stm32f4xx_hal_rcc_ex.c ****             return HAL_TIMEOUT;
2391:stm/stm32f4xx/STM32F4xx_HAL_Driver/Src/stm32f4xx_hal_rcc_ex.c ****           }
2392:stm/stm32f4xx/STM32F4xx_HAL_Driver/Src/stm32f4xx_hal_rcc_ex.c ****         }
2393:stm/stm32f4xx/STM32F4xx_HAL_Driver/Src/stm32f4xx_hal_rcc_ex.c ****       }
2394:stm/stm32f4xx/STM32F4xx_HAL_Driver/Src/stm32f4xx_hal_rcc_ex.c ****     }
2395:stm/stm32f4xx/STM32F4xx_HAL_Driver/Src/stm32f4xx_hal_rcc_ex.c ****     __HAL_RCC_RTC_CONFIG(PeriphClkInit->RTCClockSelection);
2396:stm/stm32f4xx/STM32F4xx_HAL_Driver/Src/stm32f4xx_hal_rcc_ex.c ****   }
2397:stm/stm32f4xx/STM32F4xx_HAL_Driver/Src/stm32f4xx_hal_rcc_ex.c ****   /*--------------------------------------------------------------------------*/
2398:stm/stm32f4xx/STM32F4xx_HAL_Driver/Src/stm32f4xx_hal_rcc_ex.c **** 
2399:stm/stm32f4xx/STM32F4xx_HAL_Driver/Src/stm32f4xx_hal_rcc_ex.c ****   /*---------------------------- TIM configuration ---------------------------*/
2400:stm/stm32f4xx/STM32F4xx_HAL_Driver/Src/stm32f4xx_hal_rcc_ex.c ****   if(((PeriphClkInit->PeriphClockSelection) & RCC_PERIPHCLK_TIM) == (RCC_PERIPHCLK_TIM))
2401:stm/stm32f4xx/STM32F4xx_HAL_Driver/Src/stm32f4xx_hal_rcc_ex.c ****   {
2402:stm/stm32f4xx/STM32F4xx_HAL_Driver/Src/stm32f4xx_hal_rcc_ex.c ****     __HAL_RCC_TIMCLKPRESCALER(PeriphClkInit->TIMPresSelection);
2403:stm/stm32f4xx/STM32F4xx_HAL_Driver/Src/stm32f4xx_hal_rcc_ex.c ****   }
2404:stm/stm32f4xx/STM32F4xx_HAL_Driver/Src/stm32f4xx_hal_rcc_ex.c ****   return HAL_OK;
2405:stm/stm32f4xx/STM32F4xx_HAL_Driver/Src/stm32f4xx_hal_rcc_ex.c **** }
2406:stm/stm32f4xx/STM32F4xx_HAL_Driver/Src/stm32f4xx_hal_rcc_ex.c **** 
2407:stm/stm32f4xx/STM32F4xx_HAL_Driver/Src/stm32f4xx_hal_rcc_ex.c **** /**
2408:stm/stm32f4xx/STM32F4xx_HAL_Driver/Src/stm32f4xx_hal_rcc_ex.c ****   * @brief  Configures the PeriphClkInit according to the internal
2409:stm/stm32f4xx/STM32F4xx_HAL_Driver/Src/stm32f4xx_hal_rcc_ex.c ****   * RCC configuration registers.
2410:stm/stm32f4xx/STM32F4xx_HAL_Driver/Src/stm32f4xx_hal_rcc_ex.c ****   * @param  PeriphClkInit pointer to an RCC_PeriphCLKInitTypeDef structure that
ARM GAS  /tmp/ccsRaXLF.s 			page 79


2411:stm/stm32f4xx/STM32F4xx_HAL_Driver/Src/stm32f4xx_hal_rcc_ex.c ****   *         will be configured.
2412:stm/stm32f4xx/STM32F4xx_HAL_Driver/Src/stm32f4xx_hal_rcc_ex.c ****   * @retval None
2413:stm/stm32f4xx/STM32F4xx_HAL_Driver/Src/stm32f4xx_hal_rcc_ex.c ****   */
2414:stm/stm32f4xx/STM32F4xx_HAL_Driver/Src/stm32f4xx_hal_rcc_ex.c **** void HAL_RCCEx_GetPeriphCLKConfig(RCC_PeriphCLKInitTypeDef  *PeriphClkInit)
2415:stm/stm32f4xx/STM32F4xx_HAL_Driver/Src/stm32f4xx_hal_rcc_ex.c **** {
2416:stm/stm32f4xx/STM32F4xx_HAL_Driver/Src/stm32f4xx_hal_rcc_ex.c ****   uint32_t tempreg;
2417:stm/stm32f4xx/STM32F4xx_HAL_Driver/Src/stm32f4xx_hal_rcc_ex.c **** 
2418:stm/stm32f4xx/STM32F4xx_HAL_Driver/Src/stm32f4xx_hal_rcc_ex.c ****   /* Set all possible values for the extended clock type parameter------------*/
2419:stm/stm32f4xx/STM32F4xx_HAL_Driver/Src/stm32f4xx_hal_rcc_ex.c ****   PeriphClkInit->PeriphClockSelection = RCC_PERIPHCLK_I2S | RCC_PERIPHCLK_SAI_PLLSAI | RCC_PERIPHCL
2420:stm/stm32f4xx/STM32F4xx_HAL_Driver/Src/stm32f4xx_hal_rcc_ex.c **** 
2421:stm/stm32f4xx/STM32F4xx_HAL_Driver/Src/stm32f4xx_hal_rcc_ex.c ****   /* Get the PLLI2S Clock configuration -----------------------------------------------*/
2422:stm/stm32f4xx/STM32F4xx_HAL_Driver/Src/stm32f4xx_hal_rcc_ex.c ****   PeriphClkInit->PLLI2S.PLLI2SN = (uint32_t)((RCC->PLLI2SCFGR & RCC_PLLI2SCFGR_PLLI2SN) >> RCC_PLLI
2423:stm/stm32f4xx/STM32F4xx_HAL_Driver/Src/stm32f4xx_hal_rcc_ex.c ****   PeriphClkInit->PLLI2S.PLLI2SR = (uint32_t)((RCC->PLLI2SCFGR & RCC_PLLI2SCFGR_PLLI2SR) >> RCC_PLLI
2424:stm/stm32f4xx/STM32F4xx_HAL_Driver/Src/stm32f4xx_hal_rcc_ex.c ****   PeriphClkInit->PLLI2S.PLLI2SQ = (uint32_t)((RCC->PLLI2SCFGR & RCC_PLLI2SCFGR_PLLI2SQ) >> RCC_PLLI
2425:stm/stm32f4xx/STM32F4xx_HAL_Driver/Src/stm32f4xx_hal_rcc_ex.c ****   /* Get the PLLSAI Clock configuration -----------------------------------------------*/
2426:stm/stm32f4xx/STM32F4xx_HAL_Driver/Src/stm32f4xx_hal_rcc_ex.c ****   PeriphClkInit->PLLSAI.PLLSAIN = (uint32_t)((RCC->PLLSAICFGR & RCC_PLLSAICFGR_PLLSAIN) >> RCC_PLLS
2427:stm/stm32f4xx/STM32F4xx_HAL_Driver/Src/stm32f4xx_hal_rcc_ex.c ****   PeriphClkInit->PLLSAI.PLLSAIR = (uint32_t)((RCC->PLLSAICFGR & RCC_PLLSAICFGR_PLLSAIR) >> RCC_PLLS
2428:stm/stm32f4xx/STM32F4xx_HAL_Driver/Src/stm32f4xx_hal_rcc_ex.c ****   PeriphClkInit->PLLSAI.PLLSAIQ = (uint32_t)((RCC->PLLSAICFGR & RCC_PLLSAICFGR_PLLSAIQ) >> RCC_PLLS
2429:stm/stm32f4xx/STM32F4xx_HAL_Driver/Src/stm32f4xx_hal_rcc_ex.c ****   /* Get the PLLSAI/PLLI2S division factors -----------------------------------------------*/
2430:stm/stm32f4xx/STM32F4xx_HAL_Driver/Src/stm32f4xx_hal_rcc_ex.c ****   PeriphClkInit->PLLI2SDivQ = (uint32_t)((RCC->DCKCFGR & RCC_DCKCFGR_PLLI2SDIVQ) >> RCC_DCKCFGR_PLL
2431:stm/stm32f4xx/STM32F4xx_HAL_Driver/Src/stm32f4xx_hal_rcc_ex.c ****   PeriphClkInit->PLLSAIDivQ = (uint32_t)((RCC->DCKCFGR & RCC_DCKCFGR_PLLSAIDIVQ) >> RCC_DCKCFGR_PLL
2432:stm/stm32f4xx/STM32F4xx_HAL_Driver/Src/stm32f4xx_hal_rcc_ex.c ****   PeriphClkInit->PLLSAIDivR = (uint32_t)(RCC->DCKCFGR & RCC_DCKCFGR_PLLSAIDIVR);
2433:stm/stm32f4xx/STM32F4xx_HAL_Driver/Src/stm32f4xx_hal_rcc_ex.c ****   /* Get the RTC Clock configuration -----------------------------------------------*/
2434:stm/stm32f4xx/STM32F4xx_HAL_Driver/Src/stm32f4xx_hal_rcc_ex.c ****   tempreg = (RCC->CFGR & RCC_CFGR_RTCPRE);
2435:stm/stm32f4xx/STM32F4xx_HAL_Driver/Src/stm32f4xx_hal_rcc_ex.c ****   PeriphClkInit->RTCClockSelection = (uint32_t)((tempreg) | (RCC->BDCR & RCC_BDCR_RTCSEL));
2436:stm/stm32f4xx/STM32F4xx_HAL_Driver/Src/stm32f4xx_hal_rcc_ex.c **** 
2437:stm/stm32f4xx/STM32F4xx_HAL_Driver/Src/stm32f4xx_hal_rcc_ex.c ****   if ((RCC->DCKCFGR & RCC_DCKCFGR_TIMPRE) == RESET)
2438:stm/stm32f4xx/STM32F4xx_HAL_Driver/Src/stm32f4xx_hal_rcc_ex.c ****   {
2439:stm/stm32f4xx/STM32F4xx_HAL_Driver/Src/stm32f4xx_hal_rcc_ex.c ****     PeriphClkInit->TIMPresSelection = RCC_TIMPRES_DESACTIVATED;
2440:stm/stm32f4xx/STM32F4xx_HAL_Driver/Src/stm32f4xx_hal_rcc_ex.c ****   }
2441:stm/stm32f4xx/STM32F4xx_HAL_Driver/Src/stm32f4xx_hal_rcc_ex.c ****   else
2442:stm/stm32f4xx/STM32F4xx_HAL_Driver/Src/stm32f4xx_hal_rcc_ex.c ****   {
2443:stm/stm32f4xx/STM32F4xx_HAL_Driver/Src/stm32f4xx_hal_rcc_ex.c ****     PeriphClkInit->TIMPresSelection = RCC_TIMPRES_ACTIVATED;
2444:stm/stm32f4xx/STM32F4xx_HAL_Driver/Src/stm32f4xx_hal_rcc_ex.c ****   }
2445:stm/stm32f4xx/STM32F4xx_HAL_Driver/Src/stm32f4xx_hal_rcc_ex.c **** }
2446:stm/stm32f4xx/STM32F4xx_HAL_Driver/Src/stm32f4xx_hal_rcc_ex.c **** 
2447:stm/stm32f4xx/STM32F4xx_HAL_Driver/Src/stm32f4xx_hal_rcc_ex.c **** /**
2448:stm/stm32f4xx/STM32F4xx_HAL_Driver/Src/stm32f4xx_hal_rcc_ex.c ****   * @brief  Return the peripheral clock frequency for a given peripheral(SAI..)
2449:stm/stm32f4xx/STM32F4xx_HAL_Driver/Src/stm32f4xx_hal_rcc_ex.c ****   * @note   Return 0 if peripheral clock identifier not managed by this API
2450:stm/stm32f4xx/STM32F4xx_HAL_Driver/Src/stm32f4xx_hal_rcc_ex.c ****   * @param  PeriphClk Peripheral clock identifier
2451:stm/stm32f4xx/STM32F4xx_HAL_Driver/Src/stm32f4xx_hal_rcc_ex.c ****   *         This parameter can be one of the following values:
2452:stm/stm32f4xx/STM32F4xx_HAL_Driver/Src/stm32f4xx_hal_rcc_ex.c ****   *            @arg RCC_PERIPHCLK_I2S: I2S peripheral clock
2453:stm/stm32f4xx/STM32F4xx_HAL_Driver/Src/stm32f4xx_hal_rcc_ex.c ****   * @retval Frequency in KHz
2454:stm/stm32f4xx/STM32F4xx_HAL_Driver/Src/stm32f4xx_hal_rcc_ex.c ****   */
2455:stm/stm32f4xx/STM32F4xx_HAL_Driver/Src/stm32f4xx_hal_rcc_ex.c **** uint32_t HAL_RCCEx_GetPeriphCLKFreq(uint32_t PeriphClk)
2456:stm/stm32f4xx/STM32F4xx_HAL_Driver/Src/stm32f4xx_hal_rcc_ex.c **** {
2457:stm/stm32f4xx/STM32F4xx_HAL_Driver/Src/stm32f4xx_hal_rcc_ex.c ****   /* This variable used to store the I2S clock frequency (value in Hz) */
2458:stm/stm32f4xx/STM32F4xx_HAL_Driver/Src/stm32f4xx_hal_rcc_ex.c ****   uint32_t frequency = 0U;
2459:stm/stm32f4xx/STM32F4xx_HAL_Driver/Src/stm32f4xx_hal_rcc_ex.c ****   /* This variable used to store the VCO Input (value in Hz) */
2460:stm/stm32f4xx/STM32F4xx_HAL_Driver/Src/stm32f4xx_hal_rcc_ex.c ****   uint32_t vcoinput = 0U;
2461:stm/stm32f4xx/STM32F4xx_HAL_Driver/Src/stm32f4xx_hal_rcc_ex.c ****   uint32_t srcclk = 0U;
2462:stm/stm32f4xx/STM32F4xx_HAL_Driver/Src/stm32f4xx_hal_rcc_ex.c ****   /* This variable used to store the VCO Output (value in Hz) */
2463:stm/stm32f4xx/STM32F4xx_HAL_Driver/Src/stm32f4xx_hal_rcc_ex.c ****   uint32_t vcooutput = 0U;
2464:stm/stm32f4xx/STM32F4xx_HAL_Driver/Src/stm32f4xx_hal_rcc_ex.c ****   switch (PeriphClk)
2465:stm/stm32f4xx/STM32F4xx_HAL_Driver/Src/stm32f4xx_hal_rcc_ex.c ****   {
2466:stm/stm32f4xx/STM32F4xx_HAL_Driver/Src/stm32f4xx_hal_rcc_ex.c ****   case RCC_PERIPHCLK_I2S:
2467:stm/stm32f4xx/STM32F4xx_HAL_Driver/Src/stm32f4xx_hal_rcc_ex.c ****     {
ARM GAS  /tmp/ccsRaXLF.s 			page 80


2468:stm/stm32f4xx/STM32F4xx_HAL_Driver/Src/stm32f4xx_hal_rcc_ex.c ****       /* Get the current I2S source */
2469:stm/stm32f4xx/STM32F4xx_HAL_Driver/Src/stm32f4xx_hal_rcc_ex.c ****       srcclk = __HAL_RCC_GET_I2S_SOURCE();
2470:stm/stm32f4xx/STM32F4xx_HAL_Driver/Src/stm32f4xx_hal_rcc_ex.c ****       switch (srcclk)
2471:stm/stm32f4xx/STM32F4xx_HAL_Driver/Src/stm32f4xx_hal_rcc_ex.c ****       {
2472:stm/stm32f4xx/STM32F4xx_HAL_Driver/Src/stm32f4xx_hal_rcc_ex.c ****       /* Check if I2S clock selection is External clock mapped on the I2S_CKIN pin used as I2S cloc
2473:stm/stm32f4xx/STM32F4xx_HAL_Driver/Src/stm32f4xx_hal_rcc_ex.c ****       case RCC_I2SCLKSOURCE_EXT:
2474:stm/stm32f4xx/STM32F4xx_HAL_Driver/Src/stm32f4xx_hal_rcc_ex.c ****         {
2475:stm/stm32f4xx/STM32F4xx_HAL_Driver/Src/stm32f4xx_hal_rcc_ex.c ****           /* Set the I2S clock to the external clock  value */
2476:stm/stm32f4xx/STM32F4xx_HAL_Driver/Src/stm32f4xx_hal_rcc_ex.c ****           frequency = EXTERNAL_CLOCK_VALUE;
2477:stm/stm32f4xx/STM32F4xx_HAL_Driver/Src/stm32f4xx_hal_rcc_ex.c ****           break;
2478:stm/stm32f4xx/STM32F4xx_HAL_Driver/Src/stm32f4xx_hal_rcc_ex.c ****         }
2479:stm/stm32f4xx/STM32F4xx_HAL_Driver/Src/stm32f4xx_hal_rcc_ex.c ****       /* Check if I2S clock selection is PLLI2S VCO output clock divided by PLLI2SR used as I2S clo
2480:stm/stm32f4xx/STM32F4xx_HAL_Driver/Src/stm32f4xx_hal_rcc_ex.c ****       case RCC_I2SCLKSOURCE_PLLI2S:
2481:stm/stm32f4xx/STM32F4xx_HAL_Driver/Src/stm32f4xx_hal_rcc_ex.c ****         {
2482:stm/stm32f4xx/STM32F4xx_HAL_Driver/Src/stm32f4xx_hal_rcc_ex.c ****           /* Configure the PLLI2S division factor */
2483:stm/stm32f4xx/STM32F4xx_HAL_Driver/Src/stm32f4xx_hal_rcc_ex.c ****           /* PLLI2S_VCO Input  = PLL_SOURCE/PLLM */
2484:stm/stm32f4xx/STM32F4xx_HAL_Driver/Src/stm32f4xx_hal_rcc_ex.c ****           if((RCC->PLLCFGR & RCC_PLLCFGR_PLLSRC) == RCC_PLLSOURCE_HSE)
2485:stm/stm32f4xx/STM32F4xx_HAL_Driver/Src/stm32f4xx_hal_rcc_ex.c ****           {
2486:stm/stm32f4xx/STM32F4xx_HAL_Driver/Src/stm32f4xx_hal_rcc_ex.c ****             /* Get the I2S source clock value */
2487:stm/stm32f4xx/STM32F4xx_HAL_Driver/Src/stm32f4xx_hal_rcc_ex.c ****             vcoinput = (uint32_t)(HSE_VALUE / (uint32_t)(RCC->PLLCFGR & RCC_PLLCFGR_PLLM));
2488:stm/stm32f4xx/STM32F4xx_HAL_Driver/Src/stm32f4xx_hal_rcc_ex.c ****           }
2489:stm/stm32f4xx/STM32F4xx_HAL_Driver/Src/stm32f4xx_hal_rcc_ex.c ****           else
2490:stm/stm32f4xx/STM32F4xx_HAL_Driver/Src/stm32f4xx_hal_rcc_ex.c ****           {
2491:stm/stm32f4xx/STM32F4xx_HAL_Driver/Src/stm32f4xx_hal_rcc_ex.c ****             /* Get the I2S source clock value */
2492:stm/stm32f4xx/STM32F4xx_HAL_Driver/Src/stm32f4xx_hal_rcc_ex.c ****             vcoinput = (uint32_t)(HSI_VALUE / (uint32_t)(RCC->PLLCFGR & RCC_PLLCFGR_PLLM));
2493:stm/stm32f4xx/STM32F4xx_HAL_Driver/Src/stm32f4xx_hal_rcc_ex.c ****           }
2494:stm/stm32f4xx/STM32F4xx_HAL_Driver/Src/stm32f4xx_hal_rcc_ex.c **** 
2495:stm/stm32f4xx/STM32F4xx_HAL_Driver/Src/stm32f4xx_hal_rcc_ex.c ****           /* PLLI2S_VCO Output = PLLI2S_VCO Input * PLLI2SN */
2496:stm/stm32f4xx/STM32F4xx_HAL_Driver/Src/stm32f4xx_hal_rcc_ex.c ****           vcooutput = (uint32_t)(vcoinput * (((RCC->PLLI2SCFGR & RCC_PLLI2SCFGR_PLLI2SN) >> 6U) & (
2497:stm/stm32f4xx/STM32F4xx_HAL_Driver/Src/stm32f4xx_hal_rcc_ex.c ****           /* I2S_CLK = PLLI2S_VCO Output/PLLI2SR */
2498:stm/stm32f4xx/STM32F4xx_HAL_Driver/Src/stm32f4xx_hal_rcc_ex.c ****           frequency = (uint32_t)(vcooutput /(((RCC->PLLI2SCFGR & RCC_PLLI2SCFGR_PLLI2SR) >> 28U) & 
2499:stm/stm32f4xx/STM32F4xx_HAL_Driver/Src/stm32f4xx_hal_rcc_ex.c ****           break;
2500:stm/stm32f4xx/STM32F4xx_HAL_Driver/Src/stm32f4xx_hal_rcc_ex.c ****         }
2501:stm/stm32f4xx/STM32F4xx_HAL_Driver/Src/stm32f4xx_hal_rcc_ex.c ****         /* Clock not enabled for I2S*/
2502:stm/stm32f4xx/STM32F4xx_HAL_Driver/Src/stm32f4xx_hal_rcc_ex.c ****       default:
2503:stm/stm32f4xx/STM32F4xx_HAL_Driver/Src/stm32f4xx_hal_rcc_ex.c ****         {
2504:stm/stm32f4xx/STM32F4xx_HAL_Driver/Src/stm32f4xx_hal_rcc_ex.c ****           frequency = 0U;
2505:stm/stm32f4xx/STM32F4xx_HAL_Driver/Src/stm32f4xx_hal_rcc_ex.c ****           break;
2506:stm/stm32f4xx/STM32F4xx_HAL_Driver/Src/stm32f4xx_hal_rcc_ex.c ****         }
2507:stm/stm32f4xx/STM32F4xx_HAL_Driver/Src/stm32f4xx_hal_rcc_ex.c ****       }
2508:stm/stm32f4xx/STM32F4xx_HAL_Driver/Src/stm32f4xx_hal_rcc_ex.c ****       break;
2509:stm/stm32f4xx/STM32F4xx_HAL_Driver/Src/stm32f4xx_hal_rcc_ex.c ****     }
2510:stm/stm32f4xx/STM32F4xx_HAL_Driver/Src/stm32f4xx_hal_rcc_ex.c ****   default:
2511:stm/stm32f4xx/STM32F4xx_HAL_Driver/Src/stm32f4xx_hal_rcc_ex.c ****     {
2512:stm/stm32f4xx/STM32F4xx_HAL_Driver/Src/stm32f4xx_hal_rcc_ex.c ****        break;
2513:stm/stm32f4xx/STM32F4xx_HAL_Driver/Src/stm32f4xx_hal_rcc_ex.c ****     }
2514:stm/stm32f4xx/STM32F4xx_HAL_Driver/Src/stm32f4xx_hal_rcc_ex.c ****   }
2515:stm/stm32f4xx/STM32F4xx_HAL_Driver/Src/stm32f4xx_hal_rcc_ex.c ****   return frequency;
2516:stm/stm32f4xx/STM32F4xx_HAL_Driver/Src/stm32f4xx_hal_rcc_ex.c **** }
2517:stm/stm32f4xx/STM32F4xx_HAL_Driver/Src/stm32f4xx_hal_rcc_ex.c **** #endif /* STM32F427xx || STM32F437xx || STM32F429xx || STM32F439xx */
2518:stm/stm32f4xx/STM32F4xx_HAL_Driver/Src/stm32f4xx_hal_rcc_ex.c **** 
2519:stm/stm32f4xx/STM32F4xx_HAL_Driver/Src/stm32f4xx_hal_rcc_ex.c **** #if defined(STM32F405xx) || defined(STM32F415xx) || defined(STM32F407xx)|| defined(STM32F417xx) ||\
2520:stm/stm32f4xx/STM32F4xx_HAL_Driver/Src/stm32f4xx_hal_rcc_ex.c ****     defined(STM32F401xC) || defined(STM32F401xE) || defined(STM32F411xE)
2521:stm/stm32f4xx/STM32F4xx_HAL_Driver/Src/stm32f4xx_hal_rcc_ex.c **** /**
2522:stm/stm32f4xx/STM32F4xx_HAL_Driver/Src/stm32f4xx_hal_rcc_ex.c ****   * @brief  Initializes the RCC extended peripherals clocks according to the specified parameters i
2523:stm/stm32f4xx/STM32F4xx_HAL_Driver/Src/stm32f4xx_hal_rcc_ex.c ****   *         RCC_PeriphCLKInitTypeDef.
2524:stm/stm32f4xx/STM32F4xx_HAL_Driver/Src/stm32f4xx_hal_rcc_ex.c ****   * @param  PeriphClkInit pointer to an RCC_PeriphCLKInitTypeDef structure that
ARM GAS  /tmp/ccsRaXLF.s 			page 81


2525:stm/stm32f4xx/STM32F4xx_HAL_Driver/Src/stm32f4xx_hal_rcc_ex.c ****   *         contains the configuration information for the Extended Peripherals clocks(I2S and RTC 
2526:stm/stm32f4xx/STM32F4xx_HAL_Driver/Src/stm32f4xx_hal_rcc_ex.c ****   *
2527:stm/stm32f4xx/STM32F4xx_HAL_Driver/Src/stm32f4xx_hal_rcc_ex.c ****   * @note   A caution to be taken when HAL_RCCEx_PeriphCLKConfig() is used to select RTC clock sele
2528:stm/stm32f4xx/STM32F4xx_HAL_Driver/Src/stm32f4xx_hal_rcc_ex.c ****   *         the Reset of Backup domain will be applied in order to modify the RTC Clock source as c
2529:stm/stm32f4xx/STM32F4xx_HAL_Driver/Src/stm32f4xx_hal_rcc_ex.c ****   *        domain (RTC and RCC_BDCR register expect BKPSRAM) will be reset
2530:stm/stm32f4xx/STM32F4xx_HAL_Driver/Src/stm32f4xx_hal_rcc_ex.c ****   *
2531:stm/stm32f4xx/STM32F4xx_HAL_Driver/Src/stm32f4xx_hal_rcc_ex.c ****   * @retval HAL status
2532:stm/stm32f4xx/STM32F4xx_HAL_Driver/Src/stm32f4xx_hal_rcc_ex.c ****   */
2533:stm/stm32f4xx/STM32F4xx_HAL_Driver/Src/stm32f4xx_hal_rcc_ex.c **** HAL_StatusTypeDef HAL_RCCEx_PeriphCLKConfig(RCC_PeriphCLKInitTypeDef  *PeriphClkInit)
2534:stm/stm32f4xx/STM32F4xx_HAL_Driver/Src/stm32f4xx_hal_rcc_ex.c **** {
2535:stm/stm32f4xx/STM32F4xx_HAL_Driver/Src/stm32f4xx_hal_rcc_ex.c ****   uint32_t tickstart = 0U;
2536:stm/stm32f4xx/STM32F4xx_HAL_Driver/Src/stm32f4xx_hal_rcc_ex.c ****   uint32_t tmpreg1 = 0U;
2537:stm/stm32f4xx/STM32F4xx_HAL_Driver/Src/stm32f4xx_hal_rcc_ex.c **** 
2538:stm/stm32f4xx/STM32F4xx_HAL_Driver/Src/stm32f4xx_hal_rcc_ex.c ****   /* Check the parameters */
2539:stm/stm32f4xx/STM32F4xx_HAL_Driver/Src/stm32f4xx_hal_rcc_ex.c ****   assert_param(IS_RCC_PERIPHCLOCK(PeriphClkInit->PeriphClockSelection));
2540:stm/stm32f4xx/STM32F4xx_HAL_Driver/Src/stm32f4xx_hal_rcc_ex.c **** 
2541:stm/stm32f4xx/STM32F4xx_HAL_Driver/Src/stm32f4xx_hal_rcc_ex.c ****   /*---------------------------- I2S configuration ---------------------------*/
2542:stm/stm32f4xx/STM32F4xx_HAL_Driver/Src/stm32f4xx_hal_rcc_ex.c ****   if((((PeriphClkInit->PeriphClockSelection) & RCC_PERIPHCLK_I2S) == RCC_PERIPHCLK_I2S) ||
2543:stm/stm32f4xx/STM32F4xx_HAL_Driver/Src/stm32f4xx_hal_rcc_ex.c ****      (((PeriphClkInit->PeriphClockSelection) & RCC_PERIPHCLK_PLLI2S) == RCC_PERIPHCLK_PLLI2S))
2544:stm/stm32f4xx/STM32F4xx_HAL_Driver/Src/stm32f4xx_hal_rcc_ex.c ****   {
2545:stm/stm32f4xx/STM32F4xx_HAL_Driver/Src/stm32f4xx_hal_rcc_ex.c ****     /* check for Parameters */
2546:stm/stm32f4xx/STM32F4xx_HAL_Driver/Src/stm32f4xx_hal_rcc_ex.c ****     assert_param(IS_RCC_PLLI2SR_VALUE(PeriphClkInit->PLLI2S.PLLI2SR));
2547:stm/stm32f4xx/STM32F4xx_HAL_Driver/Src/stm32f4xx_hal_rcc_ex.c ****     assert_param(IS_RCC_PLLI2SN_VALUE(PeriphClkInit->PLLI2S.PLLI2SN));
2548:stm/stm32f4xx/STM32F4xx_HAL_Driver/Src/stm32f4xx_hal_rcc_ex.c **** #if defined(STM32F411xE)
2549:stm/stm32f4xx/STM32F4xx_HAL_Driver/Src/stm32f4xx_hal_rcc_ex.c ****     assert_param(IS_RCC_PLLI2SM_VALUE(PeriphClkInit->PLLI2S.PLLI2SM));
2550:stm/stm32f4xx/STM32F4xx_HAL_Driver/Src/stm32f4xx_hal_rcc_ex.c **** #endif /* STM32F411xE */
2551:stm/stm32f4xx/STM32F4xx_HAL_Driver/Src/stm32f4xx_hal_rcc_ex.c ****     /* Disable the PLLI2S */
2552:stm/stm32f4xx/STM32F4xx_HAL_Driver/Src/stm32f4xx_hal_rcc_ex.c ****     __HAL_RCC_PLLI2S_DISABLE();
2553:stm/stm32f4xx/STM32F4xx_HAL_Driver/Src/stm32f4xx_hal_rcc_ex.c ****     /* Get tick */
2554:stm/stm32f4xx/STM32F4xx_HAL_Driver/Src/stm32f4xx_hal_rcc_ex.c ****     tickstart = HAL_GetTick();
2555:stm/stm32f4xx/STM32F4xx_HAL_Driver/Src/stm32f4xx_hal_rcc_ex.c ****     /* Wait till PLLI2S is disabled */
2556:stm/stm32f4xx/STM32F4xx_HAL_Driver/Src/stm32f4xx_hal_rcc_ex.c ****     while(__HAL_RCC_GET_FLAG(RCC_FLAG_PLLI2SRDY)  != RESET)
2557:stm/stm32f4xx/STM32F4xx_HAL_Driver/Src/stm32f4xx_hal_rcc_ex.c ****     {
2558:stm/stm32f4xx/STM32F4xx_HAL_Driver/Src/stm32f4xx_hal_rcc_ex.c ****       if((HAL_GetTick() - tickstart ) > PLLI2S_TIMEOUT_VALUE)
2559:stm/stm32f4xx/STM32F4xx_HAL_Driver/Src/stm32f4xx_hal_rcc_ex.c ****       {
2560:stm/stm32f4xx/STM32F4xx_HAL_Driver/Src/stm32f4xx_hal_rcc_ex.c ****         /* return in case of Timeout detected */
2561:stm/stm32f4xx/STM32F4xx_HAL_Driver/Src/stm32f4xx_hal_rcc_ex.c ****         return HAL_TIMEOUT;
2562:stm/stm32f4xx/STM32F4xx_HAL_Driver/Src/stm32f4xx_hal_rcc_ex.c ****       }
2563:stm/stm32f4xx/STM32F4xx_HAL_Driver/Src/stm32f4xx_hal_rcc_ex.c ****     }
2564:stm/stm32f4xx/STM32F4xx_HAL_Driver/Src/stm32f4xx_hal_rcc_ex.c **** 
2565:stm/stm32f4xx/STM32F4xx_HAL_Driver/Src/stm32f4xx_hal_rcc_ex.c **** #if defined(STM32F411xE)
2566:stm/stm32f4xx/STM32F4xx_HAL_Driver/Src/stm32f4xx_hal_rcc_ex.c ****     /* Configure the PLLI2S division factors */
2567:stm/stm32f4xx/STM32F4xx_HAL_Driver/Src/stm32f4xx_hal_rcc_ex.c ****     /* PLLI2S_VCO = f(VCO clock) = f(PLLI2S clock input) * (PLLI2SN/PLLI2SM) */
2568:stm/stm32f4xx/STM32F4xx_HAL_Driver/Src/stm32f4xx_hal_rcc_ex.c ****     /* I2SCLK = f(PLLI2S clock output) = f(VCO clock) / PLLI2SR */
2569:stm/stm32f4xx/STM32F4xx_HAL_Driver/Src/stm32f4xx_hal_rcc_ex.c ****     __HAL_RCC_PLLI2S_I2SCLK_CONFIG(PeriphClkInit->PLLI2S.PLLI2SM, PeriphClkInit->PLLI2S.PLLI2SN, Pe
2570:stm/stm32f4xx/STM32F4xx_HAL_Driver/Src/stm32f4xx_hal_rcc_ex.c **** #else
2571:stm/stm32f4xx/STM32F4xx_HAL_Driver/Src/stm32f4xx_hal_rcc_ex.c ****     /* Configure the PLLI2S division factors */
2572:stm/stm32f4xx/STM32F4xx_HAL_Driver/Src/stm32f4xx_hal_rcc_ex.c ****     /* PLLI2S_VCO = f(VCO clock) = f(PLLI2S clock input) * (PLLI2SN/PLLM) */
2573:stm/stm32f4xx/STM32F4xx_HAL_Driver/Src/stm32f4xx_hal_rcc_ex.c ****     /* I2SCLK = f(PLLI2S clock output) = f(VCO clock) / PLLI2SR */
2574:stm/stm32f4xx/STM32F4xx_HAL_Driver/Src/stm32f4xx_hal_rcc_ex.c ****     __HAL_RCC_PLLI2S_CONFIG(PeriphClkInit->PLLI2S.PLLI2SN , PeriphClkInit->PLLI2S.PLLI2SR);
2575:stm/stm32f4xx/STM32F4xx_HAL_Driver/Src/stm32f4xx_hal_rcc_ex.c **** #endif /* STM32F411xE */
2576:stm/stm32f4xx/STM32F4xx_HAL_Driver/Src/stm32f4xx_hal_rcc_ex.c **** 
2577:stm/stm32f4xx/STM32F4xx_HAL_Driver/Src/stm32f4xx_hal_rcc_ex.c ****     /* Enable the PLLI2S */
2578:stm/stm32f4xx/STM32F4xx_HAL_Driver/Src/stm32f4xx_hal_rcc_ex.c ****     __HAL_RCC_PLLI2S_ENABLE();
2579:stm/stm32f4xx/STM32F4xx_HAL_Driver/Src/stm32f4xx_hal_rcc_ex.c ****     /* Get tick */
2580:stm/stm32f4xx/STM32F4xx_HAL_Driver/Src/stm32f4xx_hal_rcc_ex.c ****     tickstart = HAL_GetTick();
2581:stm/stm32f4xx/STM32F4xx_HAL_Driver/Src/stm32f4xx_hal_rcc_ex.c ****     /* Wait till PLLI2S is ready */
ARM GAS  /tmp/ccsRaXLF.s 			page 82


2582:stm/stm32f4xx/STM32F4xx_HAL_Driver/Src/stm32f4xx_hal_rcc_ex.c ****     while(__HAL_RCC_GET_FLAG(RCC_FLAG_PLLI2SRDY)  == RESET)
2583:stm/stm32f4xx/STM32F4xx_HAL_Driver/Src/stm32f4xx_hal_rcc_ex.c ****     {
2584:stm/stm32f4xx/STM32F4xx_HAL_Driver/Src/stm32f4xx_hal_rcc_ex.c ****       if((HAL_GetTick() - tickstart ) > PLLI2S_TIMEOUT_VALUE)
2585:stm/stm32f4xx/STM32F4xx_HAL_Driver/Src/stm32f4xx_hal_rcc_ex.c ****       {
2586:stm/stm32f4xx/STM32F4xx_HAL_Driver/Src/stm32f4xx_hal_rcc_ex.c ****         /* return in case of Timeout detected */
2587:stm/stm32f4xx/STM32F4xx_HAL_Driver/Src/stm32f4xx_hal_rcc_ex.c ****         return HAL_TIMEOUT;
2588:stm/stm32f4xx/STM32F4xx_HAL_Driver/Src/stm32f4xx_hal_rcc_ex.c ****       }
2589:stm/stm32f4xx/STM32F4xx_HAL_Driver/Src/stm32f4xx_hal_rcc_ex.c ****     }
2590:stm/stm32f4xx/STM32F4xx_HAL_Driver/Src/stm32f4xx_hal_rcc_ex.c ****   }
2591:stm/stm32f4xx/STM32F4xx_HAL_Driver/Src/stm32f4xx_hal_rcc_ex.c **** 
2592:stm/stm32f4xx/STM32F4xx_HAL_Driver/Src/stm32f4xx_hal_rcc_ex.c ****   /*---------------------------- RTC configuration ---------------------------*/
2593:stm/stm32f4xx/STM32F4xx_HAL_Driver/Src/stm32f4xx_hal_rcc_ex.c ****   if(((PeriphClkInit->PeriphClockSelection) & RCC_PERIPHCLK_RTC) == (RCC_PERIPHCLK_RTC))
2594:stm/stm32f4xx/STM32F4xx_HAL_Driver/Src/stm32f4xx_hal_rcc_ex.c ****   {
2595:stm/stm32f4xx/STM32F4xx_HAL_Driver/Src/stm32f4xx_hal_rcc_ex.c ****     /* Check for RTC Parameters used to output RTCCLK */
2596:stm/stm32f4xx/STM32F4xx_HAL_Driver/Src/stm32f4xx_hal_rcc_ex.c ****     assert_param(IS_RCC_RTCCLKSOURCE(PeriphClkInit->RTCClockSelection));
2597:stm/stm32f4xx/STM32F4xx_HAL_Driver/Src/stm32f4xx_hal_rcc_ex.c **** 
2598:stm/stm32f4xx/STM32F4xx_HAL_Driver/Src/stm32f4xx_hal_rcc_ex.c ****     /* Enable Power Clock*/
2599:stm/stm32f4xx/STM32F4xx_HAL_Driver/Src/stm32f4xx_hal_rcc_ex.c ****     __HAL_RCC_PWR_CLK_ENABLE();
2600:stm/stm32f4xx/STM32F4xx_HAL_Driver/Src/stm32f4xx_hal_rcc_ex.c **** 
2601:stm/stm32f4xx/STM32F4xx_HAL_Driver/Src/stm32f4xx_hal_rcc_ex.c ****     /* Enable write access to Backup domain */
2602:stm/stm32f4xx/STM32F4xx_HAL_Driver/Src/stm32f4xx_hal_rcc_ex.c ****     PWR->CR |= PWR_CR_DBP;
2603:stm/stm32f4xx/STM32F4xx_HAL_Driver/Src/stm32f4xx_hal_rcc_ex.c **** 
2604:stm/stm32f4xx/STM32F4xx_HAL_Driver/Src/stm32f4xx_hal_rcc_ex.c ****     /* Get tick */
2605:stm/stm32f4xx/STM32F4xx_HAL_Driver/Src/stm32f4xx_hal_rcc_ex.c ****     tickstart = HAL_GetTick();
2606:stm/stm32f4xx/STM32F4xx_HAL_Driver/Src/stm32f4xx_hal_rcc_ex.c **** 
2607:stm/stm32f4xx/STM32F4xx_HAL_Driver/Src/stm32f4xx_hal_rcc_ex.c ****     while((PWR->CR & PWR_CR_DBP) == RESET)
2608:stm/stm32f4xx/STM32F4xx_HAL_Driver/Src/stm32f4xx_hal_rcc_ex.c ****     {
2609:stm/stm32f4xx/STM32F4xx_HAL_Driver/Src/stm32f4xx_hal_rcc_ex.c ****       if((HAL_GetTick() - tickstart ) > RCC_DBP_TIMEOUT_VALUE)
2610:stm/stm32f4xx/STM32F4xx_HAL_Driver/Src/stm32f4xx_hal_rcc_ex.c ****       {
2611:stm/stm32f4xx/STM32F4xx_HAL_Driver/Src/stm32f4xx_hal_rcc_ex.c ****         return HAL_TIMEOUT;
2612:stm/stm32f4xx/STM32F4xx_HAL_Driver/Src/stm32f4xx_hal_rcc_ex.c ****       }
2613:stm/stm32f4xx/STM32F4xx_HAL_Driver/Src/stm32f4xx_hal_rcc_ex.c ****     }
2614:stm/stm32f4xx/STM32F4xx_HAL_Driver/Src/stm32f4xx_hal_rcc_ex.c ****     /* Reset the Backup domain only if the RTC Clock source selection is modified from reset value 
2615:stm/stm32f4xx/STM32F4xx_HAL_Driver/Src/stm32f4xx_hal_rcc_ex.c ****     tmpreg1 = (RCC->BDCR & RCC_BDCR_RTCSEL);
2616:stm/stm32f4xx/STM32F4xx_HAL_Driver/Src/stm32f4xx_hal_rcc_ex.c ****     if((tmpreg1 != 0x00000000U) && ((tmpreg1) != (PeriphClkInit->RTCClockSelection & RCC_BDCR_RTCSE
2617:stm/stm32f4xx/STM32F4xx_HAL_Driver/Src/stm32f4xx_hal_rcc_ex.c ****     {
2618:stm/stm32f4xx/STM32F4xx_HAL_Driver/Src/stm32f4xx_hal_rcc_ex.c ****       /* Store the content of BDCR register before the reset of Backup Domain */
2619:stm/stm32f4xx/STM32F4xx_HAL_Driver/Src/stm32f4xx_hal_rcc_ex.c ****       tmpreg1 = (RCC->BDCR & ~(RCC_BDCR_RTCSEL));
2620:stm/stm32f4xx/STM32F4xx_HAL_Driver/Src/stm32f4xx_hal_rcc_ex.c ****       /* RTC Clock selection can be changed only if the Backup Domain is reset */
2621:stm/stm32f4xx/STM32F4xx_HAL_Driver/Src/stm32f4xx_hal_rcc_ex.c ****       __HAL_RCC_BACKUPRESET_FORCE();
2622:stm/stm32f4xx/STM32F4xx_HAL_Driver/Src/stm32f4xx_hal_rcc_ex.c ****       __HAL_RCC_BACKUPRESET_RELEASE();
2623:stm/stm32f4xx/STM32F4xx_HAL_Driver/Src/stm32f4xx_hal_rcc_ex.c ****       /* Restore the Content of BDCR register */
2624:stm/stm32f4xx/STM32F4xx_HAL_Driver/Src/stm32f4xx_hal_rcc_ex.c ****       RCC->BDCR = tmpreg1;
2625:stm/stm32f4xx/STM32F4xx_HAL_Driver/Src/stm32f4xx_hal_rcc_ex.c **** 
2626:stm/stm32f4xx/STM32F4xx_HAL_Driver/Src/stm32f4xx_hal_rcc_ex.c ****       /* Wait for LSE reactivation if LSE was enable prior to Backup Domain reset */
2627:stm/stm32f4xx/STM32F4xx_HAL_Driver/Src/stm32f4xx_hal_rcc_ex.c ****       if(HAL_IS_BIT_SET(RCC->BDCR, RCC_BDCR_LSEON))
2628:stm/stm32f4xx/STM32F4xx_HAL_Driver/Src/stm32f4xx_hal_rcc_ex.c ****       {
2629:stm/stm32f4xx/STM32F4xx_HAL_Driver/Src/stm32f4xx_hal_rcc_ex.c ****         /* Get tick */
2630:stm/stm32f4xx/STM32F4xx_HAL_Driver/Src/stm32f4xx_hal_rcc_ex.c ****         tickstart = HAL_GetTick();
2631:stm/stm32f4xx/STM32F4xx_HAL_Driver/Src/stm32f4xx_hal_rcc_ex.c **** 
2632:stm/stm32f4xx/STM32F4xx_HAL_Driver/Src/stm32f4xx_hal_rcc_ex.c ****         /* Wait till LSE is ready */
2633:stm/stm32f4xx/STM32F4xx_HAL_Driver/Src/stm32f4xx_hal_rcc_ex.c ****         while(__HAL_RCC_GET_FLAG(RCC_FLAG_LSERDY) == RESET)
2634:stm/stm32f4xx/STM32F4xx_HAL_Driver/Src/stm32f4xx_hal_rcc_ex.c ****         {
2635:stm/stm32f4xx/STM32F4xx_HAL_Driver/Src/stm32f4xx_hal_rcc_ex.c ****           if((HAL_GetTick() - tickstart ) > RCC_LSE_TIMEOUT_VALUE)
2636:stm/stm32f4xx/STM32F4xx_HAL_Driver/Src/stm32f4xx_hal_rcc_ex.c ****           {
2637:stm/stm32f4xx/STM32F4xx_HAL_Driver/Src/stm32f4xx_hal_rcc_ex.c ****             return HAL_TIMEOUT;
2638:stm/stm32f4xx/STM32F4xx_HAL_Driver/Src/stm32f4xx_hal_rcc_ex.c ****           }
ARM GAS  /tmp/ccsRaXLF.s 			page 83


2639:stm/stm32f4xx/STM32F4xx_HAL_Driver/Src/stm32f4xx_hal_rcc_ex.c ****         }
2640:stm/stm32f4xx/STM32F4xx_HAL_Driver/Src/stm32f4xx_hal_rcc_ex.c ****       }
2641:stm/stm32f4xx/STM32F4xx_HAL_Driver/Src/stm32f4xx_hal_rcc_ex.c ****     }
2642:stm/stm32f4xx/STM32F4xx_HAL_Driver/Src/stm32f4xx_hal_rcc_ex.c ****     __HAL_RCC_RTC_CONFIG(PeriphClkInit->RTCClockSelection);
2643:stm/stm32f4xx/STM32F4xx_HAL_Driver/Src/stm32f4xx_hal_rcc_ex.c ****   }
2644:stm/stm32f4xx/STM32F4xx_HAL_Driver/Src/stm32f4xx_hal_rcc_ex.c **** #if defined(STM32F401xC) || defined(STM32F401xE) || defined(STM32F411xE)
2645:stm/stm32f4xx/STM32F4xx_HAL_Driver/Src/stm32f4xx_hal_rcc_ex.c ****   /*---------------------------- TIM configuration ---------------------------*/
2646:stm/stm32f4xx/STM32F4xx_HAL_Driver/Src/stm32f4xx_hal_rcc_ex.c ****   if(((PeriphClkInit->PeriphClockSelection) & RCC_PERIPHCLK_TIM) == (RCC_PERIPHCLK_TIM))
2647:stm/stm32f4xx/STM32F4xx_HAL_Driver/Src/stm32f4xx_hal_rcc_ex.c ****   {
2648:stm/stm32f4xx/STM32F4xx_HAL_Driver/Src/stm32f4xx_hal_rcc_ex.c ****     __HAL_RCC_TIMCLKPRESCALER(PeriphClkInit->TIMPresSelection);
2649:stm/stm32f4xx/STM32F4xx_HAL_Driver/Src/stm32f4xx_hal_rcc_ex.c ****   }
2650:stm/stm32f4xx/STM32F4xx_HAL_Driver/Src/stm32f4xx_hal_rcc_ex.c **** #endif /* STM32F401xC || STM32F401xE || STM32F411xE */
2651:stm/stm32f4xx/STM32F4xx_HAL_Driver/Src/stm32f4xx_hal_rcc_ex.c ****   return HAL_OK;
2652:stm/stm32f4xx/STM32F4xx_HAL_Driver/Src/stm32f4xx_hal_rcc_ex.c **** }
2653:stm/stm32f4xx/STM32F4xx_HAL_Driver/Src/stm32f4xx_hal_rcc_ex.c **** 
2654:stm/stm32f4xx/STM32F4xx_HAL_Driver/Src/stm32f4xx_hal_rcc_ex.c **** /**
2655:stm/stm32f4xx/STM32F4xx_HAL_Driver/Src/stm32f4xx_hal_rcc_ex.c ****   * @brief  Configures the RCC_OscInitStruct according to the internal
2656:stm/stm32f4xx/STM32F4xx_HAL_Driver/Src/stm32f4xx_hal_rcc_ex.c ****   * RCC configuration registers.
2657:stm/stm32f4xx/STM32F4xx_HAL_Driver/Src/stm32f4xx_hal_rcc_ex.c ****   * @param  PeriphClkInit pointer to an RCC_PeriphCLKInitTypeDef structure that
2658:stm/stm32f4xx/STM32F4xx_HAL_Driver/Src/stm32f4xx_hal_rcc_ex.c ****   * will be configured.
2659:stm/stm32f4xx/STM32F4xx_HAL_Driver/Src/stm32f4xx_hal_rcc_ex.c ****   * @retval None
2660:stm/stm32f4xx/STM32F4xx_HAL_Driver/Src/stm32f4xx_hal_rcc_ex.c ****   */
2661:stm/stm32f4xx/STM32F4xx_HAL_Driver/Src/stm32f4xx_hal_rcc_ex.c **** void HAL_RCCEx_GetPeriphCLKConfig(RCC_PeriphCLKInitTypeDef  *PeriphClkInit)
2662:stm/stm32f4xx/STM32F4xx_HAL_Driver/Src/stm32f4xx_hal_rcc_ex.c **** {
2663:stm/stm32f4xx/STM32F4xx_HAL_Driver/Src/stm32f4xx_hal_rcc_ex.c ****   uint32_t tempreg;
2664:stm/stm32f4xx/STM32F4xx_HAL_Driver/Src/stm32f4xx_hal_rcc_ex.c **** 
2665:stm/stm32f4xx/STM32F4xx_HAL_Driver/Src/stm32f4xx_hal_rcc_ex.c ****   /* Set all possible values for the extended clock type parameter------------*/
2666:stm/stm32f4xx/STM32F4xx_HAL_Driver/Src/stm32f4xx_hal_rcc_ex.c ****   PeriphClkInit->PeriphClockSelection = RCC_PERIPHCLK_I2S | RCC_PERIPHCLK_RTC;
2667:stm/stm32f4xx/STM32F4xx_HAL_Driver/Src/stm32f4xx_hal_rcc_ex.c **** 
2668:stm/stm32f4xx/STM32F4xx_HAL_Driver/Src/stm32f4xx_hal_rcc_ex.c ****   /* Get the PLLI2S Clock configuration --------------------------------------*/
2669:stm/stm32f4xx/STM32F4xx_HAL_Driver/Src/stm32f4xx_hal_rcc_ex.c ****   PeriphClkInit->PLLI2S.PLLI2SN = (uint32_t)((RCC->PLLI2SCFGR & RCC_PLLI2SCFGR_PLLI2SN) >> RCC_PLLI
2670:stm/stm32f4xx/STM32F4xx_HAL_Driver/Src/stm32f4xx_hal_rcc_ex.c ****   PeriphClkInit->PLLI2S.PLLI2SR = (uint32_t)((RCC->PLLI2SCFGR & RCC_PLLI2SCFGR_PLLI2SR) >> RCC_PLLI
2671:stm/stm32f4xx/STM32F4xx_HAL_Driver/Src/stm32f4xx_hal_rcc_ex.c **** #if defined(STM32F411xE)
2672:stm/stm32f4xx/STM32F4xx_HAL_Driver/Src/stm32f4xx_hal_rcc_ex.c ****   PeriphClkInit->PLLI2S.PLLI2SM = (uint32_t)(RCC->PLLI2SCFGR & RCC_PLLI2SCFGR_PLLI2SM);
2673:stm/stm32f4xx/STM32F4xx_HAL_Driver/Src/stm32f4xx_hal_rcc_ex.c **** #endif /* STM32F411xE */
2674:stm/stm32f4xx/STM32F4xx_HAL_Driver/Src/stm32f4xx_hal_rcc_ex.c ****   /* Get the RTC Clock configuration -----------------------------------------*/
2675:stm/stm32f4xx/STM32F4xx_HAL_Driver/Src/stm32f4xx_hal_rcc_ex.c ****   tempreg = (RCC->CFGR & RCC_CFGR_RTCPRE);
2676:stm/stm32f4xx/STM32F4xx_HAL_Driver/Src/stm32f4xx_hal_rcc_ex.c ****   PeriphClkInit->RTCClockSelection = (uint32_t)((tempreg) | (RCC->BDCR & RCC_BDCR_RTCSEL));
2677:stm/stm32f4xx/STM32F4xx_HAL_Driver/Src/stm32f4xx_hal_rcc_ex.c **** 
2678:stm/stm32f4xx/STM32F4xx_HAL_Driver/Src/stm32f4xx_hal_rcc_ex.c **** #if defined(STM32F401xC) || defined(STM32F401xE) || defined(STM32F411xE)
2679:stm/stm32f4xx/STM32F4xx_HAL_Driver/Src/stm32f4xx_hal_rcc_ex.c ****   /* Get the TIM Prescaler configuration -------------------------------------*/
2680:stm/stm32f4xx/STM32F4xx_HAL_Driver/Src/stm32f4xx_hal_rcc_ex.c ****   if ((RCC->DCKCFGR & RCC_DCKCFGR_TIMPRE) == RESET)
2681:stm/stm32f4xx/STM32F4xx_HAL_Driver/Src/stm32f4xx_hal_rcc_ex.c ****   {
2682:stm/stm32f4xx/STM32F4xx_HAL_Driver/Src/stm32f4xx_hal_rcc_ex.c ****     PeriphClkInit->TIMPresSelection = RCC_TIMPRES_DESACTIVATED;
2683:stm/stm32f4xx/STM32F4xx_HAL_Driver/Src/stm32f4xx_hal_rcc_ex.c ****   }
2684:stm/stm32f4xx/STM32F4xx_HAL_Driver/Src/stm32f4xx_hal_rcc_ex.c ****   else
2685:stm/stm32f4xx/STM32F4xx_HAL_Driver/Src/stm32f4xx_hal_rcc_ex.c ****   {
2686:stm/stm32f4xx/STM32F4xx_HAL_Driver/Src/stm32f4xx_hal_rcc_ex.c ****     PeriphClkInit->TIMPresSelection = RCC_TIMPRES_ACTIVATED;
2687:stm/stm32f4xx/STM32F4xx_HAL_Driver/Src/stm32f4xx_hal_rcc_ex.c ****   }
2688:stm/stm32f4xx/STM32F4xx_HAL_Driver/Src/stm32f4xx_hal_rcc_ex.c **** #endif /* STM32F401xC || STM32F401xE || STM32F411xE */
2689:stm/stm32f4xx/STM32F4xx_HAL_Driver/Src/stm32f4xx_hal_rcc_ex.c **** }
2690:stm/stm32f4xx/STM32F4xx_HAL_Driver/Src/stm32f4xx_hal_rcc_ex.c **** 
2691:stm/stm32f4xx/STM32F4xx_HAL_Driver/Src/stm32f4xx_hal_rcc_ex.c **** /**
2692:stm/stm32f4xx/STM32F4xx_HAL_Driver/Src/stm32f4xx_hal_rcc_ex.c ****   * @brief  Return the peripheral clock frequency for a given peripheral(SAI..)
2693:stm/stm32f4xx/STM32F4xx_HAL_Driver/Src/stm32f4xx_hal_rcc_ex.c ****   * @note   Return 0 if peripheral clock identifier not managed by this API
2694:stm/stm32f4xx/STM32F4xx_HAL_Driver/Src/stm32f4xx_hal_rcc_ex.c ****   * @param  PeriphClk Peripheral clock identifier
2695:stm/stm32f4xx/STM32F4xx_HAL_Driver/Src/stm32f4xx_hal_rcc_ex.c ****   *         This parameter can be one of the following values:
ARM GAS  /tmp/ccsRaXLF.s 			page 84


2696:stm/stm32f4xx/STM32F4xx_HAL_Driver/Src/stm32f4xx_hal_rcc_ex.c ****   *            @arg RCC_PERIPHCLK_I2S: I2S peripheral clock
2697:stm/stm32f4xx/STM32F4xx_HAL_Driver/Src/stm32f4xx_hal_rcc_ex.c ****   * @retval Frequency in KHz
2698:stm/stm32f4xx/STM32F4xx_HAL_Driver/Src/stm32f4xx_hal_rcc_ex.c ****   */
2699:stm/stm32f4xx/STM32F4xx_HAL_Driver/Src/stm32f4xx_hal_rcc_ex.c **** uint32_t HAL_RCCEx_GetPeriphCLKFreq(uint32_t PeriphClk)
2700:stm/stm32f4xx/STM32F4xx_HAL_Driver/Src/stm32f4xx_hal_rcc_ex.c **** {
2701:stm/stm32f4xx/STM32F4xx_HAL_Driver/Src/stm32f4xx_hal_rcc_ex.c ****   /* This variable used to store the I2S clock frequency (value in Hz) */
2702:stm/stm32f4xx/STM32F4xx_HAL_Driver/Src/stm32f4xx_hal_rcc_ex.c ****   uint32_t frequency = 0U;
2703:stm/stm32f4xx/STM32F4xx_HAL_Driver/Src/stm32f4xx_hal_rcc_ex.c ****   /* This variable used to store the VCO Input (value in Hz) */
2704:stm/stm32f4xx/STM32F4xx_HAL_Driver/Src/stm32f4xx_hal_rcc_ex.c ****   uint32_t vcoinput = 0U;
2705:stm/stm32f4xx/STM32F4xx_HAL_Driver/Src/stm32f4xx_hal_rcc_ex.c ****   uint32_t srcclk = 0U;
2706:stm/stm32f4xx/STM32F4xx_HAL_Driver/Src/stm32f4xx_hal_rcc_ex.c ****   /* This variable used to store the VCO Output (value in Hz) */
2707:stm/stm32f4xx/STM32F4xx_HAL_Driver/Src/stm32f4xx_hal_rcc_ex.c ****   uint32_t vcooutput = 0U;
2708:stm/stm32f4xx/STM32F4xx_HAL_Driver/Src/stm32f4xx_hal_rcc_ex.c ****   switch (PeriphClk)
2709:stm/stm32f4xx/STM32F4xx_HAL_Driver/Src/stm32f4xx_hal_rcc_ex.c ****   {
2710:stm/stm32f4xx/STM32F4xx_HAL_Driver/Src/stm32f4xx_hal_rcc_ex.c ****   case RCC_PERIPHCLK_I2S:
2711:stm/stm32f4xx/STM32F4xx_HAL_Driver/Src/stm32f4xx_hal_rcc_ex.c ****     {
2712:stm/stm32f4xx/STM32F4xx_HAL_Driver/Src/stm32f4xx_hal_rcc_ex.c ****       /* Get the current I2S source */
2713:stm/stm32f4xx/STM32F4xx_HAL_Driver/Src/stm32f4xx_hal_rcc_ex.c ****       srcclk = __HAL_RCC_GET_I2S_SOURCE();
2714:stm/stm32f4xx/STM32F4xx_HAL_Driver/Src/stm32f4xx_hal_rcc_ex.c ****       switch (srcclk)
2715:stm/stm32f4xx/STM32F4xx_HAL_Driver/Src/stm32f4xx_hal_rcc_ex.c ****       {
2716:stm/stm32f4xx/STM32F4xx_HAL_Driver/Src/stm32f4xx_hal_rcc_ex.c ****       /* Check if I2S clock selection is External clock mapped on the I2S_CKIN pin used as I2S cloc
2717:stm/stm32f4xx/STM32F4xx_HAL_Driver/Src/stm32f4xx_hal_rcc_ex.c ****       case RCC_I2SCLKSOURCE_EXT:
2718:stm/stm32f4xx/STM32F4xx_HAL_Driver/Src/stm32f4xx_hal_rcc_ex.c ****         {
2719:stm/stm32f4xx/STM32F4xx_HAL_Driver/Src/stm32f4xx_hal_rcc_ex.c ****           /* Set the I2S clock to the external clock  value */
2720:stm/stm32f4xx/STM32F4xx_HAL_Driver/Src/stm32f4xx_hal_rcc_ex.c ****           frequency = EXTERNAL_CLOCK_VALUE;
2721:stm/stm32f4xx/STM32F4xx_HAL_Driver/Src/stm32f4xx_hal_rcc_ex.c ****           break;
2722:stm/stm32f4xx/STM32F4xx_HAL_Driver/Src/stm32f4xx_hal_rcc_ex.c ****         }
2723:stm/stm32f4xx/STM32F4xx_HAL_Driver/Src/stm32f4xx_hal_rcc_ex.c ****       /* Check if I2S clock selection is PLLI2S VCO output clock divided by PLLI2SR used as I2S clo
2724:stm/stm32f4xx/STM32F4xx_HAL_Driver/Src/stm32f4xx_hal_rcc_ex.c ****       case RCC_I2SCLKSOURCE_PLLI2S:
2725:stm/stm32f4xx/STM32F4xx_HAL_Driver/Src/stm32f4xx_hal_rcc_ex.c ****         {
2726:stm/stm32f4xx/STM32F4xx_HAL_Driver/Src/stm32f4xx_hal_rcc_ex.c **** #if defined(STM32F411xE)
2727:stm/stm32f4xx/STM32F4xx_HAL_Driver/Src/stm32f4xx_hal_rcc_ex.c ****           /* Configure the PLLI2S division factor */
2728:stm/stm32f4xx/STM32F4xx_HAL_Driver/Src/stm32f4xx_hal_rcc_ex.c ****           /* PLLI2S_VCO Input  = PLL_SOURCE/PLLI2SM */
2729:stm/stm32f4xx/STM32F4xx_HAL_Driver/Src/stm32f4xx_hal_rcc_ex.c ****           if((RCC->PLLCFGR & RCC_PLLCFGR_PLLSRC) == RCC_PLLSOURCE_HSE)
2730:stm/stm32f4xx/STM32F4xx_HAL_Driver/Src/stm32f4xx_hal_rcc_ex.c ****           {
2731:stm/stm32f4xx/STM32F4xx_HAL_Driver/Src/stm32f4xx_hal_rcc_ex.c ****             /* Get the I2S source clock value */
2732:stm/stm32f4xx/STM32F4xx_HAL_Driver/Src/stm32f4xx_hal_rcc_ex.c ****             vcoinput = (uint32_t)(HSE_VALUE / (uint32_t)(RCC->PLLI2SCFGR & RCC_PLLI2SCFGR_PLLI2SM))
2733:stm/stm32f4xx/STM32F4xx_HAL_Driver/Src/stm32f4xx_hal_rcc_ex.c ****           }
2734:stm/stm32f4xx/STM32F4xx_HAL_Driver/Src/stm32f4xx_hal_rcc_ex.c ****           else
2735:stm/stm32f4xx/STM32F4xx_HAL_Driver/Src/stm32f4xx_hal_rcc_ex.c ****           {
2736:stm/stm32f4xx/STM32F4xx_HAL_Driver/Src/stm32f4xx_hal_rcc_ex.c ****             /* Get the I2S source clock value */
2737:stm/stm32f4xx/STM32F4xx_HAL_Driver/Src/stm32f4xx_hal_rcc_ex.c ****             vcoinput = (uint32_t)(HSI_VALUE / (uint32_t)(RCC->PLLI2SCFGR & RCC_PLLI2SCFGR_PLLI2SM))
2738:stm/stm32f4xx/STM32F4xx_HAL_Driver/Src/stm32f4xx_hal_rcc_ex.c ****           }
2739:stm/stm32f4xx/STM32F4xx_HAL_Driver/Src/stm32f4xx_hal_rcc_ex.c **** #else
2740:stm/stm32f4xx/STM32F4xx_HAL_Driver/Src/stm32f4xx_hal_rcc_ex.c ****           /* Configure the PLLI2S division factor */
2741:stm/stm32f4xx/STM32F4xx_HAL_Driver/Src/stm32f4xx_hal_rcc_ex.c ****           /* PLLI2S_VCO Input  = PLL_SOURCE/PLLM */
2742:stm/stm32f4xx/STM32F4xx_HAL_Driver/Src/stm32f4xx_hal_rcc_ex.c ****           if((RCC->PLLCFGR & RCC_PLLCFGR_PLLSRC) == RCC_PLLSOURCE_HSE)
2743:stm/stm32f4xx/STM32F4xx_HAL_Driver/Src/stm32f4xx_hal_rcc_ex.c ****           {
2744:stm/stm32f4xx/STM32F4xx_HAL_Driver/Src/stm32f4xx_hal_rcc_ex.c ****             /* Get the I2S source clock value */
2745:stm/stm32f4xx/STM32F4xx_HAL_Driver/Src/stm32f4xx_hal_rcc_ex.c ****             vcoinput = (uint32_t)(HSE_VALUE / (uint32_t)(RCC->PLLCFGR & RCC_PLLCFGR_PLLM));
2746:stm/stm32f4xx/STM32F4xx_HAL_Driver/Src/stm32f4xx_hal_rcc_ex.c ****           }
2747:stm/stm32f4xx/STM32F4xx_HAL_Driver/Src/stm32f4xx_hal_rcc_ex.c ****           else
2748:stm/stm32f4xx/STM32F4xx_HAL_Driver/Src/stm32f4xx_hal_rcc_ex.c ****           {
2749:stm/stm32f4xx/STM32F4xx_HAL_Driver/Src/stm32f4xx_hal_rcc_ex.c ****             /* Get the I2S source clock value */
2750:stm/stm32f4xx/STM32F4xx_HAL_Driver/Src/stm32f4xx_hal_rcc_ex.c ****             vcoinput = (uint32_t)(HSI_VALUE / (uint32_t)(RCC->PLLCFGR & RCC_PLLCFGR_PLLM));
2751:stm/stm32f4xx/STM32F4xx_HAL_Driver/Src/stm32f4xx_hal_rcc_ex.c ****           }
2752:stm/stm32f4xx/STM32F4xx_HAL_Driver/Src/stm32f4xx_hal_rcc_ex.c **** #endif /* STM32F411xE */
ARM GAS  /tmp/ccsRaXLF.s 			page 85


2753:stm/stm32f4xx/STM32F4xx_HAL_Driver/Src/stm32f4xx_hal_rcc_ex.c ****           /* PLLI2S_VCO Output = PLLI2S_VCO Input * PLLI2SN */
2754:stm/stm32f4xx/STM32F4xx_HAL_Driver/Src/stm32f4xx_hal_rcc_ex.c ****           vcooutput = (uint32_t)(vcoinput * (((RCC->PLLI2SCFGR & RCC_PLLI2SCFGR_PLLI2SN) >> 6U) & (
2755:stm/stm32f4xx/STM32F4xx_HAL_Driver/Src/stm32f4xx_hal_rcc_ex.c ****           /* I2S_CLK = PLLI2S_VCO Output/PLLI2SR */
2756:stm/stm32f4xx/STM32F4xx_HAL_Driver/Src/stm32f4xx_hal_rcc_ex.c ****           frequency = (uint32_t)(vcooutput /(((RCC->PLLI2SCFGR & RCC_PLLI2SCFGR_PLLI2SR) >> 28U) & 
2757:stm/stm32f4xx/STM32F4xx_HAL_Driver/Src/stm32f4xx_hal_rcc_ex.c ****           break;
2758:stm/stm32f4xx/STM32F4xx_HAL_Driver/Src/stm32f4xx_hal_rcc_ex.c ****         }
2759:stm/stm32f4xx/STM32F4xx_HAL_Driver/Src/stm32f4xx_hal_rcc_ex.c ****         /* Clock not enabled for I2S*/
2760:stm/stm32f4xx/STM32F4xx_HAL_Driver/Src/stm32f4xx_hal_rcc_ex.c ****       default:
2761:stm/stm32f4xx/STM32F4xx_HAL_Driver/Src/stm32f4xx_hal_rcc_ex.c ****         {
2762:stm/stm32f4xx/STM32F4xx_HAL_Driver/Src/stm32f4xx_hal_rcc_ex.c ****           frequency = 0U;
2763:stm/stm32f4xx/STM32F4xx_HAL_Driver/Src/stm32f4xx_hal_rcc_ex.c ****           break;
2764:stm/stm32f4xx/STM32F4xx_HAL_Driver/Src/stm32f4xx_hal_rcc_ex.c ****         }
2765:stm/stm32f4xx/STM32F4xx_HAL_Driver/Src/stm32f4xx_hal_rcc_ex.c ****       }
2766:stm/stm32f4xx/STM32F4xx_HAL_Driver/Src/stm32f4xx_hal_rcc_ex.c ****       break;
2767:stm/stm32f4xx/STM32F4xx_HAL_Driver/Src/stm32f4xx_hal_rcc_ex.c ****     }
2768:stm/stm32f4xx/STM32F4xx_HAL_Driver/Src/stm32f4xx_hal_rcc_ex.c ****   default:
2769:stm/stm32f4xx/STM32F4xx_HAL_Driver/Src/stm32f4xx_hal_rcc_ex.c ****     {
2770:stm/stm32f4xx/STM32F4xx_HAL_Driver/Src/stm32f4xx_hal_rcc_ex.c ****        break;
2771:stm/stm32f4xx/STM32F4xx_HAL_Driver/Src/stm32f4xx_hal_rcc_ex.c ****     }
2772:stm/stm32f4xx/STM32F4xx_HAL_Driver/Src/stm32f4xx_hal_rcc_ex.c ****   }
2773:stm/stm32f4xx/STM32F4xx_HAL_Driver/Src/stm32f4xx_hal_rcc_ex.c ****   return frequency;
2774:stm/stm32f4xx/STM32F4xx_HAL_Driver/Src/stm32f4xx_hal_rcc_ex.c **** }
2775:stm/stm32f4xx/STM32F4xx_HAL_Driver/Src/stm32f4xx_hal_rcc_ex.c **** #endif /* STM32F405xx || STM32F415xx || STM32F407xx || STM32F417xx || STM32F401xC || STM32F401xE  |
2776:stm/stm32f4xx/STM32F4xx_HAL_Driver/Src/stm32f4xx_hal_rcc_ex.c **** 
2777:stm/stm32f4xx/STM32F4xx_HAL_Driver/Src/stm32f4xx_hal_rcc_ex.c **** #if defined(STM32F410Tx) || defined(STM32F410Cx) || defined(STM32F410Rx) || defined(STM32F411xE) ||
2778:stm/stm32f4xx/STM32F4xx_HAL_Driver/Src/stm32f4xx_hal_rcc_ex.c ****     defined(STM32F412Vx) || defined(STM32F412Rx) || defined(STM32F412Cx) || defined(STM32F413xx) ||
2779:stm/stm32f4xx/STM32F4xx_HAL_Driver/Src/stm32f4xx_hal_rcc_ex.c **** /**
2780:stm/stm32f4xx/STM32F4xx_HAL_Driver/Src/stm32f4xx_hal_rcc_ex.c ****   * @brief  Select LSE mode
2781:stm/stm32f4xx/STM32F4xx_HAL_Driver/Src/stm32f4xx_hal_rcc_ex.c ****   *
2782:stm/stm32f4xx/STM32F4xx_HAL_Driver/Src/stm32f4xx_hal_rcc_ex.c ****   * @note   This mode is only available for STM32F410xx/STM32F411xx/STM32F446xx/STM32F469xx/STM32F4
2783:stm/stm32f4xx/STM32F4xx_HAL_Driver/Src/stm32f4xx_hal_rcc_ex.c ****   *
2784:stm/stm32f4xx/STM32F4xx_HAL_Driver/Src/stm32f4xx_hal_rcc_ex.c ****   * @param  Mode specifies the LSE mode.
2785:stm/stm32f4xx/STM32F4xx_HAL_Driver/Src/stm32f4xx_hal_rcc_ex.c ****   *          This parameter can be one of the following values:
2786:stm/stm32f4xx/STM32F4xx_HAL_Driver/Src/stm32f4xx_hal_rcc_ex.c ****   *            @arg RCC_LSE_LOWPOWER_MODE:  LSE oscillator in low power mode selection
2787:stm/stm32f4xx/STM32F4xx_HAL_Driver/Src/stm32f4xx_hal_rcc_ex.c ****   *            @arg RCC_LSE_HIGHDRIVE_MODE: LSE oscillator in High Drive mode selection
2788:stm/stm32f4xx/STM32F4xx_HAL_Driver/Src/stm32f4xx_hal_rcc_ex.c ****   * @retval None
2789:stm/stm32f4xx/STM32F4xx_HAL_Driver/Src/stm32f4xx_hal_rcc_ex.c ****   */
2790:stm/stm32f4xx/STM32F4xx_HAL_Driver/Src/stm32f4xx_hal_rcc_ex.c **** void HAL_RCCEx_SelectLSEMode(uint8_t Mode)
2791:stm/stm32f4xx/STM32F4xx_HAL_Driver/Src/stm32f4xx_hal_rcc_ex.c **** {
 1734              		.loc 1 2791 1 is_stmt 1 view -0
 1735              		.cfi_startproc
 1736              		@ args = 0, pretend = 0, frame = 0
 1737              		@ frame_needed = 0, uses_anonymous_args = 0
 1738              		@ link register save eliminated.
2792:stm/stm32f4xx/STM32F4xx_HAL_Driver/Src/stm32f4xx_hal_rcc_ex.c ****   /* Check the parameters */
2793:stm/stm32f4xx/STM32F4xx_HAL_Driver/Src/stm32f4xx_hal_rcc_ex.c ****   assert_param(IS_RCC_LSE_MODE(Mode));
 1739              		.loc 1 2793 3 view .LVU610
2794:stm/stm32f4xx/STM32F4xx_HAL_Driver/Src/stm32f4xx_hal_rcc_ex.c ****   if(Mode == RCC_LSE_HIGHDRIVE_MODE)
 1740              		.loc 1 2794 3 view .LVU611
 1741              		.loc 1 2794 5 is_stmt 0 view .LVU612
 1742 0000 0128     		cmp	r0, #1
 1743 0002 05D0     		beq	.L133
2795:stm/stm32f4xx/STM32F4xx_HAL_Driver/Src/stm32f4xx_hal_rcc_ex.c ****   {
2796:stm/stm32f4xx/STM32F4xx_HAL_Driver/Src/stm32f4xx_hal_rcc_ex.c ****     SET_BIT(RCC->BDCR, RCC_BDCR_LSEMOD);
2797:stm/stm32f4xx/STM32F4xx_HAL_Driver/Src/stm32f4xx_hal_rcc_ex.c ****   }
2798:stm/stm32f4xx/STM32F4xx_HAL_Driver/Src/stm32f4xx_hal_rcc_ex.c ****   else
2799:stm/stm32f4xx/STM32F4xx_HAL_Driver/Src/stm32f4xx_hal_rcc_ex.c ****   {
ARM GAS  /tmp/ccsRaXLF.s 			page 86


2800:stm/stm32f4xx/STM32F4xx_HAL_Driver/Src/stm32f4xx_hal_rcc_ex.c ****     CLEAR_BIT(RCC->BDCR, RCC_BDCR_LSEMOD);
 1744              		.loc 1 2800 5 is_stmt 1 view .LVU613
 1745 0004 054A     		ldr	r2, .L134
 1746 0006 136F     		ldr	r3, [r2, #112]
 1747 0008 23F00803 		bic	r3, r3, #8
 1748 000c 1367     		str	r3, [r2, #112]
2801:stm/stm32f4xx/STM32F4xx_HAL_Driver/Src/stm32f4xx_hal_rcc_ex.c ****   }
2802:stm/stm32f4xx/STM32F4xx_HAL_Driver/Src/stm32f4xx_hal_rcc_ex.c **** }
 1749              		.loc 1 2802 1 is_stmt 0 view .LVU614
 1750 000e 7047     		bx	lr
 1751              	.L133:
2796:stm/stm32f4xx/STM32F4xx_HAL_Driver/Src/stm32f4xx_hal_rcc_ex.c ****   }
 1752              		.loc 1 2796 5 is_stmt 1 view .LVU615
 1753 0010 024A     		ldr	r2, .L134
 1754 0012 136F     		ldr	r3, [r2, #112]
 1755 0014 43F00803 		orr	r3, r3, #8
 1756 0018 1367     		str	r3, [r2, #112]
 1757 001a 7047     		bx	lr
 1758              	.L135:
 1759              		.align	2
 1760              	.L134:
 1761 001c 00380240 		.word	1073887232
 1762              		.cfi_endproc
 1763              	.LFE242:
 1765              		.section	.text.HAL_RCCEx_EnablePLLI2S,"ax",%progbits
 1766              		.align	1
 1767              		.global	HAL_RCCEx_EnablePLLI2S
 1768              		.syntax unified
 1769              		.thumb
 1770              		.thumb_func
 1772              	HAL_RCCEx_EnablePLLI2S:
 1773              	.LVL151:
 1774              	.LFB243:
2803:stm/stm32f4xx/STM32F4xx_HAL_Driver/Src/stm32f4xx_hal_rcc_ex.c **** 
2804:stm/stm32f4xx/STM32F4xx_HAL_Driver/Src/stm32f4xx_hal_rcc_ex.c **** #endif /* STM32F410xx || STM32F411xE || STM32F446xx || STM32F469xx || STM32F479xx || STM32F412Zx ||
2805:stm/stm32f4xx/STM32F4xx_HAL_Driver/Src/stm32f4xx_hal_rcc_ex.c **** 
2806:stm/stm32f4xx/STM32F4xx_HAL_Driver/Src/stm32f4xx_hal_rcc_ex.c **** /** @defgroup RCCEx_Exported_Functions_Group2 Extended Clock management functions
2807:stm/stm32f4xx/STM32F4xx_HAL_Driver/Src/stm32f4xx_hal_rcc_ex.c ****  *  @brief  Extended Clock management functions
2808:stm/stm32f4xx/STM32F4xx_HAL_Driver/Src/stm32f4xx_hal_rcc_ex.c ****  *
2809:stm/stm32f4xx/STM32F4xx_HAL_Driver/Src/stm32f4xx_hal_rcc_ex.c **** @verbatim   
2810:stm/stm32f4xx/STM32F4xx_HAL_Driver/Src/stm32f4xx_hal_rcc_ex.c ****  ===============================================================================
2811:stm/stm32f4xx/STM32F4xx_HAL_Driver/Src/stm32f4xx_hal_rcc_ex.c ****                 ##### Extended clock management functions  #####
2812:stm/stm32f4xx/STM32F4xx_HAL_Driver/Src/stm32f4xx_hal_rcc_ex.c ****  ===============================================================================
2813:stm/stm32f4xx/STM32F4xx_HAL_Driver/Src/stm32f4xx_hal_rcc_ex.c ****     [..]
2814:stm/stm32f4xx/STM32F4xx_HAL_Driver/Src/stm32f4xx_hal_rcc_ex.c ****     This subsection provides a set of functions allowing to control the 
2815:stm/stm32f4xx/STM32F4xx_HAL_Driver/Src/stm32f4xx_hal_rcc_ex.c ****     activation or deactivation of PLLI2S, PLLSAI.
2816:stm/stm32f4xx/STM32F4xx_HAL_Driver/Src/stm32f4xx_hal_rcc_ex.c **** @endverbatim
2817:stm/stm32f4xx/STM32F4xx_HAL_Driver/Src/stm32f4xx_hal_rcc_ex.c ****   * @{
2818:stm/stm32f4xx/STM32F4xx_HAL_Driver/Src/stm32f4xx_hal_rcc_ex.c ****   */
2819:stm/stm32f4xx/STM32F4xx_HAL_Driver/Src/stm32f4xx_hal_rcc_ex.c **** 
2820:stm/stm32f4xx/STM32F4xx_HAL_Driver/Src/stm32f4xx_hal_rcc_ex.c **** #if defined(RCC_PLLI2S_SUPPORT)
2821:stm/stm32f4xx/STM32F4xx_HAL_Driver/Src/stm32f4xx_hal_rcc_ex.c **** /**
2822:stm/stm32f4xx/STM32F4xx_HAL_Driver/Src/stm32f4xx_hal_rcc_ex.c ****   * @brief  Enable PLLI2S.
2823:stm/stm32f4xx/STM32F4xx_HAL_Driver/Src/stm32f4xx_hal_rcc_ex.c ****   * @param  PLLI2SInit  pointer to an RCC_PLLI2SInitTypeDef structure that
2824:stm/stm32f4xx/STM32F4xx_HAL_Driver/Src/stm32f4xx_hal_rcc_ex.c ****   *         contains the configuration information for the PLLI2S
2825:stm/stm32f4xx/STM32F4xx_HAL_Driver/Src/stm32f4xx_hal_rcc_ex.c ****   * @retval HAL status
2826:stm/stm32f4xx/STM32F4xx_HAL_Driver/Src/stm32f4xx_hal_rcc_ex.c ****   */
ARM GAS  /tmp/ccsRaXLF.s 			page 87


2827:stm/stm32f4xx/STM32F4xx_HAL_Driver/Src/stm32f4xx_hal_rcc_ex.c **** HAL_StatusTypeDef HAL_RCCEx_EnablePLLI2S(RCC_PLLI2SInitTypeDef  *PLLI2SInit)
2828:stm/stm32f4xx/STM32F4xx_HAL_Driver/Src/stm32f4xx_hal_rcc_ex.c **** {
 1775              		.loc 1 2828 1 view -0
 1776              		.cfi_startproc
 1777              		@ args = 0, pretend = 0, frame = 0
 1778              		@ frame_needed = 0, uses_anonymous_args = 0
 1779              		.loc 1 2828 1 is_stmt 0 view .LVU617
 1780 0000 38B5     		push	{r3, r4, r5, lr}
 1781              	.LCFI4:
 1782              		.cfi_def_cfa_offset 16
 1783              		.cfi_offset 3, -16
 1784              		.cfi_offset 4, -12
 1785              		.cfi_offset 5, -8
 1786              		.cfi_offset 14, -4
 1787 0002 0546     		mov	r5, r0
2829:stm/stm32f4xx/STM32F4xx_HAL_Driver/Src/stm32f4xx_hal_rcc_ex.c ****   uint32_t tickstart;
 1788              		.loc 1 2829 3 is_stmt 1 view .LVU618
2830:stm/stm32f4xx/STM32F4xx_HAL_Driver/Src/stm32f4xx_hal_rcc_ex.c **** 
2831:stm/stm32f4xx/STM32F4xx_HAL_Driver/Src/stm32f4xx_hal_rcc_ex.c ****   /* Check for parameters */
2832:stm/stm32f4xx/STM32F4xx_HAL_Driver/Src/stm32f4xx_hal_rcc_ex.c ****   assert_param(IS_RCC_PLLI2SN_VALUE(PLLI2SInit->PLLI2SN));
 1789              		.loc 1 2832 3 view .LVU619
2833:stm/stm32f4xx/STM32F4xx_HAL_Driver/Src/stm32f4xx_hal_rcc_ex.c ****   assert_param(IS_RCC_PLLI2SR_VALUE(PLLI2SInit->PLLI2SR));
 1790              		.loc 1 2833 3 view .LVU620
2834:stm/stm32f4xx/STM32F4xx_HAL_Driver/Src/stm32f4xx_hal_rcc_ex.c **** #if defined(RCC_PLLI2SCFGR_PLLI2SM)
2835:stm/stm32f4xx/STM32F4xx_HAL_Driver/Src/stm32f4xx_hal_rcc_ex.c ****   assert_param(IS_RCC_PLLI2SM_VALUE(PLLI2SInit->PLLI2SM));
 1791              		.loc 1 2835 3 view .LVU621
2836:stm/stm32f4xx/STM32F4xx_HAL_Driver/Src/stm32f4xx_hal_rcc_ex.c **** #endif /* RCC_PLLI2SCFGR_PLLI2SM */
2837:stm/stm32f4xx/STM32F4xx_HAL_Driver/Src/stm32f4xx_hal_rcc_ex.c **** #if defined(RCC_PLLI2SCFGR_PLLI2SP)
2838:stm/stm32f4xx/STM32F4xx_HAL_Driver/Src/stm32f4xx_hal_rcc_ex.c ****   assert_param(IS_RCC_PLLI2SP_VALUE(PLLI2SInit->PLLI2SP));
 1792              		.loc 1 2838 3 view .LVU622
2839:stm/stm32f4xx/STM32F4xx_HAL_Driver/Src/stm32f4xx_hal_rcc_ex.c **** #endif /* RCC_PLLI2SCFGR_PLLI2SP */
2840:stm/stm32f4xx/STM32F4xx_HAL_Driver/Src/stm32f4xx_hal_rcc_ex.c **** #if defined(RCC_PLLI2SCFGR_PLLI2SQ)
2841:stm/stm32f4xx/STM32F4xx_HAL_Driver/Src/stm32f4xx_hal_rcc_ex.c ****   assert_param(IS_RCC_PLLI2SQ_VALUE(PLLI2SInit->PLLI2SQ));
 1793              		.loc 1 2841 3 view .LVU623
2842:stm/stm32f4xx/STM32F4xx_HAL_Driver/Src/stm32f4xx_hal_rcc_ex.c **** #endif /* RCC_PLLI2SCFGR_PLLI2SQ */
2843:stm/stm32f4xx/STM32F4xx_HAL_Driver/Src/stm32f4xx_hal_rcc_ex.c **** 
2844:stm/stm32f4xx/STM32F4xx_HAL_Driver/Src/stm32f4xx_hal_rcc_ex.c ****   /* Disable the PLLI2S */
2845:stm/stm32f4xx/STM32F4xx_HAL_Driver/Src/stm32f4xx_hal_rcc_ex.c ****   __HAL_RCC_PLLI2S_DISABLE();
 1794              		.loc 1 2845 3 view .LVU624
 1795 0004 1B4B     		ldr	r3, .L147
 1796 0006 0022     		movs	r2, #0
 1797 0008 9A66     		str	r2, [r3, #104]
2846:stm/stm32f4xx/STM32F4xx_HAL_Driver/Src/stm32f4xx_hal_rcc_ex.c **** 
2847:stm/stm32f4xx/STM32F4xx_HAL_Driver/Src/stm32f4xx_hal_rcc_ex.c ****   /* Wait till PLLI2S is disabled */
2848:stm/stm32f4xx/STM32F4xx_HAL_Driver/Src/stm32f4xx_hal_rcc_ex.c ****   tickstart = HAL_GetTick();
 1798              		.loc 1 2848 3 view .LVU625
 1799              		.loc 1 2848 15 is_stmt 0 view .LVU626
 1800 000a FFF7FEFF 		bl	HAL_GetTick
 1801              	.LVL152:
 1802              		.loc 1 2848 15 view .LVU627
 1803 000e 0446     		mov	r4, r0
 1804              	.LVL153:
2849:stm/stm32f4xx/STM32F4xx_HAL_Driver/Src/stm32f4xx_hal_rcc_ex.c ****   while(__HAL_RCC_GET_FLAG(RCC_FLAG_PLLI2SRDY) != RESET)
 1805              		.loc 1 2849 3 is_stmt 1 view .LVU628
 1806              	.L137:
 1807              		.loc 1 2849 48 view .LVU629
 1808              		.loc 1 2849 9 is_stmt 0 view .LVU630
ARM GAS  /tmp/ccsRaXLF.s 			page 88


 1809 0010 194B     		ldr	r3, .L147+4
 1810 0012 1B68     		ldr	r3, [r3]
 1811              		.loc 1 2849 48 view .LVU631
 1812 0014 13F0006F 		tst	r3, #134217728
 1813 0018 06D0     		beq	.L145
2850:stm/stm32f4xx/STM32F4xx_HAL_Driver/Src/stm32f4xx_hal_rcc_ex.c ****   {
2851:stm/stm32f4xx/STM32F4xx_HAL_Driver/Src/stm32f4xx_hal_rcc_ex.c ****     if((HAL_GetTick() - tickstart ) > PLLI2S_TIMEOUT_VALUE)
 1814              		.loc 1 2851 5 is_stmt 1 view .LVU632
 1815              		.loc 1 2851 9 is_stmt 0 view .LVU633
 1816 001a FFF7FEFF 		bl	HAL_GetTick
 1817              	.LVL154:
 1818              		.loc 1 2851 23 discriminator 1 view .LVU634
 1819 001e 001B     		subs	r0, r0, r4
 1820              		.loc 1 2851 7 discriminator 1 view .LVU635
 1821 0020 0228     		cmp	r0, #2
 1822 0022 F5D9     		bls	.L137
2852:stm/stm32f4xx/STM32F4xx_HAL_Driver/Src/stm32f4xx_hal_rcc_ex.c ****     {
2853:stm/stm32f4xx/STM32F4xx_HAL_Driver/Src/stm32f4xx_hal_rcc_ex.c ****       /* return in case of Timeout detected */
2854:stm/stm32f4xx/STM32F4xx_HAL_Driver/Src/stm32f4xx_hal_rcc_ex.c ****       return HAL_TIMEOUT;
 1823              		.loc 1 2854 14 view .LVU636
 1824 0024 0320     		movs	r0, #3
 1825              	.L138:
2855:stm/stm32f4xx/STM32F4xx_HAL_Driver/Src/stm32f4xx_hal_rcc_ex.c ****     }
2856:stm/stm32f4xx/STM32F4xx_HAL_Driver/Src/stm32f4xx_hal_rcc_ex.c ****   }
2857:stm/stm32f4xx/STM32F4xx_HAL_Driver/Src/stm32f4xx_hal_rcc_ex.c **** 
2858:stm/stm32f4xx/STM32F4xx_HAL_Driver/Src/stm32f4xx_hal_rcc_ex.c ****   /* Configure the PLLI2S division factors */
2859:stm/stm32f4xx/STM32F4xx_HAL_Driver/Src/stm32f4xx_hal_rcc_ex.c **** #if defined(STM32F446xx)
2860:stm/stm32f4xx/STM32F4xx_HAL_Driver/Src/stm32f4xx_hal_rcc_ex.c ****   /* PLLI2S_VCO = f(VCO clock) = f(PLLI2S clock input) * (PLLI2SN/PLLI2SM) */
2861:stm/stm32f4xx/STM32F4xx_HAL_Driver/Src/stm32f4xx_hal_rcc_ex.c ****   /* I2SPCLK = PLLI2S_VCO / PLLI2SP */
2862:stm/stm32f4xx/STM32F4xx_HAL_Driver/Src/stm32f4xx_hal_rcc_ex.c ****   /* I2SQCLK = PLLI2S_VCO / PLLI2SQ */
2863:stm/stm32f4xx/STM32F4xx_HAL_Driver/Src/stm32f4xx_hal_rcc_ex.c ****   /* I2SRCLK = PLLI2S_VCO / PLLI2SR */
2864:stm/stm32f4xx/STM32F4xx_HAL_Driver/Src/stm32f4xx_hal_rcc_ex.c ****   __HAL_RCC_PLLI2S_CONFIG(PLLI2SInit->PLLI2SM, PLLI2SInit->PLLI2SN, \
2865:stm/stm32f4xx/STM32F4xx_HAL_Driver/Src/stm32f4xx_hal_rcc_ex.c ****                           PLLI2SInit->PLLI2SP, PLLI2SInit->PLLI2SQ, PLLI2SInit->PLLI2SR);
2866:stm/stm32f4xx/STM32F4xx_HAL_Driver/Src/stm32f4xx_hal_rcc_ex.c **** #elif defined(STM32F412Zx) || defined(STM32F412Vx) || defined(STM32F412Rx) || defined(STM32F412Cx) 
2867:stm/stm32f4xx/STM32F4xx_HAL_Driver/Src/stm32f4xx_hal_rcc_ex.c ****       defined(STM32F413xx) || defined(STM32F423xx)
2868:stm/stm32f4xx/STM32F4xx_HAL_Driver/Src/stm32f4xx_hal_rcc_ex.c ****   /* PLLI2S_VCO = f(VCO clock) = f(PLLI2S clock input) * (PLLI2SN/PLLI2SM)*/
2869:stm/stm32f4xx/STM32F4xx_HAL_Driver/Src/stm32f4xx_hal_rcc_ex.c ****   /* I2SQCLK = PLLI2S_VCO / PLLI2SQ */
2870:stm/stm32f4xx/STM32F4xx_HAL_Driver/Src/stm32f4xx_hal_rcc_ex.c ****   /* I2SRCLK = PLLI2S_VCO / PLLI2SR */
2871:stm/stm32f4xx/STM32F4xx_HAL_Driver/Src/stm32f4xx_hal_rcc_ex.c ****   __HAL_RCC_PLLI2S_CONFIG(PLLI2SInit->PLLI2SM, PLLI2SInit->PLLI2SN, \
2872:stm/stm32f4xx/STM32F4xx_HAL_Driver/Src/stm32f4xx_hal_rcc_ex.c ****                           PLLI2SInit->PLLI2SQ, PLLI2SInit->PLLI2SR);
2873:stm/stm32f4xx/STM32F4xx_HAL_Driver/Src/stm32f4xx_hal_rcc_ex.c **** #elif defined(STM32F427xx) || defined(STM32F437xx) || defined(STM32F429xx) || defined(STM32F439xx) 
2874:stm/stm32f4xx/STM32F4xx_HAL_Driver/Src/stm32f4xx_hal_rcc_ex.c ****       defined(STM32F469xx) || defined(STM32F479xx)
2875:stm/stm32f4xx/STM32F4xx_HAL_Driver/Src/stm32f4xx_hal_rcc_ex.c ****   /* PLLI2S_VCO = f(VCO clock) = f(PLLI2S clock input) * PLLI2SN */
2876:stm/stm32f4xx/STM32F4xx_HAL_Driver/Src/stm32f4xx_hal_rcc_ex.c ****   /* I2SQCLK = PLLI2S_VCO / PLLI2SQ */
2877:stm/stm32f4xx/STM32F4xx_HAL_Driver/Src/stm32f4xx_hal_rcc_ex.c ****   /* I2SRCLK = PLLI2S_VCO / PLLI2SR */
2878:stm/stm32f4xx/STM32F4xx_HAL_Driver/Src/stm32f4xx_hal_rcc_ex.c ****   __HAL_RCC_PLLI2S_SAICLK_CONFIG(PLLI2SInit->PLLI2SN, PLLI2SInit->PLLI2SQ, PLLI2SInit->PLLI2SR);
2879:stm/stm32f4xx/STM32F4xx_HAL_Driver/Src/stm32f4xx_hal_rcc_ex.c **** #elif defined(STM32F411xE)
2880:stm/stm32f4xx/STM32F4xx_HAL_Driver/Src/stm32f4xx_hal_rcc_ex.c ****   /* PLLI2S_VCO = f(VCO clock) = f(PLLI2S clock input) * (PLLI2SN/PLLI2SM) */
2881:stm/stm32f4xx/STM32F4xx_HAL_Driver/Src/stm32f4xx_hal_rcc_ex.c ****   /* I2SRCLK = PLLI2S_VCO / PLLI2SR */
2882:stm/stm32f4xx/STM32F4xx_HAL_Driver/Src/stm32f4xx_hal_rcc_ex.c ****   __HAL_RCC_PLLI2S_I2SCLK_CONFIG(PLLI2SInit->PLLI2SM, PLLI2SInit->PLLI2SN, PLLI2SInit->PLLI2SR);
2883:stm/stm32f4xx/STM32F4xx_HAL_Driver/Src/stm32f4xx_hal_rcc_ex.c **** #else
2884:stm/stm32f4xx/STM32F4xx_HAL_Driver/Src/stm32f4xx_hal_rcc_ex.c ****   /* PLLI2S_VCO = f(VCO clock) = f(PLLI2S clock input) x PLLI2SN */
2885:stm/stm32f4xx/STM32F4xx_HAL_Driver/Src/stm32f4xx_hal_rcc_ex.c ****   /* I2SRCLK = PLLI2S_VCO / PLLI2SR */
2886:stm/stm32f4xx/STM32F4xx_HAL_Driver/Src/stm32f4xx_hal_rcc_ex.c ****   __HAL_RCC_PLLI2S_CONFIG(PLLI2SInit->PLLI2SN, PLLI2SInit->PLLI2SR);
2887:stm/stm32f4xx/STM32F4xx_HAL_Driver/Src/stm32f4xx_hal_rcc_ex.c **** #endif /* STM32F446xx */
2888:stm/stm32f4xx/STM32F4xx_HAL_Driver/Src/stm32f4xx_hal_rcc_ex.c **** 
2889:stm/stm32f4xx/STM32F4xx_HAL_Driver/Src/stm32f4xx_hal_rcc_ex.c ****   /* Enable the PLLI2S */
ARM GAS  /tmp/ccsRaXLF.s 			page 89


2890:stm/stm32f4xx/STM32F4xx_HAL_Driver/Src/stm32f4xx_hal_rcc_ex.c ****   __HAL_RCC_PLLI2S_ENABLE();
2891:stm/stm32f4xx/STM32F4xx_HAL_Driver/Src/stm32f4xx_hal_rcc_ex.c **** 
2892:stm/stm32f4xx/STM32F4xx_HAL_Driver/Src/stm32f4xx_hal_rcc_ex.c ****   /* Wait till PLLI2S is ready */
2893:stm/stm32f4xx/STM32F4xx_HAL_Driver/Src/stm32f4xx_hal_rcc_ex.c ****   tickstart = HAL_GetTick();
2894:stm/stm32f4xx/STM32F4xx_HAL_Driver/Src/stm32f4xx_hal_rcc_ex.c ****   while(__HAL_RCC_GET_FLAG(RCC_FLAG_PLLI2SRDY) == RESET)
2895:stm/stm32f4xx/STM32F4xx_HAL_Driver/Src/stm32f4xx_hal_rcc_ex.c ****   {
2896:stm/stm32f4xx/STM32F4xx_HAL_Driver/Src/stm32f4xx_hal_rcc_ex.c ****     if((HAL_GetTick() - tickstart ) > PLLI2S_TIMEOUT_VALUE)
2897:stm/stm32f4xx/STM32F4xx_HAL_Driver/Src/stm32f4xx_hal_rcc_ex.c ****     {
2898:stm/stm32f4xx/STM32F4xx_HAL_Driver/Src/stm32f4xx_hal_rcc_ex.c ****       /* return in case of Timeout detected */
2899:stm/stm32f4xx/STM32F4xx_HAL_Driver/Src/stm32f4xx_hal_rcc_ex.c ****       return HAL_TIMEOUT;
2900:stm/stm32f4xx/STM32F4xx_HAL_Driver/Src/stm32f4xx_hal_rcc_ex.c ****     }
2901:stm/stm32f4xx/STM32F4xx_HAL_Driver/Src/stm32f4xx_hal_rcc_ex.c ****   }
2902:stm/stm32f4xx/STM32F4xx_HAL_Driver/Src/stm32f4xx_hal_rcc_ex.c **** 
2903:stm/stm32f4xx/STM32F4xx_HAL_Driver/Src/stm32f4xx_hal_rcc_ex.c ****  return HAL_OK;
2904:stm/stm32f4xx/STM32F4xx_HAL_Driver/Src/stm32f4xx_hal_rcc_ex.c **** }
 1826              		.loc 1 2904 1 view .LVU637
 1827 0026 38BD     		pop	{r3, r4, r5, pc}
 1828              	.LVL155:
 1829              	.L145:
2864:stm/stm32f4xx/STM32F4xx_HAL_Driver/Src/stm32f4xx_hal_rcc_ex.c ****                           PLLI2SInit->PLLI2SP, PLLI2SInit->PLLI2SQ, PLLI2SInit->PLLI2SR);
 1830              		.loc 1 2864 3 is_stmt 1 view .LVU638
 1831 0028 2B68     		ldr	r3, [r5]
 1832 002a 6A68     		ldr	r2, [r5, #4]
 1833 002c 43EA8213 		orr	r3, r3, r2, lsl #6
 1834 0030 AA68     		ldr	r2, [r5, #8]
 1835 0032 5208     		lsrs	r2, r2, #1
 1836 0034 013A     		subs	r2, r2, #1
 1837 0036 43EA0243 		orr	r3, r3, r2, lsl #16
 1838 003a EA68     		ldr	r2, [r5, #12]
 1839 003c 43EA0263 		orr	r3, r3, r2, lsl #24
 1840 0040 2A69     		ldr	r2, [r5, #16]
 1841 0042 43EA0273 		orr	r3, r3, r2, lsl #28
 1842 0046 0C4A     		ldr	r2, .L147+4
 1843 0048 C2F88430 		str	r3, [r2, #132]
2890:stm/stm32f4xx/STM32F4xx_HAL_Driver/Src/stm32f4xx_hal_rcc_ex.c **** 
 1844              		.loc 1 2890 3 view .LVU639
 1845 004c 094B     		ldr	r3, .L147
 1846 004e 0122     		movs	r2, #1
 1847 0050 9A66     		str	r2, [r3, #104]
2893:stm/stm32f4xx/STM32F4xx_HAL_Driver/Src/stm32f4xx_hal_rcc_ex.c ****   while(__HAL_RCC_GET_FLAG(RCC_FLAG_PLLI2SRDY) == RESET)
 1848              		.loc 1 2893 3 view .LVU640
2893:stm/stm32f4xx/STM32F4xx_HAL_Driver/Src/stm32f4xx_hal_rcc_ex.c ****   while(__HAL_RCC_GET_FLAG(RCC_FLAG_PLLI2SRDY) == RESET)
 1849              		.loc 1 2893 15 is_stmt 0 view .LVU641
 1850 0052 FFF7FEFF 		bl	HAL_GetTick
 1851              	.LVL156:
 1852 0056 0446     		mov	r4, r0
 1853              	.LVL157:
2894:stm/stm32f4xx/STM32F4xx_HAL_Driver/Src/stm32f4xx_hal_rcc_ex.c ****   {
 1854              		.loc 1 2894 3 is_stmt 1 view .LVU642
 1855              	.L140:
2894:stm/stm32f4xx/STM32F4xx_HAL_Driver/Src/stm32f4xx_hal_rcc_ex.c ****   {
 1856              		.loc 1 2894 48 view .LVU643
2894:stm/stm32f4xx/STM32F4xx_HAL_Driver/Src/stm32f4xx_hal_rcc_ex.c ****   {
 1857              		.loc 1 2894 9 is_stmt 0 view .LVU644
 1858 0058 074B     		ldr	r3, .L147+4
 1859 005a 1B68     		ldr	r3, [r3]
2894:stm/stm32f4xx/STM32F4xx_HAL_Driver/Src/stm32f4xx_hal_rcc_ex.c ****   {
ARM GAS  /tmp/ccsRaXLF.s 			page 90


 1860              		.loc 1 2894 48 view .LVU645
 1861 005c 13F0006F 		tst	r3, #134217728
 1862 0060 06D1     		bne	.L146
2896:stm/stm32f4xx/STM32F4xx_HAL_Driver/Src/stm32f4xx_hal_rcc_ex.c ****     {
 1863              		.loc 1 2896 5 is_stmt 1 view .LVU646
2896:stm/stm32f4xx/STM32F4xx_HAL_Driver/Src/stm32f4xx_hal_rcc_ex.c ****     {
 1864              		.loc 1 2896 9 is_stmt 0 view .LVU647
 1865 0062 FFF7FEFF 		bl	HAL_GetTick
 1866              	.LVL158:
2896:stm/stm32f4xx/STM32F4xx_HAL_Driver/Src/stm32f4xx_hal_rcc_ex.c ****     {
 1867              		.loc 1 2896 23 discriminator 1 view .LVU648
 1868 0066 001B     		subs	r0, r0, r4
2896:stm/stm32f4xx/STM32F4xx_HAL_Driver/Src/stm32f4xx_hal_rcc_ex.c ****     {
 1869              		.loc 1 2896 7 discriminator 1 view .LVU649
 1870 0068 0228     		cmp	r0, #2
 1871 006a F5D9     		bls	.L140
2899:stm/stm32f4xx/STM32F4xx_HAL_Driver/Src/stm32f4xx_hal_rcc_ex.c ****     }
 1872              		.loc 1 2899 14 view .LVU650
 1873 006c 0320     		movs	r0, #3
 1874 006e DAE7     		b	.L138
 1875              	.L146:
2903:stm/stm32f4xx/STM32F4xx_HAL_Driver/Src/stm32f4xx_hal_rcc_ex.c **** }
 1876              		.loc 1 2903 9 view .LVU651
 1877 0070 0020     		movs	r0, #0
 1878 0072 D8E7     		b	.L138
 1879              	.L148:
 1880              		.align	2
 1881              	.L147:
 1882 0074 00004742 		.word	1111949312
 1883 0078 00380240 		.word	1073887232
 1884              		.cfi_endproc
 1885              	.LFE243:
 1887              		.section	.text.HAL_RCCEx_DisablePLLI2S,"ax",%progbits
 1888              		.align	1
 1889              		.global	HAL_RCCEx_DisablePLLI2S
 1890              		.syntax unified
 1891              		.thumb
 1892              		.thumb_func
 1894              	HAL_RCCEx_DisablePLLI2S:
 1895              	.LFB244:
2905:stm/stm32f4xx/STM32F4xx_HAL_Driver/Src/stm32f4xx_hal_rcc_ex.c **** 
2906:stm/stm32f4xx/STM32F4xx_HAL_Driver/Src/stm32f4xx_hal_rcc_ex.c **** /**
2907:stm/stm32f4xx/STM32F4xx_HAL_Driver/Src/stm32f4xx_hal_rcc_ex.c ****   * @brief  Disable PLLI2S.
2908:stm/stm32f4xx/STM32F4xx_HAL_Driver/Src/stm32f4xx_hal_rcc_ex.c ****   * @retval HAL status
2909:stm/stm32f4xx/STM32F4xx_HAL_Driver/Src/stm32f4xx_hal_rcc_ex.c ****   */
2910:stm/stm32f4xx/STM32F4xx_HAL_Driver/Src/stm32f4xx_hal_rcc_ex.c **** HAL_StatusTypeDef HAL_RCCEx_DisablePLLI2S(void)
2911:stm/stm32f4xx/STM32F4xx_HAL_Driver/Src/stm32f4xx_hal_rcc_ex.c **** {
 1896              		.loc 1 2911 1 is_stmt 1 view -0
 1897              		.cfi_startproc
 1898              		@ args = 0, pretend = 0, frame = 0
 1899              		@ frame_needed = 0, uses_anonymous_args = 0
 1900 0000 10B5     		push	{r4, lr}
 1901              	.LCFI5:
 1902              		.cfi_def_cfa_offset 8
 1903              		.cfi_offset 4, -8
 1904              		.cfi_offset 14, -4
2912:stm/stm32f4xx/STM32F4xx_HAL_Driver/Src/stm32f4xx_hal_rcc_ex.c ****   uint32_t tickstart;
ARM GAS  /tmp/ccsRaXLF.s 			page 91


 1905              		.loc 1 2912 3 view .LVU653
2913:stm/stm32f4xx/STM32F4xx_HAL_Driver/Src/stm32f4xx_hal_rcc_ex.c **** 
2914:stm/stm32f4xx/STM32F4xx_HAL_Driver/Src/stm32f4xx_hal_rcc_ex.c ****   /* Disable the PLLI2S */
2915:stm/stm32f4xx/STM32F4xx_HAL_Driver/Src/stm32f4xx_hal_rcc_ex.c ****   __HAL_RCC_PLLI2S_DISABLE();
 1906              		.loc 1 2915 3 view .LVU654
 1907 0002 0A4B     		ldr	r3, .L156
 1908 0004 0022     		movs	r2, #0
 1909 0006 9A66     		str	r2, [r3, #104]
2916:stm/stm32f4xx/STM32F4xx_HAL_Driver/Src/stm32f4xx_hal_rcc_ex.c **** 
2917:stm/stm32f4xx/STM32F4xx_HAL_Driver/Src/stm32f4xx_hal_rcc_ex.c ****   /* Wait till PLLI2S is disabled */
2918:stm/stm32f4xx/STM32F4xx_HAL_Driver/Src/stm32f4xx_hal_rcc_ex.c ****   tickstart = HAL_GetTick();
 1910              		.loc 1 2918 3 view .LVU655
 1911              		.loc 1 2918 15 is_stmt 0 view .LVU656
 1912 0008 FFF7FEFF 		bl	HAL_GetTick
 1913              	.LVL159:
 1914 000c 0446     		mov	r4, r0
 1915              	.LVL160:
2919:stm/stm32f4xx/STM32F4xx_HAL_Driver/Src/stm32f4xx_hal_rcc_ex.c ****   while(READ_BIT(RCC->CR, RCC_CR_PLLI2SRDY) != RESET)
 1916              		.loc 1 2919 3 is_stmt 1 view .LVU657
 1917              	.L150:
 1918              		.loc 1 2919 45 view .LVU658
 1919              		.loc 1 2919 9 is_stmt 0 view .LVU659
 1920 000e 084B     		ldr	r3, .L156+4
 1921 0010 1B68     		ldr	r3, [r3]
 1922              		.loc 1 2919 45 view .LVU660
 1923 0012 13F0006F 		tst	r3, #134217728
 1924 0016 06D0     		beq	.L155
2920:stm/stm32f4xx/STM32F4xx_HAL_Driver/Src/stm32f4xx_hal_rcc_ex.c ****   {
2921:stm/stm32f4xx/STM32F4xx_HAL_Driver/Src/stm32f4xx_hal_rcc_ex.c ****     if((HAL_GetTick() - tickstart) > PLLI2S_TIMEOUT_VALUE)
 1925              		.loc 1 2921 5 is_stmt 1 view .LVU661
 1926              		.loc 1 2921 9 is_stmt 0 view .LVU662
 1927 0018 FFF7FEFF 		bl	HAL_GetTick
 1928              	.LVL161:
 1929              		.loc 1 2921 23 discriminator 1 view .LVU663
 1930 001c 001B     		subs	r0, r0, r4
 1931              		.loc 1 2921 7 discriminator 1 view .LVU664
 1932 001e 0228     		cmp	r0, #2
 1933 0020 F5D9     		bls	.L150
2922:stm/stm32f4xx/STM32F4xx_HAL_Driver/Src/stm32f4xx_hal_rcc_ex.c ****     {
2923:stm/stm32f4xx/STM32F4xx_HAL_Driver/Src/stm32f4xx_hal_rcc_ex.c ****       /* return in case of Timeout detected */
2924:stm/stm32f4xx/STM32F4xx_HAL_Driver/Src/stm32f4xx_hal_rcc_ex.c ****       return HAL_TIMEOUT;
 1934              		.loc 1 2924 14 view .LVU665
 1935 0022 0320     		movs	r0, #3
 1936 0024 00E0     		b	.L151
 1937              	.L155:
2925:stm/stm32f4xx/STM32F4xx_HAL_Driver/Src/stm32f4xx_hal_rcc_ex.c ****     }
2926:stm/stm32f4xx/STM32F4xx_HAL_Driver/Src/stm32f4xx_hal_rcc_ex.c ****   }
2927:stm/stm32f4xx/STM32F4xx_HAL_Driver/Src/stm32f4xx_hal_rcc_ex.c **** 
2928:stm/stm32f4xx/STM32F4xx_HAL_Driver/Src/stm32f4xx_hal_rcc_ex.c ****   return HAL_OK;
 1938              		.loc 1 2928 10 view .LVU666
 1939 0026 0020     		movs	r0, #0
 1940              	.L151:
2929:stm/stm32f4xx/STM32F4xx_HAL_Driver/Src/stm32f4xx_hal_rcc_ex.c **** }
 1941              		.loc 1 2929 1 view .LVU667
 1942 0028 10BD     		pop	{r4, pc}
 1943              	.LVL162:
 1944              	.L157:
ARM GAS  /tmp/ccsRaXLF.s 			page 92


 1945              		.loc 1 2929 1 view .LVU668
 1946 002a 00BF     		.align	2
 1947              	.L156:
 1948 002c 00004742 		.word	1111949312
 1949 0030 00380240 		.word	1073887232
 1950              		.cfi_endproc
 1951              	.LFE244:
 1953              		.section	.text.HAL_RCCEx_EnablePLLSAI,"ax",%progbits
 1954              		.align	1
 1955              		.global	HAL_RCCEx_EnablePLLSAI
 1956              		.syntax unified
 1957              		.thumb
 1958              		.thumb_func
 1960              	HAL_RCCEx_EnablePLLSAI:
 1961              	.LVL163:
 1962              	.LFB245:
2930:stm/stm32f4xx/STM32F4xx_HAL_Driver/Src/stm32f4xx_hal_rcc_ex.c **** 
2931:stm/stm32f4xx/STM32F4xx_HAL_Driver/Src/stm32f4xx_hal_rcc_ex.c **** #endif /* RCC_PLLI2S_SUPPORT */
2932:stm/stm32f4xx/STM32F4xx_HAL_Driver/Src/stm32f4xx_hal_rcc_ex.c **** 
2933:stm/stm32f4xx/STM32F4xx_HAL_Driver/Src/stm32f4xx_hal_rcc_ex.c **** #if defined(RCC_PLLSAI_SUPPORT)
2934:stm/stm32f4xx/STM32F4xx_HAL_Driver/Src/stm32f4xx_hal_rcc_ex.c **** /**
2935:stm/stm32f4xx/STM32F4xx_HAL_Driver/Src/stm32f4xx_hal_rcc_ex.c ****   * @brief  Enable PLLSAI.
2936:stm/stm32f4xx/STM32F4xx_HAL_Driver/Src/stm32f4xx_hal_rcc_ex.c ****   * @param  PLLSAIInit  pointer to an RCC_PLLSAIInitTypeDef structure that
2937:stm/stm32f4xx/STM32F4xx_HAL_Driver/Src/stm32f4xx_hal_rcc_ex.c ****   *         contains the configuration information for the PLLSAI
2938:stm/stm32f4xx/STM32F4xx_HAL_Driver/Src/stm32f4xx_hal_rcc_ex.c ****   * @retval HAL status
2939:stm/stm32f4xx/STM32F4xx_HAL_Driver/Src/stm32f4xx_hal_rcc_ex.c ****   */
2940:stm/stm32f4xx/STM32F4xx_HAL_Driver/Src/stm32f4xx_hal_rcc_ex.c **** HAL_StatusTypeDef HAL_RCCEx_EnablePLLSAI(RCC_PLLSAIInitTypeDef  *PLLSAIInit)
2941:stm/stm32f4xx/STM32F4xx_HAL_Driver/Src/stm32f4xx_hal_rcc_ex.c **** {
 1963              		.loc 1 2941 1 is_stmt 1 view -0
 1964              		.cfi_startproc
 1965              		@ args = 0, pretend = 0, frame = 0
 1966              		@ frame_needed = 0, uses_anonymous_args = 0
 1967              		.loc 1 2941 1 is_stmt 0 view .LVU670
 1968 0000 38B5     		push	{r3, r4, r5, lr}
 1969              	.LCFI6:
 1970              		.cfi_def_cfa_offset 16
 1971              		.cfi_offset 3, -16
 1972              		.cfi_offset 4, -12
 1973              		.cfi_offset 5, -8
 1974              		.cfi_offset 14, -4
 1975 0002 0546     		mov	r5, r0
2942:stm/stm32f4xx/STM32F4xx_HAL_Driver/Src/stm32f4xx_hal_rcc_ex.c ****   uint32_t tickstart;
 1976              		.loc 1 2942 3 is_stmt 1 view .LVU671
2943:stm/stm32f4xx/STM32F4xx_HAL_Driver/Src/stm32f4xx_hal_rcc_ex.c **** 
2944:stm/stm32f4xx/STM32F4xx_HAL_Driver/Src/stm32f4xx_hal_rcc_ex.c ****   /* Check for parameters */
2945:stm/stm32f4xx/STM32F4xx_HAL_Driver/Src/stm32f4xx_hal_rcc_ex.c ****   assert_param(IS_RCC_PLLSAIN_VALUE(PLLSAIInit->PLLSAIN));
 1977              		.loc 1 2945 3 view .LVU672
2946:stm/stm32f4xx/STM32F4xx_HAL_Driver/Src/stm32f4xx_hal_rcc_ex.c ****   assert_param(IS_RCC_PLLSAIQ_VALUE(PLLSAIInit->PLLSAIQ));
 1978              		.loc 1 2946 3 view .LVU673
2947:stm/stm32f4xx/STM32F4xx_HAL_Driver/Src/stm32f4xx_hal_rcc_ex.c **** #if defined(RCC_PLLSAICFGR_PLLSAIM)
2948:stm/stm32f4xx/STM32F4xx_HAL_Driver/Src/stm32f4xx_hal_rcc_ex.c ****   assert_param(IS_RCC_PLLSAIM_VALUE(PLLSAIInit->PLLSAIM));
 1979              		.loc 1 2948 3 view .LVU674
2949:stm/stm32f4xx/STM32F4xx_HAL_Driver/Src/stm32f4xx_hal_rcc_ex.c **** #endif /* RCC_PLLSAICFGR_PLLSAIM */
2950:stm/stm32f4xx/STM32F4xx_HAL_Driver/Src/stm32f4xx_hal_rcc_ex.c **** #if defined(RCC_PLLSAICFGR_PLLSAIP)
2951:stm/stm32f4xx/STM32F4xx_HAL_Driver/Src/stm32f4xx_hal_rcc_ex.c ****   assert_param(IS_RCC_PLLSAIP_VALUE(PLLSAIInit->PLLSAIP));
 1980              		.loc 1 2951 3 view .LVU675
2952:stm/stm32f4xx/STM32F4xx_HAL_Driver/Src/stm32f4xx_hal_rcc_ex.c **** #endif /* RCC_PLLSAICFGR_PLLSAIP */
ARM GAS  /tmp/ccsRaXLF.s 			page 93


2953:stm/stm32f4xx/STM32F4xx_HAL_Driver/Src/stm32f4xx_hal_rcc_ex.c **** #if defined(RCC_PLLSAICFGR_PLLSAIR)
2954:stm/stm32f4xx/STM32F4xx_HAL_Driver/Src/stm32f4xx_hal_rcc_ex.c ****   assert_param(IS_RCC_PLLSAIR_VALUE(PLLSAIInit->PLLSAIR));
2955:stm/stm32f4xx/STM32F4xx_HAL_Driver/Src/stm32f4xx_hal_rcc_ex.c **** #endif /* RCC_PLLSAICFGR_PLLSAIR */
2956:stm/stm32f4xx/STM32F4xx_HAL_Driver/Src/stm32f4xx_hal_rcc_ex.c **** 
2957:stm/stm32f4xx/STM32F4xx_HAL_Driver/Src/stm32f4xx_hal_rcc_ex.c ****   /* Disable the PLLSAI */
2958:stm/stm32f4xx/STM32F4xx_HAL_Driver/Src/stm32f4xx_hal_rcc_ex.c ****   __HAL_RCC_PLLSAI_DISABLE();
 1981              		.loc 1 2958 3 view .LVU676
 1982 0004 1A4B     		ldr	r3, .L169
 1983 0006 0022     		movs	r2, #0
 1984 0008 1A67     		str	r2, [r3, #112]
2959:stm/stm32f4xx/STM32F4xx_HAL_Driver/Src/stm32f4xx_hal_rcc_ex.c **** 
2960:stm/stm32f4xx/STM32F4xx_HAL_Driver/Src/stm32f4xx_hal_rcc_ex.c ****   /* Wait till PLLSAI is disabled */
2961:stm/stm32f4xx/STM32F4xx_HAL_Driver/Src/stm32f4xx_hal_rcc_ex.c ****   tickstart = HAL_GetTick();
 1985              		.loc 1 2961 3 view .LVU677
 1986              		.loc 1 2961 15 is_stmt 0 view .LVU678
 1987 000a FFF7FEFF 		bl	HAL_GetTick
 1988              	.LVL164:
 1989              		.loc 1 2961 15 view .LVU679
 1990 000e 0446     		mov	r4, r0
 1991              	.LVL165:
2962:stm/stm32f4xx/STM32F4xx_HAL_Driver/Src/stm32f4xx_hal_rcc_ex.c ****   while(__HAL_RCC_PLLSAI_GET_FLAG() != RESET)
 1992              		.loc 1 2962 3 is_stmt 1 view .LVU680
 1993              	.L159:
 1994              		.loc 1 2962 37 view .LVU681
 1995              		.loc 1 2962 9 is_stmt 0 view .LVU682
 1996 0010 184B     		ldr	r3, .L169+4
 1997 0012 1B68     		ldr	r3, [r3]
 1998              		.loc 1 2962 37 view .LVU683
 1999 0014 13F0005F 		tst	r3, #536870912
 2000 0018 06D0     		beq	.L167
2963:stm/stm32f4xx/STM32F4xx_HAL_Driver/Src/stm32f4xx_hal_rcc_ex.c ****   {
2964:stm/stm32f4xx/STM32F4xx_HAL_Driver/Src/stm32f4xx_hal_rcc_ex.c ****     if((HAL_GetTick() - tickstart ) > PLLSAI_TIMEOUT_VALUE)
 2001              		.loc 1 2964 5 is_stmt 1 view .LVU684
 2002              		.loc 1 2964 9 is_stmt 0 view .LVU685
 2003 001a FFF7FEFF 		bl	HAL_GetTick
 2004              	.LVL166:
 2005              		.loc 1 2964 23 discriminator 1 view .LVU686
 2006 001e 001B     		subs	r0, r0, r4
 2007              		.loc 1 2964 7 discriminator 1 view .LVU687
 2008 0020 0228     		cmp	r0, #2
 2009 0022 F5D9     		bls	.L159
2965:stm/stm32f4xx/STM32F4xx_HAL_Driver/Src/stm32f4xx_hal_rcc_ex.c ****     {
2966:stm/stm32f4xx/STM32F4xx_HAL_Driver/Src/stm32f4xx_hal_rcc_ex.c ****       /* return in case of Timeout detected */
2967:stm/stm32f4xx/STM32F4xx_HAL_Driver/Src/stm32f4xx_hal_rcc_ex.c ****       return HAL_TIMEOUT;
 2010              		.loc 1 2967 14 view .LVU688
 2011 0024 0320     		movs	r0, #3
 2012              	.L160:
2968:stm/stm32f4xx/STM32F4xx_HAL_Driver/Src/stm32f4xx_hal_rcc_ex.c ****     }
2969:stm/stm32f4xx/STM32F4xx_HAL_Driver/Src/stm32f4xx_hal_rcc_ex.c ****   }
2970:stm/stm32f4xx/STM32F4xx_HAL_Driver/Src/stm32f4xx_hal_rcc_ex.c **** 
2971:stm/stm32f4xx/STM32F4xx_HAL_Driver/Src/stm32f4xx_hal_rcc_ex.c ****   /* Configure the PLLSAI division factors */
2972:stm/stm32f4xx/STM32F4xx_HAL_Driver/Src/stm32f4xx_hal_rcc_ex.c **** #if defined(STM32F446xx)
2973:stm/stm32f4xx/STM32F4xx_HAL_Driver/Src/stm32f4xx_hal_rcc_ex.c ****   /* PLLSAI_VCO = f(VCO clock) = f(PLLSAI clock input) * (PLLSAIN/PLLSAIM) */
2974:stm/stm32f4xx/STM32F4xx_HAL_Driver/Src/stm32f4xx_hal_rcc_ex.c ****   /* SAIPCLK = PLLSAI_VCO / PLLSAIP */
2975:stm/stm32f4xx/STM32F4xx_HAL_Driver/Src/stm32f4xx_hal_rcc_ex.c ****   /* SAIQCLK = PLLSAI_VCO / PLLSAIQ */
2976:stm/stm32f4xx/STM32F4xx_HAL_Driver/Src/stm32f4xx_hal_rcc_ex.c ****   /* SAIRCLK = PLLSAI_VCO / PLLSAIR */
2977:stm/stm32f4xx/STM32F4xx_HAL_Driver/Src/stm32f4xx_hal_rcc_ex.c ****   __HAL_RCC_PLLSAI_CONFIG(PLLSAIInit->PLLSAIM, PLLSAIInit->PLLSAIN, \
ARM GAS  /tmp/ccsRaXLF.s 			page 94


2978:stm/stm32f4xx/STM32F4xx_HAL_Driver/Src/stm32f4xx_hal_rcc_ex.c ****                           PLLSAIInit->PLLSAIP, PLLSAIInit->PLLSAIQ, 0U);
2979:stm/stm32f4xx/STM32F4xx_HAL_Driver/Src/stm32f4xx_hal_rcc_ex.c **** #elif defined(STM32F469xx) || defined(STM32F479xx)
2980:stm/stm32f4xx/STM32F4xx_HAL_Driver/Src/stm32f4xx_hal_rcc_ex.c ****   /* PLLSAI_VCO = f(VCO clock) = f(PLLSAI clock input) * PLLSAIN */
2981:stm/stm32f4xx/STM32F4xx_HAL_Driver/Src/stm32f4xx_hal_rcc_ex.c ****   /* SAIPCLK = PLLSAI_VCO / PLLSAIP */
2982:stm/stm32f4xx/STM32F4xx_HAL_Driver/Src/stm32f4xx_hal_rcc_ex.c ****   /* SAIQCLK = PLLSAI_VCO / PLLSAIQ */
2983:stm/stm32f4xx/STM32F4xx_HAL_Driver/Src/stm32f4xx_hal_rcc_ex.c ****   /* SAIRCLK = PLLSAI_VCO / PLLSAIR */
2984:stm/stm32f4xx/STM32F4xx_HAL_Driver/Src/stm32f4xx_hal_rcc_ex.c ****   __HAL_RCC_PLLSAI_CONFIG(PLLSAIInit->PLLSAIN, PLLSAIInit->PLLSAIP, \
2985:stm/stm32f4xx/STM32F4xx_HAL_Driver/Src/stm32f4xx_hal_rcc_ex.c ****                           PLLSAIInit->PLLSAIQ, PLLSAIInit->PLLSAIR);
2986:stm/stm32f4xx/STM32F4xx_HAL_Driver/Src/stm32f4xx_hal_rcc_ex.c **** #else
2987:stm/stm32f4xx/STM32F4xx_HAL_Driver/Src/stm32f4xx_hal_rcc_ex.c ****   /* PLLSAI_VCO = f(VCO clock) = f(PLLSAI clock input) x PLLSAIN */
2988:stm/stm32f4xx/STM32F4xx_HAL_Driver/Src/stm32f4xx_hal_rcc_ex.c ****   /* SAIQCLK = PLLSAI_VCO / PLLSAIQ */
2989:stm/stm32f4xx/STM32F4xx_HAL_Driver/Src/stm32f4xx_hal_rcc_ex.c ****   /* SAIRCLK = PLLSAI_VCO / PLLSAIR */
2990:stm/stm32f4xx/STM32F4xx_HAL_Driver/Src/stm32f4xx_hal_rcc_ex.c ****   __HAL_RCC_PLLSAI_CONFIG(PLLSAIInit->PLLSAIN, PLLSAIInit->PLLSAIQ, PLLSAIInit->PLLSAIR);
2991:stm/stm32f4xx/STM32F4xx_HAL_Driver/Src/stm32f4xx_hal_rcc_ex.c **** #endif /* STM32F446xx */
2992:stm/stm32f4xx/STM32F4xx_HAL_Driver/Src/stm32f4xx_hal_rcc_ex.c **** 
2993:stm/stm32f4xx/STM32F4xx_HAL_Driver/Src/stm32f4xx_hal_rcc_ex.c ****   /* Enable the PLLSAI */
2994:stm/stm32f4xx/STM32F4xx_HAL_Driver/Src/stm32f4xx_hal_rcc_ex.c ****   __HAL_RCC_PLLSAI_ENABLE();
2995:stm/stm32f4xx/STM32F4xx_HAL_Driver/Src/stm32f4xx_hal_rcc_ex.c **** 
2996:stm/stm32f4xx/STM32F4xx_HAL_Driver/Src/stm32f4xx_hal_rcc_ex.c ****   /* Wait till PLLSAI is ready */
2997:stm/stm32f4xx/STM32F4xx_HAL_Driver/Src/stm32f4xx_hal_rcc_ex.c ****   tickstart = HAL_GetTick();
2998:stm/stm32f4xx/STM32F4xx_HAL_Driver/Src/stm32f4xx_hal_rcc_ex.c ****   while(__HAL_RCC_PLLSAI_GET_FLAG() == RESET)
2999:stm/stm32f4xx/STM32F4xx_HAL_Driver/Src/stm32f4xx_hal_rcc_ex.c ****   {
3000:stm/stm32f4xx/STM32F4xx_HAL_Driver/Src/stm32f4xx_hal_rcc_ex.c ****     if((HAL_GetTick() - tickstart ) > PLLSAI_TIMEOUT_VALUE)
3001:stm/stm32f4xx/STM32F4xx_HAL_Driver/Src/stm32f4xx_hal_rcc_ex.c ****     {
3002:stm/stm32f4xx/STM32F4xx_HAL_Driver/Src/stm32f4xx_hal_rcc_ex.c ****       /* return in case of Timeout detected */
3003:stm/stm32f4xx/STM32F4xx_HAL_Driver/Src/stm32f4xx_hal_rcc_ex.c ****       return HAL_TIMEOUT;
3004:stm/stm32f4xx/STM32F4xx_HAL_Driver/Src/stm32f4xx_hal_rcc_ex.c ****     }
3005:stm/stm32f4xx/STM32F4xx_HAL_Driver/Src/stm32f4xx_hal_rcc_ex.c ****   }
3006:stm/stm32f4xx/STM32F4xx_HAL_Driver/Src/stm32f4xx_hal_rcc_ex.c **** 
3007:stm/stm32f4xx/STM32F4xx_HAL_Driver/Src/stm32f4xx_hal_rcc_ex.c ****  return HAL_OK;
3008:stm/stm32f4xx/STM32F4xx_HAL_Driver/Src/stm32f4xx_hal_rcc_ex.c **** }
 2013              		.loc 1 3008 1 view .LVU689
 2014 0026 38BD     		pop	{r3, r4, r5, pc}
 2015              	.LVL167:
 2016              	.L167:
2977:stm/stm32f4xx/STM32F4xx_HAL_Driver/Src/stm32f4xx_hal_rcc_ex.c ****                           PLLSAIInit->PLLSAIP, PLLSAIInit->PLLSAIQ, 0U);
 2017              		.loc 1 2977 3 is_stmt 1 view .LVU690
 2018 0028 2B68     		ldr	r3, [r5]
 2019 002a 6A68     		ldr	r2, [r5, #4]
 2020 002c 43EA8213 		orr	r3, r3, r2, lsl #6
 2021 0030 AA68     		ldr	r2, [r5, #8]
 2022 0032 5208     		lsrs	r2, r2, #1
 2023 0034 013A     		subs	r2, r2, #1
 2024 0036 43EA0243 		orr	r3, r3, r2, lsl #16
 2025 003a EA68     		ldr	r2, [r5, #12]
 2026 003c 43EA0263 		orr	r3, r3, r2, lsl #24
 2027 0040 0C4A     		ldr	r2, .L169+4
 2028 0042 C2F88830 		str	r3, [r2, #136]
2994:stm/stm32f4xx/STM32F4xx_HAL_Driver/Src/stm32f4xx_hal_rcc_ex.c **** 
 2029              		.loc 1 2994 3 view .LVU691
 2030 0046 0A4B     		ldr	r3, .L169
 2031 0048 0122     		movs	r2, #1
 2032 004a 1A67     		str	r2, [r3, #112]
2997:stm/stm32f4xx/STM32F4xx_HAL_Driver/Src/stm32f4xx_hal_rcc_ex.c ****   while(__HAL_RCC_PLLSAI_GET_FLAG() == RESET)
 2033              		.loc 1 2997 3 view .LVU692
2997:stm/stm32f4xx/STM32F4xx_HAL_Driver/Src/stm32f4xx_hal_rcc_ex.c ****   while(__HAL_RCC_PLLSAI_GET_FLAG() == RESET)
 2034              		.loc 1 2997 15 is_stmt 0 view .LVU693
ARM GAS  /tmp/ccsRaXLF.s 			page 95


 2035 004c FFF7FEFF 		bl	HAL_GetTick
 2036              	.LVL168:
 2037 0050 0446     		mov	r4, r0
 2038              	.LVL169:
2998:stm/stm32f4xx/STM32F4xx_HAL_Driver/Src/stm32f4xx_hal_rcc_ex.c ****   {
 2039              		.loc 1 2998 3 is_stmt 1 view .LVU694
 2040              	.L162:
2998:stm/stm32f4xx/STM32F4xx_HAL_Driver/Src/stm32f4xx_hal_rcc_ex.c ****   {
 2041              		.loc 1 2998 37 view .LVU695
2998:stm/stm32f4xx/STM32F4xx_HAL_Driver/Src/stm32f4xx_hal_rcc_ex.c ****   {
 2042              		.loc 1 2998 9 is_stmt 0 view .LVU696
 2043 0052 084B     		ldr	r3, .L169+4
 2044 0054 1B68     		ldr	r3, [r3]
2998:stm/stm32f4xx/STM32F4xx_HAL_Driver/Src/stm32f4xx_hal_rcc_ex.c ****   {
 2045              		.loc 1 2998 37 view .LVU697
 2046 0056 13F0005F 		tst	r3, #536870912
 2047 005a 06D1     		bne	.L168
3000:stm/stm32f4xx/STM32F4xx_HAL_Driver/Src/stm32f4xx_hal_rcc_ex.c ****     {
 2048              		.loc 1 3000 5 is_stmt 1 view .LVU698
3000:stm/stm32f4xx/STM32F4xx_HAL_Driver/Src/stm32f4xx_hal_rcc_ex.c ****     {
 2049              		.loc 1 3000 9 is_stmt 0 view .LVU699
 2050 005c FFF7FEFF 		bl	HAL_GetTick
 2051              	.LVL170:
3000:stm/stm32f4xx/STM32F4xx_HAL_Driver/Src/stm32f4xx_hal_rcc_ex.c ****     {
 2052              		.loc 1 3000 23 discriminator 1 view .LVU700
 2053 0060 001B     		subs	r0, r0, r4
3000:stm/stm32f4xx/STM32F4xx_HAL_Driver/Src/stm32f4xx_hal_rcc_ex.c ****     {
 2054              		.loc 1 3000 7 discriminator 1 view .LVU701
 2055 0062 0228     		cmp	r0, #2
 2056 0064 F5D9     		bls	.L162
3003:stm/stm32f4xx/STM32F4xx_HAL_Driver/Src/stm32f4xx_hal_rcc_ex.c ****     }
 2057              		.loc 1 3003 14 view .LVU702
 2058 0066 0320     		movs	r0, #3
 2059 0068 DDE7     		b	.L160
 2060              	.L168:
3007:stm/stm32f4xx/STM32F4xx_HAL_Driver/Src/stm32f4xx_hal_rcc_ex.c **** }
 2061              		.loc 1 3007 9 view .LVU703
 2062 006a 0020     		movs	r0, #0
 2063 006c DBE7     		b	.L160
 2064              	.L170:
 2065 006e 00BF     		.align	2
 2066              	.L169:
 2067 0070 00004742 		.word	1111949312
 2068 0074 00380240 		.word	1073887232
 2069              		.cfi_endproc
 2070              	.LFE245:
 2072              		.section	.text.HAL_RCCEx_DisablePLLSAI,"ax",%progbits
 2073              		.align	1
 2074              		.global	HAL_RCCEx_DisablePLLSAI
 2075              		.syntax unified
 2076              		.thumb
 2077              		.thumb_func
 2079              	HAL_RCCEx_DisablePLLSAI:
 2080              	.LFB246:
3009:stm/stm32f4xx/STM32F4xx_HAL_Driver/Src/stm32f4xx_hal_rcc_ex.c **** 
3010:stm/stm32f4xx/STM32F4xx_HAL_Driver/Src/stm32f4xx_hal_rcc_ex.c **** /**
3011:stm/stm32f4xx/STM32F4xx_HAL_Driver/Src/stm32f4xx_hal_rcc_ex.c ****   * @brief  Disable PLLSAI.
ARM GAS  /tmp/ccsRaXLF.s 			page 96


3012:stm/stm32f4xx/STM32F4xx_HAL_Driver/Src/stm32f4xx_hal_rcc_ex.c ****   * @retval HAL status
3013:stm/stm32f4xx/STM32F4xx_HAL_Driver/Src/stm32f4xx_hal_rcc_ex.c ****   */
3014:stm/stm32f4xx/STM32F4xx_HAL_Driver/Src/stm32f4xx_hal_rcc_ex.c **** HAL_StatusTypeDef HAL_RCCEx_DisablePLLSAI(void)
3015:stm/stm32f4xx/STM32F4xx_HAL_Driver/Src/stm32f4xx_hal_rcc_ex.c **** {
 2081              		.loc 1 3015 1 is_stmt 1 view -0
 2082              		.cfi_startproc
 2083              		@ args = 0, pretend = 0, frame = 0
 2084              		@ frame_needed = 0, uses_anonymous_args = 0
 2085 0000 10B5     		push	{r4, lr}
 2086              	.LCFI7:
 2087              		.cfi_def_cfa_offset 8
 2088              		.cfi_offset 4, -8
 2089              		.cfi_offset 14, -4
3016:stm/stm32f4xx/STM32F4xx_HAL_Driver/Src/stm32f4xx_hal_rcc_ex.c ****   uint32_t tickstart;
 2090              		.loc 1 3016 3 view .LVU705
3017:stm/stm32f4xx/STM32F4xx_HAL_Driver/Src/stm32f4xx_hal_rcc_ex.c **** 
3018:stm/stm32f4xx/STM32F4xx_HAL_Driver/Src/stm32f4xx_hal_rcc_ex.c ****   /* Disable the PLLSAI */
3019:stm/stm32f4xx/STM32F4xx_HAL_Driver/Src/stm32f4xx_hal_rcc_ex.c ****   __HAL_RCC_PLLSAI_DISABLE();
 2091              		.loc 1 3019 3 view .LVU706
 2092 0002 0A4B     		ldr	r3, .L178
 2093 0004 0022     		movs	r2, #0
 2094 0006 1A67     		str	r2, [r3, #112]
3020:stm/stm32f4xx/STM32F4xx_HAL_Driver/Src/stm32f4xx_hal_rcc_ex.c **** 
3021:stm/stm32f4xx/STM32F4xx_HAL_Driver/Src/stm32f4xx_hal_rcc_ex.c ****   /* Wait till PLLSAI is disabled */
3022:stm/stm32f4xx/STM32F4xx_HAL_Driver/Src/stm32f4xx_hal_rcc_ex.c ****   tickstart = HAL_GetTick();
 2095              		.loc 1 3022 3 view .LVU707
 2096              		.loc 1 3022 15 is_stmt 0 view .LVU708
 2097 0008 FFF7FEFF 		bl	HAL_GetTick
 2098              	.LVL171:
 2099 000c 0446     		mov	r4, r0
 2100              	.LVL172:
3023:stm/stm32f4xx/STM32F4xx_HAL_Driver/Src/stm32f4xx_hal_rcc_ex.c ****   while(__HAL_RCC_PLLSAI_GET_FLAG() != RESET)
 2101              		.loc 1 3023 3 is_stmt 1 view .LVU709
 2102              	.L172:
 2103              		.loc 1 3023 37 view .LVU710
 2104              		.loc 1 3023 9 is_stmt 0 view .LVU711
 2105 000e 084B     		ldr	r3, .L178+4
 2106 0010 1B68     		ldr	r3, [r3]
 2107              		.loc 1 3023 37 view .LVU712
 2108 0012 13F0005F 		tst	r3, #536870912
 2109 0016 06D0     		beq	.L177
3024:stm/stm32f4xx/STM32F4xx_HAL_Driver/Src/stm32f4xx_hal_rcc_ex.c ****   {
3025:stm/stm32f4xx/STM32F4xx_HAL_Driver/Src/stm32f4xx_hal_rcc_ex.c ****     if((HAL_GetTick() - tickstart) > PLLSAI_TIMEOUT_VALUE)
 2110              		.loc 1 3025 5 is_stmt 1 view .LVU713
 2111              		.loc 1 3025 9 is_stmt 0 view .LVU714
 2112 0018 FFF7FEFF 		bl	HAL_GetTick
 2113              	.LVL173:
 2114              		.loc 1 3025 23 discriminator 1 view .LVU715
 2115 001c 001B     		subs	r0, r0, r4
 2116              		.loc 1 3025 7 discriminator 1 view .LVU716
 2117 001e 0228     		cmp	r0, #2
 2118 0020 F5D9     		bls	.L172
3026:stm/stm32f4xx/STM32F4xx_HAL_Driver/Src/stm32f4xx_hal_rcc_ex.c ****     {
3027:stm/stm32f4xx/STM32F4xx_HAL_Driver/Src/stm32f4xx_hal_rcc_ex.c ****       /* return in case of Timeout detected */
3028:stm/stm32f4xx/STM32F4xx_HAL_Driver/Src/stm32f4xx_hal_rcc_ex.c ****       return HAL_TIMEOUT;
 2119              		.loc 1 3028 14 view .LVU717
 2120 0022 0320     		movs	r0, #3
ARM GAS  /tmp/ccsRaXLF.s 			page 97


 2121 0024 00E0     		b	.L173
 2122              	.L177:
3029:stm/stm32f4xx/STM32F4xx_HAL_Driver/Src/stm32f4xx_hal_rcc_ex.c ****     }
3030:stm/stm32f4xx/STM32F4xx_HAL_Driver/Src/stm32f4xx_hal_rcc_ex.c ****   }
3031:stm/stm32f4xx/STM32F4xx_HAL_Driver/Src/stm32f4xx_hal_rcc_ex.c **** 
3032:stm/stm32f4xx/STM32F4xx_HAL_Driver/Src/stm32f4xx_hal_rcc_ex.c ****   return HAL_OK;
 2123              		.loc 1 3032 10 view .LVU718
 2124 0026 0020     		movs	r0, #0
 2125              	.L173:
3033:stm/stm32f4xx/STM32F4xx_HAL_Driver/Src/stm32f4xx_hal_rcc_ex.c **** }
 2126              		.loc 1 3033 1 view .LVU719
 2127 0028 10BD     		pop	{r4, pc}
 2128              	.LVL174:
 2129              	.L179:
 2130              		.loc 1 3033 1 view .LVU720
 2131 002a 00BF     		.align	2
 2132              	.L178:
 2133 002c 00004742 		.word	1111949312
 2134 0030 00380240 		.word	1073887232
 2135              		.cfi_endproc
 2136              	.LFE246:
 2138              		.global	__aeabi_uldivmod
 2139              		.section	.text.HAL_RCC_GetSysClockFreq,"ax",%progbits
 2140              		.align	1
 2141              		.global	HAL_RCC_GetSysClockFreq
 2142              		.syntax unified
 2143              		.thumb
 2144              		.thumb_func
 2146              	HAL_RCC_GetSysClockFreq:
 2147              	.LFB247:
3034:stm/stm32f4xx/STM32F4xx_HAL_Driver/Src/stm32f4xx_hal_rcc_ex.c **** 
3035:stm/stm32f4xx/STM32F4xx_HAL_Driver/Src/stm32f4xx_hal_rcc_ex.c **** #endif /* RCC_PLLSAI_SUPPORT */
3036:stm/stm32f4xx/STM32F4xx_HAL_Driver/Src/stm32f4xx_hal_rcc_ex.c **** 
3037:stm/stm32f4xx/STM32F4xx_HAL_Driver/Src/stm32f4xx_hal_rcc_ex.c **** /**
3038:stm/stm32f4xx/STM32F4xx_HAL_Driver/Src/stm32f4xx_hal_rcc_ex.c ****   * @}
3039:stm/stm32f4xx/STM32F4xx_HAL_Driver/Src/stm32f4xx_hal_rcc_ex.c ****   */
3040:stm/stm32f4xx/STM32F4xx_HAL_Driver/Src/stm32f4xx_hal_rcc_ex.c **** 
3041:stm/stm32f4xx/STM32F4xx_HAL_Driver/Src/stm32f4xx_hal_rcc_ex.c **** #if defined(STM32F446xx)
3042:stm/stm32f4xx/STM32F4xx_HAL_Driver/Src/stm32f4xx_hal_rcc_ex.c **** /**
3043:stm/stm32f4xx/STM32F4xx_HAL_Driver/Src/stm32f4xx_hal_rcc_ex.c ****   * @brief  Returns the SYSCLK frequency
3044:stm/stm32f4xx/STM32F4xx_HAL_Driver/Src/stm32f4xx_hal_rcc_ex.c ****   *
3045:stm/stm32f4xx/STM32F4xx_HAL_Driver/Src/stm32f4xx_hal_rcc_ex.c ****   * @note   This function implementation is valid only for STM32F446xx devices.
3046:stm/stm32f4xx/STM32F4xx_HAL_Driver/Src/stm32f4xx_hal_rcc_ex.c ****   * @note   This function add the PLL/PLLR System clock source
3047:stm/stm32f4xx/STM32F4xx_HAL_Driver/Src/stm32f4xx_hal_rcc_ex.c ****   *
3048:stm/stm32f4xx/STM32F4xx_HAL_Driver/Src/stm32f4xx_hal_rcc_ex.c ****   * @note   The system frequency computed by this function is not the real
3049:stm/stm32f4xx/STM32F4xx_HAL_Driver/Src/stm32f4xx_hal_rcc_ex.c ****   *         frequency in the chip. It is calculated based on the predefined
3050:stm/stm32f4xx/STM32F4xx_HAL_Driver/Src/stm32f4xx_hal_rcc_ex.c ****   *         constant and the selected clock source:
3051:stm/stm32f4xx/STM32F4xx_HAL_Driver/Src/stm32f4xx_hal_rcc_ex.c ****   * @note     If SYSCLK source is HSI, function returns values based on HSI_VALUE(*)
3052:stm/stm32f4xx/STM32F4xx_HAL_Driver/Src/stm32f4xx_hal_rcc_ex.c ****   * @note     If SYSCLK source is HSE, function returns values based on HSE_VALUE(**)
3053:stm/stm32f4xx/STM32F4xx_HAL_Driver/Src/stm32f4xx_hal_rcc_ex.c ****   * @note     If SYSCLK source is PLL or PLLR, function returns values based on HSE_VALUE(**)
3054:stm/stm32f4xx/STM32F4xx_HAL_Driver/Src/stm32f4xx_hal_rcc_ex.c ****   *           or HSI_VALUE(*) multiplied/divided by the PLL factors.
3055:stm/stm32f4xx/STM32F4xx_HAL_Driver/Src/stm32f4xx_hal_rcc_ex.c ****   * @note     (*) HSI_VALUE is a constant defined in stm32f4xx_hal_conf.h file (default value
3056:stm/stm32f4xx/STM32F4xx_HAL_Driver/Src/stm32f4xx_hal_rcc_ex.c ****   *               16 MHz) but the real value may vary depending on the variations
3057:stm/stm32f4xx/STM32F4xx_HAL_Driver/Src/stm32f4xx_hal_rcc_ex.c ****   *               in voltage and temperature.
3058:stm/stm32f4xx/STM32F4xx_HAL_Driver/Src/stm32f4xx_hal_rcc_ex.c ****   * @note     (**) HSE_VALUE is a constant defined in stm32f4xx_hal_conf.h file (default value
3059:stm/stm32f4xx/STM32F4xx_HAL_Driver/Src/stm32f4xx_hal_rcc_ex.c ****   *                25 MHz), user has to ensure that HSE_VALUE is same as the real
3060:stm/stm32f4xx/STM32F4xx_HAL_Driver/Src/stm32f4xx_hal_rcc_ex.c ****   *                frequency of the crystal used. Otherwise, this function may
ARM GAS  /tmp/ccsRaXLF.s 			page 98


3061:stm/stm32f4xx/STM32F4xx_HAL_Driver/Src/stm32f4xx_hal_rcc_ex.c ****   *                have wrong result.
3062:stm/stm32f4xx/STM32F4xx_HAL_Driver/Src/stm32f4xx_hal_rcc_ex.c ****   *
3063:stm/stm32f4xx/STM32F4xx_HAL_Driver/Src/stm32f4xx_hal_rcc_ex.c ****   * @note   The result of this function could be not correct when using fractional
3064:stm/stm32f4xx/STM32F4xx_HAL_Driver/Src/stm32f4xx_hal_rcc_ex.c ****   *         value for HSE crystal.
3065:stm/stm32f4xx/STM32F4xx_HAL_Driver/Src/stm32f4xx_hal_rcc_ex.c ****   *
3066:stm/stm32f4xx/STM32F4xx_HAL_Driver/Src/stm32f4xx_hal_rcc_ex.c ****   * @note   This function can be used by the user application to compute the
3067:stm/stm32f4xx/STM32F4xx_HAL_Driver/Src/stm32f4xx_hal_rcc_ex.c ****   *         baudrate for the communication peripherals or configure other parameters.
3068:stm/stm32f4xx/STM32F4xx_HAL_Driver/Src/stm32f4xx_hal_rcc_ex.c ****   *
3069:stm/stm32f4xx/STM32F4xx_HAL_Driver/Src/stm32f4xx_hal_rcc_ex.c ****   * @note   Each time SYSCLK changes, this function must be called to update the
3070:stm/stm32f4xx/STM32F4xx_HAL_Driver/Src/stm32f4xx_hal_rcc_ex.c ****   *         right SYSCLK value. Otherwise, any configuration based on this function will be incorre
3071:stm/stm32f4xx/STM32F4xx_HAL_Driver/Src/stm32f4xx_hal_rcc_ex.c ****   *
3072:stm/stm32f4xx/STM32F4xx_HAL_Driver/Src/stm32f4xx_hal_rcc_ex.c ****   *
3073:stm/stm32f4xx/STM32F4xx_HAL_Driver/Src/stm32f4xx_hal_rcc_ex.c ****   * @retval SYSCLK frequency
3074:stm/stm32f4xx/STM32F4xx_HAL_Driver/Src/stm32f4xx_hal_rcc_ex.c ****   */
3075:stm/stm32f4xx/STM32F4xx_HAL_Driver/Src/stm32f4xx_hal_rcc_ex.c **** uint32_t HAL_RCC_GetSysClockFreq(void)
3076:stm/stm32f4xx/STM32F4xx_HAL_Driver/Src/stm32f4xx_hal_rcc_ex.c **** {
 2148              		.loc 1 3076 1 is_stmt 1 view -0
 2149              		.cfi_startproc
 2150              		@ args = 0, pretend = 0, frame = 0
 2151              		@ frame_needed = 0, uses_anonymous_args = 0
 2152 0000 08B5     		push	{r3, lr}
 2153              	.LCFI8:
 2154              		.cfi_def_cfa_offset 8
 2155              		.cfi_offset 3, -8
 2156              		.cfi_offset 14, -4
3077:stm/stm32f4xx/STM32F4xx_HAL_Driver/Src/stm32f4xx_hal_rcc_ex.c ****   uint32_t pllm = 0U;
 2157              		.loc 1 3077 3 view .LVU722
 2158              	.LVL175:
3078:stm/stm32f4xx/STM32F4xx_HAL_Driver/Src/stm32f4xx_hal_rcc_ex.c ****   uint32_t pllvco = 0U;
 2159              		.loc 1 3078 3 view .LVU723
3079:stm/stm32f4xx/STM32F4xx_HAL_Driver/Src/stm32f4xx_hal_rcc_ex.c ****   uint32_t pllp = 0U;
 2160              		.loc 1 3079 3 view .LVU724
3080:stm/stm32f4xx/STM32F4xx_HAL_Driver/Src/stm32f4xx_hal_rcc_ex.c ****   uint32_t pllr = 0U;
 2161              		.loc 1 3080 3 view .LVU725
3081:stm/stm32f4xx/STM32F4xx_HAL_Driver/Src/stm32f4xx_hal_rcc_ex.c ****   uint32_t sysclockfreq = 0U;
 2162              		.loc 1 3081 3 view .LVU726
3082:stm/stm32f4xx/STM32F4xx_HAL_Driver/Src/stm32f4xx_hal_rcc_ex.c **** 
3083:stm/stm32f4xx/STM32F4xx_HAL_Driver/Src/stm32f4xx_hal_rcc_ex.c ****   /* Get SYSCLK source -------------------------------------------------------*/
3084:stm/stm32f4xx/STM32F4xx_HAL_Driver/Src/stm32f4xx_hal_rcc_ex.c ****   switch (RCC->CFGR & RCC_CFGR_SWS)
 2163              		.loc 1 3084 3 view .LVU727
 2164              		.loc 1 3084 14 is_stmt 0 view .LVU728
 2165 0002 464B     		ldr	r3, .L190
 2166 0004 9B68     		ldr	r3, [r3, #8]
 2167              		.loc 1 3084 21 view .LVU729
 2168 0006 03F00C03 		and	r3, r3, #12
 2169              		.loc 1 3084 3 view .LVU730
 2170 000a 082B     		cmp	r3, #8
 2171 000c 05D0     		beq	.L181
 2172 000e 0C2B     		cmp	r3, #12
 2173 0010 43D0     		beq	.L182
 2174 0012 042B     		cmp	r3, #4
 2175 0014 7FD1     		bne	.L188
3085:stm/stm32f4xx/STM32F4xx_HAL_Driver/Src/stm32f4xx_hal_rcc_ex.c ****   {
3086:stm/stm32f4xx/STM32F4xx_HAL_Driver/Src/stm32f4xx_hal_rcc_ex.c ****     case RCC_CFGR_SWS_HSI:  /* HSI used as system clock source */
3087:stm/stm32f4xx/STM32F4xx_HAL_Driver/Src/stm32f4xx_hal_rcc_ex.c ****     {
3088:stm/stm32f4xx/STM32F4xx_HAL_Driver/Src/stm32f4xx_hal_rcc_ex.c ****       sysclockfreq = HSI_VALUE;
3089:stm/stm32f4xx/STM32F4xx_HAL_Driver/Src/stm32f4xx_hal_rcc_ex.c ****        break;
ARM GAS  /tmp/ccsRaXLF.s 			page 99


3090:stm/stm32f4xx/STM32F4xx_HAL_Driver/Src/stm32f4xx_hal_rcc_ex.c ****     }
3091:stm/stm32f4xx/STM32F4xx_HAL_Driver/Src/stm32f4xx_hal_rcc_ex.c ****     case RCC_CFGR_SWS_HSE:  /* HSE used as system clock  source */
3092:stm/stm32f4xx/STM32F4xx_HAL_Driver/Src/stm32f4xx_hal_rcc_ex.c ****     {
3093:stm/stm32f4xx/STM32F4xx_HAL_Driver/Src/stm32f4xx_hal_rcc_ex.c ****       sysclockfreq = HSE_VALUE;
 2176              		.loc 1 3093 20 view .LVU731
 2177 0016 4248     		ldr	r0, .L190+4
 2178 0018 19E0     		b	.L180
 2179              	.L181:
3094:stm/stm32f4xx/STM32F4xx_HAL_Driver/Src/stm32f4xx_hal_rcc_ex.c ****       break;
3095:stm/stm32f4xx/STM32F4xx_HAL_Driver/Src/stm32f4xx_hal_rcc_ex.c ****     }
3096:stm/stm32f4xx/STM32F4xx_HAL_Driver/Src/stm32f4xx_hal_rcc_ex.c ****     case RCC_CFGR_SWS_PLL:  /* PLL/PLLP used as system clock  source */
3097:stm/stm32f4xx/STM32F4xx_HAL_Driver/Src/stm32f4xx_hal_rcc_ex.c ****     {
3098:stm/stm32f4xx/STM32F4xx_HAL_Driver/Src/stm32f4xx_hal_rcc_ex.c ****       /* PLL_VCO = (HSE_VALUE or HSI_VALUE / PLLM) * PLLN
3099:stm/stm32f4xx/STM32F4xx_HAL_Driver/Src/stm32f4xx_hal_rcc_ex.c ****       SYSCLK = PLL_VCO / PLLP */
3100:stm/stm32f4xx/STM32F4xx_HAL_Driver/Src/stm32f4xx_hal_rcc_ex.c ****       pllm = RCC->PLLCFGR & RCC_PLLCFGR_PLLM;
 2180              		.loc 1 3100 7 is_stmt 1 view .LVU732
 2181              		.loc 1 3100 17 is_stmt 0 view .LVU733
 2182 001a 404B     		ldr	r3, .L190
 2183 001c 5A68     		ldr	r2, [r3, #4]
 2184              		.loc 1 3100 12 view .LVU734
 2185 001e 02F03F02 		and	r2, r2, #63
 2186              	.LVL176:
3101:stm/stm32f4xx/STM32F4xx_HAL_Driver/Src/stm32f4xx_hal_rcc_ex.c ****       if(__HAL_RCC_GET_PLL_OSCSOURCE() != RCC_PLLSOURCE_HSI)
 2187              		.loc 1 3101 7 is_stmt 1 view .LVU735
 2188              		.loc 1 3101 10 is_stmt 0 view .LVU736
 2189 0022 5B68     		ldr	r3, [r3, #4]
 2190              		.loc 1 3101 9 view .LVU737
 2191 0024 13F4800F 		tst	r3, #4194304
 2192 0028 12D0     		beq	.L184
3102:stm/stm32f4xx/STM32F4xx_HAL_Driver/Src/stm32f4xx_hal_rcc_ex.c ****       {
3103:stm/stm32f4xx/STM32F4xx_HAL_Driver/Src/stm32f4xx_hal_rcc_ex.c ****         /* HSE used as PLL clock source */
3104:stm/stm32f4xx/STM32F4xx_HAL_Driver/Src/stm32f4xx_hal_rcc_ex.c ****         pllvco = (uint32_t) ((((uint64_t) HSE_VALUE * ((uint64_t) ((RCC->PLLCFGR & RCC_PLLCFGR_PLLN
 2193              		.loc 1 3104 9 is_stmt 1 view .LVU738
 2194              		.loc 1 3104 72 is_stmt 0 view .LVU739
 2195 002a 3C4B     		ldr	r3, .L190
 2196 002c 5968     		ldr	r1, [r3, #4]
 2197              		.loc 1 3104 56 view .LVU740
 2198 002e C1F38811 		ubfx	r1, r1, #6, #9
 2199              		.loc 1 3104 53 view .LVU741
 2200 0032 3B48     		ldr	r0, .L190+4
 2201              		.loc 1 3104 130 view .LVU742
 2202 0034 0023     		movs	r3, #0
 2203 0036 A1FB0001 		umull	r0, r1, r1, r0
 2204 003a FFF7FEFF 		bl	__aeabi_uldivmod
 2205              	.LVL177:
 2206              	.L185:
3105:stm/stm32f4xx/STM32F4xx_HAL_Driver/Src/stm32f4xx_hal_rcc_ex.c ****       }
3106:stm/stm32f4xx/STM32F4xx_HAL_Driver/Src/stm32f4xx_hal_rcc_ex.c ****       else
3107:stm/stm32f4xx/STM32F4xx_HAL_Driver/Src/stm32f4xx_hal_rcc_ex.c ****       {
3108:stm/stm32f4xx/STM32F4xx_HAL_Driver/Src/stm32f4xx_hal_rcc_ex.c ****         /* HSI used as PLL clock source */
3109:stm/stm32f4xx/STM32F4xx_HAL_Driver/Src/stm32f4xx_hal_rcc_ex.c ****         pllvco = (uint32_t) ((((uint64_t) HSI_VALUE * ((uint64_t) ((RCC->PLLCFGR & RCC_PLLCFGR_PLLN
3110:stm/stm32f4xx/STM32F4xx_HAL_Driver/Src/stm32f4xx_hal_rcc_ex.c ****       }
3111:stm/stm32f4xx/STM32F4xx_HAL_Driver/Src/stm32f4xx_hal_rcc_ex.c ****       pllp = ((((RCC->PLLCFGR & RCC_PLLCFGR_PLLP) >> RCC_PLLCFGR_PLLP_Pos) + 1U) *2U);
 2207              		.loc 1 3111 7 is_stmt 1 view .LVU743
 2208              		.loc 1 3111 21 is_stmt 0 view .LVU744
 2209 003e 374B     		ldr	r3, .L190
 2210 0040 5B68     		ldr	r3, [r3, #4]
ARM GAS  /tmp/ccsRaXLF.s 			page 100


 2211              		.loc 1 3111 51 view .LVU745
 2212 0042 C3F30143 		ubfx	r3, r3, #16, #2
 2213              		.loc 1 3111 76 view .LVU746
 2214 0046 0133     		adds	r3, r3, #1
 2215              		.loc 1 3111 12 view .LVU747
 2216 0048 5B00     		lsls	r3, r3, #1
 2217              	.LVL178:
3112:stm/stm32f4xx/STM32F4xx_HAL_Driver/Src/stm32f4xx_hal_rcc_ex.c **** 
3113:stm/stm32f4xx/STM32F4xx_HAL_Driver/Src/stm32f4xx_hal_rcc_ex.c ****       sysclockfreq = pllvco/pllp;
 2218              		.loc 1 3113 7 is_stmt 1 view .LVU748
 2219              		.loc 1 3113 20 is_stmt 0 view .LVU749
 2220 004a B0FBF3F0 		udiv	r0, r0, r3
 2221              	.LVL179:
3114:stm/stm32f4xx/STM32F4xx_HAL_Driver/Src/stm32f4xx_hal_rcc_ex.c ****       break;
 2222              		.loc 1 3114 7 is_stmt 1 view .LVU750
 2223              	.L180:
3115:stm/stm32f4xx/STM32F4xx_HAL_Driver/Src/stm32f4xx_hal_rcc_ex.c ****     }
3116:stm/stm32f4xx/STM32F4xx_HAL_Driver/Src/stm32f4xx_hal_rcc_ex.c ****     case RCC_CFGR_SWS_PLLR:  /* PLL/PLLR used as system clock  source */
3117:stm/stm32f4xx/STM32F4xx_HAL_Driver/Src/stm32f4xx_hal_rcc_ex.c ****     {
3118:stm/stm32f4xx/STM32F4xx_HAL_Driver/Src/stm32f4xx_hal_rcc_ex.c ****       /* PLL_VCO = (HSE_VALUE or HSI_VALUE / PLLM) * PLLN
3119:stm/stm32f4xx/STM32F4xx_HAL_Driver/Src/stm32f4xx_hal_rcc_ex.c ****       SYSCLK = PLL_VCO / PLLR */
3120:stm/stm32f4xx/STM32F4xx_HAL_Driver/Src/stm32f4xx_hal_rcc_ex.c ****       pllm = RCC->PLLCFGR & RCC_PLLCFGR_PLLM;
3121:stm/stm32f4xx/STM32F4xx_HAL_Driver/Src/stm32f4xx_hal_rcc_ex.c ****       if(__HAL_RCC_GET_PLL_OSCSOURCE() != RCC_PLLSOURCE_HSI)
3122:stm/stm32f4xx/STM32F4xx_HAL_Driver/Src/stm32f4xx_hal_rcc_ex.c ****       {
3123:stm/stm32f4xx/STM32F4xx_HAL_Driver/Src/stm32f4xx_hal_rcc_ex.c ****         /* HSE used as PLL clock source */
3124:stm/stm32f4xx/STM32F4xx_HAL_Driver/Src/stm32f4xx_hal_rcc_ex.c ****         pllvco = (uint32_t) ((((uint64_t) HSE_VALUE * ((uint64_t) ((RCC->PLLCFGR & RCC_PLLCFGR_PLLN
3125:stm/stm32f4xx/STM32F4xx_HAL_Driver/Src/stm32f4xx_hal_rcc_ex.c ****       }
3126:stm/stm32f4xx/STM32F4xx_HAL_Driver/Src/stm32f4xx_hal_rcc_ex.c ****       else
3127:stm/stm32f4xx/STM32F4xx_HAL_Driver/Src/stm32f4xx_hal_rcc_ex.c ****       {
3128:stm/stm32f4xx/STM32F4xx_HAL_Driver/Src/stm32f4xx_hal_rcc_ex.c ****         /* HSI used as PLL clock source */
3129:stm/stm32f4xx/STM32F4xx_HAL_Driver/Src/stm32f4xx_hal_rcc_ex.c ****         pllvco = (uint32_t) ((((uint64_t) HSI_VALUE * ((uint64_t) ((RCC->PLLCFGR & RCC_PLLCFGR_PLLN
3130:stm/stm32f4xx/STM32F4xx_HAL_Driver/Src/stm32f4xx_hal_rcc_ex.c ****       }
3131:stm/stm32f4xx/STM32F4xx_HAL_Driver/Src/stm32f4xx_hal_rcc_ex.c ****       pllr = ((RCC->PLLCFGR & RCC_PLLCFGR_PLLR) >> RCC_PLLCFGR_PLLR_Pos);
3132:stm/stm32f4xx/STM32F4xx_HAL_Driver/Src/stm32f4xx_hal_rcc_ex.c **** 
3133:stm/stm32f4xx/STM32F4xx_HAL_Driver/Src/stm32f4xx_hal_rcc_ex.c ****       sysclockfreq = pllvco/pllr;
3134:stm/stm32f4xx/STM32F4xx_HAL_Driver/Src/stm32f4xx_hal_rcc_ex.c ****       break;
3135:stm/stm32f4xx/STM32F4xx_HAL_Driver/Src/stm32f4xx_hal_rcc_ex.c ****     }
3136:stm/stm32f4xx/STM32F4xx_HAL_Driver/Src/stm32f4xx_hal_rcc_ex.c ****     default:
3137:stm/stm32f4xx/STM32F4xx_HAL_Driver/Src/stm32f4xx_hal_rcc_ex.c ****     {
3138:stm/stm32f4xx/STM32F4xx_HAL_Driver/Src/stm32f4xx_hal_rcc_ex.c ****       sysclockfreq = HSI_VALUE;
3139:stm/stm32f4xx/STM32F4xx_HAL_Driver/Src/stm32f4xx_hal_rcc_ex.c ****       break;
3140:stm/stm32f4xx/STM32F4xx_HAL_Driver/Src/stm32f4xx_hal_rcc_ex.c ****     }
3141:stm/stm32f4xx/STM32F4xx_HAL_Driver/Src/stm32f4xx_hal_rcc_ex.c ****   }
3142:stm/stm32f4xx/STM32F4xx_HAL_Driver/Src/stm32f4xx_hal_rcc_ex.c ****   return sysclockfreq;
3143:stm/stm32f4xx/STM32F4xx_HAL_Driver/Src/stm32f4xx_hal_rcc_ex.c **** }
 2224              		.loc 1 3143 1 is_stmt 0 view .LVU751
 2225 004e 08BD     		pop	{r3, pc}
 2226              	.LVL180:
 2227              	.L184:
3109:stm/stm32f4xx/STM32F4xx_HAL_Driver/Src/stm32f4xx_hal_rcc_ex.c ****       }
 2228              		.loc 1 3109 9 is_stmt 1 view .LVU752
3109:stm/stm32f4xx/STM32F4xx_HAL_Driver/Src/stm32f4xx_hal_rcc_ex.c ****       }
 2229              		.loc 1 3109 72 is_stmt 0 view .LVU753
 2230 0050 324B     		ldr	r3, .L190
 2231 0052 5868     		ldr	r0, [r3, #4]
3109:stm/stm32f4xx/STM32F4xx_HAL_Driver/Src/stm32f4xx_hal_rcc_ex.c ****       }
 2232              		.loc 1 3109 56 view .LVU754
ARM GAS  /tmp/ccsRaXLF.s 			page 101


 2233 0054 C0F38810 		ubfx	r0, r0, #6, #9
3109:stm/stm32f4xx/STM32F4xx_HAL_Driver/Src/stm32f4xx_hal_rcc_ex.c ****       }
 2234              		.loc 1 3109 53 view .LVU755
 2235 0058 4FEA401C 		lsl	ip, r0, #5
 2236 005c BCEB000C 		subs	ip, ip, r0
 2237 0060 6EEB0E0E 		sbc	lr, lr, lr
 2238 0064 4FEA8E13 		lsl	r3, lr, #6
 2239 0068 43EA9C63 		orr	r3, r3, ip, lsr #26
 2240 006c 4FEA8C11 		lsl	r1, ip, #6
 2241 0070 B1EB0C01 		subs	r1, r1, ip
 2242 0074 63EB0E03 		sbc	r3, r3, lr
 2243 0078 DB00     		lsls	r3, r3, #3
 2244 007a 43EA5173 		orr	r3, r3, r1, lsr #29
 2245 007e C900     		lsls	r1, r1, #3
 2246 0080 11EB000C 		adds	ip, r1, r0
 2247 0084 43F10003 		adc	r3, r3, #0
 2248 0088 9902     		lsls	r1, r3, #10
3109:stm/stm32f4xx/STM32F4xx_HAL_Driver/Src/stm32f4xx_hal_rcc_ex.c ****       }
 2249              		.loc 1 3109 130 view .LVU756
 2250 008a 0023     		movs	r3, #0
 2251 008c 4FEA8C20 		lsl	r0, ip, #10
 2252 0090 41EA9C51 		orr	r1, r1, ip, lsr #22
 2253 0094 FFF7FEFF 		bl	__aeabi_uldivmod
 2254              	.LVL181:
3109:stm/stm32f4xx/STM32F4xx_HAL_Driver/Src/stm32f4xx_hal_rcc_ex.c ****       }
 2255              		.loc 1 3109 130 view .LVU757
 2256 0098 D1E7     		b	.L185
 2257              	.LVL182:
 2258              	.L182:
3120:stm/stm32f4xx/STM32F4xx_HAL_Driver/Src/stm32f4xx_hal_rcc_ex.c ****       if(__HAL_RCC_GET_PLL_OSCSOURCE() != RCC_PLLSOURCE_HSI)
 2259              		.loc 1 3120 7 is_stmt 1 view .LVU758
3120:stm/stm32f4xx/STM32F4xx_HAL_Driver/Src/stm32f4xx_hal_rcc_ex.c ****       if(__HAL_RCC_GET_PLL_OSCSOURCE() != RCC_PLLSOURCE_HSI)
 2260              		.loc 1 3120 17 is_stmt 0 view .LVU759
 2261 009a 204B     		ldr	r3, .L190
 2262 009c 5A68     		ldr	r2, [r3, #4]
3120:stm/stm32f4xx/STM32F4xx_HAL_Driver/Src/stm32f4xx_hal_rcc_ex.c ****       if(__HAL_RCC_GET_PLL_OSCSOURCE() != RCC_PLLSOURCE_HSI)
 2263              		.loc 1 3120 12 view .LVU760
 2264 009e 02F03F02 		and	r2, r2, #63
 2265              	.LVL183:
3121:stm/stm32f4xx/STM32F4xx_HAL_Driver/Src/stm32f4xx_hal_rcc_ex.c ****       {
 2266              		.loc 1 3121 7 is_stmt 1 view .LVU761
3121:stm/stm32f4xx/STM32F4xx_HAL_Driver/Src/stm32f4xx_hal_rcc_ex.c ****       {
 2267              		.loc 1 3121 10 is_stmt 0 view .LVU762
 2268 00a2 5B68     		ldr	r3, [r3, #4]
3121:stm/stm32f4xx/STM32F4xx_HAL_Driver/Src/stm32f4xx_hal_rcc_ex.c ****       {
 2269              		.loc 1 3121 9 view .LVU763
 2270 00a4 13F4800F 		tst	r3, #4194304
 2271 00a8 10D0     		beq	.L186
3124:stm/stm32f4xx/STM32F4xx_HAL_Driver/Src/stm32f4xx_hal_rcc_ex.c ****       }
 2272              		.loc 1 3124 9 is_stmt 1 view .LVU764
3124:stm/stm32f4xx/STM32F4xx_HAL_Driver/Src/stm32f4xx_hal_rcc_ex.c ****       }
 2273              		.loc 1 3124 72 is_stmt 0 view .LVU765
 2274 00aa 1C4B     		ldr	r3, .L190
 2275 00ac 5968     		ldr	r1, [r3, #4]
3124:stm/stm32f4xx/STM32F4xx_HAL_Driver/Src/stm32f4xx_hal_rcc_ex.c ****       }
 2276              		.loc 1 3124 56 view .LVU766
 2277 00ae C1F38811 		ubfx	r1, r1, #6, #9
ARM GAS  /tmp/ccsRaXLF.s 			page 102


3124:stm/stm32f4xx/STM32F4xx_HAL_Driver/Src/stm32f4xx_hal_rcc_ex.c ****       }
 2278              		.loc 1 3124 53 view .LVU767
 2279 00b2 1B48     		ldr	r0, .L190+4
3124:stm/stm32f4xx/STM32F4xx_HAL_Driver/Src/stm32f4xx_hal_rcc_ex.c ****       }
 2280              		.loc 1 3124 130 view .LVU768
 2281 00b4 0023     		movs	r3, #0
 2282 00b6 A1FB0001 		umull	r0, r1, r1, r0
 2283 00ba FFF7FEFF 		bl	__aeabi_uldivmod
 2284              	.LVL184:
 2285              	.L187:
3131:stm/stm32f4xx/STM32F4xx_HAL_Driver/Src/stm32f4xx_hal_rcc_ex.c **** 
 2286              		.loc 1 3131 7 is_stmt 1 view .LVU769
3131:stm/stm32f4xx/STM32F4xx_HAL_Driver/Src/stm32f4xx_hal_rcc_ex.c **** 
 2287              		.loc 1 3131 19 is_stmt 0 view .LVU770
 2288 00be 174B     		ldr	r3, .L190
 2289 00c0 5B68     		ldr	r3, [r3, #4]
3131:stm/stm32f4xx/STM32F4xx_HAL_Driver/Src/stm32f4xx_hal_rcc_ex.c **** 
 2290              		.loc 1 3131 12 view .LVU771
 2291 00c2 C3F30273 		ubfx	r3, r3, #28, #3
 2292              	.LVL185:
3133:stm/stm32f4xx/STM32F4xx_HAL_Driver/Src/stm32f4xx_hal_rcc_ex.c ****       break;
 2293              		.loc 1 3133 7 is_stmt 1 view .LVU772
3133:stm/stm32f4xx/STM32F4xx_HAL_Driver/Src/stm32f4xx_hal_rcc_ex.c ****       break;
 2294              		.loc 1 3133 20 is_stmt 0 view .LVU773
 2295 00c6 B0FBF3F0 		udiv	r0, r0, r3
 2296              	.LVL186:
3134:stm/stm32f4xx/STM32F4xx_HAL_Driver/Src/stm32f4xx_hal_rcc_ex.c ****     }
 2297              		.loc 1 3134 7 is_stmt 1 view .LVU774
 2298 00ca C0E7     		b	.L180
 2299              	.LVL187:
 2300              	.L186:
3129:stm/stm32f4xx/STM32F4xx_HAL_Driver/Src/stm32f4xx_hal_rcc_ex.c ****       }
 2301              		.loc 1 3129 9 view .LVU775
3129:stm/stm32f4xx/STM32F4xx_HAL_Driver/Src/stm32f4xx_hal_rcc_ex.c ****       }
 2302              		.loc 1 3129 72 is_stmt 0 view .LVU776
 2303 00cc 134B     		ldr	r3, .L190
 2304 00ce 5868     		ldr	r0, [r3, #4]
3129:stm/stm32f4xx/STM32F4xx_HAL_Driver/Src/stm32f4xx_hal_rcc_ex.c ****       }
 2305              		.loc 1 3129 56 view .LVU777
 2306 00d0 C0F38810 		ubfx	r0, r0, #6, #9
3129:stm/stm32f4xx/STM32F4xx_HAL_Driver/Src/stm32f4xx_hal_rcc_ex.c ****       }
 2307              		.loc 1 3129 53 view .LVU778
 2308 00d4 4FEA401C 		lsl	ip, r0, #5
 2309 00d8 BCEB000C 		subs	ip, ip, r0
 2310 00dc 6EEB0E0E 		sbc	lr, lr, lr
 2311 00e0 4FEA8E13 		lsl	r3, lr, #6
 2312 00e4 43EA9C63 		orr	r3, r3, ip, lsr #26
 2313 00e8 4FEA8C11 		lsl	r1, ip, #6
 2314 00ec B1EB0C01 		subs	r1, r1, ip
 2315 00f0 63EB0E03 		sbc	r3, r3, lr
 2316 00f4 DB00     		lsls	r3, r3, #3
 2317 00f6 43EA5173 		orr	r3, r3, r1, lsr #29
 2318 00fa C900     		lsls	r1, r1, #3
 2319 00fc 11EB000C 		adds	ip, r1, r0
 2320 0100 43F10003 		adc	r3, r3, #0
 2321 0104 9902     		lsls	r1, r3, #10
3129:stm/stm32f4xx/STM32F4xx_HAL_Driver/Src/stm32f4xx_hal_rcc_ex.c ****       }
ARM GAS  /tmp/ccsRaXLF.s 			page 103


 2322              		.loc 1 3129 130 view .LVU779
 2323 0106 0023     		movs	r3, #0
 2324 0108 4FEA8C20 		lsl	r0, ip, #10
 2325 010c 41EA9C51 		orr	r1, r1, ip, lsr #22
 2326 0110 FFF7FEFF 		bl	__aeabi_uldivmod
 2327              	.LVL188:
3129:stm/stm32f4xx/STM32F4xx_HAL_Driver/Src/stm32f4xx_hal_rcc_ex.c ****       }
 2328              		.loc 1 3129 130 view .LVU780
 2329 0114 D3E7     		b	.L187
 2330              	.LVL189:
 2331              	.L188:
3084:stm/stm32f4xx/STM32F4xx_HAL_Driver/Src/stm32f4xx_hal_rcc_ex.c ****   {
 2332              		.loc 1 3084 3 view .LVU781
 2333 0116 0348     		ldr	r0, .L190+8
 2334              	.LVL190:
3142:stm/stm32f4xx/STM32F4xx_HAL_Driver/Src/stm32f4xx_hal_rcc_ex.c **** }
 2335              		.loc 1 3142 3 is_stmt 1 view .LVU782
3142:stm/stm32f4xx/STM32F4xx_HAL_Driver/Src/stm32f4xx_hal_rcc_ex.c **** }
 2336              		.loc 1 3142 10 is_stmt 0 view .LVU783
 2337 0118 99E7     		b	.L180
 2338              	.L191:
 2339 011a 00BF     		.align	2
 2340              	.L190:
 2341 011c 00380240 		.word	1073887232
 2342 0120 40787D01 		.word	25000000
 2343 0124 0024F400 		.word	16000000
 2344              		.cfi_endproc
 2345              	.LFE247:
 2347              		.section	.text.HAL_RCC_DeInit,"ax",%progbits
 2348              		.align	1
 2349              		.global	HAL_RCC_DeInit
 2350              		.syntax unified
 2351              		.thumb
 2352              		.thumb_func
 2354              	HAL_RCC_DeInit:
 2355              	.LFB248:
3144:stm/stm32f4xx/STM32F4xx_HAL_Driver/Src/stm32f4xx_hal_rcc_ex.c **** #endif /* STM32F446xx */
3145:stm/stm32f4xx/STM32F4xx_HAL_Driver/Src/stm32f4xx_hal_rcc_ex.c **** 
3146:stm/stm32f4xx/STM32F4xx_HAL_Driver/Src/stm32f4xx_hal_rcc_ex.c **** /**
3147:stm/stm32f4xx/STM32F4xx_HAL_Driver/Src/stm32f4xx_hal_rcc_ex.c ****   * @}
3148:stm/stm32f4xx/STM32F4xx_HAL_Driver/Src/stm32f4xx_hal_rcc_ex.c ****   */
3149:stm/stm32f4xx/STM32F4xx_HAL_Driver/Src/stm32f4xx_hal_rcc_ex.c **** 
3150:stm/stm32f4xx/STM32F4xx_HAL_Driver/Src/stm32f4xx_hal_rcc_ex.c **** /**
3151:stm/stm32f4xx/STM32F4xx_HAL_Driver/Src/stm32f4xx_hal_rcc_ex.c ****   * @}
3152:stm/stm32f4xx/STM32F4xx_HAL_Driver/Src/stm32f4xx_hal_rcc_ex.c ****   */
3153:stm/stm32f4xx/STM32F4xx_HAL_Driver/Src/stm32f4xx_hal_rcc_ex.c **** 
3154:stm/stm32f4xx/STM32F4xx_HAL_Driver/Src/stm32f4xx_hal_rcc_ex.c **** /**
3155:stm/stm32f4xx/STM32F4xx_HAL_Driver/Src/stm32f4xx_hal_rcc_ex.c ****   * @brief  Resets the RCC clock configuration to the default reset state.
3156:stm/stm32f4xx/STM32F4xx_HAL_Driver/Src/stm32f4xx_hal_rcc_ex.c ****   * @note   The default reset state of the clock configuration is given below:
3157:stm/stm32f4xx/STM32F4xx_HAL_Driver/Src/stm32f4xx_hal_rcc_ex.c ****   *            - HSI ON and used as system clock source
3158:stm/stm32f4xx/STM32F4xx_HAL_Driver/Src/stm32f4xx_hal_rcc_ex.c ****   *            - HSE, PLL, PLLI2S and PLLSAI OFF
3159:stm/stm32f4xx/STM32F4xx_HAL_Driver/Src/stm32f4xx_hal_rcc_ex.c ****   *            - AHB, APB1 and APB2 prescaler set to 1.
3160:stm/stm32f4xx/STM32F4xx_HAL_Driver/Src/stm32f4xx_hal_rcc_ex.c ****   *            - CSS, MCO1 and MCO2 OFF
3161:stm/stm32f4xx/STM32F4xx_HAL_Driver/Src/stm32f4xx_hal_rcc_ex.c ****   *            - All interrupts disabled
3162:stm/stm32f4xx/STM32F4xx_HAL_Driver/Src/stm32f4xx_hal_rcc_ex.c ****   * @note   This function doesn't modify the configuration of the
3163:stm/stm32f4xx/STM32F4xx_HAL_Driver/Src/stm32f4xx_hal_rcc_ex.c ****   *            - Peripheral clocks
3164:stm/stm32f4xx/STM32F4xx_HAL_Driver/Src/stm32f4xx_hal_rcc_ex.c ****   *            - LSI, LSE and RTC clocks
ARM GAS  /tmp/ccsRaXLF.s 			page 104


3165:stm/stm32f4xx/STM32F4xx_HAL_Driver/Src/stm32f4xx_hal_rcc_ex.c ****   * @retval HAL status
3166:stm/stm32f4xx/STM32F4xx_HAL_Driver/Src/stm32f4xx_hal_rcc_ex.c ****   */
3167:stm/stm32f4xx/STM32F4xx_HAL_Driver/Src/stm32f4xx_hal_rcc_ex.c **** HAL_StatusTypeDef HAL_RCC_DeInit(void)
3168:stm/stm32f4xx/STM32F4xx_HAL_Driver/Src/stm32f4xx_hal_rcc_ex.c **** {
 2356              		.loc 1 3168 1 is_stmt 1 view -0
 2357              		.cfi_startproc
 2358              		@ args = 0, pretend = 0, frame = 0
 2359              		@ frame_needed = 0, uses_anonymous_args = 0
 2360 0000 38B5     		push	{r3, r4, r5, lr}
 2361              	.LCFI9:
 2362              		.cfi_def_cfa_offset 16
 2363              		.cfi_offset 3, -16
 2364              		.cfi_offset 4, -12
 2365              		.cfi_offset 5, -8
 2366              		.cfi_offset 14, -4
3169:stm/stm32f4xx/STM32F4xx_HAL_Driver/Src/stm32f4xx_hal_rcc_ex.c ****   uint32_t tickstart;
 2367              		.loc 1 3169 3 view .LVU785
3170:stm/stm32f4xx/STM32F4xx_HAL_Driver/Src/stm32f4xx_hal_rcc_ex.c **** 
3171:stm/stm32f4xx/STM32F4xx_HAL_Driver/Src/stm32f4xx_hal_rcc_ex.c ****   /* Get Start Tick */
3172:stm/stm32f4xx/STM32F4xx_HAL_Driver/Src/stm32f4xx_hal_rcc_ex.c ****   tickstart = HAL_GetTick();
 2368              		.loc 1 3172 3 view .LVU786
 2369              		.loc 1 3172 15 is_stmt 0 view .LVU787
 2370 0002 FFF7FEFF 		bl	HAL_GetTick
 2371              	.LVL191:
 2372 0006 0446     		mov	r4, r0
 2373              	.LVL192:
3173:stm/stm32f4xx/STM32F4xx_HAL_Driver/Src/stm32f4xx_hal_rcc_ex.c **** 
3174:stm/stm32f4xx/STM32F4xx_HAL_Driver/Src/stm32f4xx_hal_rcc_ex.c ****   /* Set HSION bit to the reset value */
3175:stm/stm32f4xx/STM32F4xx_HAL_Driver/Src/stm32f4xx_hal_rcc_ex.c ****   SET_BIT(RCC->CR, RCC_CR_HSION);
 2374              		.loc 1 3175 3 is_stmt 1 view .LVU788
 2375 0008 564A     		ldr	r2, .L219
 2376 000a 1368     		ldr	r3, [r2]
 2377 000c 43F00103 		orr	r3, r3, #1
 2378 0010 1360     		str	r3, [r2]
3176:stm/stm32f4xx/STM32F4xx_HAL_Driver/Src/stm32f4xx_hal_rcc_ex.c **** 
3177:stm/stm32f4xx/STM32F4xx_HAL_Driver/Src/stm32f4xx_hal_rcc_ex.c ****   /* Wait till HSI is ready */
3178:stm/stm32f4xx/STM32F4xx_HAL_Driver/Src/stm32f4xx_hal_rcc_ex.c ****   while (READ_BIT(RCC->CR, RCC_CR_HSIRDY) == RESET)
 2379              		.loc 1 3178 3 view .LVU789
 2380              	.LVL193:
 2381              	.L193:
 2382              		.loc 1 3178 43 view .LVU790
 2383              		.loc 1 3178 10 is_stmt 0 view .LVU791
 2384 0012 544B     		ldr	r3, .L219
 2385 0014 1B68     		ldr	r3, [r3]
 2386              		.loc 1 3178 43 view .LVU792
 2387 0016 13F0020F 		tst	r3, #2
 2388 001a 06D1     		bne	.L213
3179:stm/stm32f4xx/STM32F4xx_HAL_Driver/Src/stm32f4xx_hal_rcc_ex.c ****   {
3180:stm/stm32f4xx/STM32F4xx_HAL_Driver/Src/stm32f4xx_hal_rcc_ex.c ****     if ((HAL_GetTick() - tickstart) > HSI_TIMEOUT_VALUE)
 2389              		.loc 1 3180 5 is_stmt 1 view .LVU793
 2390              		.loc 1 3180 10 is_stmt 0 view .LVU794
 2391 001c FFF7FEFF 		bl	HAL_GetTick
 2392              	.LVL194:
 2393              		.loc 1 3180 24 discriminator 1 view .LVU795
 2394 0020 001B     		subs	r0, r0, r4
 2395              		.loc 1 3180 8 discriminator 1 view .LVU796
 2396 0022 0228     		cmp	r0, #2
ARM GAS  /tmp/ccsRaXLF.s 			page 105


 2397 0024 F5D9     		bls	.L193
3181:stm/stm32f4xx/STM32F4xx_HAL_Driver/Src/stm32f4xx_hal_rcc_ex.c ****     {
3182:stm/stm32f4xx/STM32F4xx_HAL_Driver/Src/stm32f4xx_hal_rcc_ex.c ****       return HAL_TIMEOUT;
 2398              		.loc 1 3182 14 view .LVU797
 2399 0026 0320     		movs	r0, #3
 2400              	.L194:
3183:stm/stm32f4xx/STM32F4xx_HAL_Driver/Src/stm32f4xx_hal_rcc_ex.c ****     }
3184:stm/stm32f4xx/STM32F4xx_HAL_Driver/Src/stm32f4xx_hal_rcc_ex.c ****   }
3185:stm/stm32f4xx/STM32F4xx_HAL_Driver/Src/stm32f4xx_hal_rcc_ex.c **** 
3186:stm/stm32f4xx/STM32F4xx_HAL_Driver/Src/stm32f4xx_hal_rcc_ex.c ****   /* Set HSITRIM[4:0] bits to the reset value */
3187:stm/stm32f4xx/STM32F4xx_HAL_Driver/Src/stm32f4xx_hal_rcc_ex.c ****   SET_BIT(RCC->CR, RCC_CR_HSITRIM_4);
3188:stm/stm32f4xx/STM32F4xx_HAL_Driver/Src/stm32f4xx_hal_rcc_ex.c **** 
3189:stm/stm32f4xx/STM32F4xx_HAL_Driver/Src/stm32f4xx_hal_rcc_ex.c ****   /* Get Start Tick */
3190:stm/stm32f4xx/STM32F4xx_HAL_Driver/Src/stm32f4xx_hal_rcc_ex.c ****   tickstart = HAL_GetTick();
3191:stm/stm32f4xx/STM32F4xx_HAL_Driver/Src/stm32f4xx_hal_rcc_ex.c **** 
3192:stm/stm32f4xx/STM32F4xx_HAL_Driver/Src/stm32f4xx_hal_rcc_ex.c ****   /* Reset CFGR register */
3193:stm/stm32f4xx/STM32F4xx_HAL_Driver/Src/stm32f4xx_hal_rcc_ex.c ****   CLEAR_REG(RCC->CFGR);
3194:stm/stm32f4xx/STM32F4xx_HAL_Driver/Src/stm32f4xx_hal_rcc_ex.c **** 
3195:stm/stm32f4xx/STM32F4xx_HAL_Driver/Src/stm32f4xx_hal_rcc_ex.c ****   /* Wait till clock switch is ready */
3196:stm/stm32f4xx/STM32F4xx_HAL_Driver/Src/stm32f4xx_hal_rcc_ex.c ****   while (READ_BIT(RCC->CFGR, RCC_CFGR_SWS) != RESET)
3197:stm/stm32f4xx/STM32F4xx_HAL_Driver/Src/stm32f4xx_hal_rcc_ex.c ****   {
3198:stm/stm32f4xx/STM32F4xx_HAL_Driver/Src/stm32f4xx_hal_rcc_ex.c ****     if ((HAL_GetTick() - tickstart) > CLOCKSWITCH_TIMEOUT_VALUE)
3199:stm/stm32f4xx/STM32F4xx_HAL_Driver/Src/stm32f4xx_hal_rcc_ex.c ****     {
3200:stm/stm32f4xx/STM32F4xx_HAL_Driver/Src/stm32f4xx_hal_rcc_ex.c ****       return HAL_TIMEOUT;
3201:stm/stm32f4xx/STM32F4xx_HAL_Driver/Src/stm32f4xx_hal_rcc_ex.c ****     }
3202:stm/stm32f4xx/STM32F4xx_HAL_Driver/Src/stm32f4xx_hal_rcc_ex.c ****   }
3203:stm/stm32f4xx/STM32F4xx_HAL_Driver/Src/stm32f4xx_hal_rcc_ex.c **** 
3204:stm/stm32f4xx/STM32F4xx_HAL_Driver/Src/stm32f4xx_hal_rcc_ex.c ****   /* Get Start Tick */
3205:stm/stm32f4xx/STM32F4xx_HAL_Driver/Src/stm32f4xx_hal_rcc_ex.c ****   tickstart = HAL_GetTick();
3206:stm/stm32f4xx/STM32F4xx_HAL_Driver/Src/stm32f4xx_hal_rcc_ex.c **** 
3207:stm/stm32f4xx/STM32F4xx_HAL_Driver/Src/stm32f4xx_hal_rcc_ex.c ****   /* Clear HSEON, HSEBYP and CSSON bits */
3208:stm/stm32f4xx/STM32F4xx_HAL_Driver/Src/stm32f4xx_hal_rcc_ex.c ****   CLEAR_BIT(RCC->CR, RCC_CR_HSEON | RCC_CR_HSEBYP | RCC_CR_CSSON);
3209:stm/stm32f4xx/STM32F4xx_HAL_Driver/Src/stm32f4xx_hal_rcc_ex.c **** 
3210:stm/stm32f4xx/STM32F4xx_HAL_Driver/Src/stm32f4xx_hal_rcc_ex.c ****   /* Wait till HSE is disabled */
3211:stm/stm32f4xx/STM32F4xx_HAL_Driver/Src/stm32f4xx_hal_rcc_ex.c ****   while (READ_BIT(RCC->CR, RCC_CR_HSERDY) != RESET)
3212:stm/stm32f4xx/STM32F4xx_HAL_Driver/Src/stm32f4xx_hal_rcc_ex.c ****   {
3213:stm/stm32f4xx/STM32F4xx_HAL_Driver/Src/stm32f4xx_hal_rcc_ex.c ****     if ((HAL_GetTick() - tickstart) > HSE_TIMEOUT_VALUE)
3214:stm/stm32f4xx/STM32F4xx_HAL_Driver/Src/stm32f4xx_hal_rcc_ex.c ****     {
3215:stm/stm32f4xx/STM32F4xx_HAL_Driver/Src/stm32f4xx_hal_rcc_ex.c ****       return HAL_TIMEOUT;
3216:stm/stm32f4xx/STM32F4xx_HAL_Driver/Src/stm32f4xx_hal_rcc_ex.c ****     }
3217:stm/stm32f4xx/STM32F4xx_HAL_Driver/Src/stm32f4xx_hal_rcc_ex.c ****   }
3218:stm/stm32f4xx/STM32F4xx_HAL_Driver/Src/stm32f4xx_hal_rcc_ex.c **** 
3219:stm/stm32f4xx/STM32F4xx_HAL_Driver/Src/stm32f4xx_hal_rcc_ex.c ****   /* Get Start Tick */
3220:stm/stm32f4xx/STM32F4xx_HAL_Driver/Src/stm32f4xx_hal_rcc_ex.c ****   tickstart = HAL_GetTick();
3221:stm/stm32f4xx/STM32F4xx_HAL_Driver/Src/stm32f4xx_hal_rcc_ex.c **** 
3222:stm/stm32f4xx/STM32F4xx_HAL_Driver/Src/stm32f4xx_hal_rcc_ex.c ****   /* Clear PLLON bit */
3223:stm/stm32f4xx/STM32F4xx_HAL_Driver/Src/stm32f4xx_hal_rcc_ex.c ****   CLEAR_BIT(RCC->CR, RCC_CR_PLLON);
3224:stm/stm32f4xx/STM32F4xx_HAL_Driver/Src/stm32f4xx_hal_rcc_ex.c **** 
3225:stm/stm32f4xx/STM32F4xx_HAL_Driver/Src/stm32f4xx_hal_rcc_ex.c ****   /* Wait till PLL is disabled */
3226:stm/stm32f4xx/STM32F4xx_HAL_Driver/Src/stm32f4xx_hal_rcc_ex.c ****   while (READ_BIT(RCC->CR, RCC_CR_PLLRDY) != RESET)
3227:stm/stm32f4xx/STM32F4xx_HAL_Driver/Src/stm32f4xx_hal_rcc_ex.c ****   {
3228:stm/stm32f4xx/STM32F4xx_HAL_Driver/Src/stm32f4xx_hal_rcc_ex.c ****     if ((HAL_GetTick() - tickstart) > PLL_TIMEOUT_VALUE)
3229:stm/stm32f4xx/STM32F4xx_HAL_Driver/Src/stm32f4xx_hal_rcc_ex.c ****     {
3230:stm/stm32f4xx/STM32F4xx_HAL_Driver/Src/stm32f4xx_hal_rcc_ex.c ****       return HAL_TIMEOUT;
3231:stm/stm32f4xx/STM32F4xx_HAL_Driver/Src/stm32f4xx_hal_rcc_ex.c ****     }
3232:stm/stm32f4xx/STM32F4xx_HAL_Driver/Src/stm32f4xx_hal_rcc_ex.c ****   }
3233:stm/stm32f4xx/STM32F4xx_HAL_Driver/Src/stm32f4xx_hal_rcc_ex.c **** 
ARM GAS  /tmp/ccsRaXLF.s 			page 106


3234:stm/stm32f4xx/STM32F4xx_HAL_Driver/Src/stm32f4xx_hal_rcc_ex.c **** #if defined(RCC_PLLI2S_SUPPORT)
3235:stm/stm32f4xx/STM32F4xx_HAL_Driver/Src/stm32f4xx_hal_rcc_ex.c ****   /* Get Start Tick */
3236:stm/stm32f4xx/STM32F4xx_HAL_Driver/Src/stm32f4xx_hal_rcc_ex.c ****   tickstart = HAL_GetTick();
3237:stm/stm32f4xx/STM32F4xx_HAL_Driver/Src/stm32f4xx_hal_rcc_ex.c **** 
3238:stm/stm32f4xx/STM32F4xx_HAL_Driver/Src/stm32f4xx_hal_rcc_ex.c ****   /* Reset PLLI2SON bit */
3239:stm/stm32f4xx/STM32F4xx_HAL_Driver/Src/stm32f4xx_hal_rcc_ex.c ****   CLEAR_BIT(RCC->CR, RCC_CR_PLLI2SON);
3240:stm/stm32f4xx/STM32F4xx_HAL_Driver/Src/stm32f4xx_hal_rcc_ex.c **** 
3241:stm/stm32f4xx/STM32F4xx_HAL_Driver/Src/stm32f4xx_hal_rcc_ex.c ****   /* Wait till PLLI2S is disabled */
3242:stm/stm32f4xx/STM32F4xx_HAL_Driver/Src/stm32f4xx_hal_rcc_ex.c ****   while (READ_BIT(RCC->CR, RCC_CR_PLLI2SRDY) != RESET)
3243:stm/stm32f4xx/STM32F4xx_HAL_Driver/Src/stm32f4xx_hal_rcc_ex.c ****   {
3244:stm/stm32f4xx/STM32F4xx_HAL_Driver/Src/stm32f4xx_hal_rcc_ex.c ****     if ((HAL_GetTick() - tickstart) > PLLI2S_TIMEOUT_VALUE)
3245:stm/stm32f4xx/STM32F4xx_HAL_Driver/Src/stm32f4xx_hal_rcc_ex.c ****     {
3246:stm/stm32f4xx/STM32F4xx_HAL_Driver/Src/stm32f4xx_hal_rcc_ex.c ****       return HAL_TIMEOUT;
3247:stm/stm32f4xx/STM32F4xx_HAL_Driver/Src/stm32f4xx_hal_rcc_ex.c ****     }
3248:stm/stm32f4xx/STM32F4xx_HAL_Driver/Src/stm32f4xx_hal_rcc_ex.c ****   }
3249:stm/stm32f4xx/STM32F4xx_HAL_Driver/Src/stm32f4xx_hal_rcc_ex.c **** #endif /* RCC_PLLI2S_SUPPORT */
3250:stm/stm32f4xx/STM32F4xx_HAL_Driver/Src/stm32f4xx_hal_rcc_ex.c **** 
3251:stm/stm32f4xx/STM32F4xx_HAL_Driver/Src/stm32f4xx_hal_rcc_ex.c **** #if defined(RCC_PLLSAI_SUPPORT)
3252:stm/stm32f4xx/STM32F4xx_HAL_Driver/Src/stm32f4xx_hal_rcc_ex.c ****   /* Get Start Tick */
3253:stm/stm32f4xx/STM32F4xx_HAL_Driver/Src/stm32f4xx_hal_rcc_ex.c ****   tickstart = HAL_GetTick();
3254:stm/stm32f4xx/STM32F4xx_HAL_Driver/Src/stm32f4xx_hal_rcc_ex.c **** 
3255:stm/stm32f4xx/STM32F4xx_HAL_Driver/Src/stm32f4xx_hal_rcc_ex.c ****   /* Reset PLLSAI bit */
3256:stm/stm32f4xx/STM32F4xx_HAL_Driver/Src/stm32f4xx_hal_rcc_ex.c ****   CLEAR_BIT(RCC->CR, RCC_CR_PLLSAION);
3257:stm/stm32f4xx/STM32F4xx_HAL_Driver/Src/stm32f4xx_hal_rcc_ex.c **** 
3258:stm/stm32f4xx/STM32F4xx_HAL_Driver/Src/stm32f4xx_hal_rcc_ex.c ****   /* Wait till PLLSAI is disabled */
3259:stm/stm32f4xx/STM32F4xx_HAL_Driver/Src/stm32f4xx_hal_rcc_ex.c ****   while (READ_BIT(RCC->CR, RCC_CR_PLLSAIRDY) != RESET)
3260:stm/stm32f4xx/STM32F4xx_HAL_Driver/Src/stm32f4xx_hal_rcc_ex.c ****   {
3261:stm/stm32f4xx/STM32F4xx_HAL_Driver/Src/stm32f4xx_hal_rcc_ex.c ****     if ((HAL_GetTick() - tickstart) > PLLSAI_TIMEOUT_VALUE)
3262:stm/stm32f4xx/STM32F4xx_HAL_Driver/Src/stm32f4xx_hal_rcc_ex.c ****     {
3263:stm/stm32f4xx/STM32F4xx_HAL_Driver/Src/stm32f4xx_hal_rcc_ex.c ****       return HAL_TIMEOUT;
3264:stm/stm32f4xx/STM32F4xx_HAL_Driver/Src/stm32f4xx_hal_rcc_ex.c ****     }
3265:stm/stm32f4xx/STM32F4xx_HAL_Driver/Src/stm32f4xx_hal_rcc_ex.c ****   }
3266:stm/stm32f4xx/STM32F4xx_HAL_Driver/Src/stm32f4xx_hal_rcc_ex.c **** #endif /* RCC_PLLSAI_SUPPORT */
3267:stm/stm32f4xx/STM32F4xx_HAL_Driver/Src/stm32f4xx_hal_rcc_ex.c **** 
3268:stm/stm32f4xx/STM32F4xx_HAL_Driver/Src/stm32f4xx_hal_rcc_ex.c ****   /* Once PLL, PLLI2S and PLLSAI are OFF, reset PLLCFGR register to default value */
3269:stm/stm32f4xx/STM32F4xx_HAL_Driver/Src/stm32f4xx_hal_rcc_ex.c **** #if defined(STM32F412Cx) || defined(STM32F412Rx) || defined(STM32F412Vx) || defined(STM32F412Zx) ||
3270:stm/stm32f4xx/STM32F4xx_HAL_Driver/Src/stm32f4xx_hal_rcc_ex.c ****     defined(STM32F423xx) || defined(STM32F446xx) || defined(STM32F469xx) || defined(STM32F479xx)
3271:stm/stm32f4xx/STM32F4xx_HAL_Driver/Src/stm32f4xx_hal_rcc_ex.c ****   RCC->PLLCFGR = RCC_PLLCFGR_PLLM_4 | RCC_PLLCFGR_PLLN_6 | RCC_PLLCFGR_PLLN_7 | RCC_PLLCFGR_PLLQ_2 
3272:stm/stm32f4xx/STM32F4xx_HAL_Driver/Src/stm32f4xx_hal_rcc_ex.c **** #elif defined(STM32F410Tx) || defined(STM32F410Cx) || defined(STM32F410Rx)
3273:stm/stm32f4xx/STM32F4xx_HAL_Driver/Src/stm32f4xx_hal_rcc_ex.c ****   RCC->PLLCFGR = RCC_PLLCFGR_PLLR_0 | RCC_PLLCFGR_PLLR_1 | RCC_PLLCFGR_PLLR_2 | RCC_PLLCFGR_PLLM_4 
3274:stm/stm32f4xx/STM32F4xx_HAL_Driver/Src/stm32f4xx_hal_rcc_ex.c **** #else
3275:stm/stm32f4xx/STM32F4xx_HAL_Driver/Src/stm32f4xx_hal_rcc_ex.c ****   RCC->PLLCFGR = RCC_PLLCFGR_PLLM_4 | RCC_PLLCFGR_PLLN_6 | RCC_PLLCFGR_PLLN_7 | RCC_PLLCFGR_PLLQ_2;
3276:stm/stm32f4xx/STM32F4xx_HAL_Driver/Src/stm32f4xx_hal_rcc_ex.c **** #endif /* STM32F412Cx || STM32F412Rx || STM32F412Vx || STM32F412Zx || STM32F413xx || STM32F423xx ||
3277:stm/stm32f4xx/STM32F4xx_HAL_Driver/Src/stm32f4xx_hal_rcc_ex.c **** 
3278:stm/stm32f4xx/STM32F4xx_HAL_Driver/Src/stm32f4xx_hal_rcc_ex.c ****   /* Reset PLLI2SCFGR register to default value */
3279:stm/stm32f4xx/STM32F4xx_HAL_Driver/Src/stm32f4xx_hal_rcc_ex.c **** #if defined(STM32F412Cx) || defined(STM32F412Rx) || defined(STM32F412Vx) || defined(STM32F412Zx) ||
3280:stm/stm32f4xx/STM32F4xx_HAL_Driver/Src/stm32f4xx_hal_rcc_ex.c ****     defined(STM32F423xx) || defined(STM32F446xx)
3281:stm/stm32f4xx/STM32F4xx_HAL_Driver/Src/stm32f4xx_hal_rcc_ex.c ****   RCC->PLLI2SCFGR = RCC_PLLI2SCFGR_PLLI2SM_4 | RCC_PLLI2SCFGR_PLLI2SN_6 | RCC_PLLI2SCFGR_PLLI2SN_7 
3282:stm/stm32f4xx/STM32F4xx_HAL_Driver/Src/stm32f4xx_hal_rcc_ex.c **** #elif defined(STM32F401xC) || defined(STM32F401xE) || defined(STM32F405xx) || defined(STM32F415xx) 
3283:stm/stm32f4xx/STM32F4xx_HAL_Driver/Src/stm32f4xx_hal_rcc_ex.c ****   RCC->PLLI2SCFGR = RCC_PLLI2SCFGR_PLLI2SN_6 | RCC_PLLI2SCFGR_PLLI2SN_7 | RCC_PLLI2SCFGR_PLLI2SR_1;
3284:stm/stm32f4xx/STM32F4xx_HAL_Driver/Src/stm32f4xx_hal_rcc_ex.c **** #elif defined(STM32F427xx) || defined(STM32F437xx) || defined(STM32F429xx) || defined(STM32F439xx) 
3285:stm/stm32f4xx/STM32F4xx_HAL_Driver/Src/stm32f4xx_hal_rcc_ex.c ****   RCC->PLLI2SCFGR = RCC_PLLI2SCFGR_PLLI2SN_6 | RCC_PLLI2SCFGR_PLLI2SN_7 | RCC_PLLI2SCFGR_PLLI2SQ_2 
3286:stm/stm32f4xx/STM32F4xx_HAL_Driver/Src/stm32f4xx_hal_rcc_ex.c **** #elif defined(STM32F411xE)
3287:stm/stm32f4xx/STM32F4xx_HAL_Driver/Src/stm32f4xx_hal_rcc_ex.c ****   RCC->PLLI2SCFGR = RCC_PLLI2SCFGR_PLLI2SM_4 | RCC_PLLI2SCFGR_PLLI2SN_6 | RCC_PLLI2SCFGR_PLLI2SN_7 
3288:stm/stm32f4xx/STM32F4xx_HAL_Driver/Src/stm32f4xx_hal_rcc_ex.c **** #endif /* STM32F412Cx || STM32F412Rx || STM32F412Vx || STM32F412Zx || STM32F413xx || STM32F423xx ||
3289:stm/stm32f4xx/STM32F4xx_HAL_Driver/Src/stm32f4xx_hal_rcc_ex.c **** 
3290:stm/stm32f4xx/STM32F4xx_HAL_Driver/Src/stm32f4xx_hal_rcc_ex.c ****   /* Reset PLLSAICFGR register */
ARM GAS  /tmp/ccsRaXLF.s 			page 107


3291:stm/stm32f4xx/STM32F4xx_HAL_Driver/Src/stm32f4xx_hal_rcc_ex.c **** #if defined(STM32F427xx) || defined(STM32F429xx) || defined(STM32F437xx) || defined(STM32F439xx) ||
3292:stm/stm32f4xx/STM32F4xx_HAL_Driver/Src/stm32f4xx_hal_rcc_ex.c ****   RCC->PLLSAICFGR = RCC_PLLSAICFGR_PLLSAIN_6 | RCC_PLLSAICFGR_PLLSAIN_7 | RCC_PLLSAICFGR_PLLSAIQ_2 
3293:stm/stm32f4xx/STM32F4xx_HAL_Driver/Src/stm32f4xx_hal_rcc_ex.c **** #elif defined(STM32F446xx)
3294:stm/stm32f4xx/STM32F4xx_HAL_Driver/Src/stm32f4xx_hal_rcc_ex.c ****   RCC->PLLSAICFGR = RCC_PLLSAICFGR_PLLSAIM_4 | RCC_PLLSAICFGR_PLLSAIN_6 | RCC_PLLSAICFGR_PLLSAIN_7 
3295:stm/stm32f4xx/STM32F4xx_HAL_Driver/Src/stm32f4xx_hal_rcc_ex.c **** #endif /* STM32F427xx || STM32F429xx || STM32F437xx || STM32F439xx || STM32F469xx || STM32F479xx */
3296:stm/stm32f4xx/STM32F4xx_HAL_Driver/Src/stm32f4xx_hal_rcc_ex.c **** 
3297:stm/stm32f4xx/STM32F4xx_HAL_Driver/Src/stm32f4xx_hal_rcc_ex.c ****   /* Disable all interrupts */
3298:stm/stm32f4xx/STM32F4xx_HAL_Driver/Src/stm32f4xx_hal_rcc_ex.c ****   CLEAR_BIT(RCC->CIR, RCC_CIR_LSIRDYIE | RCC_CIR_LSERDYIE | RCC_CIR_HSIRDYIE | RCC_CIR_HSERDYIE | R
3299:stm/stm32f4xx/STM32F4xx_HAL_Driver/Src/stm32f4xx_hal_rcc_ex.c **** 
3300:stm/stm32f4xx/STM32F4xx_HAL_Driver/Src/stm32f4xx_hal_rcc_ex.c **** #if defined(RCC_CIR_PLLI2SRDYIE)
3301:stm/stm32f4xx/STM32F4xx_HAL_Driver/Src/stm32f4xx_hal_rcc_ex.c ****   CLEAR_BIT(RCC->CIR, RCC_CIR_PLLI2SRDYIE);
3302:stm/stm32f4xx/STM32F4xx_HAL_Driver/Src/stm32f4xx_hal_rcc_ex.c **** #endif /* RCC_CIR_PLLI2SRDYIE */
3303:stm/stm32f4xx/STM32F4xx_HAL_Driver/Src/stm32f4xx_hal_rcc_ex.c **** 
3304:stm/stm32f4xx/STM32F4xx_HAL_Driver/Src/stm32f4xx_hal_rcc_ex.c **** #if defined(RCC_CIR_PLLSAIRDYIE)
3305:stm/stm32f4xx/STM32F4xx_HAL_Driver/Src/stm32f4xx_hal_rcc_ex.c ****   CLEAR_BIT(RCC->CIR, RCC_CIR_PLLSAIRDYIE);
3306:stm/stm32f4xx/STM32F4xx_HAL_Driver/Src/stm32f4xx_hal_rcc_ex.c **** #endif /* RCC_CIR_PLLSAIRDYIE */
3307:stm/stm32f4xx/STM32F4xx_HAL_Driver/Src/stm32f4xx_hal_rcc_ex.c **** 
3308:stm/stm32f4xx/STM32F4xx_HAL_Driver/Src/stm32f4xx_hal_rcc_ex.c ****   /* Clear all interrupt flags */
3309:stm/stm32f4xx/STM32F4xx_HAL_Driver/Src/stm32f4xx_hal_rcc_ex.c ****   SET_BIT(RCC->CIR, RCC_CIR_LSIRDYC | RCC_CIR_LSERDYC | RCC_CIR_HSIRDYC | RCC_CIR_HSERDYC | RCC_CIR
3310:stm/stm32f4xx/STM32F4xx_HAL_Driver/Src/stm32f4xx_hal_rcc_ex.c **** 
3311:stm/stm32f4xx/STM32F4xx_HAL_Driver/Src/stm32f4xx_hal_rcc_ex.c **** #if defined(RCC_CIR_PLLI2SRDYC)
3312:stm/stm32f4xx/STM32F4xx_HAL_Driver/Src/stm32f4xx_hal_rcc_ex.c ****   SET_BIT(RCC->CIR, RCC_CIR_PLLI2SRDYC);
3313:stm/stm32f4xx/STM32F4xx_HAL_Driver/Src/stm32f4xx_hal_rcc_ex.c **** #endif /* RCC_CIR_PLLI2SRDYC */
3314:stm/stm32f4xx/STM32F4xx_HAL_Driver/Src/stm32f4xx_hal_rcc_ex.c **** 
3315:stm/stm32f4xx/STM32F4xx_HAL_Driver/Src/stm32f4xx_hal_rcc_ex.c **** #if defined(RCC_CIR_PLLSAIRDYC)
3316:stm/stm32f4xx/STM32F4xx_HAL_Driver/Src/stm32f4xx_hal_rcc_ex.c ****   SET_BIT(RCC->CIR, RCC_CIR_PLLSAIRDYC);
3317:stm/stm32f4xx/STM32F4xx_HAL_Driver/Src/stm32f4xx_hal_rcc_ex.c **** #endif /* RCC_CIR_PLLSAIRDYC */
3318:stm/stm32f4xx/STM32F4xx_HAL_Driver/Src/stm32f4xx_hal_rcc_ex.c **** 
3319:stm/stm32f4xx/STM32F4xx_HAL_Driver/Src/stm32f4xx_hal_rcc_ex.c ****   /* Clear LSION bit */
3320:stm/stm32f4xx/STM32F4xx_HAL_Driver/Src/stm32f4xx_hal_rcc_ex.c ****   CLEAR_BIT(RCC->CSR, RCC_CSR_LSION);
3321:stm/stm32f4xx/STM32F4xx_HAL_Driver/Src/stm32f4xx_hal_rcc_ex.c **** 
3322:stm/stm32f4xx/STM32F4xx_HAL_Driver/Src/stm32f4xx_hal_rcc_ex.c ****   /* Reset all CSR flags */
3323:stm/stm32f4xx/STM32F4xx_HAL_Driver/Src/stm32f4xx_hal_rcc_ex.c ****   SET_BIT(RCC->CSR, RCC_CSR_RMVF);
3324:stm/stm32f4xx/STM32F4xx_HAL_Driver/Src/stm32f4xx_hal_rcc_ex.c **** 
3325:stm/stm32f4xx/STM32F4xx_HAL_Driver/Src/stm32f4xx_hal_rcc_ex.c ****   /* Update the SystemCoreClock global variable */
3326:stm/stm32f4xx/STM32F4xx_HAL_Driver/Src/stm32f4xx_hal_rcc_ex.c ****   SystemCoreClock = HSI_VALUE;
3327:stm/stm32f4xx/STM32F4xx_HAL_Driver/Src/stm32f4xx_hal_rcc_ex.c **** 
3328:stm/stm32f4xx/STM32F4xx_HAL_Driver/Src/stm32f4xx_hal_rcc_ex.c ****   /* Adapt Systick interrupt period */
3329:stm/stm32f4xx/STM32F4xx_HAL_Driver/Src/stm32f4xx_hal_rcc_ex.c ****   if(HAL_InitTick(uwTickPrio) != HAL_OK)
3330:stm/stm32f4xx/STM32F4xx_HAL_Driver/Src/stm32f4xx_hal_rcc_ex.c ****   {
3331:stm/stm32f4xx/STM32F4xx_HAL_Driver/Src/stm32f4xx_hal_rcc_ex.c ****     return HAL_ERROR;
3332:stm/stm32f4xx/STM32F4xx_HAL_Driver/Src/stm32f4xx_hal_rcc_ex.c ****   }
3333:stm/stm32f4xx/STM32F4xx_HAL_Driver/Src/stm32f4xx_hal_rcc_ex.c ****   else
3334:stm/stm32f4xx/STM32F4xx_HAL_Driver/Src/stm32f4xx_hal_rcc_ex.c ****   {
3335:stm/stm32f4xx/STM32F4xx_HAL_Driver/Src/stm32f4xx_hal_rcc_ex.c ****     return HAL_OK;
3336:stm/stm32f4xx/STM32F4xx_HAL_Driver/Src/stm32f4xx_hal_rcc_ex.c ****   }
3337:stm/stm32f4xx/STM32F4xx_HAL_Driver/Src/stm32f4xx_hal_rcc_ex.c **** }
 2401              		.loc 1 3337 1 view .LVU798
 2402 0028 38BD     		pop	{r3, r4, r5, pc}
 2403              	.LVL195:
 2404              	.L213:
3187:stm/stm32f4xx/STM32F4xx_HAL_Driver/Src/stm32f4xx_hal_rcc_ex.c **** 
 2405              		.loc 1 3187 3 is_stmt 1 view .LVU799
 2406 002a 4E4D     		ldr	r5, .L219
 2407 002c 2B68     		ldr	r3, [r5]
 2408 002e 43F08003 		orr	r3, r3, #128
 2409 0032 2B60     		str	r3, [r5]
ARM GAS  /tmp/ccsRaXLF.s 			page 108


3190:stm/stm32f4xx/STM32F4xx_HAL_Driver/Src/stm32f4xx_hal_rcc_ex.c **** 
 2410              		.loc 1 3190 3 view .LVU800
3190:stm/stm32f4xx/STM32F4xx_HAL_Driver/Src/stm32f4xx_hal_rcc_ex.c **** 
 2411              		.loc 1 3190 15 is_stmt 0 view .LVU801
 2412 0034 FFF7FEFF 		bl	HAL_GetTick
 2413              	.LVL196:
 2414 0038 0446     		mov	r4, r0
 2415              	.LVL197:
3193:stm/stm32f4xx/STM32F4xx_HAL_Driver/Src/stm32f4xx_hal_rcc_ex.c **** 
 2416              		.loc 1 3193 3 is_stmt 1 view .LVU802
 2417 003a 0023     		movs	r3, #0
 2418 003c AB60     		str	r3, [r5, #8]
3196:stm/stm32f4xx/STM32F4xx_HAL_Driver/Src/stm32f4xx_hal_rcc_ex.c ****   {
 2419              		.loc 1 3196 3 view .LVU803
 2420              	.LVL198:
 2421              	.L196:
3196:stm/stm32f4xx/STM32F4xx_HAL_Driver/Src/stm32f4xx_hal_rcc_ex.c ****   {
 2422              		.loc 1 3196 44 view .LVU804
3196:stm/stm32f4xx/STM32F4xx_HAL_Driver/Src/stm32f4xx_hal_rcc_ex.c ****   {
 2423              		.loc 1 3196 10 is_stmt 0 view .LVU805
 2424 003e 494B     		ldr	r3, .L219
 2425 0040 9B68     		ldr	r3, [r3, #8]
3196:stm/stm32f4xx/STM32F4xx_HAL_Driver/Src/stm32f4xx_hal_rcc_ex.c ****   {
 2426              		.loc 1 3196 44 view .LVU806
 2427 0042 13F00C0F 		tst	r3, #12
 2428 0046 08D0     		beq	.L214
3198:stm/stm32f4xx/STM32F4xx_HAL_Driver/Src/stm32f4xx_hal_rcc_ex.c ****     {
 2429              		.loc 1 3198 5 is_stmt 1 view .LVU807
3198:stm/stm32f4xx/STM32F4xx_HAL_Driver/Src/stm32f4xx_hal_rcc_ex.c ****     {
 2430              		.loc 1 3198 10 is_stmt 0 view .LVU808
 2431 0048 FFF7FEFF 		bl	HAL_GetTick
 2432              	.LVL199:
3198:stm/stm32f4xx/STM32F4xx_HAL_Driver/Src/stm32f4xx_hal_rcc_ex.c ****     {
 2433              		.loc 1 3198 24 discriminator 1 view .LVU809
 2434 004c 001B     		subs	r0, r0, r4
3198:stm/stm32f4xx/STM32F4xx_HAL_Driver/Src/stm32f4xx_hal_rcc_ex.c ****     {
 2435              		.loc 1 3198 8 discriminator 1 view .LVU810
 2436 004e 41F28833 		movw	r3, #5000
 2437 0052 9842     		cmp	r0, r3
 2438 0054 F3D9     		bls	.L196
3200:stm/stm32f4xx/STM32F4xx_HAL_Driver/Src/stm32f4xx_hal_rcc_ex.c ****     }
 2439              		.loc 1 3200 14 view .LVU811
 2440 0056 0320     		movs	r0, #3
 2441 0058 E6E7     		b	.L194
 2442              	.L214:
3205:stm/stm32f4xx/STM32F4xx_HAL_Driver/Src/stm32f4xx_hal_rcc_ex.c **** 
 2443              		.loc 1 3205 3 is_stmt 1 view .LVU812
3205:stm/stm32f4xx/STM32F4xx_HAL_Driver/Src/stm32f4xx_hal_rcc_ex.c **** 
 2444              		.loc 1 3205 15 is_stmt 0 view .LVU813
 2445 005a FFF7FEFF 		bl	HAL_GetTick
 2446              	.LVL200:
 2447 005e 0446     		mov	r4, r0
 2448              	.LVL201:
3208:stm/stm32f4xx/STM32F4xx_HAL_Driver/Src/stm32f4xx_hal_rcc_ex.c **** 
 2449              		.loc 1 3208 3 is_stmt 1 view .LVU814
 2450 0060 404A     		ldr	r2, .L219
 2451 0062 1368     		ldr	r3, [r2]
ARM GAS  /tmp/ccsRaXLF.s 			page 109


 2452 0064 23F45023 		bic	r3, r3, #851968
 2453 0068 1360     		str	r3, [r2]
3211:stm/stm32f4xx/STM32F4xx_HAL_Driver/Src/stm32f4xx_hal_rcc_ex.c ****   {
 2454              		.loc 1 3211 3 view .LVU815
 2455              	.LVL202:
 2456              	.L198:
3211:stm/stm32f4xx/STM32F4xx_HAL_Driver/Src/stm32f4xx_hal_rcc_ex.c ****   {
 2457              		.loc 1 3211 43 view .LVU816
3211:stm/stm32f4xx/STM32F4xx_HAL_Driver/Src/stm32f4xx_hal_rcc_ex.c ****   {
 2458              		.loc 1 3211 10 is_stmt 0 view .LVU817
 2459 006a 3E4B     		ldr	r3, .L219
 2460 006c 1B68     		ldr	r3, [r3]
3211:stm/stm32f4xx/STM32F4xx_HAL_Driver/Src/stm32f4xx_hal_rcc_ex.c ****   {
 2461              		.loc 1 3211 43 view .LVU818
 2462 006e 13F4003F 		tst	r3, #131072
 2463 0072 06D0     		beq	.L215
3213:stm/stm32f4xx/STM32F4xx_HAL_Driver/Src/stm32f4xx_hal_rcc_ex.c ****     {
 2464              		.loc 1 3213 5 is_stmt 1 view .LVU819
3213:stm/stm32f4xx/STM32F4xx_HAL_Driver/Src/stm32f4xx_hal_rcc_ex.c ****     {
 2465              		.loc 1 3213 10 is_stmt 0 view .LVU820
 2466 0074 FFF7FEFF 		bl	HAL_GetTick
 2467              	.LVL203:
3213:stm/stm32f4xx/STM32F4xx_HAL_Driver/Src/stm32f4xx_hal_rcc_ex.c ****     {
 2468              		.loc 1 3213 24 discriminator 1 view .LVU821
 2469 0078 001B     		subs	r0, r0, r4
3213:stm/stm32f4xx/STM32F4xx_HAL_Driver/Src/stm32f4xx_hal_rcc_ex.c ****     {
 2470              		.loc 1 3213 8 discriminator 1 view .LVU822
 2471 007a 6428     		cmp	r0, #100
 2472 007c F5D9     		bls	.L198
3215:stm/stm32f4xx/STM32F4xx_HAL_Driver/Src/stm32f4xx_hal_rcc_ex.c ****     }
 2473              		.loc 1 3215 14 view .LVU823
 2474 007e 0320     		movs	r0, #3
 2475 0080 D2E7     		b	.L194
 2476              	.L215:
3220:stm/stm32f4xx/STM32F4xx_HAL_Driver/Src/stm32f4xx_hal_rcc_ex.c **** 
 2477              		.loc 1 3220 3 is_stmt 1 view .LVU824
3220:stm/stm32f4xx/STM32F4xx_HAL_Driver/Src/stm32f4xx_hal_rcc_ex.c **** 
 2478              		.loc 1 3220 15 is_stmt 0 view .LVU825
 2479 0082 FFF7FEFF 		bl	HAL_GetTick
 2480              	.LVL204:
 2481 0086 0446     		mov	r4, r0
 2482              	.LVL205:
3223:stm/stm32f4xx/STM32F4xx_HAL_Driver/Src/stm32f4xx_hal_rcc_ex.c **** 
 2483              		.loc 1 3223 3 is_stmt 1 view .LVU826
 2484 0088 364A     		ldr	r2, .L219
 2485 008a 1368     		ldr	r3, [r2]
 2486 008c 23F08073 		bic	r3, r3, #16777216
 2487 0090 1360     		str	r3, [r2]
3226:stm/stm32f4xx/STM32F4xx_HAL_Driver/Src/stm32f4xx_hal_rcc_ex.c ****   {
 2488              		.loc 1 3226 3 view .LVU827
 2489              	.LVL206:
 2490              	.L200:
3226:stm/stm32f4xx/STM32F4xx_HAL_Driver/Src/stm32f4xx_hal_rcc_ex.c ****   {
 2491              		.loc 1 3226 43 view .LVU828
3226:stm/stm32f4xx/STM32F4xx_HAL_Driver/Src/stm32f4xx_hal_rcc_ex.c ****   {
 2492              		.loc 1 3226 10 is_stmt 0 view .LVU829
 2493 0092 344B     		ldr	r3, .L219
ARM GAS  /tmp/ccsRaXLF.s 			page 110


 2494 0094 1B68     		ldr	r3, [r3]
3226:stm/stm32f4xx/STM32F4xx_HAL_Driver/Src/stm32f4xx_hal_rcc_ex.c ****   {
 2495              		.loc 1 3226 43 view .LVU830
 2496 0096 13F0007F 		tst	r3, #33554432
 2497 009a 06D0     		beq	.L216
3228:stm/stm32f4xx/STM32F4xx_HAL_Driver/Src/stm32f4xx_hal_rcc_ex.c ****     {
 2498              		.loc 1 3228 5 is_stmt 1 view .LVU831
3228:stm/stm32f4xx/STM32F4xx_HAL_Driver/Src/stm32f4xx_hal_rcc_ex.c ****     {
 2499              		.loc 1 3228 10 is_stmt 0 view .LVU832
 2500 009c FFF7FEFF 		bl	HAL_GetTick
 2501              	.LVL207:
3228:stm/stm32f4xx/STM32F4xx_HAL_Driver/Src/stm32f4xx_hal_rcc_ex.c ****     {
 2502              		.loc 1 3228 24 discriminator 1 view .LVU833
 2503 00a0 001B     		subs	r0, r0, r4
3228:stm/stm32f4xx/STM32F4xx_HAL_Driver/Src/stm32f4xx_hal_rcc_ex.c ****     {
 2504              		.loc 1 3228 8 discriminator 1 view .LVU834
 2505 00a2 0228     		cmp	r0, #2
 2506 00a4 F5D9     		bls	.L200
3230:stm/stm32f4xx/STM32F4xx_HAL_Driver/Src/stm32f4xx_hal_rcc_ex.c ****     }
 2507              		.loc 1 3230 14 view .LVU835
 2508 00a6 0320     		movs	r0, #3
 2509 00a8 BEE7     		b	.L194
 2510              	.L216:
3236:stm/stm32f4xx/STM32F4xx_HAL_Driver/Src/stm32f4xx_hal_rcc_ex.c **** 
 2511              		.loc 1 3236 3 is_stmt 1 view .LVU836
3236:stm/stm32f4xx/STM32F4xx_HAL_Driver/Src/stm32f4xx_hal_rcc_ex.c **** 
 2512              		.loc 1 3236 15 is_stmt 0 view .LVU837
 2513 00aa FFF7FEFF 		bl	HAL_GetTick
 2514              	.LVL208:
 2515 00ae 0446     		mov	r4, r0
 2516              	.LVL209:
3239:stm/stm32f4xx/STM32F4xx_HAL_Driver/Src/stm32f4xx_hal_rcc_ex.c **** 
 2517              		.loc 1 3239 3 is_stmt 1 view .LVU838
 2518 00b0 2C4A     		ldr	r2, .L219
 2519 00b2 1368     		ldr	r3, [r2]
 2520 00b4 23F08063 		bic	r3, r3, #67108864
 2521 00b8 1360     		str	r3, [r2]
3242:stm/stm32f4xx/STM32F4xx_HAL_Driver/Src/stm32f4xx_hal_rcc_ex.c ****   {
 2522              		.loc 1 3242 3 view .LVU839
 2523              	.LVL210:
 2524              	.L202:
3242:stm/stm32f4xx/STM32F4xx_HAL_Driver/Src/stm32f4xx_hal_rcc_ex.c ****   {
 2525              		.loc 1 3242 46 view .LVU840
3242:stm/stm32f4xx/STM32F4xx_HAL_Driver/Src/stm32f4xx_hal_rcc_ex.c ****   {
 2526              		.loc 1 3242 10 is_stmt 0 view .LVU841
 2527 00ba 2A4B     		ldr	r3, .L219
 2528 00bc 1B68     		ldr	r3, [r3]
3242:stm/stm32f4xx/STM32F4xx_HAL_Driver/Src/stm32f4xx_hal_rcc_ex.c ****   {
 2529              		.loc 1 3242 46 view .LVU842
 2530 00be 13F0006F 		tst	r3, #134217728
 2531 00c2 06D0     		beq	.L217
3244:stm/stm32f4xx/STM32F4xx_HAL_Driver/Src/stm32f4xx_hal_rcc_ex.c ****     {
 2532              		.loc 1 3244 5 is_stmt 1 view .LVU843
3244:stm/stm32f4xx/STM32F4xx_HAL_Driver/Src/stm32f4xx_hal_rcc_ex.c ****     {
 2533              		.loc 1 3244 10 is_stmt 0 view .LVU844
 2534 00c4 FFF7FEFF 		bl	HAL_GetTick
 2535              	.LVL211:
ARM GAS  /tmp/ccsRaXLF.s 			page 111


3244:stm/stm32f4xx/STM32F4xx_HAL_Driver/Src/stm32f4xx_hal_rcc_ex.c ****     {
 2536              		.loc 1 3244 24 discriminator 1 view .LVU845
 2537 00c8 001B     		subs	r0, r0, r4
3244:stm/stm32f4xx/STM32F4xx_HAL_Driver/Src/stm32f4xx_hal_rcc_ex.c ****     {
 2538              		.loc 1 3244 8 discriminator 1 view .LVU846
 2539 00ca 0228     		cmp	r0, #2
 2540 00cc F5D9     		bls	.L202
3246:stm/stm32f4xx/STM32F4xx_HAL_Driver/Src/stm32f4xx_hal_rcc_ex.c ****     }
 2541              		.loc 1 3246 14 view .LVU847
 2542 00ce 0320     		movs	r0, #3
 2543 00d0 AAE7     		b	.L194
 2544              	.L217:
3253:stm/stm32f4xx/STM32F4xx_HAL_Driver/Src/stm32f4xx_hal_rcc_ex.c **** 
 2545              		.loc 1 3253 3 is_stmt 1 view .LVU848
3253:stm/stm32f4xx/STM32F4xx_HAL_Driver/Src/stm32f4xx_hal_rcc_ex.c **** 
 2546              		.loc 1 3253 15 is_stmt 0 view .LVU849
 2547 00d2 FFF7FEFF 		bl	HAL_GetTick
 2548              	.LVL212:
 2549 00d6 0446     		mov	r4, r0
 2550              	.LVL213:
3256:stm/stm32f4xx/STM32F4xx_HAL_Driver/Src/stm32f4xx_hal_rcc_ex.c **** 
 2551              		.loc 1 3256 3 is_stmt 1 view .LVU850
 2552 00d8 224A     		ldr	r2, .L219
 2553 00da 1368     		ldr	r3, [r2]
 2554 00dc 23F08053 		bic	r3, r3, #268435456
 2555 00e0 1360     		str	r3, [r2]
3259:stm/stm32f4xx/STM32F4xx_HAL_Driver/Src/stm32f4xx_hal_rcc_ex.c ****   {
 2556              		.loc 1 3259 3 view .LVU851
 2557              	.LVL214:
 2558              	.L204:
3259:stm/stm32f4xx/STM32F4xx_HAL_Driver/Src/stm32f4xx_hal_rcc_ex.c ****   {
 2559              		.loc 1 3259 46 view .LVU852
3259:stm/stm32f4xx/STM32F4xx_HAL_Driver/Src/stm32f4xx_hal_rcc_ex.c ****   {
 2560              		.loc 1 3259 10 is_stmt 0 view .LVU853
 2561 00e2 204B     		ldr	r3, .L219
 2562 00e4 1B68     		ldr	r3, [r3]
3259:stm/stm32f4xx/STM32F4xx_HAL_Driver/Src/stm32f4xx_hal_rcc_ex.c ****   {
 2563              		.loc 1 3259 46 view .LVU854
 2564 00e6 13F0005F 		tst	r3, #536870912
 2565 00ea 06D0     		beq	.L218
3261:stm/stm32f4xx/STM32F4xx_HAL_Driver/Src/stm32f4xx_hal_rcc_ex.c ****     {
 2566              		.loc 1 3261 5 is_stmt 1 view .LVU855
3261:stm/stm32f4xx/STM32F4xx_HAL_Driver/Src/stm32f4xx_hal_rcc_ex.c ****     {
 2567              		.loc 1 3261 10 is_stmt 0 view .LVU856
 2568 00ec FFF7FEFF 		bl	HAL_GetTick
 2569              	.LVL215:
3261:stm/stm32f4xx/STM32F4xx_HAL_Driver/Src/stm32f4xx_hal_rcc_ex.c ****     {
 2570              		.loc 1 3261 24 discriminator 1 view .LVU857
 2571 00f0 001B     		subs	r0, r0, r4
3261:stm/stm32f4xx/STM32F4xx_HAL_Driver/Src/stm32f4xx_hal_rcc_ex.c ****     {
 2572              		.loc 1 3261 8 discriminator 1 view .LVU858
 2573 00f2 0228     		cmp	r0, #2
 2574 00f4 F5D9     		bls	.L204
3263:stm/stm32f4xx/STM32F4xx_HAL_Driver/Src/stm32f4xx_hal_rcc_ex.c ****     }
 2575              		.loc 1 3263 14 view .LVU859
 2576 00f6 0320     		movs	r0, #3
 2577 00f8 96E7     		b	.L194
ARM GAS  /tmp/ccsRaXLF.s 			page 112


 2578              	.L218:
3271:stm/stm32f4xx/STM32F4xx_HAL_Driver/Src/stm32f4xx_hal_rcc_ex.c **** #elif defined(STM32F410Tx) || defined(STM32F410Cx) || defined(STM32F410Rx)
 2579              		.loc 1 3271 3 is_stmt 1 view .LVU860
3271:stm/stm32f4xx/STM32F4xx_HAL_Driver/Src/stm32f4xx_hal_rcc_ex.c **** #elif defined(STM32F410Tx) || defined(STM32F410Cx) || defined(STM32F410Rx)
 2580              		.loc 1 3271 16 is_stmt 0 view .LVU861
 2581 00fa 1A4B     		ldr	r3, .L219
 2582 00fc 1A4A     		ldr	r2, .L219+4
 2583 00fe 5A60     		str	r2, [r3, #4]
3281:stm/stm32f4xx/STM32F4xx_HAL_Driver/Src/stm32f4xx_hal_rcc_ex.c **** #elif defined(STM32F401xC) || defined(STM32F401xE) || defined(STM32F405xx) || defined(STM32F415xx) 
 2584              		.loc 1 3281 3 is_stmt 1 view .LVU862
3281:stm/stm32f4xx/STM32F4xx_HAL_Driver/Src/stm32f4xx_hal_rcc_ex.c **** #elif defined(STM32F401xC) || defined(STM32F401xE) || defined(STM32F405xx) || defined(STM32F415xx) 
 2585              		.loc 1 3281 19 is_stmt 0 view .LVU863
 2586 0100 C3F88420 		str	r2, [r3, #132]
3294:stm/stm32f4xx/STM32F4xx_HAL_Driver/Src/stm32f4xx_hal_rcc_ex.c **** #endif /* STM32F427xx || STM32F429xx || STM32F437xx || STM32F439xx || STM32F469xx || STM32F479xx */
 2587              		.loc 1 3294 3 is_stmt 1 view .LVU864
3294:stm/stm32f4xx/STM32F4xx_HAL_Driver/Src/stm32f4xx_hal_rcc_ex.c **** #endif /* STM32F427xx || STM32F429xx || STM32F437xx || STM32F439xx || STM32F469xx || STM32F479xx */
 2588              		.loc 1 3294 19 is_stmt 0 view .LVU865
 2589 0104 02F16042 		add	r2, r2, #-536870912
 2590 0108 C3F88820 		str	r2, [r3, #136]
3298:stm/stm32f4xx/STM32F4xx_HAL_Driver/Src/stm32f4xx_hal_rcc_ex.c **** 
 2591              		.loc 1 3298 3 is_stmt 1 view .LVU866
 2592 010c DA68     		ldr	r2, [r3, #12]
 2593 010e 22F4F852 		bic	r2, r2, #7936
 2594 0112 DA60     		str	r2, [r3, #12]
3301:stm/stm32f4xx/STM32F4xx_HAL_Driver/Src/stm32f4xx_hal_rcc_ex.c **** #endif /* RCC_CIR_PLLI2SRDYIE */
 2595              		.loc 1 3301 3 view .LVU867
 2596 0114 DA68     		ldr	r2, [r3, #12]
 2597 0116 22F40052 		bic	r2, r2, #8192
 2598 011a DA60     		str	r2, [r3, #12]
3305:stm/stm32f4xx/STM32F4xx_HAL_Driver/Src/stm32f4xx_hal_rcc_ex.c **** #endif /* RCC_CIR_PLLSAIRDYIE */
 2599              		.loc 1 3305 3 view .LVU868
 2600 011c DA68     		ldr	r2, [r3, #12]
 2601 011e 22F48042 		bic	r2, r2, #16384
 2602 0122 DA60     		str	r2, [r3, #12]
3309:stm/stm32f4xx/STM32F4xx_HAL_Driver/Src/stm32f4xx_hal_rcc_ex.c **** 
 2603              		.loc 1 3309 3 view .LVU869
 2604 0124 DA68     		ldr	r2, [r3, #12]
 2605 0126 42F41F02 		orr	r2, r2, #10420224
 2606 012a DA60     		str	r2, [r3, #12]
3312:stm/stm32f4xx/STM32F4xx_HAL_Driver/Src/stm32f4xx_hal_rcc_ex.c **** #endif /* RCC_CIR_PLLI2SRDYC */
 2607              		.loc 1 3312 3 view .LVU870
 2608 012c DA68     		ldr	r2, [r3, #12]
 2609 012e 42F40012 		orr	r2, r2, #2097152
 2610 0132 DA60     		str	r2, [r3, #12]
3316:stm/stm32f4xx/STM32F4xx_HAL_Driver/Src/stm32f4xx_hal_rcc_ex.c **** #endif /* RCC_CIR_PLLSAIRDYC */
 2611              		.loc 1 3316 3 view .LVU871
 2612 0134 DA68     		ldr	r2, [r3, #12]
 2613 0136 42F48002 		orr	r2, r2, #4194304
 2614 013a DA60     		str	r2, [r3, #12]
3320:stm/stm32f4xx/STM32F4xx_HAL_Driver/Src/stm32f4xx_hal_rcc_ex.c **** 
 2615              		.loc 1 3320 3 view .LVU872
 2616 013c 5A6F     		ldr	r2, [r3, #116]
 2617 013e 22F00102 		bic	r2, r2, #1
 2618 0142 5A67     		str	r2, [r3, #116]
3323:stm/stm32f4xx/STM32F4xx_HAL_Driver/Src/stm32f4xx_hal_rcc_ex.c **** 
 2619              		.loc 1 3323 3 view .LVU873
 2620 0144 5A6F     		ldr	r2, [r3, #116]
ARM GAS  /tmp/ccsRaXLF.s 			page 113


 2621 0146 42F08072 		orr	r2, r2, #16777216
 2622 014a 5A67     		str	r2, [r3, #116]
3326:stm/stm32f4xx/STM32F4xx_HAL_Driver/Src/stm32f4xx_hal_rcc_ex.c **** 
 2623              		.loc 1 3326 3 view .LVU874
3326:stm/stm32f4xx/STM32F4xx_HAL_Driver/Src/stm32f4xx_hal_rcc_ex.c **** 
 2624              		.loc 1 3326 19 is_stmt 0 view .LVU875
 2625 014c 074B     		ldr	r3, .L219+8
 2626 014e 084A     		ldr	r2, .L219+12
 2627 0150 1A60     		str	r2, [r3]
3329:stm/stm32f4xx/STM32F4xx_HAL_Driver/Src/stm32f4xx_hal_rcc_ex.c ****   {
 2628              		.loc 1 3329 3 is_stmt 1 view .LVU876
3329:stm/stm32f4xx/STM32F4xx_HAL_Driver/Src/stm32f4xx_hal_rcc_ex.c ****   {
 2629              		.loc 1 3329 6 is_stmt 0 view .LVU877
 2630 0152 084B     		ldr	r3, .L219+16
 2631 0154 1868     		ldr	r0, [r3]
 2632 0156 FFF7FEFF 		bl	HAL_InitTick
 2633              	.LVL216:
3329:stm/stm32f4xx/STM32F4xx_HAL_Driver/Src/stm32f4xx_hal_rcc_ex.c ****   {
 2634              		.loc 1 3329 5 discriminator 1 view .LVU878
 2635 015a 0028     		cmp	r0, #0
 2636 015c 3FF464AF 		beq	.L194
3331:stm/stm32f4xx/STM32F4xx_HAL_Driver/Src/stm32f4xx_hal_rcc_ex.c ****   }
 2637              		.loc 1 3331 12 view .LVU879
 2638 0160 0120     		movs	r0, #1
 2639 0162 61E7     		b	.L194
 2640              	.L220:
 2641              		.align	2
 2642              	.L219:
 2643 0164 00380240 		.word	1073887232
 2644 0168 10300024 		.word	603992080
 2645 016c 00000000 		.word	SystemCoreClock
 2646 0170 0024F400 		.word	16000000
 2647 0174 00000000 		.word	uwTickPrio
 2648              		.cfi_endproc
 2649              	.LFE248:
 2651              		.section	.text.HAL_RCC_OscConfig,"ax",%progbits
 2652              		.align	1
 2653              		.global	HAL_RCC_OscConfig
 2654              		.syntax unified
 2655              		.thumb
 2656              		.thumb_func
 2658              	HAL_RCC_OscConfig:
 2659              	.LVL217:
 2660              	.LFB249:
3338:stm/stm32f4xx/STM32F4xx_HAL_Driver/Src/stm32f4xx_hal_rcc_ex.c **** 
3339:stm/stm32f4xx/STM32F4xx_HAL_Driver/Src/stm32f4xx_hal_rcc_ex.c **** #if defined(STM32F410Tx) || defined(STM32F410Cx) || defined(STM32F410Rx) || defined(STM32F446xx) ||
3340:stm/stm32f4xx/STM32F4xx_HAL_Driver/Src/stm32f4xx_hal_rcc_ex.c ****     defined(STM32F412Vx) || defined(STM32F412Rx) || defined(STM32F412Cx) || defined(STM32F413xx) ||
3341:stm/stm32f4xx/STM32F4xx_HAL_Driver/Src/stm32f4xx_hal_rcc_ex.c **** /**
3342:stm/stm32f4xx/STM32F4xx_HAL_Driver/Src/stm32f4xx_hal_rcc_ex.c ****   * @brief  Initializes the RCC Oscillators according to the specified parameters in the
3343:stm/stm32f4xx/STM32F4xx_HAL_Driver/Src/stm32f4xx_hal_rcc_ex.c ****   *         RCC_OscInitTypeDef.
3344:stm/stm32f4xx/STM32F4xx_HAL_Driver/Src/stm32f4xx_hal_rcc_ex.c ****   * @param  RCC_OscInitStruct pointer to an RCC_OscInitTypeDef structure that
3345:stm/stm32f4xx/STM32F4xx_HAL_Driver/Src/stm32f4xx_hal_rcc_ex.c ****   *         contains the configuration information for the RCC Oscillators.
3346:stm/stm32f4xx/STM32F4xx_HAL_Driver/Src/stm32f4xx_hal_rcc_ex.c ****   * @note   The PLL is not disabled when used as system clock.
3347:stm/stm32f4xx/STM32F4xx_HAL_Driver/Src/stm32f4xx_hal_rcc_ex.c ****   * @note   Transitions LSE Bypass to LSE On and LSE On to LSE Bypass are not
3348:stm/stm32f4xx/STM32F4xx_HAL_Driver/Src/stm32f4xx_hal_rcc_ex.c ****   *         supported by this API. User should request a transition to LSE Off
3349:stm/stm32f4xx/STM32F4xx_HAL_Driver/Src/stm32f4xx_hal_rcc_ex.c ****   *         first and then LSE On or LSE Bypass.
3350:stm/stm32f4xx/STM32F4xx_HAL_Driver/Src/stm32f4xx_hal_rcc_ex.c ****   * @note   Transition HSE Bypass to HSE On and HSE On to HSE Bypass are not
ARM GAS  /tmp/ccsRaXLF.s 			page 114


3351:stm/stm32f4xx/STM32F4xx_HAL_Driver/Src/stm32f4xx_hal_rcc_ex.c ****   *         supported by this API. User should request a transition to HSE Off
3352:stm/stm32f4xx/STM32F4xx_HAL_Driver/Src/stm32f4xx_hal_rcc_ex.c ****   *         first and then HSE On or HSE Bypass.
3353:stm/stm32f4xx/STM32F4xx_HAL_Driver/Src/stm32f4xx_hal_rcc_ex.c ****   * @note   This function add the PLL/PLLR factor management during PLL configuration this feature
3354:stm/stm32f4xx/STM32F4xx_HAL_Driver/Src/stm32f4xx_hal_rcc_ex.c ****   *         is only available in STM32F410xx/STM32F446xx/STM32F469xx/STM32F479xx/STM32F412Zx/STM32F
3355:stm/stm32f4xx/STM32F4xx_HAL_Driver/Src/stm32f4xx_hal_rcc_ex.c ****   * @retval HAL status
3356:stm/stm32f4xx/STM32F4xx_HAL_Driver/Src/stm32f4xx_hal_rcc_ex.c ****   */
3357:stm/stm32f4xx/STM32F4xx_HAL_Driver/Src/stm32f4xx_hal_rcc_ex.c **** HAL_StatusTypeDef HAL_RCC_OscConfig(RCC_OscInitTypeDef  *RCC_OscInitStruct)
3358:stm/stm32f4xx/STM32F4xx_HAL_Driver/Src/stm32f4xx_hal_rcc_ex.c **** {
 2661              		.loc 1 3358 1 is_stmt 1 view -0
 2662              		.cfi_startproc
 2663              		@ args = 0, pretend = 0, frame = 8
 2664              		@ frame_needed = 0, uses_anonymous_args = 0
3359:stm/stm32f4xx/STM32F4xx_HAL_Driver/Src/stm32f4xx_hal_rcc_ex.c ****   uint32_t tickstart, pll_config;
 2665              		.loc 1 3359 3 view .LVU881
3360:stm/stm32f4xx/STM32F4xx_HAL_Driver/Src/stm32f4xx_hal_rcc_ex.c **** 
3361:stm/stm32f4xx/STM32F4xx_HAL_Driver/Src/stm32f4xx_hal_rcc_ex.c ****   /* Check Null pointer */
3362:stm/stm32f4xx/STM32F4xx_HAL_Driver/Src/stm32f4xx_hal_rcc_ex.c ****   if(RCC_OscInitStruct == NULL)
 2666              		.loc 1 3362 3 view .LVU882
 2667              		.loc 1 3362 5 is_stmt 0 view .LVU883
 2668 0000 0028     		cmp	r0, #0
 2669 0002 00F00182 		beq	.L273
3358:stm/stm32f4xx/STM32F4xx_HAL_Driver/Src/stm32f4xx_hal_rcc_ex.c ****   uint32_t tickstart, pll_config;
 2670              		.loc 1 3358 1 view .LVU884
 2671 0006 70B5     		push	{r4, r5, r6, lr}
 2672              	.LCFI10:
 2673              		.cfi_def_cfa_offset 16
 2674              		.cfi_offset 4, -16
 2675              		.cfi_offset 5, -12
 2676              		.cfi_offset 6, -8
 2677              		.cfi_offset 14, -4
 2678 0008 82B0     		sub	sp, sp, #8
 2679              	.LCFI11:
 2680              		.cfi_def_cfa_offset 24
 2681 000a 0446     		mov	r4, r0
3363:stm/stm32f4xx/STM32F4xx_HAL_Driver/Src/stm32f4xx_hal_rcc_ex.c ****   {
3364:stm/stm32f4xx/STM32F4xx_HAL_Driver/Src/stm32f4xx_hal_rcc_ex.c ****     return HAL_ERROR;
3365:stm/stm32f4xx/STM32F4xx_HAL_Driver/Src/stm32f4xx_hal_rcc_ex.c ****   }
3366:stm/stm32f4xx/STM32F4xx_HAL_Driver/Src/stm32f4xx_hal_rcc_ex.c **** 
3367:stm/stm32f4xx/STM32F4xx_HAL_Driver/Src/stm32f4xx_hal_rcc_ex.c ****   /* Check the parameters */
3368:stm/stm32f4xx/STM32F4xx_HAL_Driver/Src/stm32f4xx_hal_rcc_ex.c ****   assert_param(IS_RCC_OSCILLATORTYPE(RCC_OscInitStruct->OscillatorType));
 2682              		.loc 1 3368 3 is_stmt 1 view .LVU885
3369:stm/stm32f4xx/STM32F4xx_HAL_Driver/Src/stm32f4xx_hal_rcc_ex.c ****   /*------------------------------- HSE Configuration ------------------------*/
3370:stm/stm32f4xx/STM32F4xx_HAL_Driver/Src/stm32f4xx_hal_rcc_ex.c ****   if(((RCC_OscInitStruct->OscillatorType) & RCC_OSCILLATORTYPE_HSE) == RCC_OSCILLATORTYPE_HSE)
 2683              		.loc 1 3370 3 view .LVU886
 2684              		.loc 1 3370 25 is_stmt 0 view .LVU887
 2685 000c 0368     		ldr	r3, [r0]
 2686              		.loc 1 3370 5 view .LVU888
 2687 000e 13F0010F 		tst	r3, #1
 2688 0012 41D0     		beq	.L223
3371:stm/stm32f4xx/STM32F4xx_HAL_Driver/Src/stm32f4xx_hal_rcc_ex.c ****   {
3372:stm/stm32f4xx/STM32F4xx_HAL_Driver/Src/stm32f4xx_hal_rcc_ex.c ****     /* Check the parameters */
3373:stm/stm32f4xx/STM32F4xx_HAL_Driver/Src/stm32f4xx_hal_rcc_ex.c ****     assert_param(IS_RCC_HSE(RCC_OscInitStruct->HSEState));
 2689              		.loc 1 3373 5 is_stmt 1 view .LVU889
3374:stm/stm32f4xx/STM32F4xx_HAL_Driver/Src/stm32f4xx_hal_rcc_ex.c ****     /* When the HSE is used as system clock or clock source for PLL in these cases HSE will not dis
3375:stm/stm32f4xx/STM32F4xx_HAL_Driver/Src/stm32f4xx_hal_rcc_ex.c **** #if defined(STM32F446xx)
3376:stm/stm32f4xx/STM32F4xx_HAL_Driver/Src/stm32f4xx_hal_rcc_ex.c ****     if((__HAL_RCC_GET_SYSCLK_SOURCE() == RCC_CFGR_SWS_HSE)                                         
 2690              		.loc 1 3376 5 view .LVU890
ARM GAS  /tmp/ccsRaXLF.s 			page 115


 2691              		.loc 1 3376 9 is_stmt 0 view .LVU891
 2692 0014 994B     		ldr	r3, .L317
 2693 0016 9B68     		ldr	r3, [r3, #8]
 2694 0018 03F00C03 		and	r3, r3, #12
 2695              		.loc 1 3376 7 view .LVU892
 2696 001c 042B     		cmp	r3, #4
 2697 001e 32D0     		beq	.L224
3377:stm/stm32f4xx/STM32F4xx_HAL_Driver/Src/stm32f4xx_hal_rcc_ex.c ****       ((__HAL_RCC_GET_SYSCLK_SOURCE() == RCC_CFGR_SWS_PLL) && ((RCC->PLLCFGR & RCC_PLLCFGR_PLLSRC) 
 2698              		.loc 1 3377 9 view .LVU893
 2699 0020 964B     		ldr	r3, .L317
 2700 0022 9B68     		ldr	r3, [r3, #8]
 2701 0024 03F00C03 		and	r3, r3, #12
3376:stm/stm32f4xx/STM32F4xx_HAL_Driver/Src/stm32f4xx_hal_rcc_ex.c ****       ((__HAL_RCC_GET_SYSCLK_SOURCE() == RCC_CFGR_SWS_PLL) && ((RCC->PLLCFGR & RCC_PLLCFGR_PLLSRC) 
 2702              		.loc 1 3376 128 discriminator 1 view .LVU894
 2703 0028 082B     		cmp	r3, #8
 2704 002a 27D0     		beq	.L301
 2705              	.L225:
3378:stm/stm32f4xx/STM32F4xx_HAL_Driver/Src/stm32f4xx_hal_rcc_ex.c ****       ((__HAL_RCC_GET_SYSCLK_SOURCE() == RCC_CFGR_SWS_PLLR) && ((RCC->PLLCFGR & RCC_PLLCFGR_PLLSRC)
 2706              		.loc 1 3378 9 view .LVU895
 2707 002c 934B     		ldr	r3, .L317
 2708 002e 9B68     		ldr	r3, [r3, #8]
 2709 0030 03F00C03 		and	r3, r3, #12
3377:stm/stm32f4xx/STM32F4xx_HAL_Driver/Src/stm32f4xx_hal_rcc_ex.c ****       ((__HAL_RCC_GET_SYSCLK_SOURCE() == RCC_CFGR_SWS_PLL) && ((RCC->PLLCFGR & RCC_PLLCFGR_PLLSRC) 
 2710              		.loc 1 3377 128 discriminator 1 view .LVU896
 2711 0034 0C2B     		cmp	r3, #12
 2712 0036 59D0     		beq	.L302
 2713              	.L226:
3379:stm/stm32f4xx/STM32F4xx_HAL_Driver/Src/stm32f4xx_hal_rcc_ex.c **** #else
3380:stm/stm32f4xx/STM32F4xx_HAL_Driver/Src/stm32f4xx_hal_rcc_ex.c ****     if((__HAL_RCC_GET_SYSCLK_SOURCE() == RCC_CFGR_SWS_HSE)                                         
3381:stm/stm32f4xx/STM32F4xx_HAL_Driver/Src/stm32f4xx_hal_rcc_ex.c ****       ((__HAL_RCC_GET_SYSCLK_SOURCE() == RCC_CFGR_SWS_PLL) && ((RCC->PLLCFGR & RCC_PLLCFGR_PLLSRC) 
3382:stm/stm32f4xx/STM32F4xx_HAL_Driver/Src/stm32f4xx_hal_rcc_ex.c **** #endif /* STM32F446xx */
3383:stm/stm32f4xx/STM32F4xx_HAL_Driver/Src/stm32f4xx_hal_rcc_ex.c ****     {
3384:stm/stm32f4xx/STM32F4xx_HAL_Driver/Src/stm32f4xx_hal_rcc_ex.c ****       if((__HAL_RCC_GET_FLAG(RCC_FLAG_HSERDY) != RESET) && (RCC_OscInitStruct->HSEState == RCC_HSE_
3385:stm/stm32f4xx/STM32F4xx_HAL_Driver/Src/stm32f4xx_hal_rcc_ex.c ****       {
3386:stm/stm32f4xx/STM32F4xx_HAL_Driver/Src/stm32f4xx_hal_rcc_ex.c ****         return HAL_ERROR;
3387:stm/stm32f4xx/STM32F4xx_HAL_Driver/Src/stm32f4xx_hal_rcc_ex.c ****       }
3388:stm/stm32f4xx/STM32F4xx_HAL_Driver/Src/stm32f4xx_hal_rcc_ex.c ****     }
3389:stm/stm32f4xx/STM32F4xx_HAL_Driver/Src/stm32f4xx_hal_rcc_ex.c ****     else
3390:stm/stm32f4xx/STM32F4xx_HAL_Driver/Src/stm32f4xx_hal_rcc_ex.c ****     {
3391:stm/stm32f4xx/STM32F4xx_HAL_Driver/Src/stm32f4xx_hal_rcc_ex.c ****       /* Set the new HSE configuration ---------------------------------------*/
3392:stm/stm32f4xx/STM32F4xx_HAL_Driver/Src/stm32f4xx_hal_rcc_ex.c ****       __HAL_RCC_HSE_CONFIG(RCC_OscInitStruct->HSEState);
 2714              		.loc 1 3392 7 is_stmt 1 view .LVU897
 2715              		.loc 1 3392 7 view .LVU898
 2716 0038 6368     		ldr	r3, [r4, #4]
 2717 003a B3F5803F 		cmp	r3, #65536
 2718 003e 5BD0     		beq	.L303
 2719              		.loc 1 3392 7 discriminator 2 view .LVU899
 2720 0040 B3F5A02F 		cmp	r3, #327680
 2721 0044 5ED0     		beq	.L304
 2722              		.loc 1 3392 7 discriminator 5 view .LVU900
 2723 0046 8D4B     		ldr	r3, .L317
 2724 0048 1A68     		ldr	r2, [r3]
 2725 004a 22F48032 		bic	r2, r2, #65536
 2726 004e 1A60     		str	r2, [r3]
 2727              		.loc 1 3392 7 discriminator 5 view .LVU901
 2728 0050 1A68     		ldr	r2, [r3]
 2729 0052 22F48022 		bic	r2, r2, #262144
ARM GAS  /tmp/ccsRaXLF.s 			page 116


 2730 0056 1A60     		str	r2, [r3]
 2731              	.L228:
 2732              		.loc 1 3392 7 discriminator 7 view .LVU902
3393:stm/stm32f4xx/STM32F4xx_HAL_Driver/Src/stm32f4xx_hal_rcc_ex.c **** 
3394:stm/stm32f4xx/STM32F4xx_HAL_Driver/Src/stm32f4xx_hal_rcc_ex.c ****       /* Check the HSE State */
3395:stm/stm32f4xx/STM32F4xx_HAL_Driver/Src/stm32f4xx_hal_rcc_ex.c ****       if((RCC_OscInitStruct->HSEState) != RCC_HSE_OFF)
 2733              		.loc 1 3395 7 view .LVU903
 2734              		.loc 1 3395 28 is_stmt 0 view .LVU904
 2735 0058 6368     		ldr	r3, [r4, #4]
 2736              		.loc 1 3395 9 view .LVU905
 2737 005a 002B     		cmp	r3, #0
 2738 005c 5CD0     		beq	.L230
3396:stm/stm32f4xx/STM32F4xx_HAL_Driver/Src/stm32f4xx_hal_rcc_ex.c ****       {
3397:stm/stm32f4xx/STM32F4xx_HAL_Driver/Src/stm32f4xx_hal_rcc_ex.c ****         /* Get Start Tick*/
3398:stm/stm32f4xx/STM32F4xx_HAL_Driver/Src/stm32f4xx_hal_rcc_ex.c ****         tickstart = HAL_GetTick();
 2739              		.loc 1 3398 9 is_stmt 1 view .LVU906
 2740              		.loc 1 3398 21 is_stmt 0 view .LVU907
 2741 005e FFF7FEFF 		bl	HAL_GetTick
 2742              	.LVL218:
 2743              		.loc 1 3398 21 view .LVU908
 2744 0062 0546     		mov	r5, r0
 2745              	.LVL219:
3399:stm/stm32f4xx/STM32F4xx_HAL_Driver/Src/stm32f4xx_hal_rcc_ex.c **** 
3400:stm/stm32f4xx/STM32F4xx_HAL_Driver/Src/stm32f4xx_hal_rcc_ex.c ****         /* Wait till HSE is ready */
3401:stm/stm32f4xx/STM32F4xx_HAL_Driver/Src/stm32f4xx_hal_rcc_ex.c ****         while(__HAL_RCC_GET_FLAG(RCC_FLAG_HSERDY) == RESET)
 2746              		.loc 1 3401 9 is_stmt 1 view .LVU909
 2747              	.L231:
 2748              		.loc 1 3401 51 view .LVU910
 2749              		.loc 1 3401 15 is_stmt 0 view .LVU911
 2750 0064 854B     		ldr	r3, .L317
 2751 0066 1B68     		ldr	r3, [r3]
 2752              		.loc 1 3401 51 view .LVU912
 2753 0068 13F4003F 		tst	r3, #131072
 2754 006c 14D1     		bne	.L223
3402:stm/stm32f4xx/STM32F4xx_HAL_Driver/Src/stm32f4xx_hal_rcc_ex.c ****         {
3403:stm/stm32f4xx/STM32F4xx_HAL_Driver/Src/stm32f4xx_hal_rcc_ex.c ****           if((HAL_GetTick() - tickstart ) > HSE_TIMEOUT_VALUE)
 2755              		.loc 1 3403 11 is_stmt 1 view .LVU913
 2756              		.loc 1 3403 15 is_stmt 0 view .LVU914
 2757 006e FFF7FEFF 		bl	HAL_GetTick
 2758              	.LVL220:
 2759              		.loc 1 3403 29 discriminator 1 view .LVU915
 2760 0072 401B     		subs	r0, r0, r5
 2761              		.loc 1 3403 13 discriminator 1 view .LVU916
 2762 0074 6428     		cmp	r0, #100
 2763 0076 F5D9     		bls	.L231
3404:stm/stm32f4xx/STM32F4xx_HAL_Driver/Src/stm32f4xx_hal_rcc_ex.c ****           {
3405:stm/stm32f4xx/STM32F4xx_HAL_Driver/Src/stm32f4xx_hal_rcc_ex.c ****             return HAL_TIMEOUT;
 2764              		.loc 1 3405 20 view .LVU917
 2765 0078 0320     		movs	r0, #3
 2766 007a CCE1     		b	.L222
 2767              	.LVL221:
 2768              	.L301:
3377:stm/stm32f4xx/STM32F4xx_HAL_Driver/Src/stm32f4xx_hal_rcc_ex.c ****       ((__HAL_RCC_GET_SYSCLK_SOURCE() == RCC_CFGR_SWS_PLLR) && ((RCC->PLLCFGR & RCC_PLLCFGR_PLLSRC)
 2769              		.loc 1 3377 68 view .LVU918
 2770 007c 7F4B     		ldr	r3, .L317
 2771 007e 5B68     		ldr	r3, [r3, #4]
3377:stm/stm32f4xx/STM32F4xx_HAL_Driver/Src/stm32f4xx_hal_rcc_ex.c ****       ((__HAL_RCC_GET_SYSCLK_SOURCE() == RCC_CFGR_SWS_PLLR) && ((RCC->PLLCFGR & RCC_PLLCFGR_PLLSRC)
ARM GAS  /tmp/ccsRaXLF.s 			page 117


 2772              		.loc 1 3377 60 view .LVU919
 2773 0080 13F4800F 		tst	r3, #4194304
 2774 0084 D2D0     		beq	.L225
 2775              	.L224:
3384:stm/stm32f4xx/STM32F4xx_HAL_Driver/Src/stm32f4xx_hal_rcc_ex.c ****       {
 2776              		.loc 1 3384 7 is_stmt 1 view .LVU920
3384:stm/stm32f4xx/STM32F4xx_HAL_Driver/Src/stm32f4xx_hal_rcc_ex.c ****       {
 2777              		.loc 1 3384 11 is_stmt 0 view .LVU921
 2778 0086 7D4B     		ldr	r3, .L317
 2779 0088 1B68     		ldr	r3, [r3]
3384:stm/stm32f4xx/STM32F4xx_HAL_Driver/Src/stm32f4xx_hal_rcc_ex.c ****       {
 2780              		.loc 1 3384 9 view .LVU922
 2781 008a 13F4003F 		tst	r3, #131072
 2782 008e 03D0     		beq	.L223
3384:stm/stm32f4xx/STM32F4xx_HAL_Driver/Src/stm32f4xx_hal_rcc_ex.c ****       {
 2783              		.loc 1 3384 78 discriminator 1 view .LVU923
 2784 0090 6368     		ldr	r3, [r4, #4]
3384:stm/stm32f4xx/STM32F4xx_HAL_Driver/Src/stm32f4xx_hal_rcc_ex.c ****       {
 2785              		.loc 1 3384 57 discriminator 1 view .LVU924
 2786 0092 002B     		cmp	r3, #0
 2787 0094 00F0BA81 		beq	.L305
 2788              	.LVL222:
 2789              	.L223:
3406:stm/stm32f4xx/STM32F4xx_HAL_Driver/Src/stm32f4xx_hal_rcc_ex.c ****           }
3407:stm/stm32f4xx/STM32F4xx_HAL_Driver/Src/stm32f4xx_hal_rcc_ex.c ****         }
3408:stm/stm32f4xx/STM32F4xx_HAL_Driver/Src/stm32f4xx_hal_rcc_ex.c ****       }
3409:stm/stm32f4xx/STM32F4xx_HAL_Driver/Src/stm32f4xx_hal_rcc_ex.c ****       else
3410:stm/stm32f4xx/STM32F4xx_HAL_Driver/Src/stm32f4xx_hal_rcc_ex.c ****       {
3411:stm/stm32f4xx/STM32F4xx_HAL_Driver/Src/stm32f4xx_hal_rcc_ex.c ****         /* Get Start Tick*/
3412:stm/stm32f4xx/STM32F4xx_HAL_Driver/Src/stm32f4xx_hal_rcc_ex.c ****         tickstart = HAL_GetTick();
3413:stm/stm32f4xx/STM32F4xx_HAL_Driver/Src/stm32f4xx_hal_rcc_ex.c **** 
3414:stm/stm32f4xx/STM32F4xx_HAL_Driver/Src/stm32f4xx_hal_rcc_ex.c ****         /* Wait till HSE is bypassed or disabled */
3415:stm/stm32f4xx/STM32F4xx_HAL_Driver/Src/stm32f4xx_hal_rcc_ex.c ****         while(__HAL_RCC_GET_FLAG(RCC_FLAG_HSERDY) != RESET)
3416:stm/stm32f4xx/STM32F4xx_HAL_Driver/Src/stm32f4xx_hal_rcc_ex.c ****         {
3417:stm/stm32f4xx/STM32F4xx_HAL_Driver/Src/stm32f4xx_hal_rcc_ex.c ****           if((HAL_GetTick() - tickstart ) > HSE_TIMEOUT_VALUE)
3418:stm/stm32f4xx/STM32F4xx_HAL_Driver/Src/stm32f4xx_hal_rcc_ex.c ****           {
3419:stm/stm32f4xx/STM32F4xx_HAL_Driver/Src/stm32f4xx_hal_rcc_ex.c ****             return HAL_TIMEOUT;
3420:stm/stm32f4xx/STM32F4xx_HAL_Driver/Src/stm32f4xx_hal_rcc_ex.c ****           }
3421:stm/stm32f4xx/STM32F4xx_HAL_Driver/Src/stm32f4xx_hal_rcc_ex.c ****         }
3422:stm/stm32f4xx/STM32F4xx_HAL_Driver/Src/stm32f4xx_hal_rcc_ex.c ****       }
3423:stm/stm32f4xx/STM32F4xx_HAL_Driver/Src/stm32f4xx_hal_rcc_ex.c ****     }
3424:stm/stm32f4xx/STM32F4xx_HAL_Driver/Src/stm32f4xx_hal_rcc_ex.c ****   }
3425:stm/stm32f4xx/STM32F4xx_HAL_Driver/Src/stm32f4xx_hal_rcc_ex.c ****   /*----------------------------- HSI Configuration --------------------------*/
3426:stm/stm32f4xx/STM32F4xx_HAL_Driver/Src/stm32f4xx_hal_rcc_ex.c ****   if(((RCC_OscInitStruct->OscillatorType) & RCC_OSCILLATORTYPE_HSI) == RCC_OSCILLATORTYPE_HSI)
 2790              		.loc 1 3426 3 is_stmt 1 view .LVU925
 2791              		.loc 1 3426 25 is_stmt 0 view .LVU926
 2792 0098 2368     		ldr	r3, [r4]
 2793              		.loc 1 3426 5 view .LVU927
 2794 009a 13F0020F 		tst	r3, #2
 2795 009e 60D0     		beq	.L235
3427:stm/stm32f4xx/STM32F4xx_HAL_Driver/Src/stm32f4xx_hal_rcc_ex.c ****   {
3428:stm/stm32f4xx/STM32F4xx_HAL_Driver/Src/stm32f4xx_hal_rcc_ex.c ****     /* Check the parameters */
3429:stm/stm32f4xx/STM32F4xx_HAL_Driver/Src/stm32f4xx_hal_rcc_ex.c ****     assert_param(IS_RCC_HSI(RCC_OscInitStruct->HSIState));
 2796              		.loc 1 3429 5 is_stmt 1 view .LVU928
3430:stm/stm32f4xx/STM32F4xx_HAL_Driver/Src/stm32f4xx_hal_rcc_ex.c ****     assert_param(IS_RCC_CALIBRATION_VALUE(RCC_OscInitStruct->HSICalibrationValue));
 2797              		.loc 1 3430 5 view .LVU929
3431:stm/stm32f4xx/STM32F4xx_HAL_Driver/Src/stm32f4xx_hal_rcc_ex.c **** 
ARM GAS  /tmp/ccsRaXLF.s 			page 118


3432:stm/stm32f4xx/STM32F4xx_HAL_Driver/Src/stm32f4xx_hal_rcc_ex.c ****     /* Check if HSI is used as system clock or as PLL source when PLL is selected as system clock *
3433:stm/stm32f4xx/STM32F4xx_HAL_Driver/Src/stm32f4xx_hal_rcc_ex.c **** #if defined(STM32F446xx)
3434:stm/stm32f4xx/STM32F4xx_HAL_Driver/Src/stm32f4xx_hal_rcc_ex.c ****     if((__HAL_RCC_GET_SYSCLK_SOURCE() == RCC_CFGR_SWS_HSI)                                         
 2798              		.loc 1 3434 5 view .LVU930
 2799              		.loc 1 3434 9 is_stmt 0 view .LVU931
 2800 00a0 764B     		ldr	r3, .L317
 2801 00a2 9B68     		ldr	r3, [r3, #8]
 2802              		.loc 1 3434 7 view .LVU932
 2803 00a4 13F00C0F 		tst	r3, #12
 2804 00a8 4AD0     		beq	.L236
3435:stm/stm32f4xx/STM32F4xx_HAL_Driver/Src/stm32f4xx_hal_rcc_ex.c ****       ((__HAL_RCC_GET_SYSCLK_SOURCE() == RCC_CFGR_SWS_PLL) && ((RCC->PLLCFGR & RCC_PLLCFGR_PLLSRC) 
 2805              		.loc 1 3435 9 view .LVU933
 2806 00aa 744B     		ldr	r3, .L317
 2807 00ac 9B68     		ldr	r3, [r3, #8]
 2808 00ae 03F00C03 		and	r3, r3, #12
3434:stm/stm32f4xx/STM32F4xx_HAL_Driver/Src/stm32f4xx_hal_rcc_ex.c ****       ((__HAL_RCC_GET_SYSCLK_SOURCE() == RCC_CFGR_SWS_PLL) && ((RCC->PLLCFGR & RCC_PLLCFGR_PLLSRC) 
 2809              		.loc 1 3434 128 discriminator 1 view .LVU934
 2810 00b2 082B     		cmp	r3, #8
 2811 00b4 3FD0     		beq	.L306
 2812              	.L237:
3436:stm/stm32f4xx/STM32F4xx_HAL_Driver/Src/stm32f4xx_hal_rcc_ex.c ****       ((__HAL_RCC_GET_SYSCLK_SOURCE() == RCC_CFGR_SWS_PLLR) && ((RCC->PLLCFGR & RCC_PLLCFGR_PLLSRC)
 2813              		.loc 1 3436 9 view .LVU935
 2814 00b6 714B     		ldr	r3, .L317
 2815 00b8 9B68     		ldr	r3, [r3, #8]
 2816 00ba 03F00C03 		and	r3, r3, #12
3435:stm/stm32f4xx/STM32F4xx_HAL_Driver/Src/stm32f4xx_hal_rcc_ex.c ****       ((__HAL_RCC_GET_SYSCLK_SOURCE() == RCC_CFGR_SWS_PLL) && ((RCC->PLLCFGR & RCC_PLLCFGR_PLLSRC) 
 2817              		.loc 1 3435 128 discriminator 1 view .LVU936
 2818 00be 0C2B     		cmp	r3, #12
 2819 00c0 69D0     		beq	.L307
 2820              	.L238:
3437:stm/stm32f4xx/STM32F4xx_HAL_Driver/Src/stm32f4xx_hal_rcc_ex.c **** #else
3438:stm/stm32f4xx/STM32F4xx_HAL_Driver/Src/stm32f4xx_hal_rcc_ex.c ****     if((__HAL_RCC_GET_SYSCLK_SOURCE() == RCC_CFGR_SWS_HSI)                                         
3439:stm/stm32f4xx/STM32F4xx_HAL_Driver/Src/stm32f4xx_hal_rcc_ex.c ****       ((__HAL_RCC_GET_SYSCLK_SOURCE() == RCC_CFGR_SWS_PLL) && ((RCC->PLLCFGR & RCC_PLLCFGR_PLLSRC) 
3440:stm/stm32f4xx/STM32F4xx_HAL_Driver/Src/stm32f4xx_hal_rcc_ex.c **** #endif /* STM32F446xx */
3441:stm/stm32f4xx/STM32F4xx_HAL_Driver/Src/stm32f4xx_hal_rcc_ex.c ****     {
3442:stm/stm32f4xx/STM32F4xx_HAL_Driver/Src/stm32f4xx_hal_rcc_ex.c ****       /* When HSI is used as system clock it will not disabled */
3443:stm/stm32f4xx/STM32F4xx_HAL_Driver/Src/stm32f4xx_hal_rcc_ex.c ****       if((__HAL_RCC_GET_FLAG(RCC_FLAG_HSIRDY) != RESET) && (RCC_OscInitStruct->HSIState != RCC_HSI_
3444:stm/stm32f4xx/STM32F4xx_HAL_Driver/Src/stm32f4xx_hal_rcc_ex.c ****       {
3445:stm/stm32f4xx/STM32F4xx_HAL_Driver/Src/stm32f4xx_hal_rcc_ex.c ****         return HAL_ERROR;
3446:stm/stm32f4xx/STM32F4xx_HAL_Driver/Src/stm32f4xx_hal_rcc_ex.c ****       }
3447:stm/stm32f4xx/STM32F4xx_HAL_Driver/Src/stm32f4xx_hal_rcc_ex.c ****       /* Otherwise, just the calibration is allowed */
3448:stm/stm32f4xx/STM32F4xx_HAL_Driver/Src/stm32f4xx_hal_rcc_ex.c ****       else
3449:stm/stm32f4xx/STM32F4xx_HAL_Driver/Src/stm32f4xx_hal_rcc_ex.c ****       {
3450:stm/stm32f4xx/STM32F4xx_HAL_Driver/Src/stm32f4xx_hal_rcc_ex.c ****         /* Adjusts the Internal High Speed oscillator (HSI) calibration value.*/
3451:stm/stm32f4xx/STM32F4xx_HAL_Driver/Src/stm32f4xx_hal_rcc_ex.c ****         __HAL_RCC_HSI_CALIBRATIONVALUE_ADJUST(RCC_OscInitStruct->HSICalibrationValue);
3452:stm/stm32f4xx/STM32F4xx_HAL_Driver/Src/stm32f4xx_hal_rcc_ex.c ****       }
3453:stm/stm32f4xx/STM32F4xx_HAL_Driver/Src/stm32f4xx_hal_rcc_ex.c ****     }
3454:stm/stm32f4xx/STM32F4xx_HAL_Driver/Src/stm32f4xx_hal_rcc_ex.c ****     else
3455:stm/stm32f4xx/STM32F4xx_HAL_Driver/Src/stm32f4xx_hal_rcc_ex.c ****     {
3456:stm/stm32f4xx/STM32F4xx_HAL_Driver/Src/stm32f4xx_hal_rcc_ex.c ****       /* Check the HSI State */
3457:stm/stm32f4xx/STM32F4xx_HAL_Driver/Src/stm32f4xx_hal_rcc_ex.c ****       if((RCC_OscInitStruct->HSIState)!= RCC_HSI_OFF)
 2821              		.loc 1 3457 7 is_stmt 1 view .LVU937
 2822              		.loc 1 3457 28 is_stmt 0 view .LVU938
 2823 00c2 E368     		ldr	r3, [r4, #12]
 2824              		.loc 1 3457 9 view .LVU939
 2825 00c4 002B     		cmp	r3, #0
 2826 00c6 75D0     		beq	.L240
ARM GAS  /tmp/ccsRaXLF.s 			page 119


3458:stm/stm32f4xx/STM32F4xx_HAL_Driver/Src/stm32f4xx_hal_rcc_ex.c ****       {
3459:stm/stm32f4xx/STM32F4xx_HAL_Driver/Src/stm32f4xx_hal_rcc_ex.c ****         /* Enable the Internal High Speed oscillator (HSI). */
3460:stm/stm32f4xx/STM32F4xx_HAL_Driver/Src/stm32f4xx_hal_rcc_ex.c ****         __HAL_RCC_HSI_ENABLE();
 2827              		.loc 1 3460 9 is_stmt 1 view .LVU940
 2828 00c8 6D4B     		ldr	r3, .L317+4
 2829 00ca 0122     		movs	r2, #1
 2830 00cc 1A60     		str	r2, [r3]
3461:stm/stm32f4xx/STM32F4xx_HAL_Driver/Src/stm32f4xx_hal_rcc_ex.c **** 
3462:stm/stm32f4xx/STM32F4xx_HAL_Driver/Src/stm32f4xx_hal_rcc_ex.c ****         /* Get Start Tick*/
3463:stm/stm32f4xx/STM32F4xx_HAL_Driver/Src/stm32f4xx_hal_rcc_ex.c ****         tickstart = HAL_GetTick();
 2831              		.loc 1 3463 9 view .LVU941
 2832              		.loc 1 3463 21 is_stmt 0 view .LVU942
 2833 00ce FFF7FEFF 		bl	HAL_GetTick
 2834              	.LVL223:
 2835 00d2 0546     		mov	r5, r0
 2836              	.LVL224:
3464:stm/stm32f4xx/STM32F4xx_HAL_Driver/Src/stm32f4xx_hal_rcc_ex.c **** 
3465:stm/stm32f4xx/STM32F4xx_HAL_Driver/Src/stm32f4xx_hal_rcc_ex.c ****         /* Wait till HSI is ready */
3466:stm/stm32f4xx/STM32F4xx_HAL_Driver/Src/stm32f4xx_hal_rcc_ex.c ****         while(__HAL_RCC_GET_FLAG(RCC_FLAG_HSIRDY) == RESET)
 2837              		.loc 1 3466 9 is_stmt 1 view .LVU943
 2838              	.L241:
 2839              		.loc 1 3466 51 view .LVU944
 2840              		.loc 1 3466 15 is_stmt 0 view .LVU945
 2841 00d4 694B     		ldr	r3, .L317
 2842 00d6 1B68     		ldr	r3, [r3]
 2843              		.loc 1 3466 51 view .LVU946
 2844 00d8 13F0020F 		tst	r3, #2
 2845 00dc 61D1     		bne	.L308
3467:stm/stm32f4xx/STM32F4xx_HAL_Driver/Src/stm32f4xx_hal_rcc_ex.c ****         {
3468:stm/stm32f4xx/STM32F4xx_HAL_Driver/Src/stm32f4xx_hal_rcc_ex.c ****           if((HAL_GetTick() - tickstart ) > HSI_TIMEOUT_VALUE)
 2846              		.loc 1 3468 11 is_stmt 1 view .LVU947
 2847              		.loc 1 3468 15 is_stmt 0 view .LVU948
 2848 00de FFF7FEFF 		bl	HAL_GetTick
 2849              	.LVL225:
 2850              		.loc 1 3468 29 discriminator 1 view .LVU949
 2851 00e2 401B     		subs	r0, r0, r5
 2852              		.loc 1 3468 13 discriminator 1 view .LVU950
 2853 00e4 0228     		cmp	r0, #2
 2854 00e6 F5D9     		bls	.L241
3469:stm/stm32f4xx/STM32F4xx_HAL_Driver/Src/stm32f4xx_hal_rcc_ex.c ****           {
3470:stm/stm32f4xx/STM32F4xx_HAL_Driver/Src/stm32f4xx_hal_rcc_ex.c ****             return HAL_TIMEOUT;
 2855              		.loc 1 3470 20 view .LVU951
 2856 00e8 0320     		movs	r0, #3
 2857 00ea 94E1     		b	.L222
 2858              	.LVL226:
 2859              	.L302:
3378:stm/stm32f4xx/STM32F4xx_HAL_Driver/Src/stm32f4xx_hal_rcc_ex.c **** #else
 2860              		.loc 1 3378 69 view .LVU952
 2861 00ec 634B     		ldr	r3, .L317
 2862 00ee 5B68     		ldr	r3, [r3, #4]
3378:stm/stm32f4xx/STM32F4xx_HAL_Driver/Src/stm32f4xx_hal_rcc_ex.c **** #else
 2863              		.loc 1 3378 61 view .LVU953
 2864 00f0 13F4800F 		tst	r3, #4194304
 2865 00f4 A0D0     		beq	.L226
 2866 00f6 C6E7     		b	.L224
 2867              	.L303:
3392:stm/stm32f4xx/STM32F4xx_HAL_Driver/Src/stm32f4xx_hal_rcc_ex.c **** 
ARM GAS  /tmp/ccsRaXLF.s 			page 120


 2868              		.loc 1 3392 7 is_stmt 1 discriminator 1 view .LVU954
 2869 00f8 604A     		ldr	r2, .L317
 2870 00fa 1368     		ldr	r3, [r2]
 2871 00fc 43F48033 		orr	r3, r3, #65536
 2872 0100 1360     		str	r3, [r2]
 2873 0102 A9E7     		b	.L228
 2874              	.L304:
3392:stm/stm32f4xx/STM32F4xx_HAL_Driver/Src/stm32f4xx_hal_rcc_ex.c **** 
 2875              		.loc 1 3392 7 discriminator 4 view .LVU955
 2876 0104 5D4B     		ldr	r3, .L317
 2877 0106 1A68     		ldr	r2, [r3]
 2878 0108 42F48022 		orr	r2, r2, #262144
 2879 010c 1A60     		str	r2, [r3]
3392:stm/stm32f4xx/STM32F4xx_HAL_Driver/Src/stm32f4xx_hal_rcc_ex.c **** 
 2880              		.loc 1 3392 7 discriminator 4 view .LVU956
 2881 010e 1A68     		ldr	r2, [r3]
 2882 0110 42F48032 		orr	r2, r2, #65536
 2883 0114 1A60     		str	r2, [r3]
 2884 0116 9FE7     		b	.L228
 2885              	.L230:
3412:stm/stm32f4xx/STM32F4xx_HAL_Driver/Src/stm32f4xx_hal_rcc_ex.c **** 
 2886              		.loc 1 3412 9 view .LVU957
3412:stm/stm32f4xx/STM32F4xx_HAL_Driver/Src/stm32f4xx_hal_rcc_ex.c **** 
 2887              		.loc 1 3412 21 is_stmt 0 view .LVU958
 2888 0118 FFF7FEFF 		bl	HAL_GetTick
 2889              	.LVL227:
3412:stm/stm32f4xx/STM32F4xx_HAL_Driver/Src/stm32f4xx_hal_rcc_ex.c **** 
 2890              		.loc 1 3412 21 view .LVU959
 2891 011c 0546     		mov	r5, r0
 2892              	.LVL228:
3415:stm/stm32f4xx/STM32F4xx_HAL_Driver/Src/stm32f4xx_hal_rcc_ex.c ****         {
 2893              		.loc 1 3415 9 is_stmt 1 view .LVU960
 2894              	.L233:
3415:stm/stm32f4xx/STM32F4xx_HAL_Driver/Src/stm32f4xx_hal_rcc_ex.c ****         {
 2895              		.loc 1 3415 51 view .LVU961
3415:stm/stm32f4xx/STM32F4xx_HAL_Driver/Src/stm32f4xx_hal_rcc_ex.c ****         {
 2896              		.loc 1 3415 15 is_stmt 0 view .LVU962
 2897 011e 574B     		ldr	r3, .L317
 2898 0120 1B68     		ldr	r3, [r3]
3415:stm/stm32f4xx/STM32F4xx_HAL_Driver/Src/stm32f4xx_hal_rcc_ex.c ****         {
 2899              		.loc 1 3415 51 view .LVU963
 2900 0122 13F4003F 		tst	r3, #131072
 2901 0126 B7D0     		beq	.L223
3417:stm/stm32f4xx/STM32F4xx_HAL_Driver/Src/stm32f4xx_hal_rcc_ex.c ****           {
 2902              		.loc 1 3417 11 is_stmt 1 view .LVU964
3417:stm/stm32f4xx/STM32F4xx_HAL_Driver/Src/stm32f4xx_hal_rcc_ex.c ****           {
 2903              		.loc 1 3417 15 is_stmt 0 view .LVU965
 2904 0128 FFF7FEFF 		bl	HAL_GetTick
 2905              	.LVL229:
3417:stm/stm32f4xx/STM32F4xx_HAL_Driver/Src/stm32f4xx_hal_rcc_ex.c ****           {
 2906              		.loc 1 3417 29 discriminator 1 view .LVU966
 2907 012c 401B     		subs	r0, r0, r5
3417:stm/stm32f4xx/STM32F4xx_HAL_Driver/Src/stm32f4xx_hal_rcc_ex.c ****           {
 2908              		.loc 1 3417 13 discriminator 1 view .LVU967
 2909 012e 6428     		cmp	r0, #100
 2910 0130 F5D9     		bls	.L233
3419:stm/stm32f4xx/STM32F4xx_HAL_Driver/Src/stm32f4xx_hal_rcc_ex.c ****           }
ARM GAS  /tmp/ccsRaXLF.s 			page 121


 2911              		.loc 1 3419 20 view .LVU968
 2912 0132 0320     		movs	r0, #3
 2913 0134 6FE1     		b	.L222
 2914              	.LVL230:
 2915              	.L306:
3435:stm/stm32f4xx/STM32F4xx_HAL_Driver/Src/stm32f4xx_hal_rcc_ex.c ****       ((__HAL_RCC_GET_SYSCLK_SOURCE() == RCC_CFGR_SWS_PLLR) && ((RCC->PLLCFGR & RCC_PLLCFGR_PLLSRC)
 2916              		.loc 1 3435 68 view .LVU969
 2917 0136 514B     		ldr	r3, .L317
 2918 0138 5B68     		ldr	r3, [r3, #4]
3435:stm/stm32f4xx/STM32F4xx_HAL_Driver/Src/stm32f4xx_hal_rcc_ex.c ****       ((__HAL_RCC_GET_SYSCLK_SOURCE() == RCC_CFGR_SWS_PLLR) && ((RCC->PLLCFGR & RCC_PLLCFGR_PLLSRC)
 2919              		.loc 1 3435 60 view .LVU970
 2920 013a 13F4800F 		tst	r3, #4194304
 2921 013e BAD1     		bne	.L237
 2922              	.L236:
3443:stm/stm32f4xx/STM32F4xx_HAL_Driver/Src/stm32f4xx_hal_rcc_ex.c ****       {
 2923              		.loc 1 3443 7 is_stmt 1 view .LVU971
3443:stm/stm32f4xx/STM32F4xx_HAL_Driver/Src/stm32f4xx_hal_rcc_ex.c ****       {
 2924              		.loc 1 3443 11 is_stmt 0 view .LVU972
 2925 0140 4E4B     		ldr	r3, .L317
 2926 0142 1B68     		ldr	r3, [r3]
3443:stm/stm32f4xx/STM32F4xx_HAL_Driver/Src/stm32f4xx_hal_rcc_ex.c ****       {
 2927              		.loc 1 3443 9 view .LVU973
 2928 0144 13F0020F 		tst	r3, #2
 2929 0148 03D0     		beq	.L239
3443:stm/stm32f4xx/STM32F4xx_HAL_Driver/Src/stm32f4xx_hal_rcc_ex.c ****       {
 2930              		.loc 1 3443 78 discriminator 1 view .LVU974
 2931 014a E368     		ldr	r3, [r4, #12]
3443:stm/stm32f4xx/STM32F4xx_HAL_Driver/Src/stm32f4xx_hal_rcc_ex.c ****       {
 2932              		.loc 1 3443 57 discriminator 1 view .LVU975
 2933 014c 012B     		cmp	r3, #1
 2934 014e 40F05F81 		bne	.L277
 2935              	.L239:
3451:stm/stm32f4xx/STM32F4xx_HAL_Driver/Src/stm32f4xx_hal_rcc_ex.c ****       }
 2936              		.loc 1 3451 9 is_stmt 1 view .LVU976
 2937 0152 4A4A     		ldr	r2, .L317
 2938 0154 1368     		ldr	r3, [r2]
 2939 0156 23F0F803 		bic	r3, r3, #248
 2940 015a 2169     		ldr	r1, [r4, #16]
 2941 015c 43EAC103 		orr	r3, r3, r1, lsl #3
 2942 0160 1360     		str	r3, [r2]
 2943              	.L235:
3471:stm/stm32f4xx/STM32F4xx_HAL_Driver/Src/stm32f4xx_hal_rcc_ex.c ****           }
3472:stm/stm32f4xx/STM32F4xx_HAL_Driver/Src/stm32f4xx_hal_rcc_ex.c ****         }
3473:stm/stm32f4xx/STM32F4xx_HAL_Driver/Src/stm32f4xx_hal_rcc_ex.c **** 
3474:stm/stm32f4xx/STM32F4xx_HAL_Driver/Src/stm32f4xx_hal_rcc_ex.c ****         /* Adjusts the Internal High Speed oscillator (HSI) calibration value.*/
3475:stm/stm32f4xx/STM32F4xx_HAL_Driver/Src/stm32f4xx_hal_rcc_ex.c ****         __HAL_RCC_HSI_CALIBRATIONVALUE_ADJUST(RCC_OscInitStruct->HSICalibrationValue);
3476:stm/stm32f4xx/STM32F4xx_HAL_Driver/Src/stm32f4xx_hal_rcc_ex.c ****       }
3477:stm/stm32f4xx/STM32F4xx_HAL_Driver/Src/stm32f4xx_hal_rcc_ex.c ****       else
3478:stm/stm32f4xx/STM32F4xx_HAL_Driver/Src/stm32f4xx_hal_rcc_ex.c ****       {
3479:stm/stm32f4xx/STM32F4xx_HAL_Driver/Src/stm32f4xx_hal_rcc_ex.c ****         /* Disable the Internal High Speed oscillator (HSI). */
3480:stm/stm32f4xx/STM32F4xx_HAL_Driver/Src/stm32f4xx_hal_rcc_ex.c ****         __HAL_RCC_HSI_DISABLE();
3481:stm/stm32f4xx/STM32F4xx_HAL_Driver/Src/stm32f4xx_hal_rcc_ex.c **** 
3482:stm/stm32f4xx/STM32F4xx_HAL_Driver/Src/stm32f4xx_hal_rcc_ex.c ****         /* Get Start Tick*/
3483:stm/stm32f4xx/STM32F4xx_HAL_Driver/Src/stm32f4xx_hal_rcc_ex.c ****         tickstart = HAL_GetTick();
3484:stm/stm32f4xx/STM32F4xx_HAL_Driver/Src/stm32f4xx_hal_rcc_ex.c **** 
3485:stm/stm32f4xx/STM32F4xx_HAL_Driver/Src/stm32f4xx_hal_rcc_ex.c ****         /* Wait till HSI is ready */
3486:stm/stm32f4xx/STM32F4xx_HAL_Driver/Src/stm32f4xx_hal_rcc_ex.c ****         while(__HAL_RCC_GET_FLAG(RCC_FLAG_HSIRDY) != RESET)
ARM GAS  /tmp/ccsRaXLF.s 			page 122


3487:stm/stm32f4xx/STM32F4xx_HAL_Driver/Src/stm32f4xx_hal_rcc_ex.c ****         {
3488:stm/stm32f4xx/STM32F4xx_HAL_Driver/Src/stm32f4xx_hal_rcc_ex.c ****           if((HAL_GetTick() - tickstart ) > HSI_TIMEOUT_VALUE)
3489:stm/stm32f4xx/STM32F4xx_HAL_Driver/Src/stm32f4xx_hal_rcc_ex.c ****           {
3490:stm/stm32f4xx/STM32F4xx_HAL_Driver/Src/stm32f4xx_hal_rcc_ex.c ****             return HAL_TIMEOUT;
3491:stm/stm32f4xx/STM32F4xx_HAL_Driver/Src/stm32f4xx_hal_rcc_ex.c ****           }
3492:stm/stm32f4xx/STM32F4xx_HAL_Driver/Src/stm32f4xx_hal_rcc_ex.c ****         }
3493:stm/stm32f4xx/STM32F4xx_HAL_Driver/Src/stm32f4xx_hal_rcc_ex.c ****       }
3494:stm/stm32f4xx/STM32F4xx_HAL_Driver/Src/stm32f4xx_hal_rcc_ex.c ****     }
3495:stm/stm32f4xx/STM32F4xx_HAL_Driver/Src/stm32f4xx_hal_rcc_ex.c ****   }
3496:stm/stm32f4xx/STM32F4xx_HAL_Driver/Src/stm32f4xx_hal_rcc_ex.c ****   /*------------------------------ LSI Configuration -------------------------*/
3497:stm/stm32f4xx/STM32F4xx_HAL_Driver/Src/stm32f4xx_hal_rcc_ex.c ****   if(((RCC_OscInitStruct->OscillatorType) & RCC_OSCILLATORTYPE_LSI) == RCC_OSCILLATORTYPE_LSI)
 2944              		.loc 1 3497 3 view .LVU977
 2945              		.loc 1 3497 25 is_stmt 0 view .LVU978
 2946 0162 2368     		ldr	r3, [r4]
 2947              		.loc 1 3497 5 view .LVU979
 2948 0164 13F0080F 		tst	r3, #8
 2949 0168 49D0     		beq	.L245
3498:stm/stm32f4xx/STM32F4xx_HAL_Driver/Src/stm32f4xx_hal_rcc_ex.c ****   {
3499:stm/stm32f4xx/STM32F4xx_HAL_Driver/Src/stm32f4xx_hal_rcc_ex.c ****     /* Check the parameters */
3500:stm/stm32f4xx/STM32F4xx_HAL_Driver/Src/stm32f4xx_hal_rcc_ex.c ****     assert_param(IS_RCC_LSI(RCC_OscInitStruct->LSIState));
 2950              		.loc 1 3500 5 is_stmt 1 view .LVU980
3501:stm/stm32f4xx/STM32F4xx_HAL_Driver/Src/stm32f4xx_hal_rcc_ex.c **** 
3502:stm/stm32f4xx/STM32F4xx_HAL_Driver/Src/stm32f4xx_hal_rcc_ex.c ****     /* Check the LSI State */
3503:stm/stm32f4xx/STM32F4xx_HAL_Driver/Src/stm32f4xx_hal_rcc_ex.c ****     if((RCC_OscInitStruct->LSIState)!= RCC_LSI_OFF)
 2951              		.loc 1 3503 5 view .LVU981
 2952              		.loc 1 3503 26 is_stmt 0 view .LVU982
 2953 016a 6369     		ldr	r3, [r4, #20]
 2954              		.loc 1 3503 7 view .LVU983
 2955 016c 002B     		cmp	r3, #0
 2956 016e 33D0     		beq	.L246
3504:stm/stm32f4xx/STM32F4xx_HAL_Driver/Src/stm32f4xx_hal_rcc_ex.c ****     {
3505:stm/stm32f4xx/STM32F4xx_HAL_Driver/Src/stm32f4xx_hal_rcc_ex.c ****       /* Enable the Internal Low Speed oscillator (LSI). */
3506:stm/stm32f4xx/STM32F4xx_HAL_Driver/Src/stm32f4xx_hal_rcc_ex.c ****       __HAL_RCC_LSI_ENABLE();
 2957              		.loc 1 3506 7 is_stmt 1 view .LVU984
 2958 0170 434B     		ldr	r3, .L317+4
 2959 0172 0122     		movs	r2, #1
 2960 0174 C3F8802E 		str	r2, [r3, #3712]
3507:stm/stm32f4xx/STM32F4xx_HAL_Driver/Src/stm32f4xx_hal_rcc_ex.c **** 
3508:stm/stm32f4xx/STM32F4xx_HAL_Driver/Src/stm32f4xx_hal_rcc_ex.c ****       /* Get Start Tick*/
3509:stm/stm32f4xx/STM32F4xx_HAL_Driver/Src/stm32f4xx_hal_rcc_ex.c ****       tickstart = HAL_GetTick();
 2961              		.loc 1 3509 7 view .LVU985
 2962              		.loc 1 3509 19 is_stmt 0 view .LVU986
 2963 0178 FFF7FEFF 		bl	HAL_GetTick
 2964              	.LVL231:
 2965 017c 0546     		mov	r5, r0
 2966              	.LVL232:
3510:stm/stm32f4xx/STM32F4xx_HAL_Driver/Src/stm32f4xx_hal_rcc_ex.c **** 
3511:stm/stm32f4xx/STM32F4xx_HAL_Driver/Src/stm32f4xx_hal_rcc_ex.c ****       /* Wait till LSI is ready */
3512:stm/stm32f4xx/STM32F4xx_HAL_Driver/Src/stm32f4xx_hal_rcc_ex.c ****       while(__HAL_RCC_GET_FLAG(RCC_FLAG_LSIRDY) == RESET)
 2967              		.loc 1 3512 7 is_stmt 1 view .LVU987
 2968              	.L247:
 2969              		.loc 1 3512 49 view .LVU988
 2970              		.loc 1 3512 13 is_stmt 0 view .LVU989
 2971 017e 3F4B     		ldr	r3, .L317
 2972 0180 5B6F     		ldr	r3, [r3, #116]
 2973              		.loc 1 3512 49 view .LVU990
 2974 0182 13F0020F 		tst	r3, #2
ARM GAS  /tmp/ccsRaXLF.s 			page 123


 2975 0186 3AD1     		bne	.L245
3513:stm/stm32f4xx/STM32F4xx_HAL_Driver/Src/stm32f4xx_hal_rcc_ex.c ****       {
3514:stm/stm32f4xx/STM32F4xx_HAL_Driver/Src/stm32f4xx_hal_rcc_ex.c ****         if((HAL_GetTick() - tickstart ) > LSI_TIMEOUT_VALUE)
 2976              		.loc 1 3514 9 is_stmt 1 view .LVU991
 2977              		.loc 1 3514 13 is_stmt 0 view .LVU992
 2978 0188 FFF7FEFF 		bl	HAL_GetTick
 2979              	.LVL233:
 2980              		.loc 1 3514 27 discriminator 1 view .LVU993
 2981 018c 401B     		subs	r0, r0, r5
 2982              		.loc 1 3514 11 discriminator 1 view .LVU994
 2983 018e 0228     		cmp	r0, #2
 2984 0190 F5D9     		bls	.L247
3515:stm/stm32f4xx/STM32F4xx_HAL_Driver/Src/stm32f4xx_hal_rcc_ex.c ****         {
3516:stm/stm32f4xx/STM32F4xx_HAL_Driver/Src/stm32f4xx_hal_rcc_ex.c ****           return HAL_TIMEOUT;
 2985              		.loc 1 3516 18 view .LVU995
 2986 0192 0320     		movs	r0, #3
 2987 0194 3FE1     		b	.L222
 2988              	.LVL234:
 2989              	.L307:
3436:stm/stm32f4xx/STM32F4xx_HAL_Driver/Src/stm32f4xx_hal_rcc_ex.c **** #else
 2990              		.loc 1 3436 69 view .LVU996
 2991 0196 394B     		ldr	r3, .L317
 2992 0198 5B68     		ldr	r3, [r3, #4]
3436:stm/stm32f4xx/STM32F4xx_HAL_Driver/Src/stm32f4xx_hal_rcc_ex.c **** #else
 2993              		.loc 1 3436 61 view .LVU997
 2994 019a 13F4800F 		tst	r3, #4194304
 2995 019e 90D1     		bne	.L238
 2996 01a0 CEE7     		b	.L236
 2997              	.LVL235:
 2998              	.L308:
3475:stm/stm32f4xx/STM32F4xx_HAL_Driver/Src/stm32f4xx_hal_rcc_ex.c ****       }
 2999              		.loc 1 3475 9 is_stmt 1 view .LVU998
 3000 01a2 364A     		ldr	r2, .L317
 3001 01a4 1368     		ldr	r3, [r2]
 3002 01a6 23F0F803 		bic	r3, r3, #248
 3003 01aa 2169     		ldr	r1, [r4, #16]
 3004 01ac 43EAC103 		orr	r3, r3, r1, lsl #3
 3005 01b0 1360     		str	r3, [r2]
 3006 01b2 D6E7     		b	.L235
 3007              	.LVL236:
 3008              	.L240:
3480:stm/stm32f4xx/STM32F4xx_HAL_Driver/Src/stm32f4xx_hal_rcc_ex.c **** 
 3009              		.loc 1 3480 9 view .LVU999
 3010 01b4 324B     		ldr	r3, .L317+4
 3011 01b6 0022     		movs	r2, #0
 3012 01b8 1A60     		str	r2, [r3]
3483:stm/stm32f4xx/STM32F4xx_HAL_Driver/Src/stm32f4xx_hal_rcc_ex.c **** 
 3013              		.loc 1 3483 9 view .LVU1000
3483:stm/stm32f4xx/STM32F4xx_HAL_Driver/Src/stm32f4xx_hal_rcc_ex.c **** 
 3014              		.loc 1 3483 21 is_stmt 0 view .LVU1001
 3015 01ba FFF7FEFF 		bl	HAL_GetTick
 3016              	.LVL237:
 3017 01be 0546     		mov	r5, r0
 3018              	.LVL238:
3486:stm/stm32f4xx/STM32F4xx_HAL_Driver/Src/stm32f4xx_hal_rcc_ex.c ****         {
 3019              		.loc 1 3486 9 is_stmt 1 view .LVU1002
 3020              	.L243:
ARM GAS  /tmp/ccsRaXLF.s 			page 124


3486:stm/stm32f4xx/STM32F4xx_HAL_Driver/Src/stm32f4xx_hal_rcc_ex.c ****         {
 3021              		.loc 1 3486 51 view .LVU1003
3486:stm/stm32f4xx/STM32F4xx_HAL_Driver/Src/stm32f4xx_hal_rcc_ex.c ****         {
 3022              		.loc 1 3486 15 is_stmt 0 view .LVU1004
 3023 01c0 2E4B     		ldr	r3, .L317
 3024 01c2 1B68     		ldr	r3, [r3]
3486:stm/stm32f4xx/STM32F4xx_HAL_Driver/Src/stm32f4xx_hal_rcc_ex.c ****         {
 3025              		.loc 1 3486 51 view .LVU1005
 3026 01c4 13F0020F 		tst	r3, #2
 3027 01c8 CBD0     		beq	.L235
3488:stm/stm32f4xx/STM32F4xx_HAL_Driver/Src/stm32f4xx_hal_rcc_ex.c ****           {
 3028              		.loc 1 3488 11 is_stmt 1 view .LVU1006
3488:stm/stm32f4xx/STM32F4xx_HAL_Driver/Src/stm32f4xx_hal_rcc_ex.c ****           {
 3029              		.loc 1 3488 15 is_stmt 0 view .LVU1007
 3030 01ca FFF7FEFF 		bl	HAL_GetTick
 3031              	.LVL239:
3488:stm/stm32f4xx/STM32F4xx_HAL_Driver/Src/stm32f4xx_hal_rcc_ex.c ****           {
 3032              		.loc 1 3488 29 discriminator 1 view .LVU1008
 3033 01ce 401B     		subs	r0, r0, r5
3488:stm/stm32f4xx/STM32F4xx_HAL_Driver/Src/stm32f4xx_hal_rcc_ex.c ****           {
 3034              		.loc 1 3488 13 discriminator 1 view .LVU1009
 3035 01d0 0228     		cmp	r0, #2
 3036 01d2 F5D9     		bls	.L243
3490:stm/stm32f4xx/STM32F4xx_HAL_Driver/Src/stm32f4xx_hal_rcc_ex.c ****           }
 3037              		.loc 1 3490 20 view .LVU1010
 3038 01d4 0320     		movs	r0, #3
 3039 01d6 1EE1     		b	.L222
 3040              	.LVL240:
 3041              	.L246:
3517:stm/stm32f4xx/STM32F4xx_HAL_Driver/Src/stm32f4xx_hal_rcc_ex.c ****         }
3518:stm/stm32f4xx/STM32F4xx_HAL_Driver/Src/stm32f4xx_hal_rcc_ex.c ****       }
3519:stm/stm32f4xx/STM32F4xx_HAL_Driver/Src/stm32f4xx_hal_rcc_ex.c ****     }
3520:stm/stm32f4xx/STM32F4xx_HAL_Driver/Src/stm32f4xx_hal_rcc_ex.c ****     else
3521:stm/stm32f4xx/STM32F4xx_HAL_Driver/Src/stm32f4xx_hal_rcc_ex.c ****     {
3522:stm/stm32f4xx/STM32F4xx_HAL_Driver/Src/stm32f4xx_hal_rcc_ex.c ****       /* Disable the Internal Low Speed oscillator (LSI). */
3523:stm/stm32f4xx/STM32F4xx_HAL_Driver/Src/stm32f4xx_hal_rcc_ex.c ****       __HAL_RCC_LSI_DISABLE();
 3042              		.loc 1 3523 7 is_stmt 1 view .LVU1011
 3043 01d8 294B     		ldr	r3, .L317+4
 3044 01da 0022     		movs	r2, #0
 3045 01dc C3F8802E 		str	r2, [r3, #3712]
3524:stm/stm32f4xx/STM32F4xx_HAL_Driver/Src/stm32f4xx_hal_rcc_ex.c **** 
3525:stm/stm32f4xx/STM32F4xx_HAL_Driver/Src/stm32f4xx_hal_rcc_ex.c ****       /* Get Start Tick*/
3526:stm/stm32f4xx/STM32F4xx_HAL_Driver/Src/stm32f4xx_hal_rcc_ex.c ****       tickstart = HAL_GetTick();
 3046              		.loc 1 3526 7 view .LVU1012
 3047              		.loc 1 3526 19 is_stmt 0 view .LVU1013
 3048 01e0 FFF7FEFF 		bl	HAL_GetTick
 3049              	.LVL241:
 3050 01e4 0546     		mov	r5, r0
 3051              	.LVL242:
3527:stm/stm32f4xx/STM32F4xx_HAL_Driver/Src/stm32f4xx_hal_rcc_ex.c **** 
3528:stm/stm32f4xx/STM32F4xx_HAL_Driver/Src/stm32f4xx_hal_rcc_ex.c ****       /* Wait till LSI is ready */
3529:stm/stm32f4xx/STM32F4xx_HAL_Driver/Src/stm32f4xx_hal_rcc_ex.c ****       while(__HAL_RCC_GET_FLAG(RCC_FLAG_LSIRDY) != RESET)
 3052              		.loc 1 3529 7 is_stmt 1 view .LVU1014
 3053              	.L249:
 3054              		.loc 1 3529 49 view .LVU1015
 3055              		.loc 1 3529 13 is_stmt 0 view .LVU1016
 3056 01e6 254B     		ldr	r3, .L317
ARM GAS  /tmp/ccsRaXLF.s 			page 125


 3057 01e8 5B6F     		ldr	r3, [r3, #116]
 3058              		.loc 1 3529 49 view .LVU1017
 3059 01ea 13F0020F 		tst	r3, #2
 3060 01ee 06D0     		beq	.L245
3530:stm/stm32f4xx/STM32F4xx_HAL_Driver/Src/stm32f4xx_hal_rcc_ex.c ****       {
3531:stm/stm32f4xx/STM32F4xx_HAL_Driver/Src/stm32f4xx_hal_rcc_ex.c ****         if((HAL_GetTick() - tickstart ) > LSI_TIMEOUT_VALUE)
 3061              		.loc 1 3531 9 is_stmt 1 view .LVU1018
 3062              		.loc 1 3531 13 is_stmt 0 view .LVU1019
 3063 01f0 FFF7FEFF 		bl	HAL_GetTick
 3064              	.LVL243:
 3065              		.loc 1 3531 27 discriminator 1 view .LVU1020
 3066 01f4 401B     		subs	r0, r0, r5
 3067              		.loc 1 3531 11 discriminator 1 view .LVU1021
 3068 01f6 0228     		cmp	r0, #2
 3069 01f8 F5D9     		bls	.L249
3532:stm/stm32f4xx/STM32F4xx_HAL_Driver/Src/stm32f4xx_hal_rcc_ex.c ****         {
3533:stm/stm32f4xx/STM32F4xx_HAL_Driver/Src/stm32f4xx_hal_rcc_ex.c ****           return HAL_TIMEOUT;
 3070              		.loc 1 3533 18 view .LVU1022
 3071 01fa 0320     		movs	r0, #3
 3072 01fc 0BE1     		b	.L222
 3073              	.LVL244:
 3074              	.L245:
3534:stm/stm32f4xx/STM32F4xx_HAL_Driver/Src/stm32f4xx_hal_rcc_ex.c ****         }
3535:stm/stm32f4xx/STM32F4xx_HAL_Driver/Src/stm32f4xx_hal_rcc_ex.c ****       }
3536:stm/stm32f4xx/STM32F4xx_HAL_Driver/Src/stm32f4xx_hal_rcc_ex.c ****     }
3537:stm/stm32f4xx/STM32F4xx_HAL_Driver/Src/stm32f4xx_hal_rcc_ex.c ****   }
3538:stm/stm32f4xx/STM32F4xx_HAL_Driver/Src/stm32f4xx_hal_rcc_ex.c ****   /*------------------------------ LSE Configuration -------------------------*/
3539:stm/stm32f4xx/STM32F4xx_HAL_Driver/Src/stm32f4xx_hal_rcc_ex.c ****   if(((RCC_OscInitStruct->OscillatorType) & RCC_OSCILLATORTYPE_LSE) == RCC_OSCILLATORTYPE_LSE)
 3075              		.loc 1 3539 3 is_stmt 1 view .LVU1023
 3076              		.loc 1 3539 25 is_stmt 0 view .LVU1024
 3077 01fe 2368     		ldr	r3, [r4]
 3078              		.loc 1 3539 5 view .LVU1025
 3079 0200 13F0040F 		tst	r3, #4
 3080 0204 76D0     		beq	.L251
 3081              	.LBB3:
3540:stm/stm32f4xx/STM32F4xx_HAL_Driver/Src/stm32f4xx_hal_rcc_ex.c ****   {
3541:stm/stm32f4xx/STM32F4xx_HAL_Driver/Src/stm32f4xx_hal_rcc_ex.c ****     FlagStatus       pwrclkchanged = RESET;
 3082              		.loc 1 3541 5 is_stmt 1 view .LVU1026
 3083              	.LVL245:
3542:stm/stm32f4xx/STM32F4xx_HAL_Driver/Src/stm32f4xx_hal_rcc_ex.c **** 
3543:stm/stm32f4xx/STM32F4xx_HAL_Driver/Src/stm32f4xx_hal_rcc_ex.c ****     /* Check the parameters */
3544:stm/stm32f4xx/STM32F4xx_HAL_Driver/Src/stm32f4xx_hal_rcc_ex.c ****     assert_param(IS_RCC_LSE(RCC_OscInitStruct->LSEState));
 3084              		.loc 1 3544 5 view .LVU1027
3545:stm/stm32f4xx/STM32F4xx_HAL_Driver/Src/stm32f4xx_hal_rcc_ex.c **** 
3546:stm/stm32f4xx/STM32F4xx_HAL_Driver/Src/stm32f4xx_hal_rcc_ex.c ****     /* Update LSE configuration in Backup Domain control register    */
3547:stm/stm32f4xx/STM32F4xx_HAL_Driver/Src/stm32f4xx_hal_rcc_ex.c ****     /* Requires to enable write access to Backup Domain of necessary */
3548:stm/stm32f4xx/STM32F4xx_HAL_Driver/Src/stm32f4xx_hal_rcc_ex.c ****     if(__HAL_RCC_PWR_IS_CLK_DISABLED())
 3085              		.loc 1 3548 5 view .LVU1028
 3086              		.loc 1 3548 8 is_stmt 0 view .LVU1029
 3087 0206 1D4B     		ldr	r3, .L317
 3088 0208 1B6C     		ldr	r3, [r3, #64]
 3089              		.loc 1 3548 7 view .LVU1030
 3090 020a 13F0805F 		tst	r3, #268435456
 3091 020e 33D1     		bne	.L282
3549:stm/stm32f4xx/STM32F4xx_HAL_Driver/Src/stm32f4xx_hal_rcc_ex.c ****     {
3550:stm/stm32f4xx/STM32F4xx_HAL_Driver/Src/stm32f4xx_hal_rcc_ex.c ****       __HAL_RCC_PWR_CLK_ENABLE();
 3092              		.loc 1 3550 7 is_stmt 1 view .LVU1031
ARM GAS  /tmp/ccsRaXLF.s 			page 126


 3093              	.LBB4:
 3094              		.loc 1 3550 7 view .LVU1032
 3095 0210 0023     		movs	r3, #0
 3096 0212 0193     		str	r3, [sp, #4]
 3097              		.loc 1 3550 7 view .LVU1033
 3098 0214 194B     		ldr	r3, .L317
 3099 0216 1A6C     		ldr	r2, [r3, #64]
 3100 0218 42F08052 		orr	r2, r2, #268435456
 3101 021c 1A64     		str	r2, [r3, #64]
 3102              		.loc 1 3550 7 view .LVU1034
 3103 021e 1B6C     		ldr	r3, [r3, #64]
 3104 0220 03F08053 		and	r3, r3, #268435456
 3105 0224 0193     		str	r3, [sp, #4]
 3106              		.loc 1 3550 7 view .LVU1035
 3107 0226 019B     		ldr	r3, [sp, #4]
 3108              	.LBE4:
 3109              		.loc 1 3550 7 view .LVU1036
3551:stm/stm32f4xx/STM32F4xx_HAL_Driver/Src/stm32f4xx_hal_rcc_ex.c ****       pwrclkchanged = SET;
 3110              		.loc 1 3551 7 view .LVU1037
 3111              	.LVL246:
 3112              		.loc 1 3551 21 is_stmt 0 view .LVU1038
 3113 0228 0125     		movs	r5, #1
 3114              	.LVL247:
 3115              	.L252:
3552:stm/stm32f4xx/STM32F4xx_HAL_Driver/Src/stm32f4xx_hal_rcc_ex.c ****     }
3553:stm/stm32f4xx/STM32F4xx_HAL_Driver/Src/stm32f4xx_hal_rcc_ex.c **** 
3554:stm/stm32f4xx/STM32F4xx_HAL_Driver/Src/stm32f4xx_hal_rcc_ex.c ****     if(HAL_IS_BIT_CLR(PWR->CR, PWR_CR_DBP))
 3116              		.loc 1 3554 5 is_stmt 1 view .LVU1039
 3117              		.loc 1 3554 8 is_stmt 0 view .LVU1040
 3118 022a 164B     		ldr	r3, .L317+8
 3119 022c 1B68     		ldr	r3, [r3]
 3120              		.loc 1 3554 7 view .LVU1041
 3121 022e 13F4807F 		tst	r3, #256
 3122 0232 29D0     		beq	.L309
 3123              	.L253:
3555:stm/stm32f4xx/STM32F4xx_HAL_Driver/Src/stm32f4xx_hal_rcc_ex.c ****     {
3556:stm/stm32f4xx/STM32F4xx_HAL_Driver/Src/stm32f4xx_hal_rcc_ex.c ****       /* Enable write access to Backup domain */
3557:stm/stm32f4xx/STM32F4xx_HAL_Driver/Src/stm32f4xx_hal_rcc_ex.c ****       SET_BIT(PWR->CR, PWR_CR_DBP);
3558:stm/stm32f4xx/STM32F4xx_HAL_Driver/Src/stm32f4xx_hal_rcc_ex.c **** 
3559:stm/stm32f4xx/STM32F4xx_HAL_Driver/Src/stm32f4xx_hal_rcc_ex.c ****       /* Wait for Backup domain Write protection disable */
3560:stm/stm32f4xx/STM32F4xx_HAL_Driver/Src/stm32f4xx_hal_rcc_ex.c ****       tickstart = HAL_GetTick();
3561:stm/stm32f4xx/STM32F4xx_HAL_Driver/Src/stm32f4xx_hal_rcc_ex.c **** 
3562:stm/stm32f4xx/STM32F4xx_HAL_Driver/Src/stm32f4xx_hal_rcc_ex.c ****       while(HAL_IS_BIT_CLR(PWR->CR, PWR_CR_DBP))
3563:stm/stm32f4xx/STM32F4xx_HAL_Driver/Src/stm32f4xx_hal_rcc_ex.c ****       {
3564:stm/stm32f4xx/STM32F4xx_HAL_Driver/Src/stm32f4xx_hal_rcc_ex.c ****         if((HAL_GetTick() - tickstart) > RCC_DBP_TIMEOUT_VALUE)
3565:stm/stm32f4xx/STM32F4xx_HAL_Driver/Src/stm32f4xx_hal_rcc_ex.c ****         {
3566:stm/stm32f4xx/STM32F4xx_HAL_Driver/Src/stm32f4xx_hal_rcc_ex.c ****           return HAL_TIMEOUT;
3567:stm/stm32f4xx/STM32F4xx_HAL_Driver/Src/stm32f4xx_hal_rcc_ex.c ****         }
3568:stm/stm32f4xx/STM32F4xx_HAL_Driver/Src/stm32f4xx_hal_rcc_ex.c ****       }
3569:stm/stm32f4xx/STM32F4xx_HAL_Driver/Src/stm32f4xx_hal_rcc_ex.c ****     }
3570:stm/stm32f4xx/STM32F4xx_HAL_Driver/Src/stm32f4xx_hal_rcc_ex.c **** 
3571:stm/stm32f4xx/STM32F4xx_HAL_Driver/Src/stm32f4xx_hal_rcc_ex.c ****     /* Set the new LSE configuration -----------------------------------------*/
3572:stm/stm32f4xx/STM32F4xx_HAL_Driver/Src/stm32f4xx_hal_rcc_ex.c ****     __HAL_RCC_LSE_CONFIG(RCC_OscInitStruct->LSEState);
 3124              		.loc 1 3572 5 is_stmt 1 view .LVU1042
 3125              		.loc 1 3572 5 view .LVU1043
 3126 0234 A368     		ldr	r3, [r4, #8]
 3127 0236 012B     		cmp	r3, #1
ARM GAS  /tmp/ccsRaXLF.s 			page 127


 3128 0238 3AD0     		beq	.L310
 3129              		.loc 1 3572 5 discriminator 2 view .LVU1044
 3130 023a 052B     		cmp	r3, #5
 3131 023c 3ED0     		beq	.L311
 3132              		.loc 1 3572 5 discriminator 5 view .LVU1045
 3133 023e 0F4B     		ldr	r3, .L317
 3134 0240 1A6F     		ldr	r2, [r3, #112]
 3135 0242 22F00102 		bic	r2, r2, #1
 3136 0246 1A67     		str	r2, [r3, #112]
 3137              		.loc 1 3572 5 discriminator 5 view .LVU1046
 3138 0248 1A6F     		ldr	r2, [r3, #112]
 3139 024a 22F00402 		bic	r2, r2, #4
 3140 024e 1A67     		str	r2, [r3, #112]
 3141              	.L257:
 3142              		.loc 1 3572 5 discriminator 7 view .LVU1047
3573:stm/stm32f4xx/STM32F4xx_HAL_Driver/Src/stm32f4xx_hal_rcc_ex.c ****     /* Check the LSE State */
3574:stm/stm32f4xx/STM32F4xx_HAL_Driver/Src/stm32f4xx_hal_rcc_ex.c ****     if((RCC_OscInitStruct->LSEState) != RCC_LSE_OFF)
 3143              		.loc 1 3574 5 view .LVU1048
 3144              		.loc 1 3574 26 is_stmt 0 view .LVU1049
 3145 0250 A368     		ldr	r3, [r4, #8]
 3146              		.loc 1 3574 7 view .LVU1050
 3147 0252 002B     		cmp	r3, #0
 3148 0254 3CD0     		beq	.L259
3575:stm/stm32f4xx/STM32F4xx_HAL_Driver/Src/stm32f4xx_hal_rcc_ex.c ****     {
3576:stm/stm32f4xx/STM32F4xx_HAL_Driver/Src/stm32f4xx_hal_rcc_ex.c ****       /* Get Start Tick*/
3577:stm/stm32f4xx/STM32F4xx_HAL_Driver/Src/stm32f4xx_hal_rcc_ex.c ****       tickstart = HAL_GetTick();
 3149              		.loc 1 3577 7 is_stmt 1 view .LVU1051
 3150              		.loc 1 3577 19 is_stmt 0 view .LVU1052
 3151 0256 FFF7FEFF 		bl	HAL_GetTick
 3152              	.LVL248:
 3153 025a 0646     		mov	r6, r0
 3154              	.LVL249:
3578:stm/stm32f4xx/STM32F4xx_HAL_Driver/Src/stm32f4xx_hal_rcc_ex.c **** 
3579:stm/stm32f4xx/STM32F4xx_HAL_Driver/Src/stm32f4xx_hal_rcc_ex.c ****       /* Wait till LSE is ready */
3580:stm/stm32f4xx/STM32F4xx_HAL_Driver/Src/stm32f4xx_hal_rcc_ex.c ****       while(__HAL_RCC_GET_FLAG(RCC_FLAG_LSERDY) == RESET)
 3155              		.loc 1 3580 7 is_stmt 1 view .LVU1053
 3156              	.L260:
 3157              		.loc 1 3580 49 view .LVU1054
 3158              		.loc 1 3580 13 is_stmt 0 view .LVU1055
 3159 025c 074B     		ldr	r3, .L317
 3160 025e 1B6F     		ldr	r3, [r3, #112]
 3161              		.loc 1 3580 49 view .LVU1056
 3162 0260 13F0020F 		tst	r3, #2
 3163 0264 45D1     		bne	.L262
3581:stm/stm32f4xx/STM32F4xx_HAL_Driver/Src/stm32f4xx_hal_rcc_ex.c ****       {
3582:stm/stm32f4xx/STM32F4xx_HAL_Driver/Src/stm32f4xx_hal_rcc_ex.c ****         if((HAL_GetTick() - tickstart ) > RCC_LSE_TIMEOUT_VALUE)
 3164              		.loc 1 3582 9 is_stmt 1 view .LVU1057
 3165              		.loc 1 3582 13 is_stmt 0 view .LVU1058
 3166 0266 FFF7FEFF 		bl	HAL_GetTick
 3167              	.LVL250:
 3168              		.loc 1 3582 27 discriminator 1 view .LVU1059
 3169 026a 801B     		subs	r0, r0, r6
 3170              		.loc 1 3582 11 discriminator 1 view .LVU1060
 3171 026c 41F28833 		movw	r3, #5000
 3172 0270 9842     		cmp	r0, r3
 3173 0272 F3D9     		bls	.L260
3583:stm/stm32f4xx/STM32F4xx_HAL_Driver/Src/stm32f4xx_hal_rcc_ex.c ****         {
ARM GAS  /tmp/ccsRaXLF.s 			page 128


3584:stm/stm32f4xx/STM32F4xx_HAL_Driver/Src/stm32f4xx_hal_rcc_ex.c ****           return HAL_TIMEOUT;
 3174              		.loc 1 3584 18 view .LVU1061
 3175 0274 0320     		movs	r0, #3
 3176 0276 CEE0     		b	.L222
 3177              	.LVL251:
 3178              	.L282:
3541:stm/stm32f4xx/STM32F4xx_HAL_Driver/Src/stm32f4xx_hal_rcc_ex.c **** 
 3179              		.loc 1 3541 22 view .LVU1062
 3180 0278 0025     		movs	r5, #0
 3181 027a D6E7     		b	.L252
 3182              	.L318:
 3183              		.align	2
 3184              	.L317:
 3185 027c 00380240 		.word	1073887232
 3186 0280 00004742 		.word	1111949312
 3187 0284 00700040 		.word	1073770496
 3188              	.LVL252:
 3189              	.L309:
3557:stm/stm32f4xx/STM32F4xx_HAL_Driver/Src/stm32f4xx_hal_rcc_ex.c **** 
 3190              		.loc 1 3557 7 is_stmt 1 view .LVU1063
 3191 0288 6B4A     		ldr	r2, .L319
 3192 028a 1368     		ldr	r3, [r2]
 3193 028c 43F48073 		orr	r3, r3, #256
 3194 0290 1360     		str	r3, [r2]
3560:stm/stm32f4xx/STM32F4xx_HAL_Driver/Src/stm32f4xx_hal_rcc_ex.c **** 
 3195              		.loc 1 3560 7 view .LVU1064
3560:stm/stm32f4xx/STM32F4xx_HAL_Driver/Src/stm32f4xx_hal_rcc_ex.c **** 
 3196              		.loc 1 3560 19 is_stmt 0 view .LVU1065
 3197 0292 FFF7FEFF 		bl	HAL_GetTick
 3198              	.LVL253:
 3199 0296 0646     		mov	r6, r0
 3200              	.LVL254:
3562:stm/stm32f4xx/STM32F4xx_HAL_Driver/Src/stm32f4xx_hal_rcc_ex.c ****       {
 3201              		.loc 1 3562 7 is_stmt 1 view .LVU1066
 3202              	.L254:
3562:stm/stm32f4xx/STM32F4xx_HAL_Driver/Src/stm32f4xx_hal_rcc_ex.c ****       {
 3203              		.loc 1 3562 13 view .LVU1067
 3204 0298 674B     		ldr	r3, .L319
 3205 029a 1B68     		ldr	r3, [r3]
 3206 029c 13F4807F 		tst	r3, #256
 3207 02a0 C8D1     		bne	.L253
3564:stm/stm32f4xx/STM32F4xx_HAL_Driver/Src/stm32f4xx_hal_rcc_ex.c ****         {
 3208              		.loc 1 3564 9 view .LVU1068
3564:stm/stm32f4xx/STM32F4xx_HAL_Driver/Src/stm32f4xx_hal_rcc_ex.c ****         {
 3209              		.loc 1 3564 13 is_stmt 0 view .LVU1069
 3210 02a2 FFF7FEFF 		bl	HAL_GetTick
 3211              	.LVL255:
3564:stm/stm32f4xx/STM32F4xx_HAL_Driver/Src/stm32f4xx_hal_rcc_ex.c ****         {
 3212              		.loc 1 3564 27 discriminator 1 view .LVU1070
 3213 02a6 801B     		subs	r0, r0, r6
3564:stm/stm32f4xx/STM32F4xx_HAL_Driver/Src/stm32f4xx_hal_rcc_ex.c ****         {
 3214              		.loc 1 3564 11 discriminator 1 view .LVU1071
 3215 02a8 0228     		cmp	r0, #2
 3216 02aa F5D9     		bls	.L254
3566:stm/stm32f4xx/STM32F4xx_HAL_Driver/Src/stm32f4xx_hal_rcc_ex.c ****         }
 3217              		.loc 1 3566 18 view .LVU1072
 3218 02ac 0320     		movs	r0, #3
ARM GAS  /tmp/ccsRaXLF.s 			page 129


 3219 02ae B2E0     		b	.L222
 3220              	.LVL256:
 3221              	.L310:
3572:stm/stm32f4xx/STM32F4xx_HAL_Driver/Src/stm32f4xx_hal_rcc_ex.c ****     /* Check the LSE State */
 3222              		.loc 1 3572 5 is_stmt 1 discriminator 1 view .LVU1073
 3223 02b0 624A     		ldr	r2, .L319+4
 3224 02b2 136F     		ldr	r3, [r2, #112]
 3225 02b4 43F00103 		orr	r3, r3, #1
 3226 02b8 1367     		str	r3, [r2, #112]
 3227 02ba C9E7     		b	.L257
 3228              	.L311:
3572:stm/stm32f4xx/STM32F4xx_HAL_Driver/Src/stm32f4xx_hal_rcc_ex.c ****     /* Check the LSE State */
 3229              		.loc 1 3572 5 discriminator 4 view .LVU1074
 3230 02bc 5F4B     		ldr	r3, .L319+4
 3231 02be 1A6F     		ldr	r2, [r3, #112]
 3232 02c0 42F00402 		orr	r2, r2, #4
 3233 02c4 1A67     		str	r2, [r3, #112]
3572:stm/stm32f4xx/STM32F4xx_HAL_Driver/Src/stm32f4xx_hal_rcc_ex.c ****     /* Check the LSE State */
 3234              		.loc 1 3572 5 discriminator 4 view .LVU1075
 3235 02c6 1A6F     		ldr	r2, [r3, #112]
 3236 02c8 42F00102 		orr	r2, r2, #1
 3237 02cc 1A67     		str	r2, [r3, #112]
 3238 02ce BFE7     		b	.L257
 3239              	.L259:
3585:stm/stm32f4xx/STM32F4xx_HAL_Driver/Src/stm32f4xx_hal_rcc_ex.c ****         }
3586:stm/stm32f4xx/STM32F4xx_HAL_Driver/Src/stm32f4xx_hal_rcc_ex.c ****       }
3587:stm/stm32f4xx/STM32F4xx_HAL_Driver/Src/stm32f4xx_hal_rcc_ex.c ****     }
3588:stm/stm32f4xx/STM32F4xx_HAL_Driver/Src/stm32f4xx_hal_rcc_ex.c ****     else
3589:stm/stm32f4xx/STM32F4xx_HAL_Driver/Src/stm32f4xx_hal_rcc_ex.c ****     {
3590:stm/stm32f4xx/STM32F4xx_HAL_Driver/Src/stm32f4xx_hal_rcc_ex.c ****       /* Get Start Tick*/
3591:stm/stm32f4xx/STM32F4xx_HAL_Driver/Src/stm32f4xx_hal_rcc_ex.c ****       tickstart = HAL_GetTick();
 3240              		.loc 1 3591 7 view .LVU1076
 3241              		.loc 1 3591 19 is_stmt 0 view .LVU1077
 3242 02d0 FFF7FEFF 		bl	HAL_GetTick
 3243              	.LVL257:
 3244 02d4 0646     		mov	r6, r0
 3245              	.LVL258:
3592:stm/stm32f4xx/STM32F4xx_HAL_Driver/Src/stm32f4xx_hal_rcc_ex.c **** 
3593:stm/stm32f4xx/STM32F4xx_HAL_Driver/Src/stm32f4xx_hal_rcc_ex.c ****       /* Wait till LSE is ready */
3594:stm/stm32f4xx/STM32F4xx_HAL_Driver/Src/stm32f4xx_hal_rcc_ex.c ****       while(__HAL_RCC_GET_FLAG(RCC_FLAG_LSERDY) != RESET)
 3246              		.loc 1 3594 7 is_stmt 1 view .LVU1078
 3247              	.L263:
 3248              		.loc 1 3594 49 view .LVU1079
 3249              		.loc 1 3594 13 is_stmt 0 view .LVU1080
 3250 02d6 594B     		ldr	r3, .L319+4
 3251 02d8 1B6F     		ldr	r3, [r3, #112]
 3252              		.loc 1 3594 49 view .LVU1081
 3253 02da 13F0020F 		tst	r3, #2
 3254 02de 08D0     		beq	.L262
3595:stm/stm32f4xx/STM32F4xx_HAL_Driver/Src/stm32f4xx_hal_rcc_ex.c ****       {
3596:stm/stm32f4xx/STM32F4xx_HAL_Driver/Src/stm32f4xx_hal_rcc_ex.c ****         if((HAL_GetTick() - tickstart ) > RCC_LSE_TIMEOUT_VALUE)
 3255              		.loc 1 3596 9 is_stmt 1 view .LVU1082
 3256              		.loc 1 3596 13 is_stmt 0 view .LVU1083
 3257 02e0 FFF7FEFF 		bl	HAL_GetTick
 3258              	.LVL259:
 3259              		.loc 1 3596 27 discriminator 1 view .LVU1084
 3260 02e4 801B     		subs	r0, r0, r6
ARM GAS  /tmp/ccsRaXLF.s 			page 130


 3261              		.loc 1 3596 11 discriminator 1 view .LVU1085
 3262 02e6 41F28833 		movw	r3, #5000
 3263 02ea 9842     		cmp	r0, r3
 3264 02ec F3D9     		bls	.L263
3597:stm/stm32f4xx/STM32F4xx_HAL_Driver/Src/stm32f4xx_hal_rcc_ex.c ****         {
3598:stm/stm32f4xx/STM32F4xx_HAL_Driver/Src/stm32f4xx_hal_rcc_ex.c ****           return HAL_TIMEOUT;
 3265              		.loc 1 3598 18 view .LVU1086
 3266 02ee 0320     		movs	r0, #3
 3267 02f0 91E0     		b	.L222
 3268              	.L262:
3599:stm/stm32f4xx/STM32F4xx_HAL_Driver/Src/stm32f4xx_hal_rcc_ex.c ****         }
3600:stm/stm32f4xx/STM32F4xx_HAL_Driver/Src/stm32f4xx_hal_rcc_ex.c ****       }
3601:stm/stm32f4xx/STM32F4xx_HAL_Driver/Src/stm32f4xx_hal_rcc_ex.c ****     }
3602:stm/stm32f4xx/STM32F4xx_HAL_Driver/Src/stm32f4xx_hal_rcc_ex.c **** 
3603:stm/stm32f4xx/STM32F4xx_HAL_Driver/Src/stm32f4xx_hal_rcc_ex.c ****     /* Restore clock configuration if changed */
3604:stm/stm32f4xx/STM32F4xx_HAL_Driver/Src/stm32f4xx_hal_rcc_ex.c ****     if(pwrclkchanged == SET)
 3269              		.loc 1 3604 5 is_stmt 1 view .LVU1087
 3270              		.loc 1 3604 7 is_stmt 0 view .LVU1088
 3271 02f2 EDB9     		cbnz	r5, .L312
 3272              	.LVL260:
 3273              	.L251:
 3274              		.loc 1 3604 7 view .LVU1089
 3275              	.LBE3:
3605:stm/stm32f4xx/STM32F4xx_HAL_Driver/Src/stm32f4xx_hal_rcc_ex.c ****     {
3606:stm/stm32f4xx/STM32F4xx_HAL_Driver/Src/stm32f4xx_hal_rcc_ex.c ****       __HAL_RCC_PWR_CLK_DISABLE();
3607:stm/stm32f4xx/STM32F4xx_HAL_Driver/Src/stm32f4xx_hal_rcc_ex.c ****     }
3608:stm/stm32f4xx/STM32F4xx_HAL_Driver/Src/stm32f4xx_hal_rcc_ex.c ****   }
3609:stm/stm32f4xx/STM32F4xx_HAL_Driver/Src/stm32f4xx_hal_rcc_ex.c ****   /*-------------------------------- PLL Configuration -----------------------*/
3610:stm/stm32f4xx/STM32F4xx_HAL_Driver/Src/stm32f4xx_hal_rcc_ex.c ****   /* Check the parameters */
3611:stm/stm32f4xx/STM32F4xx_HAL_Driver/Src/stm32f4xx_hal_rcc_ex.c ****   assert_param(IS_RCC_PLL(RCC_OscInitStruct->PLL.PLLState));
 3276              		.loc 1 3611 3 is_stmt 1 view .LVU1090
3612:stm/stm32f4xx/STM32F4xx_HAL_Driver/Src/stm32f4xx_hal_rcc_ex.c ****   if ((RCC_OscInitStruct->PLL.PLLState) != RCC_PLL_NONE)
 3277              		.loc 1 3612 3 view .LVU1091
 3278              		.loc 1 3612 30 is_stmt 0 view .LVU1092
 3279 02f4 A369     		ldr	r3, [r4, #24]
 3280              		.loc 1 3612 6 view .LVU1093
 3281 02f6 002B     		cmp	r3, #0
 3282 02f8 00F08C80 		beq	.L286
3613:stm/stm32f4xx/STM32F4xx_HAL_Driver/Src/stm32f4xx_hal_rcc_ex.c ****   {
3614:stm/stm32f4xx/STM32F4xx_HAL_Driver/Src/stm32f4xx_hal_rcc_ex.c ****     /* Check if the PLL is used as system clock or not */
3615:stm/stm32f4xx/STM32F4xx_HAL_Driver/Src/stm32f4xx_hal_rcc_ex.c ****     if(__HAL_RCC_GET_SYSCLK_SOURCE() != RCC_CFGR_SWS_PLL)
 3283              		.loc 1 3615 5 is_stmt 1 view .LVU1094
 3284              		.loc 1 3615 8 is_stmt 0 view .LVU1095
 3285 02fc 4F4A     		ldr	r2, .L319+4
 3286 02fe 9268     		ldr	r2, [r2, #8]
 3287 0300 02F00C02 		and	r2, r2, #12
 3288              		.loc 1 3615 7 view .LVU1096
 3289 0304 082A     		cmp	r2, #8
 3290 0306 54D0     		beq	.L265
3616:stm/stm32f4xx/STM32F4xx_HAL_Driver/Src/stm32f4xx_hal_rcc_ex.c ****     {
3617:stm/stm32f4xx/STM32F4xx_HAL_Driver/Src/stm32f4xx_hal_rcc_ex.c ****       if((RCC_OscInitStruct->PLL.PLLState) == RCC_PLL_ON)
 3291              		.loc 1 3617 7 is_stmt 1 view .LVU1097
 3292              		.loc 1 3617 9 is_stmt 0 view .LVU1098
 3293 0308 022B     		cmp	r3, #2
 3294 030a 17D0     		beq	.L313
3618:stm/stm32f4xx/STM32F4xx_HAL_Driver/Src/stm32f4xx_hal_rcc_ex.c ****       {
3619:stm/stm32f4xx/STM32F4xx_HAL_Driver/Src/stm32f4xx_hal_rcc_ex.c ****         /* Check the parameters */
ARM GAS  /tmp/ccsRaXLF.s 			page 131


3620:stm/stm32f4xx/STM32F4xx_HAL_Driver/Src/stm32f4xx_hal_rcc_ex.c ****         assert_param(IS_RCC_PLLSOURCE(RCC_OscInitStruct->PLL.PLLSource));
3621:stm/stm32f4xx/STM32F4xx_HAL_Driver/Src/stm32f4xx_hal_rcc_ex.c ****         assert_param(IS_RCC_PLLM_VALUE(RCC_OscInitStruct->PLL.PLLM));
3622:stm/stm32f4xx/STM32F4xx_HAL_Driver/Src/stm32f4xx_hal_rcc_ex.c ****         assert_param(IS_RCC_PLLN_VALUE(RCC_OscInitStruct->PLL.PLLN));
3623:stm/stm32f4xx/STM32F4xx_HAL_Driver/Src/stm32f4xx_hal_rcc_ex.c ****         assert_param(IS_RCC_PLLP_VALUE(RCC_OscInitStruct->PLL.PLLP));
3624:stm/stm32f4xx/STM32F4xx_HAL_Driver/Src/stm32f4xx_hal_rcc_ex.c ****         assert_param(IS_RCC_PLLQ_VALUE(RCC_OscInitStruct->PLL.PLLQ));
3625:stm/stm32f4xx/STM32F4xx_HAL_Driver/Src/stm32f4xx_hal_rcc_ex.c ****         assert_param(IS_RCC_PLLR_VALUE(RCC_OscInitStruct->PLL.PLLR));
3626:stm/stm32f4xx/STM32F4xx_HAL_Driver/Src/stm32f4xx_hal_rcc_ex.c **** 
3627:stm/stm32f4xx/STM32F4xx_HAL_Driver/Src/stm32f4xx_hal_rcc_ex.c ****         /* Disable the main PLL. */
3628:stm/stm32f4xx/STM32F4xx_HAL_Driver/Src/stm32f4xx_hal_rcc_ex.c ****         __HAL_RCC_PLL_DISABLE();
3629:stm/stm32f4xx/STM32F4xx_HAL_Driver/Src/stm32f4xx_hal_rcc_ex.c **** 
3630:stm/stm32f4xx/STM32F4xx_HAL_Driver/Src/stm32f4xx_hal_rcc_ex.c ****         /* Get Start Tick*/
3631:stm/stm32f4xx/STM32F4xx_HAL_Driver/Src/stm32f4xx_hal_rcc_ex.c ****         tickstart = HAL_GetTick();
3632:stm/stm32f4xx/STM32F4xx_HAL_Driver/Src/stm32f4xx_hal_rcc_ex.c **** 
3633:stm/stm32f4xx/STM32F4xx_HAL_Driver/Src/stm32f4xx_hal_rcc_ex.c ****         /* Wait till PLL is ready */
3634:stm/stm32f4xx/STM32F4xx_HAL_Driver/Src/stm32f4xx_hal_rcc_ex.c ****         while(__HAL_RCC_GET_FLAG(RCC_FLAG_PLLRDY) != RESET)
3635:stm/stm32f4xx/STM32F4xx_HAL_Driver/Src/stm32f4xx_hal_rcc_ex.c ****         {
3636:stm/stm32f4xx/STM32F4xx_HAL_Driver/Src/stm32f4xx_hal_rcc_ex.c ****           if((HAL_GetTick() - tickstart ) > PLL_TIMEOUT_VALUE)
3637:stm/stm32f4xx/STM32F4xx_HAL_Driver/Src/stm32f4xx_hal_rcc_ex.c ****           {
3638:stm/stm32f4xx/STM32F4xx_HAL_Driver/Src/stm32f4xx_hal_rcc_ex.c ****             return HAL_TIMEOUT;
3639:stm/stm32f4xx/STM32F4xx_HAL_Driver/Src/stm32f4xx_hal_rcc_ex.c ****           }
3640:stm/stm32f4xx/STM32F4xx_HAL_Driver/Src/stm32f4xx_hal_rcc_ex.c ****         }
3641:stm/stm32f4xx/STM32F4xx_HAL_Driver/Src/stm32f4xx_hal_rcc_ex.c **** 
3642:stm/stm32f4xx/STM32F4xx_HAL_Driver/Src/stm32f4xx_hal_rcc_ex.c ****         /* Configure the main PLL clock source, multiplication and division factors. */
3643:stm/stm32f4xx/STM32F4xx_HAL_Driver/Src/stm32f4xx_hal_rcc_ex.c ****         WRITE_REG(RCC->PLLCFGR, (RCC_OscInitStruct->PLL.PLLSource                                  
3644:stm/stm32f4xx/STM32F4xx_HAL_Driver/Src/stm32f4xx_hal_rcc_ex.c ****                                  RCC_OscInitStruct->PLL.PLLM                                       
3645:stm/stm32f4xx/STM32F4xx_HAL_Driver/Src/stm32f4xx_hal_rcc_ex.c ****                                  (RCC_OscInitStruct->PLL.PLLN << RCC_PLLCFGR_PLLN_Pos)             
3646:stm/stm32f4xx/STM32F4xx_HAL_Driver/Src/stm32f4xx_hal_rcc_ex.c ****                                  (((RCC_OscInitStruct->PLL.PLLP >> 1U) - 1U) << RCC_PLLCFGR_PLLP_Po
3647:stm/stm32f4xx/STM32F4xx_HAL_Driver/Src/stm32f4xx_hal_rcc_ex.c ****                                  (RCC_OscInitStruct->PLL.PLLQ << RCC_PLLCFGR_PLLQ_Pos)             
3648:stm/stm32f4xx/STM32F4xx_HAL_Driver/Src/stm32f4xx_hal_rcc_ex.c ****                                  (RCC_OscInitStruct->PLL.PLLR << RCC_PLLCFGR_PLLR_Pos)));
3649:stm/stm32f4xx/STM32F4xx_HAL_Driver/Src/stm32f4xx_hal_rcc_ex.c ****         /* Enable the main PLL. */
3650:stm/stm32f4xx/STM32F4xx_HAL_Driver/Src/stm32f4xx_hal_rcc_ex.c ****         __HAL_RCC_PLL_ENABLE();
3651:stm/stm32f4xx/STM32F4xx_HAL_Driver/Src/stm32f4xx_hal_rcc_ex.c **** 
3652:stm/stm32f4xx/STM32F4xx_HAL_Driver/Src/stm32f4xx_hal_rcc_ex.c ****         /* Get Start Tick*/
3653:stm/stm32f4xx/STM32F4xx_HAL_Driver/Src/stm32f4xx_hal_rcc_ex.c ****         tickstart = HAL_GetTick();
3654:stm/stm32f4xx/STM32F4xx_HAL_Driver/Src/stm32f4xx_hal_rcc_ex.c **** 
3655:stm/stm32f4xx/STM32F4xx_HAL_Driver/Src/stm32f4xx_hal_rcc_ex.c ****         /* Wait till PLL is ready */
3656:stm/stm32f4xx/STM32F4xx_HAL_Driver/Src/stm32f4xx_hal_rcc_ex.c ****         while(__HAL_RCC_GET_FLAG(RCC_FLAG_PLLRDY) == RESET)
3657:stm/stm32f4xx/STM32F4xx_HAL_Driver/Src/stm32f4xx_hal_rcc_ex.c ****         {
3658:stm/stm32f4xx/STM32F4xx_HAL_Driver/Src/stm32f4xx_hal_rcc_ex.c ****           if((HAL_GetTick() - tickstart ) > PLL_TIMEOUT_VALUE)
3659:stm/stm32f4xx/STM32F4xx_HAL_Driver/Src/stm32f4xx_hal_rcc_ex.c ****           {
3660:stm/stm32f4xx/STM32F4xx_HAL_Driver/Src/stm32f4xx_hal_rcc_ex.c ****             return HAL_TIMEOUT;
3661:stm/stm32f4xx/STM32F4xx_HAL_Driver/Src/stm32f4xx_hal_rcc_ex.c ****           }
3662:stm/stm32f4xx/STM32F4xx_HAL_Driver/Src/stm32f4xx_hal_rcc_ex.c ****         }
3663:stm/stm32f4xx/STM32F4xx_HAL_Driver/Src/stm32f4xx_hal_rcc_ex.c ****       }
3664:stm/stm32f4xx/STM32F4xx_HAL_Driver/Src/stm32f4xx_hal_rcc_ex.c ****       else
3665:stm/stm32f4xx/STM32F4xx_HAL_Driver/Src/stm32f4xx_hal_rcc_ex.c ****       {
3666:stm/stm32f4xx/STM32F4xx_HAL_Driver/Src/stm32f4xx_hal_rcc_ex.c ****         /* Disable the main PLL. */
3667:stm/stm32f4xx/STM32F4xx_HAL_Driver/Src/stm32f4xx_hal_rcc_ex.c ****         __HAL_RCC_PLL_DISABLE();
 3295              		.loc 1 3667 9 is_stmt 1 view .LVU1099
 3296 030c 4C4B     		ldr	r3, .L319+8
 3297 030e 0022     		movs	r2, #0
 3298 0310 1A66     		str	r2, [r3, #96]
3668:stm/stm32f4xx/STM32F4xx_HAL_Driver/Src/stm32f4xx_hal_rcc_ex.c **** 
3669:stm/stm32f4xx/STM32F4xx_HAL_Driver/Src/stm32f4xx_hal_rcc_ex.c ****         /* Get Start Tick*/
3670:stm/stm32f4xx/STM32F4xx_HAL_Driver/Src/stm32f4xx_hal_rcc_ex.c ****         tickstart = HAL_GetTick();
 3299              		.loc 1 3670 9 view .LVU1100
 3300              		.loc 1 3670 21 is_stmt 0 view .LVU1101
ARM GAS  /tmp/ccsRaXLF.s 			page 132


 3301 0312 FFF7FEFF 		bl	HAL_GetTick
 3302              	.LVL261:
 3303 0316 0446     		mov	r4, r0
 3304              	.LVL262:
3671:stm/stm32f4xx/STM32F4xx_HAL_Driver/Src/stm32f4xx_hal_rcc_ex.c **** 
3672:stm/stm32f4xx/STM32F4xx_HAL_Driver/Src/stm32f4xx_hal_rcc_ex.c ****         /* Wait till PLL is ready */
3673:stm/stm32f4xx/STM32F4xx_HAL_Driver/Src/stm32f4xx_hal_rcc_ex.c ****         while(__HAL_RCC_GET_FLAG(RCC_FLAG_PLLRDY) != RESET)
 3305              		.loc 1 3673 9 is_stmt 1 view .LVU1102
 3306              	.L271:
 3307              		.loc 1 3673 51 view .LVU1103
 3308              		.loc 1 3673 15 is_stmt 0 view .LVU1104
 3309 0318 484B     		ldr	r3, .L319+4
 3310 031a 1B68     		ldr	r3, [r3]
 3311              		.loc 1 3673 51 view .LVU1105
 3312 031c 13F0007F 		tst	r3, #33554432
 3313 0320 45D0     		beq	.L314
3674:stm/stm32f4xx/STM32F4xx_HAL_Driver/Src/stm32f4xx_hal_rcc_ex.c ****         {
3675:stm/stm32f4xx/STM32F4xx_HAL_Driver/Src/stm32f4xx_hal_rcc_ex.c ****           if((HAL_GetTick() - tickstart ) > PLL_TIMEOUT_VALUE)
 3314              		.loc 1 3675 11 is_stmt 1 view .LVU1106
 3315              		.loc 1 3675 15 is_stmt 0 view .LVU1107
 3316 0322 FFF7FEFF 		bl	HAL_GetTick
 3317              	.LVL263:
 3318              		.loc 1 3675 29 discriminator 1 view .LVU1108
 3319 0326 001B     		subs	r0, r0, r4
 3320              		.loc 1 3675 13 discriminator 1 view .LVU1109
 3321 0328 0228     		cmp	r0, #2
 3322 032a F5D9     		bls	.L271
3676:stm/stm32f4xx/STM32F4xx_HAL_Driver/Src/stm32f4xx_hal_rcc_ex.c ****           {
3677:stm/stm32f4xx/STM32F4xx_HAL_Driver/Src/stm32f4xx_hal_rcc_ex.c ****             return HAL_TIMEOUT;
 3323              		.loc 1 3677 20 view .LVU1110
 3324 032c 0320     		movs	r0, #3
 3325 032e 72E0     		b	.L222
 3326              	.LVL264:
 3327              	.L312:
 3328              	.LBB5:
3606:stm/stm32f4xx/STM32F4xx_HAL_Driver/Src/stm32f4xx_hal_rcc_ex.c ****     }
 3329              		.loc 1 3606 7 is_stmt 1 view .LVU1111
 3330 0330 424A     		ldr	r2, .L319+4
 3331 0332 136C     		ldr	r3, [r2, #64]
 3332 0334 23F08053 		bic	r3, r3, #268435456
 3333 0338 1364     		str	r3, [r2, #64]
 3334 033a DBE7     		b	.L251
 3335              	.LVL265:
 3336              	.L313:
3606:stm/stm32f4xx/STM32F4xx_HAL_Driver/Src/stm32f4xx_hal_rcc_ex.c ****     }
 3337              		.loc 1 3606 7 is_stmt 0 view .LVU1112
 3338              	.LBE5:
3620:stm/stm32f4xx/STM32F4xx_HAL_Driver/Src/stm32f4xx_hal_rcc_ex.c ****         assert_param(IS_RCC_PLLM_VALUE(RCC_OscInitStruct->PLL.PLLM));
 3339              		.loc 1 3620 9 is_stmt 1 view .LVU1113
3621:stm/stm32f4xx/STM32F4xx_HAL_Driver/Src/stm32f4xx_hal_rcc_ex.c ****         assert_param(IS_RCC_PLLN_VALUE(RCC_OscInitStruct->PLL.PLLN));
 3340              		.loc 1 3621 9 view .LVU1114
3622:stm/stm32f4xx/STM32F4xx_HAL_Driver/Src/stm32f4xx_hal_rcc_ex.c ****         assert_param(IS_RCC_PLLP_VALUE(RCC_OscInitStruct->PLL.PLLP));
 3341              		.loc 1 3622 9 view .LVU1115
3623:stm/stm32f4xx/STM32F4xx_HAL_Driver/Src/stm32f4xx_hal_rcc_ex.c ****         assert_param(IS_RCC_PLLQ_VALUE(RCC_OscInitStruct->PLL.PLLQ));
 3342              		.loc 1 3623 9 view .LVU1116
3624:stm/stm32f4xx/STM32F4xx_HAL_Driver/Src/stm32f4xx_hal_rcc_ex.c ****         assert_param(IS_RCC_PLLR_VALUE(RCC_OscInitStruct->PLL.PLLR));
 3343              		.loc 1 3624 9 view .LVU1117
ARM GAS  /tmp/ccsRaXLF.s 			page 133


3625:stm/stm32f4xx/STM32F4xx_HAL_Driver/Src/stm32f4xx_hal_rcc_ex.c **** 
 3344              		.loc 1 3625 9 view .LVU1118
3628:stm/stm32f4xx/STM32F4xx_HAL_Driver/Src/stm32f4xx_hal_rcc_ex.c **** 
 3345              		.loc 1 3628 9 view .LVU1119
 3346 033c 404B     		ldr	r3, .L319+8
 3347 033e 0022     		movs	r2, #0
 3348 0340 1A66     		str	r2, [r3, #96]
3631:stm/stm32f4xx/STM32F4xx_HAL_Driver/Src/stm32f4xx_hal_rcc_ex.c **** 
 3349              		.loc 1 3631 9 view .LVU1120
3631:stm/stm32f4xx/STM32F4xx_HAL_Driver/Src/stm32f4xx_hal_rcc_ex.c **** 
 3350              		.loc 1 3631 21 is_stmt 0 view .LVU1121
 3351 0342 FFF7FEFF 		bl	HAL_GetTick
 3352              	.LVL266:
 3353 0346 0546     		mov	r5, r0
 3354              	.LVL267:
3634:stm/stm32f4xx/STM32F4xx_HAL_Driver/Src/stm32f4xx_hal_rcc_ex.c ****         {
 3355              		.loc 1 3634 9 is_stmt 1 view .LVU1122
 3356              	.L267:
3634:stm/stm32f4xx/STM32F4xx_HAL_Driver/Src/stm32f4xx_hal_rcc_ex.c ****         {
 3357              		.loc 1 3634 51 view .LVU1123
3634:stm/stm32f4xx/STM32F4xx_HAL_Driver/Src/stm32f4xx_hal_rcc_ex.c ****         {
 3358              		.loc 1 3634 15 is_stmt 0 view .LVU1124
 3359 0348 3C4B     		ldr	r3, .L319+4
 3360 034a 1B68     		ldr	r3, [r3]
3634:stm/stm32f4xx/STM32F4xx_HAL_Driver/Src/stm32f4xx_hal_rcc_ex.c ****         {
 3361              		.loc 1 3634 51 view .LVU1125
 3362 034c 13F0007F 		tst	r3, #33554432
 3363 0350 06D0     		beq	.L315
3636:stm/stm32f4xx/STM32F4xx_HAL_Driver/Src/stm32f4xx_hal_rcc_ex.c ****           {
 3364              		.loc 1 3636 11 is_stmt 1 view .LVU1126
3636:stm/stm32f4xx/STM32F4xx_HAL_Driver/Src/stm32f4xx_hal_rcc_ex.c ****           {
 3365              		.loc 1 3636 15 is_stmt 0 view .LVU1127
 3366 0352 FFF7FEFF 		bl	HAL_GetTick
 3367              	.LVL268:
3636:stm/stm32f4xx/STM32F4xx_HAL_Driver/Src/stm32f4xx_hal_rcc_ex.c ****           {
 3368              		.loc 1 3636 29 discriminator 1 view .LVU1128
 3369 0356 401B     		subs	r0, r0, r5
3636:stm/stm32f4xx/STM32F4xx_HAL_Driver/Src/stm32f4xx_hal_rcc_ex.c ****           {
 3370              		.loc 1 3636 13 discriminator 1 view .LVU1129
 3371 0358 0228     		cmp	r0, #2
 3372 035a F5D9     		bls	.L267
3638:stm/stm32f4xx/STM32F4xx_HAL_Driver/Src/stm32f4xx_hal_rcc_ex.c ****           }
 3373              		.loc 1 3638 20 view .LVU1130
 3374 035c 0320     		movs	r0, #3
 3375 035e 5AE0     		b	.L222
 3376              	.L315:
3643:stm/stm32f4xx/STM32F4xx_HAL_Driver/Src/stm32f4xx_hal_rcc_ex.c ****                                  RCC_OscInitStruct->PLL.PLLM                                       
 3377              		.loc 1 3643 9 is_stmt 1 view .LVU1131
 3378 0360 E369     		ldr	r3, [r4, #28]
 3379 0362 226A     		ldr	r2, [r4, #32]
 3380 0364 1343     		orrs	r3, r3, r2
 3381 0366 626A     		ldr	r2, [r4, #36]
 3382 0368 43EA8213 		orr	r3, r3, r2, lsl #6
 3383 036c A26A     		ldr	r2, [r4, #40]
 3384 036e 5208     		lsrs	r2, r2, #1
 3385 0370 013A     		subs	r2, r2, #1
 3386 0372 43EA0243 		orr	r3, r3, r2, lsl #16
ARM GAS  /tmp/ccsRaXLF.s 			page 134


 3387 0376 E26A     		ldr	r2, [r4, #44]
 3388 0378 43EA0263 		orr	r3, r3, r2, lsl #24
 3389 037c 226B     		ldr	r2, [r4, #48]
 3390 037e 43EA0273 		orr	r3, r3, r2, lsl #28
 3391 0382 2E4A     		ldr	r2, .L319+4
 3392 0384 5360     		str	r3, [r2, #4]
3650:stm/stm32f4xx/STM32F4xx_HAL_Driver/Src/stm32f4xx_hal_rcc_ex.c **** 
 3393              		.loc 1 3650 9 view .LVU1132
 3394 0386 2E4B     		ldr	r3, .L319+8
 3395 0388 0122     		movs	r2, #1
 3396 038a 1A66     		str	r2, [r3, #96]
3653:stm/stm32f4xx/STM32F4xx_HAL_Driver/Src/stm32f4xx_hal_rcc_ex.c **** 
 3397              		.loc 1 3653 9 view .LVU1133
3653:stm/stm32f4xx/STM32F4xx_HAL_Driver/Src/stm32f4xx_hal_rcc_ex.c **** 
 3398              		.loc 1 3653 21 is_stmt 0 view .LVU1134
 3399 038c FFF7FEFF 		bl	HAL_GetTick
 3400              	.LVL269:
 3401 0390 0446     		mov	r4, r0
 3402              	.LVL270:
3656:stm/stm32f4xx/STM32F4xx_HAL_Driver/Src/stm32f4xx_hal_rcc_ex.c ****         {
 3403              		.loc 1 3656 9 is_stmt 1 view .LVU1135
 3404              	.L269:
3656:stm/stm32f4xx/STM32F4xx_HAL_Driver/Src/stm32f4xx_hal_rcc_ex.c ****         {
 3405              		.loc 1 3656 51 view .LVU1136
3656:stm/stm32f4xx/STM32F4xx_HAL_Driver/Src/stm32f4xx_hal_rcc_ex.c ****         {
 3406              		.loc 1 3656 15 is_stmt 0 view .LVU1137
 3407 0392 2A4B     		ldr	r3, .L319+4
 3408 0394 1B68     		ldr	r3, [r3]
3656:stm/stm32f4xx/STM32F4xx_HAL_Driver/Src/stm32f4xx_hal_rcc_ex.c ****         {
 3409              		.loc 1 3656 51 view .LVU1138
 3410 0396 13F0007F 		tst	r3, #33554432
 3411 039a 06D1     		bne	.L316
3658:stm/stm32f4xx/STM32F4xx_HAL_Driver/Src/stm32f4xx_hal_rcc_ex.c ****           {
 3412              		.loc 1 3658 11 is_stmt 1 view .LVU1139
3658:stm/stm32f4xx/STM32F4xx_HAL_Driver/Src/stm32f4xx_hal_rcc_ex.c ****           {
 3413              		.loc 1 3658 15 is_stmt 0 view .LVU1140
 3414 039c FFF7FEFF 		bl	HAL_GetTick
 3415              	.LVL271:
3658:stm/stm32f4xx/STM32F4xx_HAL_Driver/Src/stm32f4xx_hal_rcc_ex.c ****           {
 3416              		.loc 1 3658 29 discriminator 1 view .LVU1141
 3417 03a0 001B     		subs	r0, r0, r4
3658:stm/stm32f4xx/STM32F4xx_HAL_Driver/Src/stm32f4xx_hal_rcc_ex.c ****           {
 3418              		.loc 1 3658 13 discriminator 1 view .LVU1142
 3419 03a2 0228     		cmp	r0, #2
 3420 03a4 F5D9     		bls	.L269
3660:stm/stm32f4xx/STM32F4xx_HAL_Driver/Src/stm32f4xx_hal_rcc_ex.c ****           }
 3421              		.loc 1 3660 20 view .LVU1143
 3422 03a6 0320     		movs	r0, #3
 3423 03a8 35E0     		b	.L222
 3424              	.L316:
3678:stm/stm32f4xx/STM32F4xx_HAL_Driver/Src/stm32f4xx_hal_rcc_ex.c ****           }
3679:stm/stm32f4xx/STM32F4xx_HAL_Driver/Src/stm32f4xx_hal_rcc_ex.c ****         }
3680:stm/stm32f4xx/STM32F4xx_HAL_Driver/Src/stm32f4xx_hal_rcc_ex.c ****       }
3681:stm/stm32f4xx/STM32F4xx_HAL_Driver/Src/stm32f4xx_hal_rcc_ex.c ****     }
3682:stm/stm32f4xx/STM32F4xx_HAL_Driver/Src/stm32f4xx_hal_rcc_ex.c ****     else
3683:stm/stm32f4xx/STM32F4xx_HAL_Driver/Src/stm32f4xx_hal_rcc_ex.c ****     {
3684:stm/stm32f4xx/STM32F4xx_HAL_Driver/Src/stm32f4xx_hal_rcc_ex.c ****       /* Check if there is a request to disable the PLL used as System clock source */
ARM GAS  /tmp/ccsRaXLF.s 			page 135


3685:stm/stm32f4xx/STM32F4xx_HAL_Driver/Src/stm32f4xx_hal_rcc_ex.c ****       if((RCC_OscInitStruct->PLL.PLLState) == RCC_PLL_OFF)
3686:stm/stm32f4xx/STM32F4xx_HAL_Driver/Src/stm32f4xx_hal_rcc_ex.c ****       {
3687:stm/stm32f4xx/STM32F4xx_HAL_Driver/Src/stm32f4xx_hal_rcc_ex.c ****         return HAL_ERROR;
3688:stm/stm32f4xx/STM32F4xx_HAL_Driver/Src/stm32f4xx_hal_rcc_ex.c ****       }
3689:stm/stm32f4xx/STM32F4xx_HAL_Driver/Src/stm32f4xx_hal_rcc_ex.c ****       else
3690:stm/stm32f4xx/STM32F4xx_HAL_Driver/Src/stm32f4xx_hal_rcc_ex.c ****       {
3691:stm/stm32f4xx/STM32F4xx_HAL_Driver/Src/stm32f4xx_hal_rcc_ex.c ****         /* Do not return HAL_ERROR if request repeats the current configuration */
3692:stm/stm32f4xx/STM32F4xx_HAL_Driver/Src/stm32f4xx_hal_rcc_ex.c ****         pll_config = RCC->PLLCFGR;
3693:stm/stm32f4xx/STM32F4xx_HAL_Driver/Src/stm32f4xx_hal_rcc_ex.c **** #if defined (RCC_PLLCFGR_PLLR)
3694:stm/stm32f4xx/STM32F4xx_HAL_Driver/Src/stm32f4xx_hal_rcc_ex.c ****         if (((RCC_OscInitStruct->PLL.PLLState) == RCC_PLL_OFF) ||
3695:stm/stm32f4xx/STM32F4xx_HAL_Driver/Src/stm32f4xx_hal_rcc_ex.c ****             (READ_BIT(pll_config, RCC_PLLCFGR_PLLSRC) != RCC_OscInitStruct->PLL.PLLSource) ||
3696:stm/stm32f4xx/STM32F4xx_HAL_Driver/Src/stm32f4xx_hal_rcc_ex.c ****             (READ_BIT(pll_config, RCC_PLLCFGR_PLLM) != (RCC_OscInitStruct->PLL.PLLM) << RCC_PLLCFGR
3697:stm/stm32f4xx/STM32F4xx_HAL_Driver/Src/stm32f4xx_hal_rcc_ex.c ****             (READ_BIT(pll_config, RCC_PLLCFGR_PLLN) != (RCC_OscInitStruct->PLL.PLLN) << RCC_PLLCFGR
3698:stm/stm32f4xx/STM32F4xx_HAL_Driver/Src/stm32f4xx_hal_rcc_ex.c ****             (READ_BIT(pll_config, RCC_PLLCFGR_PLLP) != (((RCC_OscInitStruct->PLL.PLLP >> 1U) - 1U))
3699:stm/stm32f4xx/STM32F4xx_HAL_Driver/Src/stm32f4xx_hal_rcc_ex.c ****             (READ_BIT(pll_config, RCC_PLLCFGR_PLLQ) != (RCC_OscInitStruct->PLL.PLLQ << RCC_PLLCFGR_
3700:stm/stm32f4xx/STM32F4xx_HAL_Driver/Src/stm32f4xx_hal_rcc_ex.c ****             (READ_BIT(pll_config, RCC_PLLCFGR_PLLR) != (RCC_OscInitStruct->PLL.PLLR << RCC_PLLCFGR_
3701:stm/stm32f4xx/STM32F4xx_HAL_Driver/Src/stm32f4xx_hal_rcc_ex.c **** #else
3702:stm/stm32f4xx/STM32F4xx_HAL_Driver/Src/stm32f4xx_hal_rcc_ex.c ****         if (((RCC_OscInitStruct->PLL.PLLState) == RCC_PLL_OFF) ||
3703:stm/stm32f4xx/STM32F4xx_HAL_Driver/Src/stm32f4xx_hal_rcc_ex.c ****             (READ_BIT(pll_config, RCC_PLLCFGR_PLLSRC) != RCC_OscInitStruct->PLL.PLLSource) ||
3704:stm/stm32f4xx/STM32F4xx_HAL_Driver/Src/stm32f4xx_hal_rcc_ex.c ****             (READ_BIT(pll_config, RCC_PLLCFGR_PLLM) != (RCC_OscInitStruct->PLL.PLLM) << RCC_PLLCFGR
3705:stm/stm32f4xx/STM32F4xx_HAL_Driver/Src/stm32f4xx_hal_rcc_ex.c ****             (READ_BIT(pll_config, RCC_PLLCFGR_PLLN) != (RCC_OscInitStruct->PLL.PLLN) << RCC_PLLCFGR
3706:stm/stm32f4xx/STM32F4xx_HAL_Driver/Src/stm32f4xx_hal_rcc_ex.c ****             (READ_BIT(pll_config, RCC_PLLCFGR_PLLP) != (((RCC_OscInitStruct->PLL.PLLP >> 1U) - 1U))
3707:stm/stm32f4xx/STM32F4xx_HAL_Driver/Src/stm32f4xx_hal_rcc_ex.c ****             (READ_BIT(pll_config, RCC_PLLCFGR_PLLQ) != (RCC_OscInitStruct->PLL.PLLQ << RCC_PLLCFGR_
3708:stm/stm32f4xx/STM32F4xx_HAL_Driver/Src/stm32f4xx_hal_rcc_ex.c **** #endif
3709:stm/stm32f4xx/STM32F4xx_HAL_Driver/Src/stm32f4xx_hal_rcc_ex.c ****         {
3710:stm/stm32f4xx/STM32F4xx_HAL_Driver/Src/stm32f4xx_hal_rcc_ex.c ****           return HAL_ERROR;
3711:stm/stm32f4xx/STM32F4xx_HAL_Driver/Src/stm32f4xx_hal_rcc_ex.c ****         }
3712:stm/stm32f4xx/STM32F4xx_HAL_Driver/Src/stm32f4xx_hal_rcc_ex.c ****       }
3713:stm/stm32f4xx/STM32F4xx_HAL_Driver/Src/stm32f4xx_hal_rcc_ex.c ****     }
3714:stm/stm32f4xx/STM32F4xx_HAL_Driver/Src/stm32f4xx_hal_rcc_ex.c ****   }
3715:stm/stm32f4xx/STM32F4xx_HAL_Driver/Src/stm32f4xx_hal_rcc_ex.c ****   return HAL_OK;
 3425              		.loc 1 3715 10 view .LVU1144
 3426 03aa 0020     		movs	r0, #0
 3427 03ac 33E0     		b	.L222
 3428              	.L314:
 3429              		.loc 1 3715 10 view .LVU1145
 3430 03ae 0020     		movs	r0, #0
 3431 03b0 31E0     		b	.L222
 3432              	.LVL272:
 3433              	.L265:
3685:stm/stm32f4xx/STM32F4xx_HAL_Driver/Src/stm32f4xx_hal_rcc_ex.c ****       {
 3434              		.loc 1 3685 7 is_stmt 1 view .LVU1146
3685:stm/stm32f4xx/STM32F4xx_HAL_Driver/Src/stm32f4xx_hal_rcc_ex.c ****       {
 3435              		.loc 1 3685 9 is_stmt 0 view .LVU1147
 3436 03b2 012B     		cmp	r3, #1
 3437 03b4 31D0     		beq	.L290
3692:stm/stm32f4xx/STM32F4xx_HAL_Driver/Src/stm32f4xx_hal_rcc_ex.c **** #if defined (RCC_PLLCFGR_PLLR)
 3438              		.loc 1 3692 9 is_stmt 1 view .LVU1148
3692:stm/stm32f4xx/STM32F4xx_HAL_Driver/Src/stm32f4xx_hal_rcc_ex.c **** #if defined (RCC_PLLCFGR_PLLR)
 3439              		.loc 1 3692 20 is_stmt 0 view .LVU1149
 3440 03b6 214B     		ldr	r3, .L319+4
 3441 03b8 5B68     		ldr	r3, [r3, #4]
 3442              	.LVL273:
3694:stm/stm32f4xx/STM32F4xx_HAL_Driver/Src/stm32f4xx_hal_rcc_ex.c ****             (READ_BIT(pll_config, RCC_PLLCFGR_PLLSRC) != RCC_OscInitStruct->PLL.PLLSource) ||
 3443              		.loc 1 3694 9 is_stmt 1 view .LVU1150
3695:stm/stm32f4xx/STM32F4xx_HAL_Driver/Src/stm32f4xx_hal_rcc_ex.c ****             (READ_BIT(pll_config, RCC_PLLCFGR_PLLM) != (RCC_OscInitStruct->PLL.PLLM) << RCC_PLLCFGR
 3444              		.loc 1 3695 14 is_stmt 0 view .LVU1151
ARM GAS  /tmp/ccsRaXLF.s 			page 136


 3445 03ba 03F48001 		and	r1, r3, #4194304
3695:stm/stm32f4xx/STM32F4xx_HAL_Driver/Src/stm32f4xx_hal_rcc_ex.c ****             (READ_BIT(pll_config, RCC_PLLCFGR_PLLM) != (RCC_OscInitStruct->PLL.PLLM) << RCC_PLLCFGR
 3446              		.loc 1 3695 80 view .LVU1152
 3447 03be E269     		ldr	r2, [r4, #28]
3694:stm/stm32f4xx/STM32F4xx_HAL_Driver/Src/stm32f4xx_hal_rcc_ex.c ****             (READ_BIT(pll_config, RCC_PLLCFGR_PLLSRC) != RCC_OscInitStruct->PLL.PLLSource) ||
 3448              		.loc 1 3694 64 discriminator 1 view .LVU1153
 3449 03c0 9142     		cmp	r1, r2
 3450 03c2 2CD1     		bne	.L291
3696:stm/stm32f4xx/STM32F4xx_HAL_Driver/Src/stm32f4xx_hal_rcc_ex.c ****             (READ_BIT(pll_config, RCC_PLLCFGR_PLLN) != (RCC_OscInitStruct->PLL.PLLN) << RCC_PLLCFGR
 3451              		.loc 1 3696 14 view .LVU1154
 3452 03c4 03F03F02 		and	r2, r3, #63
3696:stm/stm32f4xx/STM32F4xx_HAL_Driver/Src/stm32f4xx_hal_rcc_ex.c ****             (READ_BIT(pll_config, RCC_PLLCFGR_PLLN) != (RCC_OscInitStruct->PLL.PLLN) << RCC_PLLCFGR
 3453              		.loc 1 3696 86 view .LVU1155
 3454 03c8 216A     		ldr	r1, [r4, #32]
3695:stm/stm32f4xx/STM32F4xx_HAL_Driver/Src/stm32f4xx_hal_rcc_ex.c ****             (READ_BIT(pll_config, RCC_PLLCFGR_PLLM) != (RCC_OscInitStruct->PLL.PLLM) << RCC_PLLCFGR
 3455              		.loc 1 3695 92 view .LVU1156
 3456 03ca 8A42     		cmp	r2, r1
 3457 03cc 29D1     		bne	.L292
3697:stm/stm32f4xx/STM32F4xx_HAL_Driver/Src/stm32f4xx_hal_rcc_ex.c ****             (READ_BIT(pll_config, RCC_PLLCFGR_PLLP) != (((RCC_OscInitStruct->PLL.PLLP >> 1U) - 1U))
 3458              		.loc 1 3697 79 view .LVU1157
 3459 03ce 616A     		ldr	r1, [r4, #36]
3696:stm/stm32f4xx/STM32F4xx_HAL_Driver/Src/stm32f4xx_hal_rcc_ex.c ****             (READ_BIT(pll_config, RCC_PLLCFGR_PLLN) != (RCC_OscInitStruct->PLL.PLLN) << RCC_PLLCFGR
 3460              		.loc 1 3696 111 view .LVU1158
 3461 03d0 47F6C072 		movw	r2, #32704
 3462 03d4 1A40     		ands	r2, r2, r3
 3463 03d6 B2EB811F 		cmp	r2, r1, lsl #6
 3464 03da 24D1     		bne	.L293
3698:stm/stm32f4xx/STM32F4xx_HAL_Driver/Src/stm32f4xx_hal_rcc_ex.c ****             (READ_BIT(pll_config, RCC_PLLCFGR_PLLQ) != (RCC_OscInitStruct->PLL.PLLQ << RCC_PLLCFGR_
 3465              		.loc 1 3698 14 view .LVU1159
 3466 03dc 03F44031 		and	r1, r3, #196608
3698:stm/stm32f4xx/STM32F4xx_HAL_Driver/Src/stm32f4xx_hal_rcc_ex.c ****             (READ_BIT(pll_config, RCC_PLLCFGR_PLLQ) != (RCC_OscInitStruct->PLL.PLLQ << RCC_PLLCFGR_
 3467              		.loc 1 3698 81 view .LVU1160
 3468 03e0 A26A     		ldr	r2, [r4, #40]
3698:stm/stm32f4xx/STM32F4xx_HAL_Driver/Src/stm32f4xx_hal_rcc_ex.c ****             (READ_BIT(pll_config, RCC_PLLCFGR_PLLQ) != (RCC_OscInitStruct->PLL.PLLQ << RCC_PLLCFGR_
 3469              		.loc 1 3698 87 view .LVU1161
 3470 03e2 5208     		lsrs	r2, r2, #1
3698:stm/stm32f4xx/STM32F4xx_HAL_Driver/Src/stm32f4xx_hal_rcc_ex.c ****             (READ_BIT(pll_config, RCC_PLLCFGR_PLLQ) != (RCC_OscInitStruct->PLL.PLLQ << RCC_PLLCFGR_
 3471              		.loc 1 3698 94 view .LVU1162
 3472 03e4 013A     		subs	r2, r2, #1
3697:stm/stm32f4xx/STM32F4xx_HAL_Driver/Src/stm32f4xx_hal_rcc_ex.c ****             (READ_BIT(pll_config, RCC_PLLCFGR_PLLP) != (((RCC_OscInitStruct->PLL.PLLP >> 1U) - 1U))
 3473              		.loc 1 3697 111 view .LVU1163
 3474 03e6 B1EB024F 		cmp	r1, r2, lsl #16
 3475 03ea 1ED1     		bne	.L294
3699:stm/stm32f4xx/STM32F4xx_HAL_Driver/Src/stm32f4xx_hal_rcc_ex.c ****             (READ_BIT(pll_config, RCC_PLLCFGR_PLLR) != (RCC_OscInitStruct->PLL.PLLR << RCC_PLLCFGR_
 3476              		.loc 1 3699 14 view .LVU1164
 3477 03ec 03F07062 		and	r2, r3, #251658240
3699:stm/stm32f4xx/STM32F4xx_HAL_Driver/Src/stm32f4xx_hal_rcc_ex.c ****             (READ_BIT(pll_config, RCC_PLLCFGR_PLLR) != (RCC_OscInitStruct->PLL.PLLR << RCC_PLLCFGR_
 3478              		.loc 1 3699 79 view .LVU1165
 3479 03f0 E16A     		ldr	r1, [r4, #44]
3698:stm/stm32f4xx/STM32F4xx_HAL_Driver/Src/stm32f4xx_hal_rcc_ex.c ****             (READ_BIT(pll_config, RCC_PLLCFGR_PLLQ) != (RCC_OscInitStruct->PLL.PLLQ << RCC_PLLCFGR_
 3480              		.loc 1 3698 126 view .LVU1166
 3481 03f2 B2EB016F 		cmp	r2, r1, lsl #24
 3482 03f6 1AD1     		bne	.L295
3700:stm/stm32f4xx/STM32F4xx_HAL_Driver/Src/stm32f4xx_hal_rcc_ex.c **** #else
 3483              		.loc 1 3700 14 view .LVU1167
 3484 03f8 03F0E043 		and	r3, r3, #1879048192
 3485              	.LVL274:
ARM GAS  /tmp/ccsRaXLF.s 			page 137


3700:stm/stm32f4xx/STM32F4xx_HAL_Driver/Src/stm32f4xx_hal_rcc_ex.c **** #else
 3486              		.loc 1 3700 79 view .LVU1168
 3487 03fc 226B     		ldr	r2, [r4, #48]
3699:stm/stm32f4xx/STM32F4xx_HAL_Driver/Src/stm32f4xx_hal_rcc_ex.c ****             (READ_BIT(pll_config, RCC_PLLCFGR_PLLR) != (RCC_OscInitStruct->PLL.PLLR << RCC_PLLCFGR_
 3488              		.loc 1 3699 111 view .LVU1169
 3489 03fe B3EB027F 		cmp	r3, r2, lsl #28
 3490 0402 16D1     		bne	.L296
 3491              		.loc 1 3715 10 view .LVU1170
 3492 0404 0020     		movs	r0, #0
 3493 0406 06E0     		b	.L222
 3494              	.LVL275:
 3495              	.L273:
 3496              	.LCFI12:
 3497              		.cfi_def_cfa_offset 0
 3498              		.cfi_restore 4
 3499              		.cfi_restore 5
 3500              		.cfi_restore 6
 3501              		.cfi_restore 14
3364:stm/stm32f4xx/STM32F4xx_HAL_Driver/Src/stm32f4xx_hal_rcc_ex.c ****   }
 3502              		.loc 1 3364 12 view .LVU1171
 3503 0408 0120     		movs	r0, #1
 3504              	.LVL276:
3716:stm/stm32f4xx/STM32F4xx_HAL_Driver/Src/stm32f4xx_hal_rcc_ex.c **** }
 3505              		.loc 1 3716 1 view .LVU1172
 3506 040a 7047     		bx	lr
 3507              	.LVL277:
 3508              	.L305:
 3509              	.LCFI13:
 3510              		.cfi_def_cfa_offset 24
 3511              		.cfi_offset 4, -16
 3512              		.cfi_offset 5, -12
 3513              		.cfi_offset 6, -8
 3514              		.cfi_offset 14, -4
3386:stm/stm32f4xx/STM32F4xx_HAL_Driver/Src/stm32f4xx_hal_rcc_ex.c ****       }
 3515              		.loc 1 3386 16 view .LVU1173
 3516 040c 0120     		movs	r0, #1
 3517              	.LVL278:
3386:stm/stm32f4xx/STM32F4xx_HAL_Driver/Src/stm32f4xx_hal_rcc_ex.c ****       }
 3518              		.loc 1 3386 16 view .LVU1174
 3519 040e 02E0     		b	.L222
 3520              	.L277:
3445:stm/stm32f4xx/STM32F4xx_HAL_Driver/Src/stm32f4xx_hal_rcc_ex.c ****       }
 3521              		.loc 1 3445 16 view .LVU1175
 3522 0410 0120     		movs	r0, #1
 3523 0412 00E0     		b	.L222
 3524              	.L286:
3715:stm/stm32f4xx/STM32F4xx_HAL_Driver/Src/stm32f4xx_hal_rcc_ex.c **** }
 3525              		.loc 1 3715 10 view .LVU1176
 3526 0414 0020     		movs	r0, #0
 3527              	.LVL279:
 3528              	.L222:
 3529              		.loc 1 3716 1 view .LVU1177
 3530 0416 02B0     		add	sp, sp, #8
 3531              	.LCFI14:
 3532              		.cfi_remember_state
 3533              		.cfi_def_cfa_offset 16
 3534              		@ sp needed
ARM GAS  /tmp/ccsRaXLF.s 			page 138


 3535 0418 70BD     		pop	{r4, r5, r6, pc}
 3536              	.LVL280:
 3537              	.L290:
 3538              	.LCFI15:
 3539              		.cfi_restore_state
3687:stm/stm32f4xx/STM32F4xx_HAL_Driver/Src/stm32f4xx_hal_rcc_ex.c ****       }
 3540              		.loc 1 3687 16 view .LVU1178
 3541 041a 0120     		movs	r0, #1
 3542 041c FBE7     		b	.L222
 3543              	.LVL281:
 3544              	.L291:
3710:stm/stm32f4xx/STM32F4xx_HAL_Driver/Src/stm32f4xx_hal_rcc_ex.c ****         }
 3545              		.loc 1 3710 18 view .LVU1179
 3546 041e 0120     		movs	r0, #1
 3547 0420 F9E7     		b	.L222
 3548              	.L292:
 3549 0422 0120     		movs	r0, #1
 3550 0424 F7E7     		b	.L222
 3551              	.L293:
 3552 0426 0120     		movs	r0, #1
 3553 0428 F5E7     		b	.L222
 3554              	.L294:
 3555 042a 0120     		movs	r0, #1
 3556 042c F3E7     		b	.L222
 3557              	.L295:
 3558 042e 0120     		movs	r0, #1
 3559 0430 F1E7     		b	.L222
 3560              	.LVL282:
 3561              	.L296:
3710:stm/stm32f4xx/STM32F4xx_HAL_Driver/Src/stm32f4xx_hal_rcc_ex.c ****         }
 3562              		.loc 1 3710 18 view .LVU1180
 3563 0432 0120     		movs	r0, #1
 3564 0434 EFE7     		b	.L222
 3565              	.L320:
 3566 0436 00BF     		.align	2
 3567              	.L319:
 3568 0438 00700040 		.word	1073770496
 3569 043c 00380240 		.word	1073887232
 3570 0440 00004742 		.word	1111949312
 3571              		.cfi_endproc
 3572              	.LFE249:
 3574              		.section	.text.HAL_RCC_GetOscConfig,"ax",%progbits
 3575              		.align	1
 3576              		.global	HAL_RCC_GetOscConfig
 3577              		.syntax unified
 3578              		.thumb
 3579              		.thumb_func
 3581              	HAL_RCC_GetOscConfig:
 3582              	.LVL283:
 3583              	.LFB250:
3717:stm/stm32f4xx/STM32F4xx_HAL_Driver/Src/stm32f4xx_hal_rcc_ex.c **** 
3718:stm/stm32f4xx/STM32F4xx_HAL_Driver/Src/stm32f4xx_hal_rcc_ex.c **** /**
3719:stm/stm32f4xx/STM32F4xx_HAL_Driver/Src/stm32f4xx_hal_rcc_ex.c ****   * @brief  Configures the RCC_OscInitStruct according to the internal
3720:stm/stm32f4xx/STM32F4xx_HAL_Driver/Src/stm32f4xx_hal_rcc_ex.c ****   * RCC configuration registers.
3721:stm/stm32f4xx/STM32F4xx_HAL_Driver/Src/stm32f4xx_hal_rcc_ex.c ****   * @param  RCC_OscInitStruct pointer to an RCC_OscInitTypeDef structure that will be configured.
3722:stm/stm32f4xx/STM32F4xx_HAL_Driver/Src/stm32f4xx_hal_rcc_ex.c ****   *
3723:stm/stm32f4xx/STM32F4xx_HAL_Driver/Src/stm32f4xx_hal_rcc_ex.c ****   * @note   This function is only available in case of STM32F410xx/STM32F446xx/STM32F469xx/STM32F47
ARM GAS  /tmp/ccsRaXLF.s 			page 139


3724:stm/stm32f4xx/STM32F4xx_HAL_Driver/Src/stm32f4xx_hal_rcc_ex.c ****   * @note   This function add the PLL/PLLR factor management
3725:stm/stm32f4xx/STM32F4xx_HAL_Driver/Src/stm32f4xx_hal_rcc_ex.c ****   * @retval None
3726:stm/stm32f4xx/STM32F4xx_HAL_Driver/Src/stm32f4xx_hal_rcc_ex.c ****   */
3727:stm/stm32f4xx/STM32F4xx_HAL_Driver/Src/stm32f4xx_hal_rcc_ex.c **** void HAL_RCC_GetOscConfig(RCC_OscInitTypeDef  *RCC_OscInitStruct)
3728:stm/stm32f4xx/STM32F4xx_HAL_Driver/Src/stm32f4xx_hal_rcc_ex.c **** {
 3584              		.loc 1 3728 1 is_stmt 1 view -0
 3585              		.cfi_startproc
 3586              		@ args = 0, pretend = 0, frame = 0
 3587              		@ frame_needed = 0, uses_anonymous_args = 0
 3588              		@ link register save eliminated.
3729:stm/stm32f4xx/STM32F4xx_HAL_Driver/Src/stm32f4xx_hal_rcc_ex.c ****   /* Set all possible values for the Oscillator type parameter ---------------*/
3730:stm/stm32f4xx/STM32F4xx_HAL_Driver/Src/stm32f4xx_hal_rcc_ex.c ****   RCC_OscInitStruct->OscillatorType = RCC_OSCILLATORTYPE_HSE | RCC_OSCILLATORTYPE_HSI | RCC_OSCILLA
 3589              		.loc 1 3730 3 view .LVU1182
 3590              		.loc 1 3730 37 is_stmt 0 view .LVU1183
 3591 0000 0F23     		movs	r3, #15
 3592 0002 0360     		str	r3, [r0]
3731:stm/stm32f4xx/STM32F4xx_HAL_Driver/Src/stm32f4xx_hal_rcc_ex.c **** 
3732:stm/stm32f4xx/STM32F4xx_HAL_Driver/Src/stm32f4xx_hal_rcc_ex.c ****   /* Get the HSE configuration -----------------------------------------------*/
3733:stm/stm32f4xx/STM32F4xx_HAL_Driver/Src/stm32f4xx_hal_rcc_ex.c ****   if((RCC->CR &RCC_CR_HSEBYP) == RCC_CR_HSEBYP)
 3593              		.loc 1 3733 3 is_stmt 1 view .LVU1184
 3594              		.loc 1 3733 10 is_stmt 0 view .LVU1185
 3595 0004 324B     		ldr	r3, .L334
 3596 0006 1B68     		ldr	r3, [r3]
 3597              		.loc 1 3733 5 view .LVU1186
 3598 0008 13F4802F 		tst	r3, #262144
 3599 000c 3FD0     		beq	.L322
3734:stm/stm32f4xx/STM32F4xx_HAL_Driver/Src/stm32f4xx_hal_rcc_ex.c ****   {
3735:stm/stm32f4xx/STM32F4xx_HAL_Driver/Src/stm32f4xx_hal_rcc_ex.c ****     RCC_OscInitStruct->HSEState = RCC_HSE_BYPASS;
 3600              		.loc 1 3735 5 is_stmt 1 view .LVU1187
 3601              		.loc 1 3735 33 is_stmt 0 view .LVU1188
 3602 000e 4FF4A023 		mov	r3, #327680
 3603 0012 4360     		str	r3, [r0, #4]
 3604              	.L323:
3736:stm/stm32f4xx/STM32F4xx_HAL_Driver/Src/stm32f4xx_hal_rcc_ex.c ****   }
3737:stm/stm32f4xx/STM32F4xx_HAL_Driver/Src/stm32f4xx_hal_rcc_ex.c ****   else if((RCC->CR &RCC_CR_HSEON) == RCC_CR_HSEON)
3738:stm/stm32f4xx/STM32F4xx_HAL_Driver/Src/stm32f4xx_hal_rcc_ex.c ****   {
3739:stm/stm32f4xx/STM32F4xx_HAL_Driver/Src/stm32f4xx_hal_rcc_ex.c ****     RCC_OscInitStruct->HSEState = RCC_HSE_ON;
3740:stm/stm32f4xx/STM32F4xx_HAL_Driver/Src/stm32f4xx_hal_rcc_ex.c ****   }
3741:stm/stm32f4xx/STM32F4xx_HAL_Driver/Src/stm32f4xx_hal_rcc_ex.c ****   else
3742:stm/stm32f4xx/STM32F4xx_HAL_Driver/Src/stm32f4xx_hal_rcc_ex.c ****   {
3743:stm/stm32f4xx/STM32F4xx_HAL_Driver/Src/stm32f4xx_hal_rcc_ex.c ****     RCC_OscInitStruct->HSEState = RCC_HSE_OFF;
3744:stm/stm32f4xx/STM32F4xx_HAL_Driver/Src/stm32f4xx_hal_rcc_ex.c ****   }
3745:stm/stm32f4xx/STM32F4xx_HAL_Driver/Src/stm32f4xx_hal_rcc_ex.c **** 
3746:stm/stm32f4xx/STM32F4xx_HAL_Driver/Src/stm32f4xx_hal_rcc_ex.c ****   /* Get the HSI configuration -----------------------------------------------*/
3747:stm/stm32f4xx/STM32F4xx_HAL_Driver/Src/stm32f4xx_hal_rcc_ex.c ****   if((RCC->CR &RCC_CR_HSION) == RCC_CR_HSION)
 3605              		.loc 1 3747 3 is_stmt 1 view .LVU1189
 3606              		.loc 1 3747 10 is_stmt 0 view .LVU1190
 3607 0014 2E4B     		ldr	r3, .L334
 3608 0016 1B68     		ldr	r3, [r3]
 3609              		.loc 1 3747 5 view .LVU1191
 3610 0018 13F0010F 		tst	r3, #1
 3611 001c 43D0     		beq	.L325
3748:stm/stm32f4xx/STM32F4xx_HAL_Driver/Src/stm32f4xx_hal_rcc_ex.c ****   {
3749:stm/stm32f4xx/STM32F4xx_HAL_Driver/Src/stm32f4xx_hal_rcc_ex.c ****     RCC_OscInitStruct->HSIState = RCC_HSI_ON;
 3612              		.loc 1 3749 5 is_stmt 1 view .LVU1192
 3613              		.loc 1 3749 33 is_stmt 0 view .LVU1193
 3614 001e 0123     		movs	r3, #1
ARM GAS  /tmp/ccsRaXLF.s 			page 140


 3615 0020 C360     		str	r3, [r0, #12]
 3616              	.L326:
3750:stm/stm32f4xx/STM32F4xx_HAL_Driver/Src/stm32f4xx_hal_rcc_ex.c ****   }
3751:stm/stm32f4xx/STM32F4xx_HAL_Driver/Src/stm32f4xx_hal_rcc_ex.c ****   else
3752:stm/stm32f4xx/STM32F4xx_HAL_Driver/Src/stm32f4xx_hal_rcc_ex.c ****   {
3753:stm/stm32f4xx/STM32F4xx_HAL_Driver/Src/stm32f4xx_hal_rcc_ex.c ****     RCC_OscInitStruct->HSIState = RCC_HSI_OFF;
3754:stm/stm32f4xx/STM32F4xx_HAL_Driver/Src/stm32f4xx_hal_rcc_ex.c ****   }
3755:stm/stm32f4xx/STM32F4xx_HAL_Driver/Src/stm32f4xx_hal_rcc_ex.c **** 
3756:stm/stm32f4xx/STM32F4xx_HAL_Driver/Src/stm32f4xx_hal_rcc_ex.c ****   RCC_OscInitStruct->HSICalibrationValue = (uint32_t)((RCC->CR &RCC_CR_HSITRIM) >> RCC_CR_HSITRIM_P
 3617              		.loc 1 3756 3 is_stmt 1 view .LVU1194
 3618              		.loc 1 3756 59 is_stmt 0 view .LVU1195
 3619 0022 2B4A     		ldr	r2, .L334
 3620 0024 1368     		ldr	r3, [r2]
 3621              		.loc 1 3756 44 view .LVU1196
 3622 0026 C3F3C403 		ubfx	r3, r3, #3, #5
 3623              		.loc 1 3756 42 view .LVU1197
 3624 002a 0361     		str	r3, [r0, #16]
3757:stm/stm32f4xx/STM32F4xx_HAL_Driver/Src/stm32f4xx_hal_rcc_ex.c **** 
3758:stm/stm32f4xx/STM32F4xx_HAL_Driver/Src/stm32f4xx_hal_rcc_ex.c ****   /* Get the LSE configuration -----------------------------------------------*/
3759:stm/stm32f4xx/STM32F4xx_HAL_Driver/Src/stm32f4xx_hal_rcc_ex.c ****   if((RCC->BDCR &RCC_BDCR_LSEBYP) == RCC_BDCR_LSEBYP)
 3625              		.loc 1 3759 3 is_stmt 1 view .LVU1198
 3626              		.loc 1 3759 10 is_stmt 0 view .LVU1199
 3627 002c 136F     		ldr	r3, [r2, #112]
 3628              		.loc 1 3759 5 view .LVU1200
 3629 002e 13F0040F 		tst	r3, #4
 3630 0032 3BD0     		beq	.L327
3760:stm/stm32f4xx/STM32F4xx_HAL_Driver/Src/stm32f4xx_hal_rcc_ex.c ****   {
3761:stm/stm32f4xx/STM32F4xx_HAL_Driver/Src/stm32f4xx_hal_rcc_ex.c ****     RCC_OscInitStruct->LSEState = RCC_LSE_BYPASS;
 3631              		.loc 1 3761 5 is_stmt 1 view .LVU1201
 3632              		.loc 1 3761 33 is_stmt 0 view .LVU1202
 3633 0034 0523     		movs	r3, #5
 3634 0036 8360     		str	r3, [r0, #8]
 3635              	.L328:
3762:stm/stm32f4xx/STM32F4xx_HAL_Driver/Src/stm32f4xx_hal_rcc_ex.c ****   }
3763:stm/stm32f4xx/STM32F4xx_HAL_Driver/Src/stm32f4xx_hal_rcc_ex.c ****   else if((RCC->BDCR &RCC_BDCR_LSEON) == RCC_BDCR_LSEON)
3764:stm/stm32f4xx/STM32F4xx_HAL_Driver/Src/stm32f4xx_hal_rcc_ex.c ****   {
3765:stm/stm32f4xx/STM32F4xx_HAL_Driver/Src/stm32f4xx_hal_rcc_ex.c ****     RCC_OscInitStruct->LSEState = RCC_LSE_ON;
3766:stm/stm32f4xx/STM32F4xx_HAL_Driver/Src/stm32f4xx_hal_rcc_ex.c ****   }
3767:stm/stm32f4xx/STM32F4xx_HAL_Driver/Src/stm32f4xx_hal_rcc_ex.c ****   else
3768:stm/stm32f4xx/STM32F4xx_HAL_Driver/Src/stm32f4xx_hal_rcc_ex.c ****   {
3769:stm/stm32f4xx/STM32F4xx_HAL_Driver/Src/stm32f4xx_hal_rcc_ex.c ****     RCC_OscInitStruct->LSEState = RCC_LSE_OFF;
3770:stm/stm32f4xx/STM32F4xx_HAL_Driver/Src/stm32f4xx_hal_rcc_ex.c ****   }
3771:stm/stm32f4xx/STM32F4xx_HAL_Driver/Src/stm32f4xx_hal_rcc_ex.c **** 
3772:stm/stm32f4xx/STM32F4xx_HAL_Driver/Src/stm32f4xx_hal_rcc_ex.c ****   /* Get the LSI configuration -----------------------------------------------*/
3773:stm/stm32f4xx/STM32F4xx_HAL_Driver/Src/stm32f4xx_hal_rcc_ex.c ****   if((RCC->CSR &RCC_CSR_LSION) == RCC_CSR_LSION)
 3636              		.loc 1 3773 3 is_stmt 1 view .LVU1203
 3637              		.loc 1 3773 10 is_stmt 0 view .LVU1204
 3638 0038 254B     		ldr	r3, .L334
 3639 003a 5B6F     		ldr	r3, [r3, #116]
 3640              		.loc 1 3773 5 view .LVU1205
 3641 003c 13F0010F 		tst	r3, #1
 3642 0040 3FD0     		beq	.L330
3774:stm/stm32f4xx/STM32F4xx_HAL_Driver/Src/stm32f4xx_hal_rcc_ex.c ****   {
3775:stm/stm32f4xx/STM32F4xx_HAL_Driver/Src/stm32f4xx_hal_rcc_ex.c ****     RCC_OscInitStruct->LSIState = RCC_LSI_ON;
 3643              		.loc 1 3775 5 is_stmt 1 view .LVU1206
 3644              		.loc 1 3775 33 is_stmt 0 view .LVU1207
 3645 0042 0123     		movs	r3, #1
ARM GAS  /tmp/ccsRaXLF.s 			page 141


 3646 0044 4361     		str	r3, [r0, #20]
 3647              	.L331:
3776:stm/stm32f4xx/STM32F4xx_HAL_Driver/Src/stm32f4xx_hal_rcc_ex.c ****   }
3777:stm/stm32f4xx/STM32F4xx_HAL_Driver/Src/stm32f4xx_hal_rcc_ex.c ****   else
3778:stm/stm32f4xx/STM32F4xx_HAL_Driver/Src/stm32f4xx_hal_rcc_ex.c ****   {
3779:stm/stm32f4xx/STM32F4xx_HAL_Driver/Src/stm32f4xx_hal_rcc_ex.c ****     RCC_OscInitStruct->LSIState = RCC_LSI_OFF;
3780:stm/stm32f4xx/STM32F4xx_HAL_Driver/Src/stm32f4xx_hal_rcc_ex.c ****   }
3781:stm/stm32f4xx/STM32F4xx_HAL_Driver/Src/stm32f4xx_hal_rcc_ex.c **** 
3782:stm/stm32f4xx/STM32F4xx_HAL_Driver/Src/stm32f4xx_hal_rcc_ex.c ****   /* Get the PLL configuration -----------------------------------------------*/
3783:stm/stm32f4xx/STM32F4xx_HAL_Driver/Src/stm32f4xx_hal_rcc_ex.c ****   if((RCC->CR &RCC_CR_PLLON) == RCC_CR_PLLON)
 3648              		.loc 1 3783 3 is_stmt 1 view .LVU1208
 3649              		.loc 1 3783 10 is_stmt 0 view .LVU1209
 3650 0046 224B     		ldr	r3, .L334
 3651 0048 1B68     		ldr	r3, [r3]
 3652              		.loc 1 3783 5 view .LVU1210
 3653 004a 13F0807F 		tst	r3, #16777216
 3654 004e 3BD0     		beq	.L332
3784:stm/stm32f4xx/STM32F4xx_HAL_Driver/Src/stm32f4xx_hal_rcc_ex.c ****   {
3785:stm/stm32f4xx/STM32F4xx_HAL_Driver/Src/stm32f4xx_hal_rcc_ex.c ****     RCC_OscInitStruct->PLL.PLLState = RCC_PLL_ON;
 3655              		.loc 1 3785 5 is_stmt 1 view .LVU1211
 3656              		.loc 1 3785 37 is_stmt 0 view .LVU1212
 3657 0050 0223     		movs	r3, #2
 3658 0052 8361     		str	r3, [r0, #24]
 3659              	.L333:
3786:stm/stm32f4xx/STM32F4xx_HAL_Driver/Src/stm32f4xx_hal_rcc_ex.c ****   }
3787:stm/stm32f4xx/STM32F4xx_HAL_Driver/Src/stm32f4xx_hal_rcc_ex.c ****   else
3788:stm/stm32f4xx/STM32F4xx_HAL_Driver/Src/stm32f4xx_hal_rcc_ex.c ****   {
3789:stm/stm32f4xx/STM32F4xx_HAL_Driver/Src/stm32f4xx_hal_rcc_ex.c ****     RCC_OscInitStruct->PLL.PLLState = RCC_PLL_OFF;
3790:stm/stm32f4xx/STM32F4xx_HAL_Driver/Src/stm32f4xx_hal_rcc_ex.c ****   }
3791:stm/stm32f4xx/STM32F4xx_HAL_Driver/Src/stm32f4xx_hal_rcc_ex.c ****   RCC_OscInitStruct->PLL.PLLSource = (uint32_t)(RCC->PLLCFGR & RCC_PLLCFGR_PLLSRC);
 3660              		.loc 1 3791 3 is_stmt 1 view .LVU1213
 3661              		.loc 1 3791 52 is_stmt 0 view .LVU1214
 3662 0054 1E4A     		ldr	r2, .L334
 3663 0056 5368     		ldr	r3, [r2, #4]
 3664              		.loc 1 3791 38 view .LVU1215
 3665 0058 03F48003 		and	r3, r3, #4194304
 3666              		.loc 1 3791 36 view .LVU1216
 3667 005c C361     		str	r3, [r0, #28]
3792:stm/stm32f4xx/STM32F4xx_HAL_Driver/Src/stm32f4xx_hal_rcc_ex.c ****   RCC_OscInitStruct->PLL.PLLM = (uint32_t)(RCC->PLLCFGR & RCC_PLLCFGR_PLLM);
 3668              		.loc 1 3792 3 is_stmt 1 view .LVU1217
 3669              		.loc 1 3792 47 is_stmt 0 view .LVU1218
 3670 005e 5368     		ldr	r3, [r2, #4]
 3671              		.loc 1 3792 33 view .LVU1219
 3672 0060 03F03F03 		and	r3, r3, #63
 3673              		.loc 1 3792 31 view .LVU1220
 3674 0064 0362     		str	r3, [r0, #32]
3793:stm/stm32f4xx/STM32F4xx_HAL_Driver/Src/stm32f4xx_hal_rcc_ex.c ****   RCC_OscInitStruct->PLL.PLLN = (uint32_t)((RCC->PLLCFGR & RCC_PLLCFGR_PLLN) >> RCC_PLLCFGR_PLLN_Po
 3675              		.loc 1 3793 3 is_stmt 1 view .LVU1221
 3676              		.loc 1 3793 48 is_stmt 0 view .LVU1222
 3677 0066 5368     		ldr	r3, [r2, #4]
 3678              		.loc 1 3793 33 view .LVU1223
 3679 0068 C3F38813 		ubfx	r3, r3, #6, #9
 3680              		.loc 1 3793 31 view .LVU1224
 3681 006c 4362     		str	r3, [r0, #36]
3794:stm/stm32f4xx/STM32F4xx_HAL_Driver/Src/stm32f4xx_hal_rcc_ex.c ****   RCC_OscInitStruct->PLL.PLLP = (uint32_t)((((RCC->PLLCFGR & RCC_PLLCFGR_PLLP) + RCC_PLLCFGR_PLLP_0
 3682              		.loc 1 3794 3 is_stmt 1 view .LVU1225
 3683              		.loc 1 3794 50 is_stmt 0 view .LVU1226
ARM GAS  /tmp/ccsRaXLF.s 			page 142


 3684 006e 5368     		ldr	r3, [r2, #4]
 3685              		.loc 1 3794 60 view .LVU1227
 3686 0070 03F44033 		and	r3, r3, #196608
 3687              		.loc 1 3794 80 view .LVU1228
 3688 0074 03F58033 		add	r3, r3, #65536
 3689              		.loc 1 3794 33 view .LVU1229
 3690 0078 DB0B     		lsrs	r3, r3, #15
 3691              		.loc 1 3794 31 view .LVU1230
 3692 007a 8362     		str	r3, [r0, #40]
3795:stm/stm32f4xx/STM32F4xx_HAL_Driver/Src/stm32f4xx_hal_rcc_ex.c ****   RCC_OscInitStruct->PLL.PLLQ = (uint32_t)((RCC->PLLCFGR & RCC_PLLCFGR_PLLQ) >> RCC_PLLCFGR_PLLQ_Po
 3693              		.loc 1 3795 3 is_stmt 1 view .LVU1231
 3694              		.loc 1 3795 48 is_stmt 0 view .LVU1232
 3695 007c 5368     		ldr	r3, [r2, #4]
 3696              		.loc 1 3795 33 view .LVU1233
 3697 007e C3F30363 		ubfx	r3, r3, #24, #4
 3698              		.loc 1 3795 31 view .LVU1234
 3699 0082 C362     		str	r3, [r0, #44]
3796:stm/stm32f4xx/STM32F4xx_HAL_Driver/Src/stm32f4xx_hal_rcc_ex.c ****   RCC_OscInitStruct->PLL.PLLR = (uint32_t)((RCC->PLLCFGR & RCC_PLLCFGR_PLLR) >> RCC_PLLCFGR_PLLR_Po
 3700              		.loc 1 3796 3 is_stmt 1 view .LVU1235
 3701              		.loc 1 3796 48 is_stmt 0 view .LVU1236
 3702 0084 5368     		ldr	r3, [r2, #4]
 3703              		.loc 1 3796 33 view .LVU1237
 3704 0086 C3F30273 		ubfx	r3, r3, #28, #3
 3705              		.loc 1 3796 31 view .LVU1238
 3706 008a 0363     		str	r3, [r0, #48]
3797:stm/stm32f4xx/STM32F4xx_HAL_Driver/Src/stm32f4xx_hal_rcc_ex.c **** }
 3707              		.loc 1 3797 1 view .LVU1239
 3708 008c 7047     		bx	lr
 3709              	.L322:
3737:stm/stm32f4xx/STM32F4xx_HAL_Driver/Src/stm32f4xx_hal_rcc_ex.c ****   {
 3710              		.loc 1 3737 8 is_stmt 1 view .LVU1240
3737:stm/stm32f4xx/STM32F4xx_HAL_Driver/Src/stm32f4xx_hal_rcc_ex.c ****   {
 3711              		.loc 1 3737 15 is_stmt 0 view .LVU1241
 3712 008e 104B     		ldr	r3, .L334
 3713 0090 1B68     		ldr	r3, [r3]
3737:stm/stm32f4xx/STM32F4xx_HAL_Driver/Src/stm32f4xx_hal_rcc_ex.c ****   {
 3714              		.loc 1 3737 10 view .LVU1242
 3715 0092 13F4803F 		tst	r3, #65536
 3716 0096 03D0     		beq	.L324
3739:stm/stm32f4xx/STM32F4xx_HAL_Driver/Src/stm32f4xx_hal_rcc_ex.c ****   }
 3717              		.loc 1 3739 5 is_stmt 1 view .LVU1243
3739:stm/stm32f4xx/STM32F4xx_HAL_Driver/Src/stm32f4xx_hal_rcc_ex.c ****   }
 3718              		.loc 1 3739 33 is_stmt 0 view .LVU1244
 3719 0098 4FF48033 		mov	r3, #65536
 3720 009c 4360     		str	r3, [r0, #4]
 3721 009e B9E7     		b	.L323
 3722              	.L324:
3743:stm/stm32f4xx/STM32F4xx_HAL_Driver/Src/stm32f4xx_hal_rcc_ex.c ****   }
 3723              		.loc 1 3743 5 is_stmt 1 view .LVU1245
3743:stm/stm32f4xx/STM32F4xx_HAL_Driver/Src/stm32f4xx_hal_rcc_ex.c ****   }
 3724              		.loc 1 3743 33 is_stmt 0 view .LVU1246
 3725 00a0 0023     		movs	r3, #0
 3726 00a2 4360     		str	r3, [r0, #4]
 3727 00a4 B6E7     		b	.L323
 3728              	.L325:
3753:stm/stm32f4xx/STM32F4xx_HAL_Driver/Src/stm32f4xx_hal_rcc_ex.c ****   }
 3729              		.loc 1 3753 5 is_stmt 1 view .LVU1247
ARM GAS  /tmp/ccsRaXLF.s 			page 143


3753:stm/stm32f4xx/STM32F4xx_HAL_Driver/Src/stm32f4xx_hal_rcc_ex.c ****   }
 3730              		.loc 1 3753 33 is_stmt 0 view .LVU1248
 3731 00a6 0023     		movs	r3, #0
 3732 00a8 C360     		str	r3, [r0, #12]
 3733 00aa BAE7     		b	.L326
 3734              	.L327:
3763:stm/stm32f4xx/STM32F4xx_HAL_Driver/Src/stm32f4xx_hal_rcc_ex.c ****   {
 3735              		.loc 1 3763 8 is_stmt 1 view .LVU1249
3763:stm/stm32f4xx/STM32F4xx_HAL_Driver/Src/stm32f4xx_hal_rcc_ex.c ****   {
 3736              		.loc 1 3763 15 is_stmt 0 view .LVU1250
 3737 00ac 084B     		ldr	r3, .L334
 3738 00ae 1B6F     		ldr	r3, [r3, #112]
3763:stm/stm32f4xx/STM32F4xx_HAL_Driver/Src/stm32f4xx_hal_rcc_ex.c ****   {
 3739              		.loc 1 3763 10 view .LVU1251
 3740 00b0 13F0010F 		tst	r3, #1
 3741 00b4 02D0     		beq	.L329
3765:stm/stm32f4xx/STM32F4xx_HAL_Driver/Src/stm32f4xx_hal_rcc_ex.c ****   }
 3742              		.loc 1 3765 5 is_stmt 1 view .LVU1252
3765:stm/stm32f4xx/STM32F4xx_HAL_Driver/Src/stm32f4xx_hal_rcc_ex.c ****   }
 3743              		.loc 1 3765 33 is_stmt 0 view .LVU1253
 3744 00b6 0123     		movs	r3, #1
 3745 00b8 8360     		str	r3, [r0, #8]
 3746 00ba BDE7     		b	.L328
 3747              	.L329:
3769:stm/stm32f4xx/STM32F4xx_HAL_Driver/Src/stm32f4xx_hal_rcc_ex.c ****   }
 3748              		.loc 1 3769 5 is_stmt 1 view .LVU1254
3769:stm/stm32f4xx/STM32F4xx_HAL_Driver/Src/stm32f4xx_hal_rcc_ex.c ****   }
 3749              		.loc 1 3769 33 is_stmt 0 view .LVU1255
 3750 00bc 0023     		movs	r3, #0
 3751 00be 8360     		str	r3, [r0, #8]
 3752 00c0 BAE7     		b	.L328
 3753              	.L330:
3779:stm/stm32f4xx/STM32F4xx_HAL_Driver/Src/stm32f4xx_hal_rcc_ex.c ****   }
 3754              		.loc 1 3779 5 is_stmt 1 view .LVU1256
3779:stm/stm32f4xx/STM32F4xx_HAL_Driver/Src/stm32f4xx_hal_rcc_ex.c ****   }
 3755              		.loc 1 3779 33 is_stmt 0 view .LVU1257
 3756 00c2 0023     		movs	r3, #0
 3757 00c4 4361     		str	r3, [r0, #20]
 3758 00c6 BEE7     		b	.L331
 3759              	.L332:
3789:stm/stm32f4xx/STM32F4xx_HAL_Driver/Src/stm32f4xx_hal_rcc_ex.c ****   }
 3760              		.loc 1 3789 5 is_stmt 1 view .LVU1258
3789:stm/stm32f4xx/STM32F4xx_HAL_Driver/Src/stm32f4xx_hal_rcc_ex.c ****   }
 3761              		.loc 1 3789 37 is_stmt 0 view .LVU1259
 3762 00c8 0123     		movs	r3, #1
 3763 00ca 8361     		str	r3, [r0, #24]
 3764 00cc C2E7     		b	.L333
 3765              	.L335:
 3766 00ce 00BF     		.align	2
 3767              	.L334:
 3768 00d0 00380240 		.word	1073887232
 3769              		.cfi_endproc
 3770              	.LFE250:
 3772              		.text
 3773              	.Letext0:
 3774              		.file 2 "/usr/lib/gcc/arm-none-eabi/13.2.1/include/stdint.h"
 3775              		.file 3 "stm/stm32f4xx/CMSIS/Device/ST/STM32F4xx/Include/stm32f446xx.h"
ARM GAS  /tmp/ccsRaXLF.s 			page 144


 3776              		.file 4 "stm/stm32f4xx/CMSIS/Device/ST/STM32F4xx/Include/stm32f4xx.h"
 3777              		.file 5 "stm/stm32f4xx/STM32F4xx_HAL_Driver/Inc/stm32f4xx_hal_def.h"
 3778              		.file 6 "stm/stm32f4xx/STM32F4xx_HAL_Driver/Inc/stm32f4xx_hal_rcc_ex.h"
 3779              		.file 7 "stm/stm32f4xx/STM32F4xx_HAL_Driver/Inc/stm32f4xx_hal_rcc.h"
 3780              		.file 8 "stm/stm32f4xx/CMSIS/Device/ST/STM32F4xx/Include/system_stm32f4xx.h"
 3781              		.file 9 "stm/stm32f4xx/STM32F4xx_HAL_Driver/Inc/stm32f4xx_hal.h"
ARM GAS  /tmp/ccsRaXLF.s 			page 145


DEFINED SYMBOLS
                            *ABS*:00000000 stm32f4xx_hal_rcc_ex.c
     /tmp/ccsRaXLF.s:21     .text.HAL_RCCEx_PeriphCLKConfig:00000000 $t
     /tmp/ccsRaXLF.s:27     .text.HAL_RCCEx_PeriphCLKConfig:00000000 HAL_RCCEx_PeriphCLKConfig
     /tmp/ccsRaXLF.s:531    .text.HAL_RCCEx_PeriphCLKConfig:00000268 $d
     /tmp/ccsRaXLF.s:540    .text.HAL_RCCEx_PeriphCLKConfig:00000278 $t
     /tmp/ccsRaXLF.s:894    .text.HAL_RCCEx_PeriphCLKConfig:0000046c $d
     /tmp/ccsRaXLF.s:900    .text.HAL_RCCEx_GetPeriphCLKConfig:00000000 $t
     /tmp/ccsRaXLF.s:906    .text.HAL_RCCEx_GetPeriphCLKConfig:00000000 HAL_RCCEx_GetPeriphCLKConfig
     /tmp/ccsRaXLF.s:1095   .text.HAL_RCCEx_GetPeriphCLKConfig:00000104 $d
     /tmp/ccsRaXLF.s:1100   .text.HAL_RCCEx_GetPeriphCLKFreq:00000000 $t
     /tmp/ccsRaXLF.s:1106   .text.HAL_RCCEx_GetPeriphCLKFreq:00000000 HAL_RCCEx_GetPeriphCLKFreq
     /tmp/ccsRaXLF.s:1128   .text.HAL_RCCEx_GetPeriphCLKFreq:0000000c $d
     /tmp/ccsRaXLF.s:1136   .text.HAL_RCCEx_GetPeriphCLKFreq:0000001c $t
     /tmp/ccsRaXLF.s:1684   .text.HAL_RCCEx_GetPeriphCLKFreq:000002e0 $d
     /tmp/ccsRaXLF.s:1691   .text.HAL_RCCEx_GetPeriphCLKFreq:000002f0 $t
     /tmp/ccsRaXLF.s:1719   .text.HAL_RCCEx_GetPeriphCLKFreq:00000304 $d
     /tmp/ccsRaXLF.s:1725   .text.HAL_RCCEx_SelectLSEMode:00000000 $t
     /tmp/ccsRaXLF.s:1731   .text.HAL_RCCEx_SelectLSEMode:00000000 HAL_RCCEx_SelectLSEMode
     /tmp/ccsRaXLF.s:1761   .text.HAL_RCCEx_SelectLSEMode:0000001c $d
     /tmp/ccsRaXLF.s:1766   .text.HAL_RCCEx_EnablePLLI2S:00000000 $t
     /tmp/ccsRaXLF.s:1772   .text.HAL_RCCEx_EnablePLLI2S:00000000 HAL_RCCEx_EnablePLLI2S
     /tmp/ccsRaXLF.s:1882   .text.HAL_RCCEx_EnablePLLI2S:00000074 $d
     /tmp/ccsRaXLF.s:1888   .text.HAL_RCCEx_DisablePLLI2S:00000000 $t
     /tmp/ccsRaXLF.s:1894   .text.HAL_RCCEx_DisablePLLI2S:00000000 HAL_RCCEx_DisablePLLI2S
     /tmp/ccsRaXLF.s:1948   .text.HAL_RCCEx_DisablePLLI2S:0000002c $d
     /tmp/ccsRaXLF.s:1954   .text.HAL_RCCEx_EnablePLLSAI:00000000 $t
     /tmp/ccsRaXLF.s:1960   .text.HAL_RCCEx_EnablePLLSAI:00000000 HAL_RCCEx_EnablePLLSAI
     /tmp/ccsRaXLF.s:2067   .text.HAL_RCCEx_EnablePLLSAI:00000070 $d
     /tmp/ccsRaXLF.s:2073   .text.HAL_RCCEx_DisablePLLSAI:00000000 $t
     /tmp/ccsRaXLF.s:2079   .text.HAL_RCCEx_DisablePLLSAI:00000000 HAL_RCCEx_DisablePLLSAI
     /tmp/ccsRaXLF.s:2133   .text.HAL_RCCEx_DisablePLLSAI:0000002c $d
     /tmp/ccsRaXLF.s:2140   .text.HAL_RCC_GetSysClockFreq:00000000 $t
     /tmp/ccsRaXLF.s:2146   .text.HAL_RCC_GetSysClockFreq:00000000 HAL_RCC_GetSysClockFreq
     /tmp/ccsRaXLF.s:2341   .text.HAL_RCC_GetSysClockFreq:0000011c $d
     /tmp/ccsRaXLF.s:2348   .text.HAL_RCC_DeInit:00000000 $t
     /tmp/ccsRaXLF.s:2354   .text.HAL_RCC_DeInit:00000000 HAL_RCC_DeInit
     /tmp/ccsRaXLF.s:2643   .text.HAL_RCC_DeInit:00000164 $d
     /tmp/ccsRaXLF.s:2652   .text.HAL_RCC_OscConfig:00000000 $t
     /tmp/ccsRaXLF.s:2658   .text.HAL_RCC_OscConfig:00000000 HAL_RCC_OscConfig
     /tmp/ccsRaXLF.s:3185   .text.HAL_RCC_OscConfig:0000027c $d
     /tmp/ccsRaXLF.s:3191   .text.HAL_RCC_OscConfig:00000288 $t
     /tmp/ccsRaXLF.s:3568   .text.HAL_RCC_OscConfig:00000438 $d
     /tmp/ccsRaXLF.s:3575   .text.HAL_RCC_GetOscConfig:00000000 $t
     /tmp/ccsRaXLF.s:3581   .text.HAL_RCC_GetOscConfig:00000000 HAL_RCC_GetOscConfig
     /tmp/ccsRaXLF.s:3768   .text.HAL_RCC_GetOscConfig:000000d0 $d

UNDEFINED SYMBOLS
HAL_GetTick
__aeabi_uldivmod
HAL_InitTick
SystemCoreClock
uwTickPrio
