ARM GAS  /tmp/ccPqrEja.s 			page 1


   1              		.cpu cortex-m4
   2              		.arch armv7e-m
   3              		.fpu fpv4-sp-d16
   4              		.eabi_attribute 27, 1
   5              		.eabi_attribute 28, 1
   6              		.eabi_attribute 20, 1
   7              		.eabi_attribute 21, 1
   8              		.eabi_attribute 23, 3
   9              		.eabi_attribute 24, 1
  10              		.eabi_attribute 25, 1
  11              		.eabi_attribute 26, 1
  12              		.eabi_attribute 30, 1
  13              		.eabi_attribute 34, 1
  14              		.eabi_attribute 18, 4
  15              		.file	"stm32g4xx_hal_smbus.c"
  16              		.text
  17              	.Ltext0:
  18              		.cfi_sections	.debug_frame
  19              		.file 1 "stm/stm32g4xx/STM32G4xx_HAL_Driver/Src/stm32g4xx_hal_smbus.c"
  20              		.section	.text.SMBUS_Enable_IRQ,"ax",%progbits
  21              		.align	1
  22              		.syntax unified
  23              		.thumb
  24              		.thumb_func
  26              	SMBUS_Enable_IRQ:
  27              	.LVL0:
  28              	.LFB358:
   1:stm/stm32g4xx/STM32G4xx_HAL_Driver/Src/stm32g4xx_hal_smbus.c **** /**
   2:stm/stm32g4xx/STM32G4xx_HAL_Driver/Src/stm32g4xx_hal_smbus.c ****   ******************************************************************************
   3:stm/stm32g4xx/STM32G4xx_HAL_Driver/Src/stm32g4xx_hal_smbus.c ****   * @file    stm32g4xx_hal_smbus.c
   4:stm/stm32g4xx/STM32G4xx_HAL_Driver/Src/stm32g4xx_hal_smbus.c ****   * @author  MCD Application Team
   5:stm/stm32g4xx/STM32G4xx_HAL_Driver/Src/stm32g4xx_hal_smbus.c ****   * @brief   SMBUS HAL module driver.
   6:stm/stm32g4xx/STM32G4xx_HAL_Driver/Src/stm32g4xx_hal_smbus.c ****   *          This file provides firmware functions to manage the following
   7:stm/stm32g4xx/STM32G4xx_HAL_Driver/Src/stm32g4xx_hal_smbus.c ****   *          functionalities of the System Management Bus (SMBus) peripheral,
   8:stm/stm32g4xx/STM32G4xx_HAL_Driver/Src/stm32g4xx_hal_smbus.c ****   *          based on I2C principles of operation :
   9:stm/stm32g4xx/STM32G4xx_HAL_Driver/Src/stm32g4xx_hal_smbus.c ****   *           + Initialization and de-initialization functions
  10:stm/stm32g4xx/STM32G4xx_HAL_Driver/Src/stm32g4xx_hal_smbus.c ****   *           + IO operation functions
  11:stm/stm32g4xx/STM32G4xx_HAL_Driver/Src/stm32g4xx_hal_smbus.c ****   *           + Peripheral State and Errors functions
  12:stm/stm32g4xx/STM32G4xx_HAL_Driver/Src/stm32g4xx_hal_smbus.c ****   *
  13:stm/stm32g4xx/STM32G4xx_HAL_Driver/Src/stm32g4xx_hal_smbus.c ****   ******************************************************************************
  14:stm/stm32g4xx/STM32G4xx_HAL_Driver/Src/stm32g4xx_hal_smbus.c ****   * @attention
  15:stm/stm32g4xx/STM32G4xx_HAL_Driver/Src/stm32g4xx_hal_smbus.c ****   *
  16:stm/stm32g4xx/STM32G4xx_HAL_Driver/Src/stm32g4xx_hal_smbus.c ****   * Copyright (c) 2019 STMicroelectronics.
  17:stm/stm32g4xx/STM32G4xx_HAL_Driver/Src/stm32g4xx_hal_smbus.c ****   * All rights reserved.
  18:stm/stm32g4xx/STM32G4xx_HAL_Driver/Src/stm32g4xx_hal_smbus.c ****   *
  19:stm/stm32g4xx/STM32G4xx_HAL_Driver/Src/stm32g4xx_hal_smbus.c ****   * This software is licensed under terms that can be found in the LICENSE file
  20:stm/stm32g4xx/STM32G4xx_HAL_Driver/Src/stm32g4xx_hal_smbus.c ****   * in the root directory of this software component.
  21:stm/stm32g4xx/STM32G4xx_HAL_Driver/Src/stm32g4xx_hal_smbus.c ****   * If no LICENSE file comes with this software, it is provided AS-IS.
  22:stm/stm32g4xx/STM32G4xx_HAL_Driver/Src/stm32g4xx_hal_smbus.c ****   *
  23:stm/stm32g4xx/STM32G4xx_HAL_Driver/Src/stm32g4xx_hal_smbus.c ****   ******************************************************************************
  24:stm/stm32g4xx/STM32G4xx_HAL_Driver/Src/stm32g4xx_hal_smbus.c ****   @verbatim
  25:stm/stm32g4xx/STM32G4xx_HAL_Driver/Src/stm32g4xx_hal_smbus.c ****   ==============================================================================
  26:stm/stm32g4xx/STM32G4xx_HAL_Driver/Src/stm32g4xx_hal_smbus.c ****                         ##### How to use this driver #####
  27:stm/stm32g4xx/STM32G4xx_HAL_Driver/Src/stm32g4xx_hal_smbus.c ****   ==============================================================================
  28:stm/stm32g4xx/STM32G4xx_HAL_Driver/Src/stm32g4xx_hal_smbus.c ****     [..]
  29:stm/stm32g4xx/STM32G4xx_HAL_Driver/Src/stm32g4xx_hal_smbus.c ****     The SMBUS HAL driver can be used as follows:
  30:stm/stm32g4xx/STM32G4xx_HAL_Driver/Src/stm32g4xx_hal_smbus.c **** 
ARM GAS  /tmp/ccPqrEja.s 			page 2


  31:stm/stm32g4xx/STM32G4xx_HAL_Driver/Src/stm32g4xx_hal_smbus.c ****     (#) Declare a SMBUS_HandleTypeDef handle structure, for example:
  32:stm/stm32g4xx/STM32G4xx_HAL_Driver/Src/stm32g4xx_hal_smbus.c ****         SMBUS_HandleTypeDef  hsmbus;
  33:stm/stm32g4xx/STM32G4xx_HAL_Driver/Src/stm32g4xx_hal_smbus.c **** 
  34:stm/stm32g4xx/STM32G4xx_HAL_Driver/Src/stm32g4xx_hal_smbus.c ****     (#)Initialize the SMBUS low level resources by implementing the HAL_SMBUS_MspInit() API:
  35:stm/stm32g4xx/STM32G4xx_HAL_Driver/Src/stm32g4xx_hal_smbus.c ****         (##) Enable the SMBUSx interface clock
  36:stm/stm32g4xx/STM32G4xx_HAL_Driver/Src/stm32g4xx_hal_smbus.c ****         (##) SMBUS pins configuration
  37:stm/stm32g4xx/STM32G4xx_HAL_Driver/Src/stm32g4xx_hal_smbus.c ****             (+++) Enable the clock for the SMBUS GPIOs
  38:stm/stm32g4xx/STM32G4xx_HAL_Driver/Src/stm32g4xx_hal_smbus.c ****             (+++) Configure SMBUS pins as alternate function open-drain
  39:stm/stm32g4xx/STM32G4xx_HAL_Driver/Src/stm32g4xx_hal_smbus.c ****         (##) NVIC configuration if you need to use interrupt process
  40:stm/stm32g4xx/STM32G4xx_HAL_Driver/Src/stm32g4xx_hal_smbus.c ****             (+++) Configure the SMBUSx interrupt priority
  41:stm/stm32g4xx/STM32G4xx_HAL_Driver/Src/stm32g4xx_hal_smbus.c ****             (+++) Enable the NVIC SMBUS IRQ Channel
  42:stm/stm32g4xx/STM32G4xx_HAL_Driver/Src/stm32g4xx_hal_smbus.c **** 
  43:stm/stm32g4xx/STM32G4xx_HAL_Driver/Src/stm32g4xx_hal_smbus.c ****     (#) Configure the Communication Clock Timing, Bus Timeout, Own Address1, Master Addressing mode
  44:stm/stm32g4xx/STM32G4xx_HAL_Driver/Src/stm32g4xx_hal_smbus.c ****         Dual Addressing mode, Own Address2, Own Address2 Mask, General call, Nostretch mode,
  45:stm/stm32g4xx/STM32G4xx_HAL_Driver/Src/stm32g4xx_hal_smbus.c ****         Peripheral mode and Packet Error Check mode in the hsmbus Init structure.
  46:stm/stm32g4xx/STM32G4xx_HAL_Driver/Src/stm32g4xx_hal_smbus.c **** 
  47:stm/stm32g4xx/STM32G4xx_HAL_Driver/Src/stm32g4xx_hal_smbus.c ****     (#) Initialize the SMBUS registers by calling the HAL_SMBUS_Init() API:
  48:stm/stm32g4xx/STM32G4xx_HAL_Driver/Src/stm32g4xx_hal_smbus.c ****         (++) These API's configures also the low level Hardware GPIO, CLOCK, CORTEX...etc)
  49:stm/stm32g4xx/STM32G4xx_HAL_Driver/Src/stm32g4xx_hal_smbus.c ****              by calling the customized HAL_SMBUS_MspInit(&hsmbus) API.
  50:stm/stm32g4xx/STM32G4xx_HAL_Driver/Src/stm32g4xx_hal_smbus.c **** 
  51:stm/stm32g4xx/STM32G4xx_HAL_Driver/Src/stm32g4xx_hal_smbus.c ****     (#) To check if target device is ready for communication, use the function HAL_SMBUS_IsDeviceRe
  52:stm/stm32g4xx/STM32G4xx_HAL_Driver/Src/stm32g4xx_hal_smbus.c **** 
  53:stm/stm32g4xx/STM32G4xx_HAL_Driver/Src/stm32g4xx_hal_smbus.c ****     (#) For SMBUS IO operations, only one mode of operations is available within this driver
  54:stm/stm32g4xx/STM32G4xx_HAL_Driver/Src/stm32g4xx_hal_smbus.c **** 
  55:stm/stm32g4xx/STM32G4xx_HAL_Driver/Src/stm32g4xx_hal_smbus.c ****     *** Interrupt mode IO operation ***
  56:stm/stm32g4xx/STM32G4xx_HAL_Driver/Src/stm32g4xx_hal_smbus.c ****     ===================================
  57:stm/stm32g4xx/STM32G4xx_HAL_Driver/Src/stm32g4xx_hal_smbus.c ****     [..]
  58:stm/stm32g4xx/STM32G4xx_HAL_Driver/Src/stm32g4xx_hal_smbus.c ****       (+) Transmit in master/host SMBUS mode an amount of data in non-blocking mode
  59:stm/stm32g4xx/STM32G4xx_HAL_Driver/Src/stm32g4xx_hal_smbus.c ****           using HAL_SMBUS_Master_Transmit_IT()
  60:stm/stm32g4xx/STM32G4xx_HAL_Driver/Src/stm32g4xx_hal_smbus.c ****       (++) At transmission end of transfer HAL_SMBUS_MasterTxCpltCallback() is executed and users c
  61:stm/stm32g4xx/STM32G4xx_HAL_Driver/Src/stm32g4xx_hal_smbus.c ****            add their own code by customization of function pointer HAL_SMBUS_MasterTxCpltCallback()
  62:stm/stm32g4xx/STM32G4xx_HAL_Driver/Src/stm32g4xx_hal_smbus.c ****       (+) Receive in master/host SMBUS mode an amount of data in non-blocking mode
  63:stm/stm32g4xx/STM32G4xx_HAL_Driver/Src/stm32g4xx_hal_smbus.c ****           using HAL_SMBUS_Master_Receive_IT()
  64:stm/stm32g4xx/STM32G4xx_HAL_Driver/Src/stm32g4xx_hal_smbus.c ****       (++) At reception end of transfer HAL_SMBUS_MasterRxCpltCallback() is executed and users can
  65:stm/stm32g4xx/STM32G4xx_HAL_Driver/Src/stm32g4xx_hal_smbus.c ****            add their own code by customization of function pointer HAL_SMBUS_MasterRxCpltCallback()
  66:stm/stm32g4xx/STM32G4xx_HAL_Driver/Src/stm32g4xx_hal_smbus.c ****       (+) Abort a master/host SMBUS process communication with Interrupt using HAL_SMBUS_Master_Abo
  67:stm/stm32g4xx/STM32G4xx_HAL_Driver/Src/stm32g4xx_hal_smbus.c ****       (++) The associated previous transfer callback is called at the end of abort process
  68:stm/stm32g4xx/STM32G4xx_HAL_Driver/Src/stm32g4xx_hal_smbus.c ****       (++) mean HAL_SMBUS_MasterTxCpltCallback() in case of previous state was master transmit
  69:stm/stm32g4xx/STM32G4xx_HAL_Driver/Src/stm32g4xx_hal_smbus.c ****       (++) mean HAL_SMBUS_MasterRxCpltCallback() in case of previous state was master receive
  70:stm/stm32g4xx/STM32G4xx_HAL_Driver/Src/stm32g4xx_hal_smbus.c ****       (+) Enable/disable the Address listen mode in slave/device or host/slave SMBUS mode
  71:stm/stm32g4xx/STM32G4xx_HAL_Driver/Src/stm32g4xx_hal_smbus.c ****            using HAL_SMBUS_EnableListen_IT() HAL_SMBUS_DisableListen_IT()
  72:stm/stm32g4xx/STM32G4xx_HAL_Driver/Src/stm32g4xx_hal_smbus.c ****       (++) When address slave/device SMBUS match, HAL_SMBUS_AddrCallback() is executed and users ca
  73:stm/stm32g4xx/STM32G4xx_HAL_Driver/Src/stm32g4xx_hal_smbus.c ****            add their own code to check the Address Match Code and the transmission direction
  74:stm/stm32g4xx/STM32G4xx_HAL_Driver/Src/stm32g4xx_hal_smbus.c ****            request by master/host (Write/Read).
  75:stm/stm32g4xx/STM32G4xx_HAL_Driver/Src/stm32g4xx_hal_smbus.c ****       (++) At Listen mode end HAL_SMBUS_ListenCpltCallback() is executed and users can
  76:stm/stm32g4xx/STM32G4xx_HAL_Driver/Src/stm32g4xx_hal_smbus.c ****            add their own code by customization of function pointer HAL_SMBUS_ListenCpltCallback()
  77:stm/stm32g4xx/STM32G4xx_HAL_Driver/Src/stm32g4xx_hal_smbus.c ****       (+) Transmit in slave/device SMBUS mode an amount of data in non-blocking mode
  78:stm/stm32g4xx/STM32G4xx_HAL_Driver/Src/stm32g4xx_hal_smbus.c ****           using HAL_SMBUS_Slave_Transmit_IT()
  79:stm/stm32g4xx/STM32G4xx_HAL_Driver/Src/stm32g4xx_hal_smbus.c ****       (++) At transmission end of transfer HAL_SMBUS_SlaveTxCpltCallback() is executed and users ca
  80:stm/stm32g4xx/STM32G4xx_HAL_Driver/Src/stm32g4xx_hal_smbus.c ****            add their own code by customization of function pointer HAL_SMBUS_SlaveTxCpltCallback()
  81:stm/stm32g4xx/STM32G4xx_HAL_Driver/Src/stm32g4xx_hal_smbus.c ****       (+) Receive in slave/device SMBUS mode an amount of data in non-blocking mode
  82:stm/stm32g4xx/STM32G4xx_HAL_Driver/Src/stm32g4xx_hal_smbus.c ****           using HAL_SMBUS_Slave_Receive_IT()
  83:stm/stm32g4xx/STM32G4xx_HAL_Driver/Src/stm32g4xx_hal_smbus.c ****       (++) At reception end of transfer HAL_SMBUS_SlaveRxCpltCallback() is executed and users can
  84:stm/stm32g4xx/STM32G4xx_HAL_Driver/Src/stm32g4xx_hal_smbus.c ****            add their own code by customization of function pointer HAL_SMBUS_SlaveRxCpltCallback()
  85:stm/stm32g4xx/STM32G4xx_HAL_Driver/Src/stm32g4xx_hal_smbus.c ****       (+) Enable/Disable the SMBUS alert mode using
  86:stm/stm32g4xx/STM32G4xx_HAL_Driver/Src/stm32g4xx_hal_smbus.c ****           HAL_SMBUS_EnableAlert_IT() or HAL_SMBUS_DisableAlert_IT()
  87:stm/stm32g4xx/STM32G4xx_HAL_Driver/Src/stm32g4xx_hal_smbus.c ****       (++) When SMBUS Alert is generated HAL_SMBUS_ErrorCallback() is executed and users can
ARM GAS  /tmp/ccPqrEja.s 			page 3


  88:stm/stm32g4xx/STM32G4xx_HAL_Driver/Src/stm32g4xx_hal_smbus.c ****            add their own code by customization of function pointer HAL_SMBUS_ErrorCallback()
  89:stm/stm32g4xx/STM32G4xx_HAL_Driver/Src/stm32g4xx_hal_smbus.c ****            to check the Alert Error Code using function HAL_SMBUS_GetError()
  90:stm/stm32g4xx/STM32G4xx_HAL_Driver/Src/stm32g4xx_hal_smbus.c ****       (+) Get HAL state machine or error values using HAL_SMBUS_GetState() or HAL_SMBUS_GetError()
  91:stm/stm32g4xx/STM32G4xx_HAL_Driver/Src/stm32g4xx_hal_smbus.c ****       (+) In case of transfer Error, HAL_SMBUS_ErrorCallback() function is executed and users can
  92:stm/stm32g4xx/STM32G4xx_HAL_Driver/Src/stm32g4xx_hal_smbus.c ****            add their own code by customization of function pointer HAL_SMBUS_ErrorCallback()
  93:stm/stm32g4xx/STM32G4xx_HAL_Driver/Src/stm32g4xx_hal_smbus.c ****            to check the Error Code using function HAL_SMBUS_GetError()
  94:stm/stm32g4xx/STM32G4xx_HAL_Driver/Src/stm32g4xx_hal_smbus.c **** 
  95:stm/stm32g4xx/STM32G4xx_HAL_Driver/Src/stm32g4xx_hal_smbus.c ****      *** SMBUS HAL driver macros list ***
  96:stm/stm32g4xx/STM32G4xx_HAL_Driver/Src/stm32g4xx_hal_smbus.c ****      ==================================
  97:stm/stm32g4xx/STM32G4xx_HAL_Driver/Src/stm32g4xx_hal_smbus.c ****      [..]
  98:stm/stm32g4xx/STM32G4xx_HAL_Driver/Src/stm32g4xx_hal_smbus.c ****        Below the list of most used macros in SMBUS HAL driver.
  99:stm/stm32g4xx/STM32G4xx_HAL_Driver/Src/stm32g4xx_hal_smbus.c **** 
 100:stm/stm32g4xx/STM32G4xx_HAL_Driver/Src/stm32g4xx_hal_smbus.c ****       (+) __HAL_SMBUS_ENABLE:      Enable the SMBUS peripheral
 101:stm/stm32g4xx/STM32G4xx_HAL_Driver/Src/stm32g4xx_hal_smbus.c ****       (+) __HAL_SMBUS_DISABLE:     Disable the SMBUS peripheral
 102:stm/stm32g4xx/STM32G4xx_HAL_Driver/Src/stm32g4xx_hal_smbus.c ****       (+) __HAL_SMBUS_GET_FLAG:    Check whether the specified SMBUS flag is set or not
 103:stm/stm32g4xx/STM32G4xx_HAL_Driver/Src/stm32g4xx_hal_smbus.c ****       (+) __HAL_SMBUS_CLEAR_FLAG:  Clear the specified SMBUS pending flag
 104:stm/stm32g4xx/STM32G4xx_HAL_Driver/Src/stm32g4xx_hal_smbus.c ****       (+) __HAL_SMBUS_ENABLE_IT:   Enable the specified SMBUS interrupt
 105:stm/stm32g4xx/STM32G4xx_HAL_Driver/Src/stm32g4xx_hal_smbus.c ****       (+) __HAL_SMBUS_DISABLE_IT:  Disable the specified SMBUS interrupt
 106:stm/stm32g4xx/STM32G4xx_HAL_Driver/Src/stm32g4xx_hal_smbus.c **** 
 107:stm/stm32g4xx/STM32G4xx_HAL_Driver/Src/stm32g4xx_hal_smbus.c ****      *** Callback registration ***
 108:stm/stm32g4xx/STM32G4xx_HAL_Driver/Src/stm32g4xx_hal_smbus.c ****      =============================================
 109:stm/stm32g4xx/STM32G4xx_HAL_Driver/Src/stm32g4xx_hal_smbus.c ****     [..]
 110:stm/stm32g4xx/STM32G4xx_HAL_Driver/Src/stm32g4xx_hal_smbus.c ****      The compilation flag USE_HAL_SMBUS_REGISTER_CALLBACKS when set to 1
 111:stm/stm32g4xx/STM32G4xx_HAL_Driver/Src/stm32g4xx_hal_smbus.c ****      allows the user to configure dynamically the driver callbacks.
 112:stm/stm32g4xx/STM32G4xx_HAL_Driver/Src/stm32g4xx_hal_smbus.c ****      Use Functions HAL_SMBUS_RegisterCallback() or HAL_SMBUS_RegisterAddrCallback()
 113:stm/stm32g4xx/STM32G4xx_HAL_Driver/Src/stm32g4xx_hal_smbus.c ****      to register an interrupt callback.
 114:stm/stm32g4xx/STM32G4xx_HAL_Driver/Src/stm32g4xx_hal_smbus.c ****     [..]
 115:stm/stm32g4xx/STM32G4xx_HAL_Driver/Src/stm32g4xx_hal_smbus.c ****      Function HAL_SMBUS_RegisterCallback() allows to register following callbacks:
 116:stm/stm32g4xx/STM32G4xx_HAL_Driver/Src/stm32g4xx_hal_smbus.c ****        (+) MasterTxCpltCallback : callback for Master transmission end of transfer.
 117:stm/stm32g4xx/STM32G4xx_HAL_Driver/Src/stm32g4xx_hal_smbus.c ****        (+) MasterRxCpltCallback : callback for Master reception end of transfer.
 118:stm/stm32g4xx/STM32G4xx_HAL_Driver/Src/stm32g4xx_hal_smbus.c ****        (+) SlaveTxCpltCallback  : callback for Slave transmission end of transfer.
 119:stm/stm32g4xx/STM32G4xx_HAL_Driver/Src/stm32g4xx_hal_smbus.c ****        (+) SlaveRxCpltCallback  : callback for Slave reception end of transfer.
 120:stm/stm32g4xx/STM32G4xx_HAL_Driver/Src/stm32g4xx_hal_smbus.c ****        (+) ListenCpltCallback   : callback for end of listen mode.
 121:stm/stm32g4xx/STM32G4xx_HAL_Driver/Src/stm32g4xx_hal_smbus.c ****        (+) ErrorCallback        : callback for error detection.
 122:stm/stm32g4xx/STM32G4xx_HAL_Driver/Src/stm32g4xx_hal_smbus.c ****        (+) MspInitCallback      : callback for Msp Init.
 123:stm/stm32g4xx/STM32G4xx_HAL_Driver/Src/stm32g4xx_hal_smbus.c ****        (+) MspDeInitCallback    : callback for Msp DeInit.
 124:stm/stm32g4xx/STM32G4xx_HAL_Driver/Src/stm32g4xx_hal_smbus.c ****      This function takes as parameters the HAL peripheral handle, the Callback ID
 125:stm/stm32g4xx/STM32G4xx_HAL_Driver/Src/stm32g4xx_hal_smbus.c ****      and a pointer to the user callback function.
 126:stm/stm32g4xx/STM32G4xx_HAL_Driver/Src/stm32g4xx_hal_smbus.c ****     [..]
 127:stm/stm32g4xx/STM32G4xx_HAL_Driver/Src/stm32g4xx_hal_smbus.c ****      For specific callback AddrCallback use dedicated register callbacks : HAL_SMBUS_RegisterAddrCa
 128:stm/stm32g4xx/STM32G4xx_HAL_Driver/Src/stm32g4xx_hal_smbus.c ****     [..]
 129:stm/stm32g4xx/STM32G4xx_HAL_Driver/Src/stm32g4xx_hal_smbus.c ****      Use function HAL_SMBUS_UnRegisterCallback to reset a callback to the default
 130:stm/stm32g4xx/STM32G4xx_HAL_Driver/Src/stm32g4xx_hal_smbus.c ****      weak function.
 131:stm/stm32g4xx/STM32G4xx_HAL_Driver/Src/stm32g4xx_hal_smbus.c ****      HAL_SMBUS_UnRegisterCallback takes as parameters the HAL peripheral handle,
 132:stm/stm32g4xx/STM32G4xx_HAL_Driver/Src/stm32g4xx_hal_smbus.c ****      and the Callback ID.
 133:stm/stm32g4xx/STM32G4xx_HAL_Driver/Src/stm32g4xx_hal_smbus.c ****      This function allows to reset following callbacks:
 134:stm/stm32g4xx/STM32G4xx_HAL_Driver/Src/stm32g4xx_hal_smbus.c ****        (+) MasterTxCpltCallback : callback for Master transmission end of transfer.
 135:stm/stm32g4xx/STM32G4xx_HAL_Driver/Src/stm32g4xx_hal_smbus.c ****        (+) MasterRxCpltCallback : callback for Master reception end of transfer.
 136:stm/stm32g4xx/STM32G4xx_HAL_Driver/Src/stm32g4xx_hal_smbus.c ****        (+) SlaveTxCpltCallback  : callback for Slave transmission end of transfer.
 137:stm/stm32g4xx/STM32G4xx_HAL_Driver/Src/stm32g4xx_hal_smbus.c ****        (+) SlaveRxCpltCallback  : callback for Slave reception end of transfer.
 138:stm/stm32g4xx/STM32G4xx_HAL_Driver/Src/stm32g4xx_hal_smbus.c ****        (+) ListenCpltCallback   : callback for end of listen mode.
 139:stm/stm32g4xx/STM32G4xx_HAL_Driver/Src/stm32g4xx_hal_smbus.c ****        (+) ErrorCallback        : callback for error detection.
 140:stm/stm32g4xx/STM32G4xx_HAL_Driver/Src/stm32g4xx_hal_smbus.c ****        (+) MspInitCallback      : callback for Msp Init.
 141:stm/stm32g4xx/STM32G4xx_HAL_Driver/Src/stm32g4xx_hal_smbus.c ****        (+) MspDeInitCallback    : callback for Msp DeInit.
 142:stm/stm32g4xx/STM32G4xx_HAL_Driver/Src/stm32g4xx_hal_smbus.c ****     [..]
 143:stm/stm32g4xx/STM32G4xx_HAL_Driver/Src/stm32g4xx_hal_smbus.c ****      For callback AddrCallback use dedicated register callbacks : HAL_SMBUS_UnRegisterAddrCallback.
 144:stm/stm32g4xx/STM32G4xx_HAL_Driver/Src/stm32g4xx_hal_smbus.c ****     [..]
ARM GAS  /tmp/ccPqrEja.s 			page 4


 145:stm/stm32g4xx/STM32G4xx_HAL_Driver/Src/stm32g4xx_hal_smbus.c ****      By default, after the HAL_SMBUS_Init() and when the state is HAL_I2C_STATE_RESET
 146:stm/stm32g4xx/STM32G4xx_HAL_Driver/Src/stm32g4xx_hal_smbus.c ****      all callbacks are set to the corresponding weak functions:
 147:stm/stm32g4xx/STM32G4xx_HAL_Driver/Src/stm32g4xx_hal_smbus.c ****      examples HAL_SMBUS_MasterTxCpltCallback(), HAL_SMBUS_MasterRxCpltCallback().
 148:stm/stm32g4xx/STM32G4xx_HAL_Driver/Src/stm32g4xx_hal_smbus.c ****      Exception done for MspInit and MspDeInit functions that are
 149:stm/stm32g4xx/STM32G4xx_HAL_Driver/Src/stm32g4xx_hal_smbus.c ****      reset to the legacy weak functions in the HAL_SMBUS_Init()/ HAL_SMBUS_DeInit() only when
 150:stm/stm32g4xx/STM32G4xx_HAL_Driver/Src/stm32g4xx_hal_smbus.c ****      these callbacks are null (not registered beforehand).
 151:stm/stm32g4xx/STM32G4xx_HAL_Driver/Src/stm32g4xx_hal_smbus.c ****      If MspInit or MspDeInit are not null, the HAL_SMBUS_Init()/ HAL_SMBUS_DeInit()
 152:stm/stm32g4xx/STM32G4xx_HAL_Driver/Src/stm32g4xx_hal_smbus.c ****      keep and use the user MspInit/MspDeInit callbacks (registered beforehand) whatever the state.
 153:stm/stm32g4xx/STM32G4xx_HAL_Driver/Src/stm32g4xx_hal_smbus.c ****     [..]
 154:stm/stm32g4xx/STM32G4xx_HAL_Driver/Src/stm32g4xx_hal_smbus.c ****      Callbacks can be registered/unregistered in HAL_I2C_STATE_READY state only.
 155:stm/stm32g4xx/STM32G4xx_HAL_Driver/Src/stm32g4xx_hal_smbus.c ****      Exception done MspInit/MspDeInit functions that can be registered/unregistered
 156:stm/stm32g4xx/STM32G4xx_HAL_Driver/Src/stm32g4xx_hal_smbus.c ****      in HAL_I2C_STATE_READY or HAL_I2C_STATE_RESET state,
 157:stm/stm32g4xx/STM32G4xx_HAL_Driver/Src/stm32g4xx_hal_smbus.c ****      thus registered (user) MspInit/DeInit callbacks can be used during the Init/DeInit.
 158:stm/stm32g4xx/STM32G4xx_HAL_Driver/Src/stm32g4xx_hal_smbus.c ****      Then, the user first registers the MspInit/MspDeInit user callbacks
 159:stm/stm32g4xx/STM32G4xx_HAL_Driver/Src/stm32g4xx_hal_smbus.c ****      using HAL_SMBUS_RegisterCallback() before calling HAL_SMBUS_DeInit()
 160:stm/stm32g4xx/STM32G4xx_HAL_Driver/Src/stm32g4xx_hal_smbus.c ****      or HAL_SMBUS_Init() function.
 161:stm/stm32g4xx/STM32G4xx_HAL_Driver/Src/stm32g4xx_hal_smbus.c ****     [..]
 162:stm/stm32g4xx/STM32G4xx_HAL_Driver/Src/stm32g4xx_hal_smbus.c ****      When the compilation flag USE_HAL_SMBUS_REGISTER_CALLBACKS is set to 0 or
 163:stm/stm32g4xx/STM32G4xx_HAL_Driver/Src/stm32g4xx_hal_smbus.c ****      not defined, the callback registration feature is not available and all callbacks
 164:stm/stm32g4xx/STM32G4xx_HAL_Driver/Src/stm32g4xx_hal_smbus.c ****      are set to the corresponding weak functions.
 165:stm/stm32g4xx/STM32G4xx_HAL_Driver/Src/stm32g4xx_hal_smbus.c **** 
 166:stm/stm32g4xx/STM32G4xx_HAL_Driver/Src/stm32g4xx_hal_smbus.c ****      [..]
 167:stm/stm32g4xx/STM32G4xx_HAL_Driver/Src/stm32g4xx_hal_smbus.c ****        (@) You can refer to the SMBUS HAL driver header file for more useful macros
 168:stm/stm32g4xx/STM32G4xx_HAL_Driver/Src/stm32g4xx_hal_smbus.c **** 
 169:stm/stm32g4xx/STM32G4xx_HAL_Driver/Src/stm32g4xx_hal_smbus.c ****   @endverbatim
 170:stm/stm32g4xx/STM32G4xx_HAL_Driver/Src/stm32g4xx_hal_smbus.c ****   */
 171:stm/stm32g4xx/STM32G4xx_HAL_Driver/Src/stm32g4xx_hal_smbus.c **** 
 172:stm/stm32g4xx/STM32G4xx_HAL_Driver/Src/stm32g4xx_hal_smbus.c **** /* Includes ------------------------------------------------------------------*/
 173:stm/stm32g4xx/STM32G4xx_HAL_Driver/Src/stm32g4xx_hal_smbus.c **** #include "stm32g4xx_hal.h"
 174:stm/stm32g4xx/STM32G4xx_HAL_Driver/Src/stm32g4xx_hal_smbus.c **** 
 175:stm/stm32g4xx/STM32G4xx_HAL_Driver/Src/stm32g4xx_hal_smbus.c **** /** @addtogroup STM32G4xx_HAL_Driver
 176:stm/stm32g4xx/STM32G4xx_HAL_Driver/Src/stm32g4xx_hal_smbus.c ****   * @{
 177:stm/stm32g4xx/STM32G4xx_HAL_Driver/Src/stm32g4xx_hal_smbus.c ****   */
 178:stm/stm32g4xx/STM32G4xx_HAL_Driver/Src/stm32g4xx_hal_smbus.c **** 
 179:stm/stm32g4xx/STM32G4xx_HAL_Driver/Src/stm32g4xx_hal_smbus.c **** /** @defgroup SMBUS SMBUS
 180:stm/stm32g4xx/STM32G4xx_HAL_Driver/Src/stm32g4xx_hal_smbus.c ****   * @brief SMBUS HAL module driver
 181:stm/stm32g4xx/STM32G4xx_HAL_Driver/Src/stm32g4xx_hal_smbus.c ****   * @{
 182:stm/stm32g4xx/STM32G4xx_HAL_Driver/Src/stm32g4xx_hal_smbus.c ****   */
 183:stm/stm32g4xx/STM32G4xx_HAL_Driver/Src/stm32g4xx_hal_smbus.c **** 
 184:stm/stm32g4xx/STM32G4xx_HAL_Driver/Src/stm32g4xx_hal_smbus.c **** #ifdef HAL_SMBUS_MODULE_ENABLED
 185:stm/stm32g4xx/STM32G4xx_HAL_Driver/Src/stm32g4xx_hal_smbus.c **** 
 186:stm/stm32g4xx/STM32G4xx_HAL_Driver/Src/stm32g4xx_hal_smbus.c **** /* Private typedef -----------------------------------------------------------*/
 187:stm/stm32g4xx/STM32G4xx_HAL_Driver/Src/stm32g4xx_hal_smbus.c **** /* Private constants ---------------------------------------------------------*/
 188:stm/stm32g4xx/STM32G4xx_HAL_Driver/Src/stm32g4xx_hal_smbus.c **** /** @defgroup SMBUS_Private_Define SMBUS Private Constants
 189:stm/stm32g4xx/STM32G4xx_HAL_Driver/Src/stm32g4xx_hal_smbus.c ****   * @{
 190:stm/stm32g4xx/STM32G4xx_HAL_Driver/Src/stm32g4xx_hal_smbus.c ****   */
 191:stm/stm32g4xx/STM32G4xx_HAL_Driver/Src/stm32g4xx_hal_smbus.c **** #define TIMING_CLEAR_MASK   (0xF0FFFFFFUL)     /*!< SMBUS TIMING clear register Mask */
 192:stm/stm32g4xx/STM32G4xx_HAL_Driver/Src/stm32g4xx_hal_smbus.c **** #define HAL_TIMEOUT_ADDR    (10000U)           /*!< 10 s  */
 193:stm/stm32g4xx/STM32G4xx_HAL_Driver/Src/stm32g4xx_hal_smbus.c **** #define HAL_TIMEOUT_BUSY    (25U)              /*!< 25 ms */
 194:stm/stm32g4xx/STM32G4xx_HAL_Driver/Src/stm32g4xx_hal_smbus.c **** #define HAL_TIMEOUT_DIR     (25U)              /*!< 25 ms */
 195:stm/stm32g4xx/STM32G4xx_HAL_Driver/Src/stm32g4xx_hal_smbus.c **** #define HAL_TIMEOUT_RXNE    (25U)              /*!< 25 ms */
 196:stm/stm32g4xx/STM32G4xx_HAL_Driver/Src/stm32g4xx_hal_smbus.c **** #define HAL_TIMEOUT_STOPF   (25U)              /*!< 25 ms */
 197:stm/stm32g4xx/STM32G4xx_HAL_Driver/Src/stm32g4xx_hal_smbus.c **** #define HAL_TIMEOUT_TC      (25U)              /*!< 25 ms */
 198:stm/stm32g4xx/STM32G4xx_HAL_Driver/Src/stm32g4xx_hal_smbus.c **** #define HAL_TIMEOUT_TCR     (25U)              /*!< 25 ms */
 199:stm/stm32g4xx/STM32G4xx_HAL_Driver/Src/stm32g4xx_hal_smbus.c **** #define HAL_TIMEOUT_TXIS    (25U)              /*!< 25 ms */
 200:stm/stm32g4xx/STM32G4xx_HAL_Driver/Src/stm32g4xx_hal_smbus.c **** #define MAX_NBYTE_SIZE      255U
 201:stm/stm32g4xx/STM32G4xx_HAL_Driver/Src/stm32g4xx_hal_smbus.c **** /**
ARM GAS  /tmp/ccPqrEja.s 			page 5


 202:stm/stm32g4xx/STM32G4xx_HAL_Driver/Src/stm32g4xx_hal_smbus.c ****   * @}
 203:stm/stm32g4xx/STM32G4xx_HAL_Driver/Src/stm32g4xx_hal_smbus.c ****   */
 204:stm/stm32g4xx/STM32G4xx_HAL_Driver/Src/stm32g4xx_hal_smbus.c **** 
 205:stm/stm32g4xx/STM32G4xx_HAL_Driver/Src/stm32g4xx_hal_smbus.c **** /* Private macro -------------------------------------------------------------*/
 206:stm/stm32g4xx/STM32G4xx_HAL_Driver/Src/stm32g4xx_hal_smbus.c **** /* Private variables ---------------------------------------------------------*/
 207:stm/stm32g4xx/STM32G4xx_HAL_Driver/Src/stm32g4xx_hal_smbus.c **** /* Private function prototypes -----------------------------------------------*/
 208:stm/stm32g4xx/STM32G4xx_HAL_Driver/Src/stm32g4xx_hal_smbus.c **** /** @addtogroup SMBUS_Private_Functions SMBUS Private Functions
 209:stm/stm32g4xx/STM32G4xx_HAL_Driver/Src/stm32g4xx_hal_smbus.c ****   * @{
 210:stm/stm32g4xx/STM32G4xx_HAL_Driver/Src/stm32g4xx_hal_smbus.c ****   */
 211:stm/stm32g4xx/STM32G4xx_HAL_Driver/Src/stm32g4xx_hal_smbus.c **** /* Private functions to handle flags during polling transfer */
 212:stm/stm32g4xx/STM32G4xx_HAL_Driver/Src/stm32g4xx_hal_smbus.c **** static HAL_StatusTypeDef SMBUS_WaitOnFlagUntilTimeout(SMBUS_HandleTypeDef *hsmbus, uint32_t Flag,
 213:stm/stm32g4xx/STM32G4xx_HAL_Driver/Src/stm32g4xx_hal_smbus.c ****                                                       FlagStatus Status, uint32_t Timeout);
 214:stm/stm32g4xx/STM32G4xx_HAL_Driver/Src/stm32g4xx_hal_smbus.c **** 
 215:stm/stm32g4xx/STM32G4xx_HAL_Driver/Src/stm32g4xx_hal_smbus.c **** /* Private functions for SMBUS transfer IRQ handler */
 216:stm/stm32g4xx/STM32G4xx_HAL_Driver/Src/stm32g4xx_hal_smbus.c **** static HAL_StatusTypeDef SMBUS_Master_ISR(SMBUS_HandleTypeDef *hsmbus, uint32_t StatusFlags);
 217:stm/stm32g4xx/STM32G4xx_HAL_Driver/Src/stm32g4xx_hal_smbus.c **** static HAL_StatusTypeDef SMBUS_Slave_ISR(SMBUS_HandleTypeDef *hsmbus, uint32_t StatusFlags);
 218:stm/stm32g4xx/STM32G4xx_HAL_Driver/Src/stm32g4xx_hal_smbus.c **** static void SMBUS_ITErrorHandler(SMBUS_HandleTypeDef *hsmbus);
 219:stm/stm32g4xx/STM32G4xx_HAL_Driver/Src/stm32g4xx_hal_smbus.c **** 
 220:stm/stm32g4xx/STM32G4xx_HAL_Driver/Src/stm32g4xx_hal_smbus.c **** /* Private functions to centralize the enable/disable of Interrupts */
 221:stm/stm32g4xx/STM32G4xx_HAL_Driver/Src/stm32g4xx_hal_smbus.c **** static void SMBUS_Enable_IRQ(SMBUS_HandleTypeDef *hsmbus, uint32_t InterruptRequest);
 222:stm/stm32g4xx/STM32G4xx_HAL_Driver/Src/stm32g4xx_hal_smbus.c **** static void SMBUS_Disable_IRQ(SMBUS_HandleTypeDef *hsmbus, uint32_t InterruptRequest);
 223:stm/stm32g4xx/STM32G4xx_HAL_Driver/Src/stm32g4xx_hal_smbus.c **** 
 224:stm/stm32g4xx/STM32G4xx_HAL_Driver/Src/stm32g4xx_hal_smbus.c **** /* Private function to flush TXDR register */
 225:stm/stm32g4xx/STM32G4xx_HAL_Driver/Src/stm32g4xx_hal_smbus.c **** static void SMBUS_Flush_TXDR(SMBUS_HandleTypeDef *hsmbus);
 226:stm/stm32g4xx/STM32G4xx_HAL_Driver/Src/stm32g4xx_hal_smbus.c **** 
 227:stm/stm32g4xx/STM32G4xx_HAL_Driver/Src/stm32g4xx_hal_smbus.c **** /* Private function to handle start, restart or stop a transfer */
 228:stm/stm32g4xx/STM32G4xx_HAL_Driver/Src/stm32g4xx_hal_smbus.c **** static void SMBUS_TransferConfig(SMBUS_HandleTypeDef *hsmbus,  uint16_t DevAddress, uint8_t Size,
 229:stm/stm32g4xx/STM32G4xx_HAL_Driver/Src/stm32g4xx_hal_smbus.c ****                                  uint32_t Mode, uint32_t Request);
 230:stm/stm32g4xx/STM32G4xx_HAL_Driver/Src/stm32g4xx_hal_smbus.c **** 
 231:stm/stm32g4xx/STM32G4xx_HAL_Driver/Src/stm32g4xx_hal_smbus.c **** /* Private function to Convert Specific options */
 232:stm/stm32g4xx/STM32G4xx_HAL_Driver/Src/stm32g4xx_hal_smbus.c **** static void SMBUS_ConvertOtherXferOptions(SMBUS_HandleTypeDef *hsmbus);
 233:stm/stm32g4xx/STM32G4xx_HAL_Driver/Src/stm32g4xx_hal_smbus.c **** /**
 234:stm/stm32g4xx/STM32G4xx_HAL_Driver/Src/stm32g4xx_hal_smbus.c ****   * @}
 235:stm/stm32g4xx/STM32G4xx_HAL_Driver/Src/stm32g4xx_hal_smbus.c ****   */
 236:stm/stm32g4xx/STM32G4xx_HAL_Driver/Src/stm32g4xx_hal_smbus.c **** 
 237:stm/stm32g4xx/STM32G4xx_HAL_Driver/Src/stm32g4xx_hal_smbus.c **** /* Exported functions --------------------------------------------------------*/
 238:stm/stm32g4xx/STM32G4xx_HAL_Driver/Src/stm32g4xx_hal_smbus.c **** 
 239:stm/stm32g4xx/STM32G4xx_HAL_Driver/Src/stm32g4xx_hal_smbus.c **** /** @defgroup SMBUS_Exported_Functions SMBUS Exported Functions
 240:stm/stm32g4xx/STM32G4xx_HAL_Driver/Src/stm32g4xx_hal_smbus.c ****   * @{
 241:stm/stm32g4xx/STM32G4xx_HAL_Driver/Src/stm32g4xx_hal_smbus.c ****   */
 242:stm/stm32g4xx/STM32G4xx_HAL_Driver/Src/stm32g4xx_hal_smbus.c **** 
 243:stm/stm32g4xx/STM32G4xx_HAL_Driver/Src/stm32g4xx_hal_smbus.c **** /** @defgroup SMBUS_Exported_Functions_Group1 Initialization and de-initialization functions
 244:stm/stm32g4xx/STM32G4xx_HAL_Driver/Src/stm32g4xx_hal_smbus.c ****   *  @brief    Initialization and Configuration functions
 245:stm/stm32g4xx/STM32G4xx_HAL_Driver/Src/stm32g4xx_hal_smbus.c ****   *
 246:stm/stm32g4xx/STM32G4xx_HAL_Driver/Src/stm32g4xx_hal_smbus.c **** @verbatim
 247:stm/stm32g4xx/STM32G4xx_HAL_Driver/Src/stm32g4xx_hal_smbus.c ****  ===============================================================================
 248:stm/stm32g4xx/STM32G4xx_HAL_Driver/Src/stm32g4xx_hal_smbus.c ****               ##### Initialization and de-initialization functions #####
 249:stm/stm32g4xx/STM32G4xx_HAL_Driver/Src/stm32g4xx_hal_smbus.c ****  ===============================================================================
 250:stm/stm32g4xx/STM32G4xx_HAL_Driver/Src/stm32g4xx_hal_smbus.c ****     [..]  This subsection provides a set of functions allowing to initialize and
 251:stm/stm32g4xx/STM32G4xx_HAL_Driver/Src/stm32g4xx_hal_smbus.c ****           deinitialize the SMBUSx peripheral:
 252:stm/stm32g4xx/STM32G4xx_HAL_Driver/Src/stm32g4xx_hal_smbus.c **** 
 253:stm/stm32g4xx/STM32G4xx_HAL_Driver/Src/stm32g4xx_hal_smbus.c ****       (+) User must Implement HAL_SMBUS_MspInit() function in which he configures
 254:stm/stm32g4xx/STM32G4xx_HAL_Driver/Src/stm32g4xx_hal_smbus.c ****           all related peripherals resources (CLOCK, GPIO, IT and NVIC ).
 255:stm/stm32g4xx/STM32G4xx_HAL_Driver/Src/stm32g4xx_hal_smbus.c **** 
 256:stm/stm32g4xx/STM32G4xx_HAL_Driver/Src/stm32g4xx_hal_smbus.c ****       (+) Call the function HAL_SMBUS_Init() to configure the selected device with
 257:stm/stm32g4xx/STM32G4xx_HAL_Driver/Src/stm32g4xx_hal_smbus.c ****           the selected configuration:
 258:stm/stm32g4xx/STM32G4xx_HAL_Driver/Src/stm32g4xx_hal_smbus.c ****         (++) Clock Timing
ARM GAS  /tmp/ccPqrEja.s 			page 6


 259:stm/stm32g4xx/STM32G4xx_HAL_Driver/Src/stm32g4xx_hal_smbus.c ****         (++) Bus Timeout
 260:stm/stm32g4xx/STM32G4xx_HAL_Driver/Src/stm32g4xx_hal_smbus.c ****         (++) Analog Filer mode
 261:stm/stm32g4xx/STM32G4xx_HAL_Driver/Src/stm32g4xx_hal_smbus.c ****         (++) Own Address 1
 262:stm/stm32g4xx/STM32G4xx_HAL_Driver/Src/stm32g4xx_hal_smbus.c ****         (++) Addressing mode (Master, Slave)
 263:stm/stm32g4xx/STM32G4xx_HAL_Driver/Src/stm32g4xx_hal_smbus.c ****         (++) Dual Addressing mode
 264:stm/stm32g4xx/STM32G4xx_HAL_Driver/Src/stm32g4xx_hal_smbus.c ****         (++) Own Address 2
 265:stm/stm32g4xx/STM32G4xx_HAL_Driver/Src/stm32g4xx_hal_smbus.c ****         (++) Own Address 2 Mask
 266:stm/stm32g4xx/STM32G4xx_HAL_Driver/Src/stm32g4xx_hal_smbus.c ****         (++) General call mode
 267:stm/stm32g4xx/STM32G4xx_HAL_Driver/Src/stm32g4xx_hal_smbus.c ****         (++) Nostretch mode
 268:stm/stm32g4xx/STM32G4xx_HAL_Driver/Src/stm32g4xx_hal_smbus.c ****         (++) Packet Error Check mode
 269:stm/stm32g4xx/STM32G4xx_HAL_Driver/Src/stm32g4xx_hal_smbus.c ****         (++) Peripheral mode
 270:stm/stm32g4xx/STM32G4xx_HAL_Driver/Src/stm32g4xx_hal_smbus.c **** 
 271:stm/stm32g4xx/STM32G4xx_HAL_Driver/Src/stm32g4xx_hal_smbus.c **** 
 272:stm/stm32g4xx/STM32G4xx_HAL_Driver/Src/stm32g4xx_hal_smbus.c ****       (+) Call the function HAL_SMBUS_DeInit() to restore the default configuration
 273:stm/stm32g4xx/STM32G4xx_HAL_Driver/Src/stm32g4xx_hal_smbus.c ****           of the selected SMBUSx peripheral.
 274:stm/stm32g4xx/STM32G4xx_HAL_Driver/Src/stm32g4xx_hal_smbus.c **** 
 275:stm/stm32g4xx/STM32G4xx_HAL_Driver/Src/stm32g4xx_hal_smbus.c ****       (+) Enable/Disable Analog/Digital filters with HAL_SMBUS_ConfigAnalogFilter() and
 276:stm/stm32g4xx/STM32G4xx_HAL_Driver/Src/stm32g4xx_hal_smbus.c ****           HAL_SMBUS_ConfigDigitalFilter().
 277:stm/stm32g4xx/STM32G4xx_HAL_Driver/Src/stm32g4xx_hal_smbus.c **** 
 278:stm/stm32g4xx/STM32G4xx_HAL_Driver/Src/stm32g4xx_hal_smbus.c **** @endverbatim
 279:stm/stm32g4xx/STM32G4xx_HAL_Driver/Src/stm32g4xx_hal_smbus.c ****   * @{
 280:stm/stm32g4xx/STM32G4xx_HAL_Driver/Src/stm32g4xx_hal_smbus.c ****   */
 281:stm/stm32g4xx/STM32G4xx_HAL_Driver/Src/stm32g4xx_hal_smbus.c **** 
 282:stm/stm32g4xx/STM32G4xx_HAL_Driver/Src/stm32g4xx_hal_smbus.c **** /**
 283:stm/stm32g4xx/STM32G4xx_HAL_Driver/Src/stm32g4xx_hal_smbus.c ****   * @brief  Initialize the SMBUS according to the specified parameters
 284:stm/stm32g4xx/STM32G4xx_HAL_Driver/Src/stm32g4xx_hal_smbus.c ****   *         in the SMBUS_InitTypeDef and initialize the associated handle.
 285:stm/stm32g4xx/STM32G4xx_HAL_Driver/Src/stm32g4xx_hal_smbus.c ****   * @param  hsmbus Pointer to a SMBUS_HandleTypeDef structure that contains
 286:stm/stm32g4xx/STM32G4xx_HAL_Driver/Src/stm32g4xx_hal_smbus.c ****   *                the configuration information for the specified SMBUS.
 287:stm/stm32g4xx/STM32G4xx_HAL_Driver/Src/stm32g4xx_hal_smbus.c ****   * @retval HAL status
 288:stm/stm32g4xx/STM32G4xx_HAL_Driver/Src/stm32g4xx_hal_smbus.c ****   */
 289:stm/stm32g4xx/STM32G4xx_HAL_Driver/Src/stm32g4xx_hal_smbus.c **** HAL_StatusTypeDef HAL_SMBUS_Init(SMBUS_HandleTypeDef *hsmbus)
 290:stm/stm32g4xx/STM32G4xx_HAL_Driver/Src/stm32g4xx_hal_smbus.c **** {
 291:stm/stm32g4xx/STM32G4xx_HAL_Driver/Src/stm32g4xx_hal_smbus.c ****   /* Check the SMBUS handle allocation */
 292:stm/stm32g4xx/STM32G4xx_HAL_Driver/Src/stm32g4xx_hal_smbus.c ****   if (hsmbus == NULL)
 293:stm/stm32g4xx/STM32G4xx_HAL_Driver/Src/stm32g4xx_hal_smbus.c ****   {
 294:stm/stm32g4xx/STM32G4xx_HAL_Driver/Src/stm32g4xx_hal_smbus.c ****     return HAL_ERROR;
 295:stm/stm32g4xx/STM32G4xx_HAL_Driver/Src/stm32g4xx_hal_smbus.c ****   }
 296:stm/stm32g4xx/STM32G4xx_HAL_Driver/Src/stm32g4xx_hal_smbus.c **** 
 297:stm/stm32g4xx/STM32G4xx_HAL_Driver/Src/stm32g4xx_hal_smbus.c ****   /* Check the parameters */
 298:stm/stm32g4xx/STM32G4xx_HAL_Driver/Src/stm32g4xx_hal_smbus.c ****   assert_param(IS_SMBUS_ALL_INSTANCE(hsmbus->Instance));
 299:stm/stm32g4xx/STM32G4xx_HAL_Driver/Src/stm32g4xx_hal_smbus.c ****   assert_param(IS_SMBUS_ANALOG_FILTER(hsmbus->Init.AnalogFilter));
 300:stm/stm32g4xx/STM32G4xx_HAL_Driver/Src/stm32g4xx_hal_smbus.c ****   assert_param(IS_SMBUS_OWN_ADDRESS1(hsmbus->Init.OwnAddress1));
 301:stm/stm32g4xx/STM32G4xx_HAL_Driver/Src/stm32g4xx_hal_smbus.c ****   assert_param(IS_SMBUS_ADDRESSING_MODE(hsmbus->Init.AddressingMode));
 302:stm/stm32g4xx/STM32G4xx_HAL_Driver/Src/stm32g4xx_hal_smbus.c ****   assert_param(IS_SMBUS_DUAL_ADDRESS(hsmbus->Init.DualAddressMode));
 303:stm/stm32g4xx/STM32G4xx_HAL_Driver/Src/stm32g4xx_hal_smbus.c ****   assert_param(IS_SMBUS_OWN_ADDRESS2(hsmbus->Init.OwnAddress2));
 304:stm/stm32g4xx/STM32G4xx_HAL_Driver/Src/stm32g4xx_hal_smbus.c ****   assert_param(IS_SMBUS_OWN_ADDRESS2_MASK(hsmbus->Init.OwnAddress2Masks));
 305:stm/stm32g4xx/STM32G4xx_HAL_Driver/Src/stm32g4xx_hal_smbus.c ****   assert_param(IS_SMBUS_GENERAL_CALL(hsmbus->Init.GeneralCallMode));
 306:stm/stm32g4xx/STM32G4xx_HAL_Driver/Src/stm32g4xx_hal_smbus.c ****   assert_param(IS_SMBUS_NO_STRETCH(hsmbus->Init.NoStretchMode));
 307:stm/stm32g4xx/STM32G4xx_HAL_Driver/Src/stm32g4xx_hal_smbus.c ****   assert_param(IS_SMBUS_PEC(hsmbus->Init.PacketErrorCheckMode));
 308:stm/stm32g4xx/STM32G4xx_HAL_Driver/Src/stm32g4xx_hal_smbus.c ****   assert_param(IS_SMBUS_PERIPHERAL_MODE(hsmbus->Init.PeripheralMode));
 309:stm/stm32g4xx/STM32G4xx_HAL_Driver/Src/stm32g4xx_hal_smbus.c **** 
 310:stm/stm32g4xx/STM32G4xx_HAL_Driver/Src/stm32g4xx_hal_smbus.c ****   if (hsmbus->State == HAL_SMBUS_STATE_RESET)
 311:stm/stm32g4xx/STM32G4xx_HAL_Driver/Src/stm32g4xx_hal_smbus.c ****   {
 312:stm/stm32g4xx/STM32G4xx_HAL_Driver/Src/stm32g4xx_hal_smbus.c ****     /* Allocate lock resource and initialize it */
 313:stm/stm32g4xx/STM32G4xx_HAL_Driver/Src/stm32g4xx_hal_smbus.c ****     hsmbus->Lock = HAL_UNLOCKED;
 314:stm/stm32g4xx/STM32G4xx_HAL_Driver/Src/stm32g4xx_hal_smbus.c **** 
 315:stm/stm32g4xx/STM32G4xx_HAL_Driver/Src/stm32g4xx_hal_smbus.c **** #if (USE_HAL_SMBUS_REGISTER_CALLBACKS == 1)
ARM GAS  /tmp/ccPqrEja.s 			page 7


 316:stm/stm32g4xx/STM32G4xx_HAL_Driver/Src/stm32g4xx_hal_smbus.c ****     hsmbus->MasterTxCpltCallback = HAL_SMBUS_MasterTxCpltCallback; /* Legacy weak MasterTxCpltCallb
 317:stm/stm32g4xx/STM32G4xx_HAL_Driver/Src/stm32g4xx_hal_smbus.c ****     hsmbus->MasterRxCpltCallback = HAL_SMBUS_MasterRxCpltCallback; /* Legacy weak MasterRxCpltCallb
 318:stm/stm32g4xx/STM32G4xx_HAL_Driver/Src/stm32g4xx_hal_smbus.c ****     hsmbus->SlaveTxCpltCallback  = HAL_SMBUS_SlaveTxCpltCallback;  /* Legacy weak SlaveTxCpltCallba
 319:stm/stm32g4xx/STM32G4xx_HAL_Driver/Src/stm32g4xx_hal_smbus.c ****     hsmbus->SlaveRxCpltCallback  = HAL_SMBUS_SlaveRxCpltCallback;  /* Legacy weak SlaveRxCpltCallba
 320:stm/stm32g4xx/STM32G4xx_HAL_Driver/Src/stm32g4xx_hal_smbus.c ****     hsmbus->ListenCpltCallback   = HAL_SMBUS_ListenCpltCallback;   /* Legacy weak ListenCpltCallbac
 321:stm/stm32g4xx/STM32G4xx_HAL_Driver/Src/stm32g4xx_hal_smbus.c ****     hsmbus->ErrorCallback        = HAL_SMBUS_ErrorCallback;        /* Legacy weak ErrorCallback    
 322:stm/stm32g4xx/STM32G4xx_HAL_Driver/Src/stm32g4xx_hal_smbus.c ****     hsmbus->AddrCallback         = HAL_SMBUS_AddrCallback;         /* Legacy weak AddrCallback     
 323:stm/stm32g4xx/STM32G4xx_HAL_Driver/Src/stm32g4xx_hal_smbus.c **** 
 324:stm/stm32g4xx/STM32G4xx_HAL_Driver/Src/stm32g4xx_hal_smbus.c ****     if (hsmbus->MspInitCallback == NULL)
 325:stm/stm32g4xx/STM32G4xx_HAL_Driver/Src/stm32g4xx_hal_smbus.c ****     {
 326:stm/stm32g4xx/STM32G4xx_HAL_Driver/Src/stm32g4xx_hal_smbus.c ****       hsmbus->MspInitCallback = HAL_SMBUS_MspInit; /* Legacy weak MspInit  */
 327:stm/stm32g4xx/STM32G4xx_HAL_Driver/Src/stm32g4xx_hal_smbus.c ****     }
 328:stm/stm32g4xx/STM32G4xx_HAL_Driver/Src/stm32g4xx_hal_smbus.c **** 
 329:stm/stm32g4xx/STM32G4xx_HAL_Driver/Src/stm32g4xx_hal_smbus.c ****     /* Init the low level hardware : GPIO, CLOCK, CORTEX...etc */
 330:stm/stm32g4xx/STM32G4xx_HAL_Driver/Src/stm32g4xx_hal_smbus.c ****     hsmbus->MspInitCallback(hsmbus);
 331:stm/stm32g4xx/STM32G4xx_HAL_Driver/Src/stm32g4xx_hal_smbus.c **** #else
 332:stm/stm32g4xx/STM32G4xx_HAL_Driver/Src/stm32g4xx_hal_smbus.c ****     /* Init the low level hardware : GPIO, CLOCK, NVIC */
 333:stm/stm32g4xx/STM32G4xx_HAL_Driver/Src/stm32g4xx_hal_smbus.c ****     HAL_SMBUS_MspInit(hsmbus);
 334:stm/stm32g4xx/STM32G4xx_HAL_Driver/Src/stm32g4xx_hal_smbus.c **** #endif /* USE_HAL_SMBUS_REGISTER_CALLBACKS */
 335:stm/stm32g4xx/STM32G4xx_HAL_Driver/Src/stm32g4xx_hal_smbus.c ****   }
 336:stm/stm32g4xx/STM32G4xx_HAL_Driver/Src/stm32g4xx_hal_smbus.c **** 
 337:stm/stm32g4xx/STM32G4xx_HAL_Driver/Src/stm32g4xx_hal_smbus.c ****   hsmbus->State = HAL_SMBUS_STATE_BUSY;
 338:stm/stm32g4xx/STM32G4xx_HAL_Driver/Src/stm32g4xx_hal_smbus.c **** 
 339:stm/stm32g4xx/STM32G4xx_HAL_Driver/Src/stm32g4xx_hal_smbus.c ****   /* Disable the selected SMBUS peripheral */
 340:stm/stm32g4xx/STM32G4xx_HAL_Driver/Src/stm32g4xx_hal_smbus.c ****   __HAL_SMBUS_DISABLE(hsmbus);
 341:stm/stm32g4xx/STM32G4xx_HAL_Driver/Src/stm32g4xx_hal_smbus.c **** 
 342:stm/stm32g4xx/STM32G4xx_HAL_Driver/Src/stm32g4xx_hal_smbus.c ****   /*---------------------------- SMBUSx TIMINGR Configuration ------------------------*/
 343:stm/stm32g4xx/STM32G4xx_HAL_Driver/Src/stm32g4xx_hal_smbus.c ****   /* Configure SMBUSx: Frequency range */
 344:stm/stm32g4xx/STM32G4xx_HAL_Driver/Src/stm32g4xx_hal_smbus.c ****   hsmbus->Instance->TIMINGR = hsmbus->Init.Timing & TIMING_CLEAR_MASK;
 345:stm/stm32g4xx/STM32G4xx_HAL_Driver/Src/stm32g4xx_hal_smbus.c **** 
 346:stm/stm32g4xx/STM32G4xx_HAL_Driver/Src/stm32g4xx_hal_smbus.c ****   /*---------------------------- SMBUSx TIMEOUTR Configuration ------------------------*/
 347:stm/stm32g4xx/STM32G4xx_HAL_Driver/Src/stm32g4xx_hal_smbus.c ****   /* Configure SMBUSx: Bus Timeout  */
 348:stm/stm32g4xx/STM32G4xx_HAL_Driver/Src/stm32g4xx_hal_smbus.c ****   hsmbus->Instance->TIMEOUTR &= ~I2C_TIMEOUTR_TIMOUTEN;
 349:stm/stm32g4xx/STM32G4xx_HAL_Driver/Src/stm32g4xx_hal_smbus.c ****   hsmbus->Instance->TIMEOUTR &= ~I2C_TIMEOUTR_TEXTEN;
 350:stm/stm32g4xx/STM32G4xx_HAL_Driver/Src/stm32g4xx_hal_smbus.c ****   hsmbus->Instance->TIMEOUTR = hsmbus->Init.SMBusTimeout;
 351:stm/stm32g4xx/STM32G4xx_HAL_Driver/Src/stm32g4xx_hal_smbus.c **** 
 352:stm/stm32g4xx/STM32G4xx_HAL_Driver/Src/stm32g4xx_hal_smbus.c ****   /*---------------------------- SMBUSx OAR1 Configuration -----------------------*/
 353:stm/stm32g4xx/STM32G4xx_HAL_Driver/Src/stm32g4xx_hal_smbus.c ****   /* Configure SMBUSx: Own Address1 and ack own address1 mode */
 354:stm/stm32g4xx/STM32G4xx_HAL_Driver/Src/stm32g4xx_hal_smbus.c ****   hsmbus->Instance->OAR1 &= ~I2C_OAR1_OA1EN;
 355:stm/stm32g4xx/STM32G4xx_HAL_Driver/Src/stm32g4xx_hal_smbus.c **** 
 356:stm/stm32g4xx/STM32G4xx_HAL_Driver/Src/stm32g4xx_hal_smbus.c ****   if (hsmbus->Init.OwnAddress1 != 0UL)
 357:stm/stm32g4xx/STM32G4xx_HAL_Driver/Src/stm32g4xx_hal_smbus.c ****   {
 358:stm/stm32g4xx/STM32G4xx_HAL_Driver/Src/stm32g4xx_hal_smbus.c ****     if (hsmbus->Init.AddressingMode == SMBUS_ADDRESSINGMODE_7BIT)
 359:stm/stm32g4xx/STM32G4xx_HAL_Driver/Src/stm32g4xx_hal_smbus.c ****     {
 360:stm/stm32g4xx/STM32G4xx_HAL_Driver/Src/stm32g4xx_hal_smbus.c ****       hsmbus->Instance->OAR1 = (I2C_OAR1_OA1EN | hsmbus->Init.OwnAddress1);
 361:stm/stm32g4xx/STM32G4xx_HAL_Driver/Src/stm32g4xx_hal_smbus.c ****     }
 362:stm/stm32g4xx/STM32G4xx_HAL_Driver/Src/stm32g4xx_hal_smbus.c ****     else /* SMBUS_ADDRESSINGMODE_10BIT */
 363:stm/stm32g4xx/STM32G4xx_HAL_Driver/Src/stm32g4xx_hal_smbus.c ****     {
 364:stm/stm32g4xx/STM32G4xx_HAL_Driver/Src/stm32g4xx_hal_smbus.c ****       hsmbus->Instance->OAR1 = (I2C_OAR1_OA1EN | I2C_OAR1_OA1MODE | hsmbus->Init.OwnAddress1);
 365:stm/stm32g4xx/STM32G4xx_HAL_Driver/Src/stm32g4xx_hal_smbus.c ****     }
 366:stm/stm32g4xx/STM32G4xx_HAL_Driver/Src/stm32g4xx_hal_smbus.c ****   }
 367:stm/stm32g4xx/STM32G4xx_HAL_Driver/Src/stm32g4xx_hal_smbus.c **** 
 368:stm/stm32g4xx/STM32G4xx_HAL_Driver/Src/stm32g4xx_hal_smbus.c ****   /*---------------------------- SMBUSx CR2 Configuration ------------------------*/
 369:stm/stm32g4xx/STM32G4xx_HAL_Driver/Src/stm32g4xx_hal_smbus.c ****   /* Configure SMBUSx: Addressing Master mode */
 370:stm/stm32g4xx/STM32G4xx_HAL_Driver/Src/stm32g4xx_hal_smbus.c ****   if (hsmbus->Init.AddressingMode == SMBUS_ADDRESSINGMODE_10BIT)
 371:stm/stm32g4xx/STM32G4xx_HAL_Driver/Src/stm32g4xx_hal_smbus.c ****   {
 372:stm/stm32g4xx/STM32G4xx_HAL_Driver/Src/stm32g4xx_hal_smbus.c ****     hsmbus->Instance->CR2 = (I2C_CR2_ADD10);
ARM GAS  /tmp/ccPqrEja.s 			page 8


 373:stm/stm32g4xx/STM32G4xx_HAL_Driver/Src/stm32g4xx_hal_smbus.c ****   }
 374:stm/stm32g4xx/STM32G4xx_HAL_Driver/Src/stm32g4xx_hal_smbus.c ****   /* Enable the AUTOEND by default, and enable NACK (should be disable only during Slave process) *
 375:stm/stm32g4xx/STM32G4xx_HAL_Driver/Src/stm32g4xx_hal_smbus.c ****   /* AUTOEND and NACK bit will be manage during Transfer process */
 376:stm/stm32g4xx/STM32G4xx_HAL_Driver/Src/stm32g4xx_hal_smbus.c ****   hsmbus->Instance->CR2 |= (I2C_CR2_AUTOEND | I2C_CR2_NACK);
 377:stm/stm32g4xx/STM32G4xx_HAL_Driver/Src/stm32g4xx_hal_smbus.c **** 
 378:stm/stm32g4xx/STM32G4xx_HAL_Driver/Src/stm32g4xx_hal_smbus.c ****   /*---------------------------- SMBUSx OAR2 Configuration -----------------------*/
 379:stm/stm32g4xx/STM32G4xx_HAL_Driver/Src/stm32g4xx_hal_smbus.c ****   /* Configure SMBUSx: Dual mode and Own Address2 */
 380:stm/stm32g4xx/STM32G4xx_HAL_Driver/Src/stm32g4xx_hal_smbus.c ****   hsmbus->Instance->OAR2 = (hsmbus->Init.DualAddressMode | hsmbus->Init.OwnAddress2 | \
 381:stm/stm32g4xx/STM32G4xx_HAL_Driver/Src/stm32g4xx_hal_smbus.c ****                             (hsmbus->Init.OwnAddress2Masks << 8U));
 382:stm/stm32g4xx/STM32G4xx_HAL_Driver/Src/stm32g4xx_hal_smbus.c **** 
 383:stm/stm32g4xx/STM32G4xx_HAL_Driver/Src/stm32g4xx_hal_smbus.c ****   /*---------------------------- SMBUSx CR1 Configuration ------------------------*/
 384:stm/stm32g4xx/STM32G4xx_HAL_Driver/Src/stm32g4xx_hal_smbus.c ****   /* Configure SMBUSx: Generalcall and NoStretch mode */
 385:stm/stm32g4xx/STM32G4xx_HAL_Driver/Src/stm32g4xx_hal_smbus.c ****   hsmbus->Instance->CR1 = (hsmbus->Init.GeneralCallMode | hsmbus->Init.NoStretchMode | \
 386:stm/stm32g4xx/STM32G4xx_HAL_Driver/Src/stm32g4xx_hal_smbus.c ****                            hsmbus->Init.PacketErrorCheckMode | hsmbus->Init.PeripheralMode | \
 387:stm/stm32g4xx/STM32G4xx_HAL_Driver/Src/stm32g4xx_hal_smbus.c ****                            hsmbus->Init.AnalogFilter);
 388:stm/stm32g4xx/STM32G4xx_HAL_Driver/Src/stm32g4xx_hal_smbus.c **** 
 389:stm/stm32g4xx/STM32G4xx_HAL_Driver/Src/stm32g4xx_hal_smbus.c ****   /* Enable Slave Byte Control only in case of Packet Error Check is enabled
 390:stm/stm32g4xx/STM32G4xx_HAL_Driver/Src/stm32g4xx_hal_smbus.c ****      and SMBUS Peripheral is set in Slave mode */
 391:stm/stm32g4xx/STM32G4xx_HAL_Driver/Src/stm32g4xx_hal_smbus.c ****   if ((hsmbus->Init.PacketErrorCheckMode == SMBUS_PEC_ENABLE) && \
 392:stm/stm32g4xx/STM32G4xx_HAL_Driver/Src/stm32g4xx_hal_smbus.c ****       ((hsmbus->Init.PeripheralMode == SMBUS_PERIPHERAL_MODE_SMBUS_SLAVE) || \
 393:stm/stm32g4xx/STM32G4xx_HAL_Driver/Src/stm32g4xx_hal_smbus.c ****        (hsmbus->Init.PeripheralMode == SMBUS_PERIPHERAL_MODE_SMBUS_SLAVE_ARP)))
 394:stm/stm32g4xx/STM32G4xx_HAL_Driver/Src/stm32g4xx_hal_smbus.c ****   {
 395:stm/stm32g4xx/STM32G4xx_HAL_Driver/Src/stm32g4xx_hal_smbus.c ****     hsmbus->Instance->CR1 |= I2C_CR1_SBC;
 396:stm/stm32g4xx/STM32G4xx_HAL_Driver/Src/stm32g4xx_hal_smbus.c ****   }
 397:stm/stm32g4xx/STM32G4xx_HAL_Driver/Src/stm32g4xx_hal_smbus.c **** 
 398:stm/stm32g4xx/STM32G4xx_HAL_Driver/Src/stm32g4xx_hal_smbus.c ****   /* Enable the selected SMBUS peripheral */
 399:stm/stm32g4xx/STM32G4xx_HAL_Driver/Src/stm32g4xx_hal_smbus.c ****   __HAL_SMBUS_ENABLE(hsmbus);
 400:stm/stm32g4xx/STM32G4xx_HAL_Driver/Src/stm32g4xx_hal_smbus.c **** 
 401:stm/stm32g4xx/STM32G4xx_HAL_Driver/Src/stm32g4xx_hal_smbus.c ****   hsmbus->ErrorCode = HAL_SMBUS_ERROR_NONE;
 402:stm/stm32g4xx/STM32G4xx_HAL_Driver/Src/stm32g4xx_hal_smbus.c ****   hsmbus->PreviousState = HAL_SMBUS_STATE_READY;
 403:stm/stm32g4xx/STM32G4xx_HAL_Driver/Src/stm32g4xx_hal_smbus.c ****   hsmbus->State = HAL_SMBUS_STATE_READY;
 404:stm/stm32g4xx/STM32G4xx_HAL_Driver/Src/stm32g4xx_hal_smbus.c **** 
 405:stm/stm32g4xx/STM32G4xx_HAL_Driver/Src/stm32g4xx_hal_smbus.c ****   return HAL_OK;
 406:stm/stm32g4xx/STM32G4xx_HAL_Driver/Src/stm32g4xx_hal_smbus.c **** }
 407:stm/stm32g4xx/STM32G4xx_HAL_Driver/Src/stm32g4xx_hal_smbus.c **** 
 408:stm/stm32g4xx/STM32G4xx_HAL_Driver/Src/stm32g4xx_hal_smbus.c **** /**
 409:stm/stm32g4xx/STM32G4xx_HAL_Driver/Src/stm32g4xx_hal_smbus.c ****   * @brief  DeInitialize the SMBUS peripheral.
 410:stm/stm32g4xx/STM32G4xx_HAL_Driver/Src/stm32g4xx_hal_smbus.c ****   * @param  hsmbus Pointer to a SMBUS_HandleTypeDef structure that contains
 411:stm/stm32g4xx/STM32G4xx_HAL_Driver/Src/stm32g4xx_hal_smbus.c ****   *                the configuration information for the specified SMBUS.
 412:stm/stm32g4xx/STM32G4xx_HAL_Driver/Src/stm32g4xx_hal_smbus.c ****   * @retval HAL status
 413:stm/stm32g4xx/STM32G4xx_HAL_Driver/Src/stm32g4xx_hal_smbus.c ****   */
 414:stm/stm32g4xx/STM32G4xx_HAL_Driver/Src/stm32g4xx_hal_smbus.c **** HAL_StatusTypeDef HAL_SMBUS_DeInit(SMBUS_HandleTypeDef *hsmbus)
 415:stm/stm32g4xx/STM32G4xx_HAL_Driver/Src/stm32g4xx_hal_smbus.c **** {
 416:stm/stm32g4xx/STM32G4xx_HAL_Driver/Src/stm32g4xx_hal_smbus.c ****   /* Check the SMBUS handle allocation */
 417:stm/stm32g4xx/STM32G4xx_HAL_Driver/Src/stm32g4xx_hal_smbus.c ****   if (hsmbus == NULL)
 418:stm/stm32g4xx/STM32G4xx_HAL_Driver/Src/stm32g4xx_hal_smbus.c ****   {
 419:stm/stm32g4xx/STM32G4xx_HAL_Driver/Src/stm32g4xx_hal_smbus.c ****     return HAL_ERROR;
 420:stm/stm32g4xx/STM32G4xx_HAL_Driver/Src/stm32g4xx_hal_smbus.c ****   }
 421:stm/stm32g4xx/STM32G4xx_HAL_Driver/Src/stm32g4xx_hal_smbus.c **** 
 422:stm/stm32g4xx/STM32G4xx_HAL_Driver/Src/stm32g4xx_hal_smbus.c ****   /* Check the parameters */
 423:stm/stm32g4xx/STM32G4xx_HAL_Driver/Src/stm32g4xx_hal_smbus.c ****   assert_param(IS_SMBUS_ALL_INSTANCE(hsmbus->Instance));
 424:stm/stm32g4xx/STM32G4xx_HAL_Driver/Src/stm32g4xx_hal_smbus.c **** 
 425:stm/stm32g4xx/STM32G4xx_HAL_Driver/Src/stm32g4xx_hal_smbus.c ****   hsmbus->State = HAL_SMBUS_STATE_BUSY;
 426:stm/stm32g4xx/STM32G4xx_HAL_Driver/Src/stm32g4xx_hal_smbus.c **** 
 427:stm/stm32g4xx/STM32G4xx_HAL_Driver/Src/stm32g4xx_hal_smbus.c ****   /* Disable the SMBUS Peripheral Clock */
 428:stm/stm32g4xx/STM32G4xx_HAL_Driver/Src/stm32g4xx_hal_smbus.c ****   __HAL_SMBUS_DISABLE(hsmbus);
 429:stm/stm32g4xx/STM32G4xx_HAL_Driver/Src/stm32g4xx_hal_smbus.c **** 
ARM GAS  /tmp/ccPqrEja.s 			page 9


 430:stm/stm32g4xx/STM32G4xx_HAL_Driver/Src/stm32g4xx_hal_smbus.c **** #if (USE_HAL_SMBUS_REGISTER_CALLBACKS == 1)
 431:stm/stm32g4xx/STM32G4xx_HAL_Driver/Src/stm32g4xx_hal_smbus.c ****   if (hsmbus->MspDeInitCallback == NULL)
 432:stm/stm32g4xx/STM32G4xx_HAL_Driver/Src/stm32g4xx_hal_smbus.c ****   {
 433:stm/stm32g4xx/STM32G4xx_HAL_Driver/Src/stm32g4xx_hal_smbus.c ****     hsmbus->MspDeInitCallback = HAL_SMBUS_MspDeInit; /* Legacy weak MspDeInit  */
 434:stm/stm32g4xx/STM32G4xx_HAL_Driver/Src/stm32g4xx_hal_smbus.c ****   }
 435:stm/stm32g4xx/STM32G4xx_HAL_Driver/Src/stm32g4xx_hal_smbus.c **** 
 436:stm/stm32g4xx/STM32G4xx_HAL_Driver/Src/stm32g4xx_hal_smbus.c ****   /* DeInit the low level hardware: GPIO, CLOCK, NVIC */
 437:stm/stm32g4xx/STM32G4xx_HAL_Driver/Src/stm32g4xx_hal_smbus.c ****   hsmbus->MspDeInitCallback(hsmbus);
 438:stm/stm32g4xx/STM32G4xx_HAL_Driver/Src/stm32g4xx_hal_smbus.c **** #else
 439:stm/stm32g4xx/STM32G4xx_HAL_Driver/Src/stm32g4xx_hal_smbus.c ****   /* DeInit the low level hardware: GPIO, CLOCK, NVIC */
 440:stm/stm32g4xx/STM32G4xx_HAL_Driver/Src/stm32g4xx_hal_smbus.c ****   HAL_SMBUS_MspDeInit(hsmbus);
 441:stm/stm32g4xx/STM32G4xx_HAL_Driver/Src/stm32g4xx_hal_smbus.c **** #endif /* USE_HAL_SMBUS_REGISTER_CALLBACKS */
 442:stm/stm32g4xx/STM32G4xx_HAL_Driver/Src/stm32g4xx_hal_smbus.c **** 
 443:stm/stm32g4xx/STM32G4xx_HAL_Driver/Src/stm32g4xx_hal_smbus.c ****   hsmbus->ErrorCode = HAL_SMBUS_ERROR_NONE;
 444:stm/stm32g4xx/STM32G4xx_HAL_Driver/Src/stm32g4xx_hal_smbus.c ****   hsmbus->PreviousState =  HAL_SMBUS_STATE_RESET;
 445:stm/stm32g4xx/STM32G4xx_HAL_Driver/Src/stm32g4xx_hal_smbus.c ****   hsmbus->State = HAL_SMBUS_STATE_RESET;
 446:stm/stm32g4xx/STM32G4xx_HAL_Driver/Src/stm32g4xx_hal_smbus.c **** 
 447:stm/stm32g4xx/STM32G4xx_HAL_Driver/Src/stm32g4xx_hal_smbus.c ****   /* Release Lock */
 448:stm/stm32g4xx/STM32G4xx_HAL_Driver/Src/stm32g4xx_hal_smbus.c ****   __HAL_UNLOCK(hsmbus);
 449:stm/stm32g4xx/STM32G4xx_HAL_Driver/Src/stm32g4xx_hal_smbus.c **** 
 450:stm/stm32g4xx/STM32G4xx_HAL_Driver/Src/stm32g4xx_hal_smbus.c ****   return HAL_OK;
 451:stm/stm32g4xx/STM32G4xx_HAL_Driver/Src/stm32g4xx_hal_smbus.c **** }
 452:stm/stm32g4xx/STM32G4xx_HAL_Driver/Src/stm32g4xx_hal_smbus.c **** 
 453:stm/stm32g4xx/STM32G4xx_HAL_Driver/Src/stm32g4xx_hal_smbus.c **** /**
 454:stm/stm32g4xx/STM32G4xx_HAL_Driver/Src/stm32g4xx_hal_smbus.c ****   * @brief Initialize the SMBUS MSP.
 455:stm/stm32g4xx/STM32G4xx_HAL_Driver/Src/stm32g4xx_hal_smbus.c ****   * @param  hsmbus Pointer to a SMBUS_HandleTypeDef structure that contains
 456:stm/stm32g4xx/STM32G4xx_HAL_Driver/Src/stm32g4xx_hal_smbus.c ****   *                the configuration information for the specified SMBUS.
 457:stm/stm32g4xx/STM32G4xx_HAL_Driver/Src/stm32g4xx_hal_smbus.c ****   * @retval None
 458:stm/stm32g4xx/STM32G4xx_HAL_Driver/Src/stm32g4xx_hal_smbus.c ****   */
 459:stm/stm32g4xx/STM32G4xx_HAL_Driver/Src/stm32g4xx_hal_smbus.c **** __weak void HAL_SMBUS_MspInit(SMBUS_HandleTypeDef *hsmbus)
 460:stm/stm32g4xx/STM32G4xx_HAL_Driver/Src/stm32g4xx_hal_smbus.c **** {
 461:stm/stm32g4xx/STM32G4xx_HAL_Driver/Src/stm32g4xx_hal_smbus.c ****   /* Prevent unused argument(s) compilation warning */
 462:stm/stm32g4xx/STM32G4xx_HAL_Driver/Src/stm32g4xx_hal_smbus.c ****   UNUSED(hsmbus);
 463:stm/stm32g4xx/STM32G4xx_HAL_Driver/Src/stm32g4xx_hal_smbus.c **** 
 464:stm/stm32g4xx/STM32G4xx_HAL_Driver/Src/stm32g4xx_hal_smbus.c ****   /* NOTE : This function should not be modified, when the callback is needed,
 465:stm/stm32g4xx/STM32G4xx_HAL_Driver/Src/stm32g4xx_hal_smbus.c ****             the HAL_SMBUS_MspInit could be implemented in the user file
 466:stm/stm32g4xx/STM32G4xx_HAL_Driver/Src/stm32g4xx_hal_smbus.c ****    */
 467:stm/stm32g4xx/STM32G4xx_HAL_Driver/Src/stm32g4xx_hal_smbus.c **** }
 468:stm/stm32g4xx/STM32G4xx_HAL_Driver/Src/stm32g4xx_hal_smbus.c **** 
 469:stm/stm32g4xx/STM32G4xx_HAL_Driver/Src/stm32g4xx_hal_smbus.c **** /**
 470:stm/stm32g4xx/STM32G4xx_HAL_Driver/Src/stm32g4xx_hal_smbus.c ****   * @brief DeInitialize the SMBUS MSP.
 471:stm/stm32g4xx/STM32G4xx_HAL_Driver/Src/stm32g4xx_hal_smbus.c ****   * @param  hsmbus Pointer to a SMBUS_HandleTypeDef structure that contains
 472:stm/stm32g4xx/STM32G4xx_HAL_Driver/Src/stm32g4xx_hal_smbus.c ****   *                the configuration information for the specified SMBUS.
 473:stm/stm32g4xx/STM32G4xx_HAL_Driver/Src/stm32g4xx_hal_smbus.c ****   * @retval None
 474:stm/stm32g4xx/STM32G4xx_HAL_Driver/Src/stm32g4xx_hal_smbus.c ****   */
 475:stm/stm32g4xx/STM32G4xx_HAL_Driver/Src/stm32g4xx_hal_smbus.c **** __weak void HAL_SMBUS_MspDeInit(SMBUS_HandleTypeDef *hsmbus)
 476:stm/stm32g4xx/STM32G4xx_HAL_Driver/Src/stm32g4xx_hal_smbus.c **** {
 477:stm/stm32g4xx/STM32G4xx_HAL_Driver/Src/stm32g4xx_hal_smbus.c ****   /* Prevent unused argument(s) compilation warning */
 478:stm/stm32g4xx/STM32G4xx_HAL_Driver/Src/stm32g4xx_hal_smbus.c ****   UNUSED(hsmbus);
 479:stm/stm32g4xx/STM32G4xx_HAL_Driver/Src/stm32g4xx_hal_smbus.c **** 
 480:stm/stm32g4xx/STM32G4xx_HAL_Driver/Src/stm32g4xx_hal_smbus.c ****   /* NOTE : This function should not be modified, when the callback is needed,
 481:stm/stm32g4xx/STM32G4xx_HAL_Driver/Src/stm32g4xx_hal_smbus.c ****             the HAL_SMBUS_MspDeInit could be implemented in the user file
 482:stm/stm32g4xx/STM32G4xx_HAL_Driver/Src/stm32g4xx_hal_smbus.c ****    */
 483:stm/stm32g4xx/STM32G4xx_HAL_Driver/Src/stm32g4xx_hal_smbus.c **** }
 484:stm/stm32g4xx/STM32G4xx_HAL_Driver/Src/stm32g4xx_hal_smbus.c **** 
 485:stm/stm32g4xx/STM32G4xx_HAL_Driver/Src/stm32g4xx_hal_smbus.c **** /**
 486:stm/stm32g4xx/STM32G4xx_HAL_Driver/Src/stm32g4xx_hal_smbus.c ****   * @brief  Configure Analog noise filter.
ARM GAS  /tmp/ccPqrEja.s 			page 10


 487:stm/stm32g4xx/STM32G4xx_HAL_Driver/Src/stm32g4xx_hal_smbus.c ****   * @param  hsmbus Pointer to a SMBUS_HandleTypeDef structure that contains
 488:stm/stm32g4xx/STM32G4xx_HAL_Driver/Src/stm32g4xx_hal_smbus.c ****   *                the configuration information for the specified SMBUS.
 489:stm/stm32g4xx/STM32G4xx_HAL_Driver/Src/stm32g4xx_hal_smbus.c ****   * @param  AnalogFilter This parameter can be one of the following values:
 490:stm/stm32g4xx/STM32G4xx_HAL_Driver/Src/stm32g4xx_hal_smbus.c ****   *         @arg @ref SMBUS_ANALOGFILTER_ENABLE
 491:stm/stm32g4xx/STM32G4xx_HAL_Driver/Src/stm32g4xx_hal_smbus.c ****   *         @arg @ref SMBUS_ANALOGFILTER_DISABLE
 492:stm/stm32g4xx/STM32G4xx_HAL_Driver/Src/stm32g4xx_hal_smbus.c ****   * @retval HAL status
 493:stm/stm32g4xx/STM32G4xx_HAL_Driver/Src/stm32g4xx_hal_smbus.c ****   */
 494:stm/stm32g4xx/STM32G4xx_HAL_Driver/Src/stm32g4xx_hal_smbus.c **** HAL_StatusTypeDef HAL_SMBUS_ConfigAnalogFilter(SMBUS_HandleTypeDef *hsmbus, uint32_t AnalogFilter)
 495:stm/stm32g4xx/STM32G4xx_HAL_Driver/Src/stm32g4xx_hal_smbus.c **** {
 496:stm/stm32g4xx/STM32G4xx_HAL_Driver/Src/stm32g4xx_hal_smbus.c ****   /* Check the parameters */
 497:stm/stm32g4xx/STM32G4xx_HAL_Driver/Src/stm32g4xx_hal_smbus.c ****   assert_param(IS_SMBUS_ALL_INSTANCE(hsmbus->Instance));
 498:stm/stm32g4xx/STM32G4xx_HAL_Driver/Src/stm32g4xx_hal_smbus.c ****   assert_param(IS_SMBUS_ANALOG_FILTER(AnalogFilter));
 499:stm/stm32g4xx/STM32G4xx_HAL_Driver/Src/stm32g4xx_hal_smbus.c **** 
 500:stm/stm32g4xx/STM32G4xx_HAL_Driver/Src/stm32g4xx_hal_smbus.c ****   if (hsmbus->State == HAL_SMBUS_STATE_READY)
 501:stm/stm32g4xx/STM32G4xx_HAL_Driver/Src/stm32g4xx_hal_smbus.c ****   {
 502:stm/stm32g4xx/STM32G4xx_HAL_Driver/Src/stm32g4xx_hal_smbus.c ****     /* Process Locked */
 503:stm/stm32g4xx/STM32G4xx_HAL_Driver/Src/stm32g4xx_hal_smbus.c ****     __HAL_LOCK(hsmbus);
 504:stm/stm32g4xx/STM32G4xx_HAL_Driver/Src/stm32g4xx_hal_smbus.c **** 
 505:stm/stm32g4xx/STM32G4xx_HAL_Driver/Src/stm32g4xx_hal_smbus.c ****     hsmbus->State = HAL_SMBUS_STATE_BUSY;
 506:stm/stm32g4xx/STM32G4xx_HAL_Driver/Src/stm32g4xx_hal_smbus.c **** 
 507:stm/stm32g4xx/STM32G4xx_HAL_Driver/Src/stm32g4xx_hal_smbus.c ****     /* Disable the selected SMBUS peripheral */
 508:stm/stm32g4xx/STM32G4xx_HAL_Driver/Src/stm32g4xx_hal_smbus.c ****     __HAL_SMBUS_DISABLE(hsmbus);
 509:stm/stm32g4xx/STM32G4xx_HAL_Driver/Src/stm32g4xx_hal_smbus.c **** 
 510:stm/stm32g4xx/STM32G4xx_HAL_Driver/Src/stm32g4xx_hal_smbus.c ****     /* Reset ANOFF bit */
 511:stm/stm32g4xx/STM32G4xx_HAL_Driver/Src/stm32g4xx_hal_smbus.c ****     hsmbus->Instance->CR1 &= ~(I2C_CR1_ANFOFF);
 512:stm/stm32g4xx/STM32G4xx_HAL_Driver/Src/stm32g4xx_hal_smbus.c **** 
 513:stm/stm32g4xx/STM32G4xx_HAL_Driver/Src/stm32g4xx_hal_smbus.c ****     /* Set analog filter bit*/
 514:stm/stm32g4xx/STM32G4xx_HAL_Driver/Src/stm32g4xx_hal_smbus.c ****     hsmbus->Instance->CR1 |= AnalogFilter;
 515:stm/stm32g4xx/STM32G4xx_HAL_Driver/Src/stm32g4xx_hal_smbus.c **** 
 516:stm/stm32g4xx/STM32G4xx_HAL_Driver/Src/stm32g4xx_hal_smbus.c ****     __HAL_SMBUS_ENABLE(hsmbus);
 517:stm/stm32g4xx/STM32G4xx_HAL_Driver/Src/stm32g4xx_hal_smbus.c **** 
 518:stm/stm32g4xx/STM32G4xx_HAL_Driver/Src/stm32g4xx_hal_smbus.c ****     hsmbus->State = HAL_SMBUS_STATE_READY;
 519:stm/stm32g4xx/STM32G4xx_HAL_Driver/Src/stm32g4xx_hal_smbus.c **** 
 520:stm/stm32g4xx/STM32G4xx_HAL_Driver/Src/stm32g4xx_hal_smbus.c ****     /* Process Unlocked */
 521:stm/stm32g4xx/STM32G4xx_HAL_Driver/Src/stm32g4xx_hal_smbus.c ****     __HAL_UNLOCK(hsmbus);
 522:stm/stm32g4xx/STM32G4xx_HAL_Driver/Src/stm32g4xx_hal_smbus.c **** 
 523:stm/stm32g4xx/STM32G4xx_HAL_Driver/Src/stm32g4xx_hal_smbus.c ****     return HAL_OK;
 524:stm/stm32g4xx/STM32G4xx_HAL_Driver/Src/stm32g4xx_hal_smbus.c ****   }
 525:stm/stm32g4xx/STM32G4xx_HAL_Driver/Src/stm32g4xx_hal_smbus.c ****   else
 526:stm/stm32g4xx/STM32G4xx_HAL_Driver/Src/stm32g4xx_hal_smbus.c ****   {
 527:stm/stm32g4xx/STM32G4xx_HAL_Driver/Src/stm32g4xx_hal_smbus.c ****     return HAL_BUSY;
 528:stm/stm32g4xx/STM32G4xx_HAL_Driver/Src/stm32g4xx_hal_smbus.c ****   }
 529:stm/stm32g4xx/STM32G4xx_HAL_Driver/Src/stm32g4xx_hal_smbus.c **** }
 530:stm/stm32g4xx/STM32G4xx_HAL_Driver/Src/stm32g4xx_hal_smbus.c **** 
 531:stm/stm32g4xx/STM32G4xx_HAL_Driver/Src/stm32g4xx_hal_smbus.c **** /**
 532:stm/stm32g4xx/STM32G4xx_HAL_Driver/Src/stm32g4xx_hal_smbus.c ****   * @brief  Configure Digital noise filter.
 533:stm/stm32g4xx/STM32G4xx_HAL_Driver/Src/stm32g4xx_hal_smbus.c ****   * @param  hsmbus Pointer to a SMBUS_HandleTypeDef structure that contains
 534:stm/stm32g4xx/STM32G4xx_HAL_Driver/Src/stm32g4xx_hal_smbus.c ****   *                the configuration information for the specified SMBUS.
 535:stm/stm32g4xx/STM32G4xx_HAL_Driver/Src/stm32g4xx_hal_smbus.c ****   * @param  DigitalFilter Coefficient of digital noise filter between Min_Data=0x00 and Max_Data=0x
 536:stm/stm32g4xx/STM32G4xx_HAL_Driver/Src/stm32g4xx_hal_smbus.c ****   * @retval HAL status
 537:stm/stm32g4xx/STM32G4xx_HAL_Driver/Src/stm32g4xx_hal_smbus.c ****   */
 538:stm/stm32g4xx/STM32G4xx_HAL_Driver/Src/stm32g4xx_hal_smbus.c **** HAL_StatusTypeDef HAL_SMBUS_ConfigDigitalFilter(SMBUS_HandleTypeDef *hsmbus, uint32_t DigitalFilter
 539:stm/stm32g4xx/STM32G4xx_HAL_Driver/Src/stm32g4xx_hal_smbus.c **** {
 540:stm/stm32g4xx/STM32G4xx_HAL_Driver/Src/stm32g4xx_hal_smbus.c ****   uint32_t tmpreg;
 541:stm/stm32g4xx/STM32G4xx_HAL_Driver/Src/stm32g4xx_hal_smbus.c **** 
 542:stm/stm32g4xx/STM32G4xx_HAL_Driver/Src/stm32g4xx_hal_smbus.c ****   /* Check the parameters */
 543:stm/stm32g4xx/STM32G4xx_HAL_Driver/Src/stm32g4xx_hal_smbus.c ****   assert_param(IS_SMBUS_ALL_INSTANCE(hsmbus->Instance));
ARM GAS  /tmp/ccPqrEja.s 			page 11


 544:stm/stm32g4xx/STM32G4xx_HAL_Driver/Src/stm32g4xx_hal_smbus.c ****   assert_param(IS_SMBUS_DIGITAL_FILTER(DigitalFilter));
 545:stm/stm32g4xx/STM32G4xx_HAL_Driver/Src/stm32g4xx_hal_smbus.c **** 
 546:stm/stm32g4xx/STM32G4xx_HAL_Driver/Src/stm32g4xx_hal_smbus.c ****   if (hsmbus->State == HAL_SMBUS_STATE_READY)
 547:stm/stm32g4xx/STM32G4xx_HAL_Driver/Src/stm32g4xx_hal_smbus.c ****   {
 548:stm/stm32g4xx/STM32G4xx_HAL_Driver/Src/stm32g4xx_hal_smbus.c ****     /* Process Locked */
 549:stm/stm32g4xx/STM32G4xx_HAL_Driver/Src/stm32g4xx_hal_smbus.c ****     __HAL_LOCK(hsmbus);
 550:stm/stm32g4xx/STM32G4xx_HAL_Driver/Src/stm32g4xx_hal_smbus.c **** 
 551:stm/stm32g4xx/STM32G4xx_HAL_Driver/Src/stm32g4xx_hal_smbus.c ****     hsmbus->State = HAL_SMBUS_STATE_BUSY;
 552:stm/stm32g4xx/STM32G4xx_HAL_Driver/Src/stm32g4xx_hal_smbus.c **** 
 553:stm/stm32g4xx/STM32G4xx_HAL_Driver/Src/stm32g4xx_hal_smbus.c ****     /* Disable the selected SMBUS peripheral */
 554:stm/stm32g4xx/STM32G4xx_HAL_Driver/Src/stm32g4xx_hal_smbus.c ****     __HAL_SMBUS_DISABLE(hsmbus);
 555:stm/stm32g4xx/STM32G4xx_HAL_Driver/Src/stm32g4xx_hal_smbus.c **** 
 556:stm/stm32g4xx/STM32G4xx_HAL_Driver/Src/stm32g4xx_hal_smbus.c ****     /* Get the old register value */
 557:stm/stm32g4xx/STM32G4xx_HAL_Driver/Src/stm32g4xx_hal_smbus.c ****     tmpreg = hsmbus->Instance->CR1;
 558:stm/stm32g4xx/STM32G4xx_HAL_Driver/Src/stm32g4xx_hal_smbus.c **** 
 559:stm/stm32g4xx/STM32G4xx_HAL_Driver/Src/stm32g4xx_hal_smbus.c ****     /* Reset I2C DNF bits [11:8] */
 560:stm/stm32g4xx/STM32G4xx_HAL_Driver/Src/stm32g4xx_hal_smbus.c ****     tmpreg &= ~(I2C_CR1_DNF);
 561:stm/stm32g4xx/STM32G4xx_HAL_Driver/Src/stm32g4xx_hal_smbus.c **** 
 562:stm/stm32g4xx/STM32G4xx_HAL_Driver/Src/stm32g4xx_hal_smbus.c ****     /* Set I2Cx DNF coefficient */
 563:stm/stm32g4xx/STM32G4xx_HAL_Driver/Src/stm32g4xx_hal_smbus.c ****     tmpreg |= DigitalFilter << I2C_CR1_DNF_Pos;
 564:stm/stm32g4xx/STM32G4xx_HAL_Driver/Src/stm32g4xx_hal_smbus.c **** 
 565:stm/stm32g4xx/STM32G4xx_HAL_Driver/Src/stm32g4xx_hal_smbus.c ****     /* Store the new register value */
 566:stm/stm32g4xx/STM32G4xx_HAL_Driver/Src/stm32g4xx_hal_smbus.c ****     hsmbus->Instance->CR1 = tmpreg;
 567:stm/stm32g4xx/STM32G4xx_HAL_Driver/Src/stm32g4xx_hal_smbus.c **** 
 568:stm/stm32g4xx/STM32G4xx_HAL_Driver/Src/stm32g4xx_hal_smbus.c ****     __HAL_SMBUS_ENABLE(hsmbus);
 569:stm/stm32g4xx/STM32G4xx_HAL_Driver/Src/stm32g4xx_hal_smbus.c **** 
 570:stm/stm32g4xx/STM32G4xx_HAL_Driver/Src/stm32g4xx_hal_smbus.c ****     hsmbus->State = HAL_SMBUS_STATE_READY;
 571:stm/stm32g4xx/STM32G4xx_HAL_Driver/Src/stm32g4xx_hal_smbus.c **** 
 572:stm/stm32g4xx/STM32G4xx_HAL_Driver/Src/stm32g4xx_hal_smbus.c ****     /* Process Unlocked */
 573:stm/stm32g4xx/STM32G4xx_HAL_Driver/Src/stm32g4xx_hal_smbus.c ****     __HAL_UNLOCK(hsmbus);
 574:stm/stm32g4xx/STM32G4xx_HAL_Driver/Src/stm32g4xx_hal_smbus.c **** 
 575:stm/stm32g4xx/STM32G4xx_HAL_Driver/Src/stm32g4xx_hal_smbus.c ****     return HAL_OK;
 576:stm/stm32g4xx/STM32G4xx_HAL_Driver/Src/stm32g4xx_hal_smbus.c ****   }
 577:stm/stm32g4xx/STM32G4xx_HAL_Driver/Src/stm32g4xx_hal_smbus.c ****   else
 578:stm/stm32g4xx/STM32G4xx_HAL_Driver/Src/stm32g4xx_hal_smbus.c ****   {
 579:stm/stm32g4xx/STM32G4xx_HAL_Driver/Src/stm32g4xx_hal_smbus.c ****     return HAL_BUSY;
 580:stm/stm32g4xx/STM32G4xx_HAL_Driver/Src/stm32g4xx_hal_smbus.c ****   }
 581:stm/stm32g4xx/STM32G4xx_HAL_Driver/Src/stm32g4xx_hal_smbus.c **** }
 582:stm/stm32g4xx/STM32G4xx_HAL_Driver/Src/stm32g4xx_hal_smbus.c **** 
 583:stm/stm32g4xx/STM32G4xx_HAL_Driver/Src/stm32g4xx_hal_smbus.c **** #if (USE_HAL_SMBUS_REGISTER_CALLBACKS == 1)
 584:stm/stm32g4xx/STM32G4xx_HAL_Driver/Src/stm32g4xx_hal_smbus.c **** /**
 585:stm/stm32g4xx/STM32G4xx_HAL_Driver/Src/stm32g4xx_hal_smbus.c ****   * @brief  Register a User SMBUS Callback
 586:stm/stm32g4xx/STM32G4xx_HAL_Driver/Src/stm32g4xx_hal_smbus.c ****   *         To be used instead of the weak predefined callback
 587:stm/stm32g4xx/STM32G4xx_HAL_Driver/Src/stm32g4xx_hal_smbus.c ****   * @note   The HAL_SMBUS_RegisterCallback() may be called before HAL_SMBUS_Init() in
 588:stm/stm32g4xx/STM32G4xx_HAL_Driver/Src/stm32g4xx_hal_smbus.c ****   *         HAL_SMBUS_STATE_RESET to register callbacks for HAL_SMBUS_MSPINIT_CB_ID and
 589:stm/stm32g4xx/STM32G4xx_HAL_Driver/Src/stm32g4xx_hal_smbus.c ****   *         HAL_SMBUS_MSPDEINIT_CB_ID.
 590:stm/stm32g4xx/STM32G4xx_HAL_Driver/Src/stm32g4xx_hal_smbus.c ****   * @param  hsmbus Pointer to a SMBUS_HandleTypeDef structure that contains
 591:stm/stm32g4xx/STM32G4xx_HAL_Driver/Src/stm32g4xx_hal_smbus.c ****   *                the configuration information for the specified SMBUS.
 592:stm/stm32g4xx/STM32G4xx_HAL_Driver/Src/stm32g4xx_hal_smbus.c ****   * @param  CallbackID ID of the callback to be registered
 593:stm/stm32g4xx/STM32G4xx_HAL_Driver/Src/stm32g4xx_hal_smbus.c ****   *         This parameter can be one of the following values:
 594:stm/stm32g4xx/STM32G4xx_HAL_Driver/Src/stm32g4xx_hal_smbus.c ****   *          @arg @ref HAL_SMBUS_MASTER_TX_COMPLETE_CB_ID Master Tx Transfer completed callback ID
 595:stm/stm32g4xx/STM32G4xx_HAL_Driver/Src/stm32g4xx_hal_smbus.c ****   *          @arg @ref HAL_SMBUS_MASTER_RX_COMPLETE_CB_ID Master Rx Transfer completed callback ID
 596:stm/stm32g4xx/STM32G4xx_HAL_Driver/Src/stm32g4xx_hal_smbus.c ****   *          @arg @ref HAL_SMBUS_SLAVE_TX_COMPLETE_CB_ID Slave Tx Transfer completed callback ID
 597:stm/stm32g4xx/STM32G4xx_HAL_Driver/Src/stm32g4xx_hal_smbus.c ****   *          @arg @ref HAL_SMBUS_SLAVE_RX_COMPLETE_CB_ID Slave Rx Transfer completed callback ID
 598:stm/stm32g4xx/STM32G4xx_HAL_Driver/Src/stm32g4xx_hal_smbus.c ****   *          @arg @ref HAL_SMBUS_LISTEN_COMPLETE_CB_ID Listen Complete callback ID
 599:stm/stm32g4xx/STM32G4xx_HAL_Driver/Src/stm32g4xx_hal_smbus.c ****   *          @arg @ref HAL_SMBUS_ERROR_CB_ID Error callback ID
 600:stm/stm32g4xx/STM32G4xx_HAL_Driver/Src/stm32g4xx_hal_smbus.c ****   *          @arg @ref HAL_SMBUS_MSPINIT_CB_ID MspInit callback ID
ARM GAS  /tmp/ccPqrEja.s 			page 12


 601:stm/stm32g4xx/STM32G4xx_HAL_Driver/Src/stm32g4xx_hal_smbus.c ****   *          @arg @ref HAL_SMBUS_MSPDEINIT_CB_ID MspDeInit callback ID
 602:stm/stm32g4xx/STM32G4xx_HAL_Driver/Src/stm32g4xx_hal_smbus.c ****   * @param  pCallback pointer to the Callback function
 603:stm/stm32g4xx/STM32G4xx_HAL_Driver/Src/stm32g4xx_hal_smbus.c ****   * @retval HAL status
 604:stm/stm32g4xx/STM32G4xx_HAL_Driver/Src/stm32g4xx_hal_smbus.c ****   */
 605:stm/stm32g4xx/STM32G4xx_HAL_Driver/Src/stm32g4xx_hal_smbus.c **** HAL_StatusTypeDef HAL_SMBUS_RegisterCallback(SMBUS_HandleTypeDef *hsmbus,
 606:stm/stm32g4xx/STM32G4xx_HAL_Driver/Src/stm32g4xx_hal_smbus.c ****                                              HAL_SMBUS_CallbackIDTypeDef CallbackID,
 607:stm/stm32g4xx/STM32G4xx_HAL_Driver/Src/stm32g4xx_hal_smbus.c ****                                              pSMBUS_CallbackTypeDef pCallback)
 608:stm/stm32g4xx/STM32G4xx_HAL_Driver/Src/stm32g4xx_hal_smbus.c **** {
 609:stm/stm32g4xx/STM32G4xx_HAL_Driver/Src/stm32g4xx_hal_smbus.c ****   HAL_StatusTypeDef status = HAL_OK;
 610:stm/stm32g4xx/STM32G4xx_HAL_Driver/Src/stm32g4xx_hal_smbus.c **** 
 611:stm/stm32g4xx/STM32G4xx_HAL_Driver/Src/stm32g4xx_hal_smbus.c ****   if (pCallback == NULL)
 612:stm/stm32g4xx/STM32G4xx_HAL_Driver/Src/stm32g4xx_hal_smbus.c ****   {
 613:stm/stm32g4xx/STM32G4xx_HAL_Driver/Src/stm32g4xx_hal_smbus.c ****     /* Update the error code */
 614:stm/stm32g4xx/STM32G4xx_HAL_Driver/Src/stm32g4xx_hal_smbus.c ****     hsmbus->ErrorCode |= HAL_SMBUS_ERROR_INVALID_CALLBACK;
 615:stm/stm32g4xx/STM32G4xx_HAL_Driver/Src/stm32g4xx_hal_smbus.c **** 
 616:stm/stm32g4xx/STM32G4xx_HAL_Driver/Src/stm32g4xx_hal_smbus.c ****     return HAL_ERROR;
 617:stm/stm32g4xx/STM32G4xx_HAL_Driver/Src/stm32g4xx_hal_smbus.c ****   }
 618:stm/stm32g4xx/STM32G4xx_HAL_Driver/Src/stm32g4xx_hal_smbus.c **** 
 619:stm/stm32g4xx/STM32G4xx_HAL_Driver/Src/stm32g4xx_hal_smbus.c ****   if (HAL_SMBUS_STATE_READY == hsmbus->State)
 620:stm/stm32g4xx/STM32G4xx_HAL_Driver/Src/stm32g4xx_hal_smbus.c ****   {
 621:stm/stm32g4xx/STM32G4xx_HAL_Driver/Src/stm32g4xx_hal_smbus.c ****     switch (CallbackID)
 622:stm/stm32g4xx/STM32G4xx_HAL_Driver/Src/stm32g4xx_hal_smbus.c ****     {
 623:stm/stm32g4xx/STM32G4xx_HAL_Driver/Src/stm32g4xx_hal_smbus.c ****       case HAL_SMBUS_MASTER_TX_COMPLETE_CB_ID :
 624:stm/stm32g4xx/STM32G4xx_HAL_Driver/Src/stm32g4xx_hal_smbus.c ****         hsmbus->MasterTxCpltCallback = pCallback;
 625:stm/stm32g4xx/STM32G4xx_HAL_Driver/Src/stm32g4xx_hal_smbus.c ****         break;
 626:stm/stm32g4xx/STM32G4xx_HAL_Driver/Src/stm32g4xx_hal_smbus.c **** 
 627:stm/stm32g4xx/STM32G4xx_HAL_Driver/Src/stm32g4xx_hal_smbus.c ****       case HAL_SMBUS_MASTER_RX_COMPLETE_CB_ID :
 628:stm/stm32g4xx/STM32G4xx_HAL_Driver/Src/stm32g4xx_hal_smbus.c ****         hsmbus->MasterRxCpltCallback = pCallback;
 629:stm/stm32g4xx/STM32G4xx_HAL_Driver/Src/stm32g4xx_hal_smbus.c ****         break;
 630:stm/stm32g4xx/STM32G4xx_HAL_Driver/Src/stm32g4xx_hal_smbus.c **** 
 631:stm/stm32g4xx/STM32G4xx_HAL_Driver/Src/stm32g4xx_hal_smbus.c ****       case HAL_SMBUS_SLAVE_TX_COMPLETE_CB_ID :
 632:stm/stm32g4xx/STM32G4xx_HAL_Driver/Src/stm32g4xx_hal_smbus.c ****         hsmbus->SlaveTxCpltCallback = pCallback;
 633:stm/stm32g4xx/STM32G4xx_HAL_Driver/Src/stm32g4xx_hal_smbus.c ****         break;
 634:stm/stm32g4xx/STM32G4xx_HAL_Driver/Src/stm32g4xx_hal_smbus.c **** 
 635:stm/stm32g4xx/STM32G4xx_HAL_Driver/Src/stm32g4xx_hal_smbus.c ****       case HAL_SMBUS_SLAVE_RX_COMPLETE_CB_ID :
 636:stm/stm32g4xx/STM32G4xx_HAL_Driver/Src/stm32g4xx_hal_smbus.c ****         hsmbus->SlaveRxCpltCallback = pCallback;
 637:stm/stm32g4xx/STM32G4xx_HAL_Driver/Src/stm32g4xx_hal_smbus.c ****         break;
 638:stm/stm32g4xx/STM32G4xx_HAL_Driver/Src/stm32g4xx_hal_smbus.c **** 
 639:stm/stm32g4xx/STM32G4xx_HAL_Driver/Src/stm32g4xx_hal_smbus.c ****       case HAL_SMBUS_LISTEN_COMPLETE_CB_ID :
 640:stm/stm32g4xx/STM32G4xx_HAL_Driver/Src/stm32g4xx_hal_smbus.c ****         hsmbus->ListenCpltCallback = pCallback;
 641:stm/stm32g4xx/STM32G4xx_HAL_Driver/Src/stm32g4xx_hal_smbus.c ****         break;
 642:stm/stm32g4xx/STM32G4xx_HAL_Driver/Src/stm32g4xx_hal_smbus.c **** 
 643:stm/stm32g4xx/STM32G4xx_HAL_Driver/Src/stm32g4xx_hal_smbus.c ****       case HAL_SMBUS_ERROR_CB_ID :
 644:stm/stm32g4xx/STM32G4xx_HAL_Driver/Src/stm32g4xx_hal_smbus.c ****         hsmbus->ErrorCallback = pCallback;
 645:stm/stm32g4xx/STM32G4xx_HAL_Driver/Src/stm32g4xx_hal_smbus.c ****         break;
 646:stm/stm32g4xx/STM32G4xx_HAL_Driver/Src/stm32g4xx_hal_smbus.c **** 
 647:stm/stm32g4xx/STM32G4xx_HAL_Driver/Src/stm32g4xx_hal_smbus.c ****       case HAL_SMBUS_MSPINIT_CB_ID :
 648:stm/stm32g4xx/STM32G4xx_HAL_Driver/Src/stm32g4xx_hal_smbus.c ****         hsmbus->MspInitCallback = pCallback;
 649:stm/stm32g4xx/STM32G4xx_HAL_Driver/Src/stm32g4xx_hal_smbus.c ****         break;
 650:stm/stm32g4xx/STM32G4xx_HAL_Driver/Src/stm32g4xx_hal_smbus.c **** 
 651:stm/stm32g4xx/STM32G4xx_HAL_Driver/Src/stm32g4xx_hal_smbus.c ****       case HAL_SMBUS_MSPDEINIT_CB_ID :
 652:stm/stm32g4xx/STM32G4xx_HAL_Driver/Src/stm32g4xx_hal_smbus.c ****         hsmbus->MspDeInitCallback = pCallback;
 653:stm/stm32g4xx/STM32G4xx_HAL_Driver/Src/stm32g4xx_hal_smbus.c ****         break;
 654:stm/stm32g4xx/STM32G4xx_HAL_Driver/Src/stm32g4xx_hal_smbus.c **** 
 655:stm/stm32g4xx/STM32G4xx_HAL_Driver/Src/stm32g4xx_hal_smbus.c ****       default :
 656:stm/stm32g4xx/STM32G4xx_HAL_Driver/Src/stm32g4xx_hal_smbus.c ****         /* Update the error code */
 657:stm/stm32g4xx/STM32G4xx_HAL_Driver/Src/stm32g4xx_hal_smbus.c ****         hsmbus->ErrorCode |= HAL_SMBUS_ERROR_INVALID_CALLBACK;
ARM GAS  /tmp/ccPqrEja.s 			page 13


 658:stm/stm32g4xx/STM32G4xx_HAL_Driver/Src/stm32g4xx_hal_smbus.c **** 
 659:stm/stm32g4xx/STM32G4xx_HAL_Driver/Src/stm32g4xx_hal_smbus.c ****         /* Return error status */
 660:stm/stm32g4xx/STM32G4xx_HAL_Driver/Src/stm32g4xx_hal_smbus.c ****         status =  HAL_ERROR;
 661:stm/stm32g4xx/STM32G4xx_HAL_Driver/Src/stm32g4xx_hal_smbus.c ****         break;
 662:stm/stm32g4xx/STM32G4xx_HAL_Driver/Src/stm32g4xx_hal_smbus.c ****     }
 663:stm/stm32g4xx/STM32G4xx_HAL_Driver/Src/stm32g4xx_hal_smbus.c ****   }
 664:stm/stm32g4xx/STM32G4xx_HAL_Driver/Src/stm32g4xx_hal_smbus.c ****   else if (HAL_SMBUS_STATE_RESET == hsmbus->State)
 665:stm/stm32g4xx/STM32G4xx_HAL_Driver/Src/stm32g4xx_hal_smbus.c ****   {
 666:stm/stm32g4xx/STM32G4xx_HAL_Driver/Src/stm32g4xx_hal_smbus.c ****     switch (CallbackID)
 667:stm/stm32g4xx/STM32G4xx_HAL_Driver/Src/stm32g4xx_hal_smbus.c ****     {
 668:stm/stm32g4xx/STM32G4xx_HAL_Driver/Src/stm32g4xx_hal_smbus.c ****       case HAL_SMBUS_MSPINIT_CB_ID :
 669:stm/stm32g4xx/STM32G4xx_HAL_Driver/Src/stm32g4xx_hal_smbus.c ****         hsmbus->MspInitCallback = pCallback;
 670:stm/stm32g4xx/STM32G4xx_HAL_Driver/Src/stm32g4xx_hal_smbus.c ****         break;
 671:stm/stm32g4xx/STM32G4xx_HAL_Driver/Src/stm32g4xx_hal_smbus.c **** 
 672:stm/stm32g4xx/STM32G4xx_HAL_Driver/Src/stm32g4xx_hal_smbus.c ****       case HAL_SMBUS_MSPDEINIT_CB_ID :
 673:stm/stm32g4xx/STM32G4xx_HAL_Driver/Src/stm32g4xx_hal_smbus.c ****         hsmbus->MspDeInitCallback = pCallback;
 674:stm/stm32g4xx/STM32G4xx_HAL_Driver/Src/stm32g4xx_hal_smbus.c ****         break;
 675:stm/stm32g4xx/STM32G4xx_HAL_Driver/Src/stm32g4xx_hal_smbus.c **** 
 676:stm/stm32g4xx/STM32G4xx_HAL_Driver/Src/stm32g4xx_hal_smbus.c ****       default :
 677:stm/stm32g4xx/STM32G4xx_HAL_Driver/Src/stm32g4xx_hal_smbus.c ****         /* Update the error code */
 678:stm/stm32g4xx/STM32G4xx_HAL_Driver/Src/stm32g4xx_hal_smbus.c ****         hsmbus->ErrorCode |= HAL_SMBUS_ERROR_INVALID_CALLBACK;
 679:stm/stm32g4xx/STM32G4xx_HAL_Driver/Src/stm32g4xx_hal_smbus.c **** 
 680:stm/stm32g4xx/STM32G4xx_HAL_Driver/Src/stm32g4xx_hal_smbus.c ****         /* Return error status */
 681:stm/stm32g4xx/STM32G4xx_HAL_Driver/Src/stm32g4xx_hal_smbus.c ****         status =  HAL_ERROR;
 682:stm/stm32g4xx/STM32G4xx_HAL_Driver/Src/stm32g4xx_hal_smbus.c ****         break;
 683:stm/stm32g4xx/STM32G4xx_HAL_Driver/Src/stm32g4xx_hal_smbus.c ****     }
 684:stm/stm32g4xx/STM32G4xx_HAL_Driver/Src/stm32g4xx_hal_smbus.c ****   }
 685:stm/stm32g4xx/STM32G4xx_HAL_Driver/Src/stm32g4xx_hal_smbus.c ****   else
 686:stm/stm32g4xx/STM32G4xx_HAL_Driver/Src/stm32g4xx_hal_smbus.c ****   {
 687:stm/stm32g4xx/STM32G4xx_HAL_Driver/Src/stm32g4xx_hal_smbus.c ****     /* Update the error code */
 688:stm/stm32g4xx/STM32G4xx_HAL_Driver/Src/stm32g4xx_hal_smbus.c ****     hsmbus->ErrorCode |= HAL_SMBUS_ERROR_INVALID_CALLBACK;
 689:stm/stm32g4xx/STM32G4xx_HAL_Driver/Src/stm32g4xx_hal_smbus.c **** 
 690:stm/stm32g4xx/STM32G4xx_HAL_Driver/Src/stm32g4xx_hal_smbus.c ****     /* Return error status */
 691:stm/stm32g4xx/STM32G4xx_HAL_Driver/Src/stm32g4xx_hal_smbus.c ****     status =  HAL_ERROR;
 692:stm/stm32g4xx/STM32G4xx_HAL_Driver/Src/stm32g4xx_hal_smbus.c ****   }
 693:stm/stm32g4xx/STM32G4xx_HAL_Driver/Src/stm32g4xx_hal_smbus.c **** 
 694:stm/stm32g4xx/STM32G4xx_HAL_Driver/Src/stm32g4xx_hal_smbus.c ****   return status;
 695:stm/stm32g4xx/STM32G4xx_HAL_Driver/Src/stm32g4xx_hal_smbus.c **** }
 696:stm/stm32g4xx/STM32G4xx_HAL_Driver/Src/stm32g4xx_hal_smbus.c **** 
 697:stm/stm32g4xx/STM32G4xx_HAL_Driver/Src/stm32g4xx_hal_smbus.c **** /**
 698:stm/stm32g4xx/STM32G4xx_HAL_Driver/Src/stm32g4xx_hal_smbus.c ****   * @brief  Unregister an SMBUS Callback
 699:stm/stm32g4xx/STM32G4xx_HAL_Driver/Src/stm32g4xx_hal_smbus.c ****   *         SMBUS callback is redirected to the weak predefined callback
 700:stm/stm32g4xx/STM32G4xx_HAL_Driver/Src/stm32g4xx_hal_smbus.c ****   * @note   The HAL_SMBUS_UnRegisterCallback() may be called before HAL_SMBUS_Init() in
 701:stm/stm32g4xx/STM32G4xx_HAL_Driver/Src/stm32g4xx_hal_smbus.c ****   *         HAL_SMBUS_STATE_RESET to un-register callbacks for HAL_SMBUS_MSPINIT_CB_ID and
 702:stm/stm32g4xx/STM32G4xx_HAL_Driver/Src/stm32g4xx_hal_smbus.c ****   *         HAL_SMBUS_MSPDEINIT_CB_ID
 703:stm/stm32g4xx/STM32G4xx_HAL_Driver/Src/stm32g4xx_hal_smbus.c ****   * @param  hsmbus Pointer to a SMBUS_HandleTypeDef structure that contains
 704:stm/stm32g4xx/STM32G4xx_HAL_Driver/Src/stm32g4xx_hal_smbus.c ****   *                the configuration information for the specified SMBUS.
 705:stm/stm32g4xx/STM32G4xx_HAL_Driver/Src/stm32g4xx_hal_smbus.c ****   * @param  CallbackID ID of the callback to be unregistered
 706:stm/stm32g4xx/STM32G4xx_HAL_Driver/Src/stm32g4xx_hal_smbus.c ****   *         This parameter can be one of the following values:
 707:stm/stm32g4xx/STM32G4xx_HAL_Driver/Src/stm32g4xx_hal_smbus.c ****   *         This parameter can be one of the following values:
 708:stm/stm32g4xx/STM32G4xx_HAL_Driver/Src/stm32g4xx_hal_smbus.c ****   *          @arg @ref HAL_SMBUS_MASTER_TX_COMPLETE_CB_ID Master Tx Transfer completed callback ID
 709:stm/stm32g4xx/STM32G4xx_HAL_Driver/Src/stm32g4xx_hal_smbus.c ****   *          @arg @ref HAL_SMBUS_MASTER_RX_COMPLETE_CB_ID Master Rx Transfer completed callback ID
 710:stm/stm32g4xx/STM32G4xx_HAL_Driver/Src/stm32g4xx_hal_smbus.c ****   *          @arg @ref HAL_SMBUS_SLAVE_TX_COMPLETE_CB_ID Slave Tx Transfer completed callback ID
 711:stm/stm32g4xx/STM32G4xx_HAL_Driver/Src/stm32g4xx_hal_smbus.c ****   *          @arg @ref HAL_SMBUS_SLAVE_RX_COMPLETE_CB_ID Slave Rx Transfer completed callback ID
 712:stm/stm32g4xx/STM32G4xx_HAL_Driver/Src/stm32g4xx_hal_smbus.c ****   *          @arg @ref HAL_SMBUS_LISTEN_COMPLETE_CB_ID Listen Complete callback ID
 713:stm/stm32g4xx/STM32G4xx_HAL_Driver/Src/stm32g4xx_hal_smbus.c ****   *          @arg @ref HAL_SMBUS_ERROR_CB_ID Error callback ID
 714:stm/stm32g4xx/STM32G4xx_HAL_Driver/Src/stm32g4xx_hal_smbus.c ****   *          @arg @ref HAL_SMBUS_MSPINIT_CB_ID MspInit callback ID
ARM GAS  /tmp/ccPqrEja.s 			page 14


 715:stm/stm32g4xx/STM32G4xx_HAL_Driver/Src/stm32g4xx_hal_smbus.c ****   *          @arg @ref HAL_SMBUS_MSPDEINIT_CB_ID MspDeInit callback ID
 716:stm/stm32g4xx/STM32G4xx_HAL_Driver/Src/stm32g4xx_hal_smbus.c ****   * @retval HAL status
 717:stm/stm32g4xx/STM32G4xx_HAL_Driver/Src/stm32g4xx_hal_smbus.c ****   */
 718:stm/stm32g4xx/STM32G4xx_HAL_Driver/Src/stm32g4xx_hal_smbus.c **** HAL_StatusTypeDef HAL_SMBUS_UnRegisterCallback(SMBUS_HandleTypeDef *hsmbus,
 719:stm/stm32g4xx/STM32G4xx_HAL_Driver/Src/stm32g4xx_hal_smbus.c ****                                                HAL_SMBUS_CallbackIDTypeDef CallbackID)
 720:stm/stm32g4xx/STM32G4xx_HAL_Driver/Src/stm32g4xx_hal_smbus.c **** {
 721:stm/stm32g4xx/STM32G4xx_HAL_Driver/Src/stm32g4xx_hal_smbus.c ****   HAL_StatusTypeDef status = HAL_OK;
 722:stm/stm32g4xx/STM32G4xx_HAL_Driver/Src/stm32g4xx_hal_smbus.c **** 
 723:stm/stm32g4xx/STM32G4xx_HAL_Driver/Src/stm32g4xx_hal_smbus.c ****   if (HAL_SMBUS_STATE_READY == hsmbus->State)
 724:stm/stm32g4xx/STM32G4xx_HAL_Driver/Src/stm32g4xx_hal_smbus.c ****   {
 725:stm/stm32g4xx/STM32G4xx_HAL_Driver/Src/stm32g4xx_hal_smbus.c ****     switch (CallbackID)
 726:stm/stm32g4xx/STM32G4xx_HAL_Driver/Src/stm32g4xx_hal_smbus.c ****     {
 727:stm/stm32g4xx/STM32G4xx_HAL_Driver/Src/stm32g4xx_hal_smbus.c ****       case HAL_SMBUS_MASTER_TX_COMPLETE_CB_ID :
 728:stm/stm32g4xx/STM32G4xx_HAL_Driver/Src/stm32g4xx_hal_smbus.c ****         hsmbus->MasterTxCpltCallback = HAL_SMBUS_MasterTxCpltCallback; /* Legacy weak MasterTxCpltC
 729:stm/stm32g4xx/STM32G4xx_HAL_Driver/Src/stm32g4xx_hal_smbus.c ****         break;
 730:stm/stm32g4xx/STM32G4xx_HAL_Driver/Src/stm32g4xx_hal_smbus.c **** 
 731:stm/stm32g4xx/STM32G4xx_HAL_Driver/Src/stm32g4xx_hal_smbus.c ****       case HAL_SMBUS_MASTER_RX_COMPLETE_CB_ID :
 732:stm/stm32g4xx/STM32G4xx_HAL_Driver/Src/stm32g4xx_hal_smbus.c ****         hsmbus->MasterRxCpltCallback = HAL_SMBUS_MasterRxCpltCallback; /* Legacy weak MasterRxCpltC
 733:stm/stm32g4xx/STM32G4xx_HAL_Driver/Src/stm32g4xx_hal_smbus.c ****         break;
 734:stm/stm32g4xx/STM32G4xx_HAL_Driver/Src/stm32g4xx_hal_smbus.c **** 
 735:stm/stm32g4xx/STM32G4xx_HAL_Driver/Src/stm32g4xx_hal_smbus.c ****       case HAL_SMBUS_SLAVE_TX_COMPLETE_CB_ID :
 736:stm/stm32g4xx/STM32G4xx_HAL_Driver/Src/stm32g4xx_hal_smbus.c ****         hsmbus->SlaveTxCpltCallback = HAL_SMBUS_SlaveTxCpltCallback;   /* Legacy weak SlaveTxCpltCa
 737:stm/stm32g4xx/STM32G4xx_HAL_Driver/Src/stm32g4xx_hal_smbus.c ****         break;
 738:stm/stm32g4xx/STM32G4xx_HAL_Driver/Src/stm32g4xx_hal_smbus.c **** 
 739:stm/stm32g4xx/STM32G4xx_HAL_Driver/Src/stm32g4xx_hal_smbus.c ****       case HAL_SMBUS_SLAVE_RX_COMPLETE_CB_ID :
 740:stm/stm32g4xx/STM32G4xx_HAL_Driver/Src/stm32g4xx_hal_smbus.c ****         hsmbus->SlaveRxCpltCallback = HAL_SMBUS_SlaveRxCpltCallback;   /* Legacy weak SlaveRxCpltCa
 741:stm/stm32g4xx/STM32G4xx_HAL_Driver/Src/stm32g4xx_hal_smbus.c ****         break;
 742:stm/stm32g4xx/STM32G4xx_HAL_Driver/Src/stm32g4xx_hal_smbus.c **** 
 743:stm/stm32g4xx/STM32G4xx_HAL_Driver/Src/stm32g4xx_hal_smbus.c ****       case HAL_SMBUS_LISTEN_COMPLETE_CB_ID :
 744:stm/stm32g4xx/STM32G4xx_HAL_Driver/Src/stm32g4xx_hal_smbus.c ****         hsmbus->ListenCpltCallback = HAL_SMBUS_ListenCpltCallback;     /* Legacy weak ListenCpltCal
 745:stm/stm32g4xx/STM32G4xx_HAL_Driver/Src/stm32g4xx_hal_smbus.c ****         break;
 746:stm/stm32g4xx/STM32G4xx_HAL_Driver/Src/stm32g4xx_hal_smbus.c **** 
 747:stm/stm32g4xx/STM32G4xx_HAL_Driver/Src/stm32g4xx_hal_smbus.c ****       case HAL_SMBUS_ERROR_CB_ID :
 748:stm/stm32g4xx/STM32G4xx_HAL_Driver/Src/stm32g4xx_hal_smbus.c ****         hsmbus->ErrorCallback = HAL_SMBUS_ErrorCallback;               /* Legacy weak ErrorCallback
 749:stm/stm32g4xx/STM32G4xx_HAL_Driver/Src/stm32g4xx_hal_smbus.c ****         break;
 750:stm/stm32g4xx/STM32G4xx_HAL_Driver/Src/stm32g4xx_hal_smbus.c **** 
 751:stm/stm32g4xx/STM32G4xx_HAL_Driver/Src/stm32g4xx_hal_smbus.c ****       case HAL_SMBUS_MSPINIT_CB_ID :
 752:stm/stm32g4xx/STM32G4xx_HAL_Driver/Src/stm32g4xx_hal_smbus.c ****         hsmbus->MspInitCallback = HAL_SMBUS_MspInit;                   /* Legacy weak MspInit      
 753:stm/stm32g4xx/STM32G4xx_HAL_Driver/Src/stm32g4xx_hal_smbus.c ****         break;
 754:stm/stm32g4xx/STM32G4xx_HAL_Driver/Src/stm32g4xx_hal_smbus.c **** 
 755:stm/stm32g4xx/STM32G4xx_HAL_Driver/Src/stm32g4xx_hal_smbus.c ****       case HAL_SMBUS_MSPDEINIT_CB_ID :
 756:stm/stm32g4xx/STM32G4xx_HAL_Driver/Src/stm32g4xx_hal_smbus.c ****         hsmbus->MspDeInitCallback = HAL_SMBUS_MspDeInit;               /* Legacy weak MspDeInit    
 757:stm/stm32g4xx/STM32G4xx_HAL_Driver/Src/stm32g4xx_hal_smbus.c ****         break;
 758:stm/stm32g4xx/STM32G4xx_HAL_Driver/Src/stm32g4xx_hal_smbus.c **** 
 759:stm/stm32g4xx/STM32G4xx_HAL_Driver/Src/stm32g4xx_hal_smbus.c ****       default :
 760:stm/stm32g4xx/STM32G4xx_HAL_Driver/Src/stm32g4xx_hal_smbus.c ****         /* Update the error code */
 761:stm/stm32g4xx/STM32G4xx_HAL_Driver/Src/stm32g4xx_hal_smbus.c ****         hsmbus->ErrorCode |= HAL_SMBUS_ERROR_INVALID_CALLBACK;
 762:stm/stm32g4xx/STM32G4xx_HAL_Driver/Src/stm32g4xx_hal_smbus.c **** 
 763:stm/stm32g4xx/STM32G4xx_HAL_Driver/Src/stm32g4xx_hal_smbus.c ****         /* Return error status */
 764:stm/stm32g4xx/STM32G4xx_HAL_Driver/Src/stm32g4xx_hal_smbus.c ****         status =  HAL_ERROR;
 765:stm/stm32g4xx/STM32G4xx_HAL_Driver/Src/stm32g4xx_hal_smbus.c ****         break;
 766:stm/stm32g4xx/STM32G4xx_HAL_Driver/Src/stm32g4xx_hal_smbus.c ****     }
 767:stm/stm32g4xx/STM32G4xx_HAL_Driver/Src/stm32g4xx_hal_smbus.c ****   }
 768:stm/stm32g4xx/STM32G4xx_HAL_Driver/Src/stm32g4xx_hal_smbus.c ****   else if (HAL_SMBUS_STATE_RESET == hsmbus->State)
 769:stm/stm32g4xx/STM32G4xx_HAL_Driver/Src/stm32g4xx_hal_smbus.c ****   {
 770:stm/stm32g4xx/STM32G4xx_HAL_Driver/Src/stm32g4xx_hal_smbus.c ****     switch (CallbackID)
 771:stm/stm32g4xx/STM32G4xx_HAL_Driver/Src/stm32g4xx_hal_smbus.c ****     {
ARM GAS  /tmp/ccPqrEja.s 			page 15


 772:stm/stm32g4xx/STM32G4xx_HAL_Driver/Src/stm32g4xx_hal_smbus.c ****       case HAL_SMBUS_MSPINIT_CB_ID :
 773:stm/stm32g4xx/STM32G4xx_HAL_Driver/Src/stm32g4xx_hal_smbus.c ****         hsmbus->MspInitCallback = HAL_SMBUS_MspInit;                   /* Legacy weak MspInit      
 774:stm/stm32g4xx/STM32G4xx_HAL_Driver/Src/stm32g4xx_hal_smbus.c ****         break;
 775:stm/stm32g4xx/STM32G4xx_HAL_Driver/Src/stm32g4xx_hal_smbus.c **** 
 776:stm/stm32g4xx/STM32G4xx_HAL_Driver/Src/stm32g4xx_hal_smbus.c ****       case HAL_SMBUS_MSPDEINIT_CB_ID :
 777:stm/stm32g4xx/STM32G4xx_HAL_Driver/Src/stm32g4xx_hal_smbus.c ****         hsmbus->MspDeInitCallback = HAL_SMBUS_MspDeInit;               /* Legacy weak MspDeInit    
 778:stm/stm32g4xx/STM32G4xx_HAL_Driver/Src/stm32g4xx_hal_smbus.c ****         break;
 779:stm/stm32g4xx/STM32G4xx_HAL_Driver/Src/stm32g4xx_hal_smbus.c **** 
 780:stm/stm32g4xx/STM32G4xx_HAL_Driver/Src/stm32g4xx_hal_smbus.c ****       default :
 781:stm/stm32g4xx/STM32G4xx_HAL_Driver/Src/stm32g4xx_hal_smbus.c ****         /* Update the error code */
 782:stm/stm32g4xx/STM32G4xx_HAL_Driver/Src/stm32g4xx_hal_smbus.c ****         hsmbus->ErrorCode |= HAL_SMBUS_ERROR_INVALID_CALLBACK;
 783:stm/stm32g4xx/STM32G4xx_HAL_Driver/Src/stm32g4xx_hal_smbus.c **** 
 784:stm/stm32g4xx/STM32G4xx_HAL_Driver/Src/stm32g4xx_hal_smbus.c ****         /* Return error status */
 785:stm/stm32g4xx/STM32G4xx_HAL_Driver/Src/stm32g4xx_hal_smbus.c ****         status =  HAL_ERROR;
 786:stm/stm32g4xx/STM32G4xx_HAL_Driver/Src/stm32g4xx_hal_smbus.c ****         break;
 787:stm/stm32g4xx/STM32G4xx_HAL_Driver/Src/stm32g4xx_hal_smbus.c ****     }
 788:stm/stm32g4xx/STM32G4xx_HAL_Driver/Src/stm32g4xx_hal_smbus.c ****   }
 789:stm/stm32g4xx/STM32G4xx_HAL_Driver/Src/stm32g4xx_hal_smbus.c ****   else
 790:stm/stm32g4xx/STM32G4xx_HAL_Driver/Src/stm32g4xx_hal_smbus.c ****   {
 791:stm/stm32g4xx/STM32G4xx_HAL_Driver/Src/stm32g4xx_hal_smbus.c ****     /* Update the error code */
 792:stm/stm32g4xx/STM32G4xx_HAL_Driver/Src/stm32g4xx_hal_smbus.c ****     hsmbus->ErrorCode |= HAL_SMBUS_ERROR_INVALID_CALLBACK;
 793:stm/stm32g4xx/STM32G4xx_HAL_Driver/Src/stm32g4xx_hal_smbus.c **** 
 794:stm/stm32g4xx/STM32G4xx_HAL_Driver/Src/stm32g4xx_hal_smbus.c ****     /* Return error status */
 795:stm/stm32g4xx/STM32G4xx_HAL_Driver/Src/stm32g4xx_hal_smbus.c ****     status =  HAL_ERROR;
 796:stm/stm32g4xx/STM32G4xx_HAL_Driver/Src/stm32g4xx_hal_smbus.c ****   }
 797:stm/stm32g4xx/STM32G4xx_HAL_Driver/Src/stm32g4xx_hal_smbus.c **** 
 798:stm/stm32g4xx/STM32G4xx_HAL_Driver/Src/stm32g4xx_hal_smbus.c ****   return status;
 799:stm/stm32g4xx/STM32G4xx_HAL_Driver/Src/stm32g4xx_hal_smbus.c **** }
 800:stm/stm32g4xx/STM32G4xx_HAL_Driver/Src/stm32g4xx_hal_smbus.c **** 
 801:stm/stm32g4xx/STM32G4xx_HAL_Driver/Src/stm32g4xx_hal_smbus.c **** /**
 802:stm/stm32g4xx/STM32G4xx_HAL_Driver/Src/stm32g4xx_hal_smbus.c ****   * @brief  Register the Slave Address Match SMBUS Callback
 803:stm/stm32g4xx/STM32G4xx_HAL_Driver/Src/stm32g4xx_hal_smbus.c ****   *         To be used instead of the weak HAL_SMBUS_AddrCallback() predefined callback
 804:stm/stm32g4xx/STM32G4xx_HAL_Driver/Src/stm32g4xx_hal_smbus.c ****   * @param  hsmbus Pointer to a SMBUS_HandleTypeDef structure that contains
 805:stm/stm32g4xx/STM32G4xx_HAL_Driver/Src/stm32g4xx_hal_smbus.c ****   *                the configuration information for the specified SMBUS.
 806:stm/stm32g4xx/STM32G4xx_HAL_Driver/Src/stm32g4xx_hal_smbus.c ****   * @param  pCallback pointer to the Address Match Callback function
 807:stm/stm32g4xx/STM32G4xx_HAL_Driver/Src/stm32g4xx_hal_smbus.c ****   * @retval HAL status
 808:stm/stm32g4xx/STM32G4xx_HAL_Driver/Src/stm32g4xx_hal_smbus.c ****   */
 809:stm/stm32g4xx/STM32G4xx_HAL_Driver/Src/stm32g4xx_hal_smbus.c **** HAL_StatusTypeDef HAL_SMBUS_RegisterAddrCallback(SMBUS_HandleTypeDef *hsmbus,
 810:stm/stm32g4xx/STM32G4xx_HAL_Driver/Src/stm32g4xx_hal_smbus.c ****                                                  pSMBUS_AddrCallbackTypeDef pCallback)
 811:stm/stm32g4xx/STM32G4xx_HAL_Driver/Src/stm32g4xx_hal_smbus.c **** {
 812:stm/stm32g4xx/STM32G4xx_HAL_Driver/Src/stm32g4xx_hal_smbus.c ****   HAL_StatusTypeDef status = HAL_OK;
 813:stm/stm32g4xx/STM32G4xx_HAL_Driver/Src/stm32g4xx_hal_smbus.c **** 
 814:stm/stm32g4xx/STM32G4xx_HAL_Driver/Src/stm32g4xx_hal_smbus.c ****   if (pCallback == NULL)
 815:stm/stm32g4xx/STM32G4xx_HAL_Driver/Src/stm32g4xx_hal_smbus.c ****   {
 816:stm/stm32g4xx/STM32G4xx_HAL_Driver/Src/stm32g4xx_hal_smbus.c ****     /* Update the error code */
 817:stm/stm32g4xx/STM32G4xx_HAL_Driver/Src/stm32g4xx_hal_smbus.c ****     hsmbus->ErrorCode |= HAL_SMBUS_ERROR_INVALID_CALLBACK;
 818:stm/stm32g4xx/STM32G4xx_HAL_Driver/Src/stm32g4xx_hal_smbus.c **** 
 819:stm/stm32g4xx/STM32G4xx_HAL_Driver/Src/stm32g4xx_hal_smbus.c ****     return HAL_ERROR;
 820:stm/stm32g4xx/STM32G4xx_HAL_Driver/Src/stm32g4xx_hal_smbus.c ****   }
 821:stm/stm32g4xx/STM32G4xx_HAL_Driver/Src/stm32g4xx_hal_smbus.c **** 
 822:stm/stm32g4xx/STM32G4xx_HAL_Driver/Src/stm32g4xx_hal_smbus.c ****   if (HAL_SMBUS_STATE_READY == hsmbus->State)
 823:stm/stm32g4xx/STM32G4xx_HAL_Driver/Src/stm32g4xx_hal_smbus.c ****   {
 824:stm/stm32g4xx/STM32G4xx_HAL_Driver/Src/stm32g4xx_hal_smbus.c ****     hsmbus->AddrCallback = pCallback;
 825:stm/stm32g4xx/STM32G4xx_HAL_Driver/Src/stm32g4xx_hal_smbus.c ****   }
 826:stm/stm32g4xx/STM32G4xx_HAL_Driver/Src/stm32g4xx_hal_smbus.c ****   else
 827:stm/stm32g4xx/STM32G4xx_HAL_Driver/Src/stm32g4xx_hal_smbus.c ****   {
 828:stm/stm32g4xx/STM32G4xx_HAL_Driver/Src/stm32g4xx_hal_smbus.c ****     /* Update the error code */
ARM GAS  /tmp/ccPqrEja.s 			page 16


 829:stm/stm32g4xx/STM32G4xx_HAL_Driver/Src/stm32g4xx_hal_smbus.c ****     hsmbus->ErrorCode |= HAL_SMBUS_ERROR_INVALID_CALLBACK;
 830:stm/stm32g4xx/STM32G4xx_HAL_Driver/Src/stm32g4xx_hal_smbus.c **** 
 831:stm/stm32g4xx/STM32G4xx_HAL_Driver/Src/stm32g4xx_hal_smbus.c ****     /* Return error status */
 832:stm/stm32g4xx/STM32G4xx_HAL_Driver/Src/stm32g4xx_hal_smbus.c ****     status =  HAL_ERROR;
 833:stm/stm32g4xx/STM32G4xx_HAL_Driver/Src/stm32g4xx_hal_smbus.c ****   }
 834:stm/stm32g4xx/STM32G4xx_HAL_Driver/Src/stm32g4xx_hal_smbus.c **** 
 835:stm/stm32g4xx/STM32G4xx_HAL_Driver/Src/stm32g4xx_hal_smbus.c ****   return status;
 836:stm/stm32g4xx/STM32G4xx_HAL_Driver/Src/stm32g4xx_hal_smbus.c **** }
 837:stm/stm32g4xx/STM32G4xx_HAL_Driver/Src/stm32g4xx_hal_smbus.c **** 
 838:stm/stm32g4xx/STM32G4xx_HAL_Driver/Src/stm32g4xx_hal_smbus.c **** /**
 839:stm/stm32g4xx/STM32G4xx_HAL_Driver/Src/stm32g4xx_hal_smbus.c ****   * @brief  UnRegister the Slave Address Match SMBUS Callback
 840:stm/stm32g4xx/STM32G4xx_HAL_Driver/Src/stm32g4xx_hal_smbus.c ****   *         Info Ready SMBUS Callback is redirected to the weak HAL_SMBUS_AddrCallback() predefined
 841:stm/stm32g4xx/STM32G4xx_HAL_Driver/Src/stm32g4xx_hal_smbus.c ****   * @param  hsmbus Pointer to a SMBUS_HandleTypeDef structure that contains
 842:stm/stm32g4xx/STM32G4xx_HAL_Driver/Src/stm32g4xx_hal_smbus.c ****   *                the configuration information for the specified SMBUS.
 843:stm/stm32g4xx/STM32G4xx_HAL_Driver/Src/stm32g4xx_hal_smbus.c ****   * @retval HAL status
 844:stm/stm32g4xx/STM32G4xx_HAL_Driver/Src/stm32g4xx_hal_smbus.c ****   */
 845:stm/stm32g4xx/STM32G4xx_HAL_Driver/Src/stm32g4xx_hal_smbus.c **** HAL_StatusTypeDef HAL_SMBUS_UnRegisterAddrCallback(SMBUS_HandleTypeDef *hsmbus)
 846:stm/stm32g4xx/STM32G4xx_HAL_Driver/Src/stm32g4xx_hal_smbus.c **** {
 847:stm/stm32g4xx/STM32G4xx_HAL_Driver/Src/stm32g4xx_hal_smbus.c ****   HAL_StatusTypeDef status = HAL_OK;
 848:stm/stm32g4xx/STM32G4xx_HAL_Driver/Src/stm32g4xx_hal_smbus.c **** 
 849:stm/stm32g4xx/STM32G4xx_HAL_Driver/Src/stm32g4xx_hal_smbus.c ****   if (HAL_SMBUS_STATE_READY == hsmbus->State)
 850:stm/stm32g4xx/STM32G4xx_HAL_Driver/Src/stm32g4xx_hal_smbus.c ****   {
 851:stm/stm32g4xx/STM32G4xx_HAL_Driver/Src/stm32g4xx_hal_smbus.c ****     hsmbus->AddrCallback = HAL_SMBUS_AddrCallback; /* Legacy weak AddrCallback  */
 852:stm/stm32g4xx/STM32G4xx_HAL_Driver/Src/stm32g4xx_hal_smbus.c ****   }
 853:stm/stm32g4xx/STM32G4xx_HAL_Driver/Src/stm32g4xx_hal_smbus.c ****   else
 854:stm/stm32g4xx/STM32G4xx_HAL_Driver/Src/stm32g4xx_hal_smbus.c ****   {
 855:stm/stm32g4xx/STM32G4xx_HAL_Driver/Src/stm32g4xx_hal_smbus.c ****     /* Update the error code */
 856:stm/stm32g4xx/STM32G4xx_HAL_Driver/Src/stm32g4xx_hal_smbus.c ****     hsmbus->ErrorCode |= HAL_SMBUS_ERROR_INVALID_CALLBACK;
 857:stm/stm32g4xx/STM32G4xx_HAL_Driver/Src/stm32g4xx_hal_smbus.c **** 
 858:stm/stm32g4xx/STM32G4xx_HAL_Driver/Src/stm32g4xx_hal_smbus.c ****     /* Return error status */
 859:stm/stm32g4xx/STM32G4xx_HAL_Driver/Src/stm32g4xx_hal_smbus.c ****     status =  HAL_ERROR;
 860:stm/stm32g4xx/STM32G4xx_HAL_Driver/Src/stm32g4xx_hal_smbus.c ****   }
 861:stm/stm32g4xx/STM32G4xx_HAL_Driver/Src/stm32g4xx_hal_smbus.c **** 
 862:stm/stm32g4xx/STM32G4xx_HAL_Driver/Src/stm32g4xx_hal_smbus.c ****   return status;
 863:stm/stm32g4xx/STM32G4xx_HAL_Driver/Src/stm32g4xx_hal_smbus.c **** }
 864:stm/stm32g4xx/STM32G4xx_HAL_Driver/Src/stm32g4xx_hal_smbus.c **** 
 865:stm/stm32g4xx/STM32G4xx_HAL_Driver/Src/stm32g4xx_hal_smbus.c **** #endif /* USE_HAL_SMBUS_REGISTER_CALLBACKS */
 866:stm/stm32g4xx/STM32G4xx_HAL_Driver/Src/stm32g4xx_hal_smbus.c **** 
 867:stm/stm32g4xx/STM32G4xx_HAL_Driver/Src/stm32g4xx_hal_smbus.c **** /**
 868:stm/stm32g4xx/STM32G4xx_HAL_Driver/Src/stm32g4xx_hal_smbus.c ****   * @}
 869:stm/stm32g4xx/STM32G4xx_HAL_Driver/Src/stm32g4xx_hal_smbus.c ****   */
 870:stm/stm32g4xx/STM32G4xx_HAL_Driver/Src/stm32g4xx_hal_smbus.c **** 
 871:stm/stm32g4xx/STM32G4xx_HAL_Driver/Src/stm32g4xx_hal_smbus.c **** /** @defgroup SMBUS_Exported_Functions_Group2 Input and Output operation functions
 872:stm/stm32g4xx/STM32G4xx_HAL_Driver/Src/stm32g4xx_hal_smbus.c ****   *  @brief   Data transfers functions
 873:stm/stm32g4xx/STM32G4xx_HAL_Driver/Src/stm32g4xx_hal_smbus.c ****   *
 874:stm/stm32g4xx/STM32G4xx_HAL_Driver/Src/stm32g4xx_hal_smbus.c **** @verbatim
 875:stm/stm32g4xx/STM32G4xx_HAL_Driver/Src/stm32g4xx_hal_smbus.c ****  ===============================================================================
 876:stm/stm32g4xx/STM32G4xx_HAL_Driver/Src/stm32g4xx_hal_smbus.c ****                       ##### IO operation functions #####
 877:stm/stm32g4xx/STM32G4xx_HAL_Driver/Src/stm32g4xx_hal_smbus.c ****  ===============================================================================
 878:stm/stm32g4xx/STM32G4xx_HAL_Driver/Src/stm32g4xx_hal_smbus.c ****     [..]
 879:stm/stm32g4xx/STM32G4xx_HAL_Driver/Src/stm32g4xx_hal_smbus.c ****     This subsection provides a set of functions allowing to manage the SMBUS data
 880:stm/stm32g4xx/STM32G4xx_HAL_Driver/Src/stm32g4xx_hal_smbus.c ****     transfers.
 881:stm/stm32g4xx/STM32G4xx_HAL_Driver/Src/stm32g4xx_hal_smbus.c **** 
 882:stm/stm32g4xx/STM32G4xx_HAL_Driver/Src/stm32g4xx_hal_smbus.c ****     (#) Blocking mode function to check if device is ready for usage is :
 883:stm/stm32g4xx/STM32G4xx_HAL_Driver/Src/stm32g4xx_hal_smbus.c ****         (++) HAL_SMBUS_IsDeviceReady()
 884:stm/stm32g4xx/STM32G4xx_HAL_Driver/Src/stm32g4xx_hal_smbus.c **** 
 885:stm/stm32g4xx/STM32G4xx_HAL_Driver/Src/stm32g4xx_hal_smbus.c ****     (#) There is only one mode of transfer:
ARM GAS  /tmp/ccPqrEja.s 			page 17


 886:stm/stm32g4xx/STM32G4xx_HAL_Driver/Src/stm32g4xx_hal_smbus.c ****        (++) Non-Blocking mode : The communication is performed using Interrupts.
 887:stm/stm32g4xx/STM32G4xx_HAL_Driver/Src/stm32g4xx_hal_smbus.c ****             These functions return the status of the transfer startup.
 888:stm/stm32g4xx/STM32G4xx_HAL_Driver/Src/stm32g4xx_hal_smbus.c ****             The end of the data processing will be indicated through the
 889:stm/stm32g4xx/STM32G4xx_HAL_Driver/Src/stm32g4xx_hal_smbus.c ****             dedicated SMBUS IRQ when using Interrupt mode.
 890:stm/stm32g4xx/STM32G4xx_HAL_Driver/Src/stm32g4xx_hal_smbus.c **** 
 891:stm/stm32g4xx/STM32G4xx_HAL_Driver/Src/stm32g4xx_hal_smbus.c ****     (#) Non-Blocking mode functions with Interrupt are :
 892:stm/stm32g4xx/STM32G4xx_HAL_Driver/Src/stm32g4xx_hal_smbus.c ****         (++) HAL_SMBUS_Master_Transmit_IT()
 893:stm/stm32g4xx/STM32G4xx_HAL_Driver/Src/stm32g4xx_hal_smbus.c ****         (++) HAL_SMBUS_Master_Receive_IT()
 894:stm/stm32g4xx/STM32G4xx_HAL_Driver/Src/stm32g4xx_hal_smbus.c ****         (++) HAL_SMBUS_Slave_Transmit_IT()
 895:stm/stm32g4xx/STM32G4xx_HAL_Driver/Src/stm32g4xx_hal_smbus.c ****         (++) HAL_SMBUS_Slave_Receive_IT()
 896:stm/stm32g4xx/STM32G4xx_HAL_Driver/Src/stm32g4xx_hal_smbus.c ****         (++) HAL_SMBUS_EnableListen_IT() or alias HAL_SMBUS_EnableListen_IT()
 897:stm/stm32g4xx/STM32G4xx_HAL_Driver/Src/stm32g4xx_hal_smbus.c ****         (++) HAL_SMBUS_DisableListen_IT()
 898:stm/stm32g4xx/STM32G4xx_HAL_Driver/Src/stm32g4xx_hal_smbus.c ****         (++) HAL_SMBUS_EnableAlert_IT()
 899:stm/stm32g4xx/STM32G4xx_HAL_Driver/Src/stm32g4xx_hal_smbus.c ****         (++) HAL_SMBUS_DisableAlert_IT()
 900:stm/stm32g4xx/STM32G4xx_HAL_Driver/Src/stm32g4xx_hal_smbus.c **** 
 901:stm/stm32g4xx/STM32G4xx_HAL_Driver/Src/stm32g4xx_hal_smbus.c ****     (#) A set of Transfer Complete Callbacks are provided in non-Blocking mode:
 902:stm/stm32g4xx/STM32G4xx_HAL_Driver/Src/stm32g4xx_hal_smbus.c ****         (++) HAL_SMBUS_MasterTxCpltCallback()
 903:stm/stm32g4xx/STM32G4xx_HAL_Driver/Src/stm32g4xx_hal_smbus.c ****         (++) HAL_SMBUS_MasterRxCpltCallback()
 904:stm/stm32g4xx/STM32G4xx_HAL_Driver/Src/stm32g4xx_hal_smbus.c ****         (++) HAL_SMBUS_SlaveTxCpltCallback()
 905:stm/stm32g4xx/STM32G4xx_HAL_Driver/Src/stm32g4xx_hal_smbus.c ****         (++) HAL_SMBUS_SlaveRxCpltCallback()
 906:stm/stm32g4xx/STM32G4xx_HAL_Driver/Src/stm32g4xx_hal_smbus.c ****         (++) HAL_SMBUS_AddrCallback()
 907:stm/stm32g4xx/STM32G4xx_HAL_Driver/Src/stm32g4xx_hal_smbus.c ****         (++) HAL_SMBUS_ListenCpltCallback()
 908:stm/stm32g4xx/STM32G4xx_HAL_Driver/Src/stm32g4xx_hal_smbus.c ****         (++) HAL_SMBUS_ErrorCallback()
 909:stm/stm32g4xx/STM32G4xx_HAL_Driver/Src/stm32g4xx_hal_smbus.c **** 
 910:stm/stm32g4xx/STM32G4xx_HAL_Driver/Src/stm32g4xx_hal_smbus.c **** @endverbatim
 911:stm/stm32g4xx/STM32G4xx_HAL_Driver/Src/stm32g4xx_hal_smbus.c ****   * @{
 912:stm/stm32g4xx/STM32G4xx_HAL_Driver/Src/stm32g4xx_hal_smbus.c ****   */
 913:stm/stm32g4xx/STM32G4xx_HAL_Driver/Src/stm32g4xx_hal_smbus.c **** 
 914:stm/stm32g4xx/STM32G4xx_HAL_Driver/Src/stm32g4xx_hal_smbus.c **** /**
 915:stm/stm32g4xx/STM32G4xx_HAL_Driver/Src/stm32g4xx_hal_smbus.c ****   * @brief  Transmit in master/host SMBUS mode an amount of data in non-blocking mode with Interrup
 916:stm/stm32g4xx/STM32G4xx_HAL_Driver/Src/stm32g4xx_hal_smbus.c ****   * @param  hsmbus Pointer to a SMBUS_HandleTypeDef structure that contains
 917:stm/stm32g4xx/STM32G4xx_HAL_Driver/Src/stm32g4xx_hal_smbus.c ****   *                the configuration information for the specified SMBUS.
 918:stm/stm32g4xx/STM32G4xx_HAL_Driver/Src/stm32g4xx_hal_smbus.c ****   * @param  DevAddress Target device address: The device 7 bits address value
 919:stm/stm32g4xx/STM32G4xx_HAL_Driver/Src/stm32g4xx_hal_smbus.c ****   *         in datasheet must be shifted to the left before calling the interface
 920:stm/stm32g4xx/STM32G4xx_HAL_Driver/Src/stm32g4xx_hal_smbus.c ****   * @param  pData Pointer to data buffer
 921:stm/stm32g4xx/STM32G4xx_HAL_Driver/Src/stm32g4xx_hal_smbus.c ****   * @param  Size Amount of data to be sent
 922:stm/stm32g4xx/STM32G4xx_HAL_Driver/Src/stm32g4xx_hal_smbus.c ****   * @param  XferOptions Options of Transfer, value of @ref SMBUS_XferOptions_definition
 923:stm/stm32g4xx/STM32G4xx_HAL_Driver/Src/stm32g4xx_hal_smbus.c ****   * @retval HAL status
 924:stm/stm32g4xx/STM32G4xx_HAL_Driver/Src/stm32g4xx_hal_smbus.c ****   */
 925:stm/stm32g4xx/STM32G4xx_HAL_Driver/Src/stm32g4xx_hal_smbus.c **** HAL_StatusTypeDef HAL_SMBUS_Master_Transmit_IT(SMBUS_HandleTypeDef *hsmbus, uint16_t DevAddress,
 926:stm/stm32g4xx/STM32G4xx_HAL_Driver/Src/stm32g4xx_hal_smbus.c ****                                                uint8_t *pData, uint16_t Size, uint32_t XferOptions)
 927:stm/stm32g4xx/STM32G4xx_HAL_Driver/Src/stm32g4xx_hal_smbus.c **** {
 928:stm/stm32g4xx/STM32G4xx_HAL_Driver/Src/stm32g4xx_hal_smbus.c ****   uint32_t tmp;
 929:stm/stm32g4xx/STM32G4xx_HAL_Driver/Src/stm32g4xx_hal_smbus.c ****   uint32_t sizetoxfer;
 930:stm/stm32g4xx/STM32G4xx_HAL_Driver/Src/stm32g4xx_hal_smbus.c **** 
 931:stm/stm32g4xx/STM32G4xx_HAL_Driver/Src/stm32g4xx_hal_smbus.c ****   /* Check the parameters */
 932:stm/stm32g4xx/STM32G4xx_HAL_Driver/Src/stm32g4xx_hal_smbus.c ****   assert_param(IS_SMBUS_TRANSFER_OPTIONS_REQUEST(XferOptions));
 933:stm/stm32g4xx/STM32G4xx_HAL_Driver/Src/stm32g4xx_hal_smbus.c **** 
 934:stm/stm32g4xx/STM32G4xx_HAL_Driver/Src/stm32g4xx_hal_smbus.c ****   if (hsmbus->State == HAL_SMBUS_STATE_READY)
 935:stm/stm32g4xx/STM32G4xx_HAL_Driver/Src/stm32g4xx_hal_smbus.c ****   {
 936:stm/stm32g4xx/STM32G4xx_HAL_Driver/Src/stm32g4xx_hal_smbus.c ****     /* Process Locked */
 937:stm/stm32g4xx/STM32G4xx_HAL_Driver/Src/stm32g4xx_hal_smbus.c ****     __HAL_LOCK(hsmbus);
 938:stm/stm32g4xx/STM32G4xx_HAL_Driver/Src/stm32g4xx_hal_smbus.c **** 
 939:stm/stm32g4xx/STM32G4xx_HAL_Driver/Src/stm32g4xx_hal_smbus.c ****     hsmbus->State = HAL_SMBUS_STATE_MASTER_BUSY_TX;
 940:stm/stm32g4xx/STM32G4xx_HAL_Driver/Src/stm32g4xx_hal_smbus.c ****     hsmbus->ErrorCode = HAL_SMBUS_ERROR_NONE;
 941:stm/stm32g4xx/STM32G4xx_HAL_Driver/Src/stm32g4xx_hal_smbus.c ****     /* Prepare transfer parameters */
 942:stm/stm32g4xx/STM32G4xx_HAL_Driver/Src/stm32g4xx_hal_smbus.c ****     hsmbus->pBuffPtr = pData;
ARM GAS  /tmp/ccPqrEja.s 			page 18


 943:stm/stm32g4xx/STM32G4xx_HAL_Driver/Src/stm32g4xx_hal_smbus.c ****     hsmbus->XferCount = Size;
 944:stm/stm32g4xx/STM32G4xx_HAL_Driver/Src/stm32g4xx_hal_smbus.c ****     hsmbus->XferOptions = XferOptions;
 945:stm/stm32g4xx/STM32G4xx_HAL_Driver/Src/stm32g4xx_hal_smbus.c **** 
 946:stm/stm32g4xx/STM32G4xx_HAL_Driver/Src/stm32g4xx_hal_smbus.c ****     /* In case of Quick command, remove autoend mode */
 947:stm/stm32g4xx/STM32G4xx_HAL_Driver/Src/stm32g4xx_hal_smbus.c ****     /* Manage the stop generation by software */
 948:stm/stm32g4xx/STM32G4xx_HAL_Driver/Src/stm32g4xx_hal_smbus.c ****     if (hsmbus->pBuffPtr == NULL)
 949:stm/stm32g4xx/STM32G4xx_HAL_Driver/Src/stm32g4xx_hal_smbus.c ****     {
 950:stm/stm32g4xx/STM32G4xx_HAL_Driver/Src/stm32g4xx_hal_smbus.c ****       hsmbus->XferOptions &= ~SMBUS_AUTOEND_MODE;
 951:stm/stm32g4xx/STM32G4xx_HAL_Driver/Src/stm32g4xx_hal_smbus.c ****     }
 952:stm/stm32g4xx/STM32G4xx_HAL_Driver/Src/stm32g4xx_hal_smbus.c **** 
 953:stm/stm32g4xx/STM32G4xx_HAL_Driver/Src/stm32g4xx_hal_smbus.c ****     if (Size > MAX_NBYTE_SIZE)
 954:stm/stm32g4xx/STM32G4xx_HAL_Driver/Src/stm32g4xx_hal_smbus.c ****     {
 955:stm/stm32g4xx/STM32G4xx_HAL_Driver/Src/stm32g4xx_hal_smbus.c ****       hsmbus->XferSize = MAX_NBYTE_SIZE;
 956:stm/stm32g4xx/STM32G4xx_HAL_Driver/Src/stm32g4xx_hal_smbus.c ****     }
 957:stm/stm32g4xx/STM32G4xx_HAL_Driver/Src/stm32g4xx_hal_smbus.c ****     else
 958:stm/stm32g4xx/STM32G4xx_HAL_Driver/Src/stm32g4xx_hal_smbus.c ****     {
 959:stm/stm32g4xx/STM32G4xx_HAL_Driver/Src/stm32g4xx_hal_smbus.c ****       hsmbus->XferSize = Size;
 960:stm/stm32g4xx/STM32G4xx_HAL_Driver/Src/stm32g4xx_hal_smbus.c ****     }
 961:stm/stm32g4xx/STM32G4xx_HAL_Driver/Src/stm32g4xx_hal_smbus.c **** 
 962:stm/stm32g4xx/STM32G4xx_HAL_Driver/Src/stm32g4xx_hal_smbus.c ****     sizetoxfer = hsmbus->XferSize;
 963:stm/stm32g4xx/STM32G4xx_HAL_Driver/Src/stm32g4xx_hal_smbus.c ****     if ((sizetoxfer > 0U) && ((XferOptions == SMBUS_FIRST_FRAME) ||
 964:stm/stm32g4xx/STM32G4xx_HAL_Driver/Src/stm32g4xx_hal_smbus.c ****                               (XferOptions == SMBUS_FIRST_AND_LAST_FRAME_NO_PEC) ||
 965:stm/stm32g4xx/STM32G4xx_HAL_Driver/Src/stm32g4xx_hal_smbus.c ****                               (XferOptions == SMBUS_FIRST_FRAME_WITH_PEC) ||
 966:stm/stm32g4xx/STM32G4xx_HAL_Driver/Src/stm32g4xx_hal_smbus.c ****                               (XferOptions == SMBUS_FIRST_AND_LAST_FRAME_WITH_PEC)))
 967:stm/stm32g4xx/STM32G4xx_HAL_Driver/Src/stm32g4xx_hal_smbus.c ****     {
 968:stm/stm32g4xx/STM32G4xx_HAL_Driver/Src/stm32g4xx_hal_smbus.c ****       if (hsmbus->pBuffPtr != NULL)
 969:stm/stm32g4xx/STM32G4xx_HAL_Driver/Src/stm32g4xx_hal_smbus.c ****       {
 970:stm/stm32g4xx/STM32G4xx_HAL_Driver/Src/stm32g4xx_hal_smbus.c ****         /* Preload TX register */
 971:stm/stm32g4xx/STM32G4xx_HAL_Driver/Src/stm32g4xx_hal_smbus.c ****         /* Write data to TXDR */
 972:stm/stm32g4xx/STM32G4xx_HAL_Driver/Src/stm32g4xx_hal_smbus.c ****         hsmbus->Instance->TXDR = *hsmbus->pBuffPtr;
 973:stm/stm32g4xx/STM32G4xx_HAL_Driver/Src/stm32g4xx_hal_smbus.c **** 
 974:stm/stm32g4xx/STM32G4xx_HAL_Driver/Src/stm32g4xx_hal_smbus.c ****         /* Increment Buffer pointer */
 975:stm/stm32g4xx/STM32G4xx_HAL_Driver/Src/stm32g4xx_hal_smbus.c ****         hsmbus->pBuffPtr++;
 976:stm/stm32g4xx/STM32G4xx_HAL_Driver/Src/stm32g4xx_hal_smbus.c **** 
 977:stm/stm32g4xx/STM32G4xx_HAL_Driver/Src/stm32g4xx_hal_smbus.c ****         hsmbus->XferCount--;
 978:stm/stm32g4xx/STM32G4xx_HAL_Driver/Src/stm32g4xx_hal_smbus.c ****         hsmbus->XferSize--;
 979:stm/stm32g4xx/STM32G4xx_HAL_Driver/Src/stm32g4xx_hal_smbus.c ****       }
 980:stm/stm32g4xx/STM32G4xx_HAL_Driver/Src/stm32g4xx_hal_smbus.c ****       else
 981:stm/stm32g4xx/STM32G4xx_HAL_Driver/Src/stm32g4xx_hal_smbus.c ****       {
 982:stm/stm32g4xx/STM32G4xx_HAL_Driver/Src/stm32g4xx_hal_smbus.c ****         return HAL_ERROR;
 983:stm/stm32g4xx/STM32G4xx_HAL_Driver/Src/stm32g4xx_hal_smbus.c ****       }
 984:stm/stm32g4xx/STM32G4xx_HAL_Driver/Src/stm32g4xx_hal_smbus.c ****     }
 985:stm/stm32g4xx/STM32G4xx_HAL_Driver/Src/stm32g4xx_hal_smbus.c **** 
 986:stm/stm32g4xx/STM32G4xx_HAL_Driver/Src/stm32g4xx_hal_smbus.c ****     /* Send Slave Address */
 987:stm/stm32g4xx/STM32G4xx_HAL_Driver/Src/stm32g4xx_hal_smbus.c ****     /* Set NBYTES to write and reload if size > MAX_NBYTE_SIZE and generate RESTART */
 988:stm/stm32g4xx/STM32G4xx_HAL_Driver/Src/stm32g4xx_hal_smbus.c ****     if ((sizetoxfer < hsmbus->XferCount) && (sizetoxfer == MAX_NBYTE_SIZE))
 989:stm/stm32g4xx/STM32G4xx_HAL_Driver/Src/stm32g4xx_hal_smbus.c ****     {
 990:stm/stm32g4xx/STM32G4xx_HAL_Driver/Src/stm32g4xx_hal_smbus.c ****       SMBUS_TransferConfig(hsmbus, DevAddress, (uint8_t)sizetoxfer,
 991:stm/stm32g4xx/STM32G4xx_HAL_Driver/Src/stm32g4xx_hal_smbus.c ****                            SMBUS_RELOAD_MODE | (hsmbus->XferOptions & SMBUS_SENDPEC_MODE),
 992:stm/stm32g4xx/STM32G4xx_HAL_Driver/Src/stm32g4xx_hal_smbus.c ****                            SMBUS_GENERATE_START_WRITE);
 993:stm/stm32g4xx/STM32G4xx_HAL_Driver/Src/stm32g4xx_hal_smbus.c ****     }
 994:stm/stm32g4xx/STM32G4xx_HAL_Driver/Src/stm32g4xx_hal_smbus.c ****     else
 995:stm/stm32g4xx/STM32G4xx_HAL_Driver/Src/stm32g4xx_hal_smbus.c ****     {
 996:stm/stm32g4xx/STM32G4xx_HAL_Driver/Src/stm32g4xx_hal_smbus.c ****       /* If transfer direction not change, do not generate Restart Condition */
 997:stm/stm32g4xx/STM32G4xx_HAL_Driver/Src/stm32g4xx_hal_smbus.c ****       /* Mean Previous state is same as current state */
 998:stm/stm32g4xx/STM32G4xx_HAL_Driver/Src/stm32g4xx_hal_smbus.c **** 
 999:stm/stm32g4xx/STM32G4xx_HAL_Driver/Src/stm32g4xx_hal_smbus.c ****       /* Store current volatile XferOptions, misra rule */
ARM GAS  /tmp/ccPqrEja.s 			page 19


1000:stm/stm32g4xx/STM32G4xx_HAL_Driver/Src/stm32g4xx_hal_smbus.c ****       tmp = hsmbus->XferOptions;
1001:stm/stm32g4xx/STM32G4xx_HAL_Driver/Src/stm32g4xx_hal_smbus.c **** 
1002:stm/stm32g4xx/STM32G4xx_HAL_Driver/Src/stm32g4xx_hal_smbus.c ****       if ((hsmbus->PreviousState == HAL_SMBUS_STATE_MASTER_BUSY_TX) && \
1003:stm/stm32g4xx/STM32G4xx_HAL_Driver/Src/stm32g4xx_hal_smbus.c ****           (IS_SMBUS_TRANSFER_OTHER_OPTIONS_REQUEST(tmp) == 0))
1004:stm/stm32g4xx/STM32G4xx_HAL_Driver/Src/stm32g4xx_hal_smbus.c ****       {
1005:stm/stm32g4xx/STM32G4xx_HAL_Driver/Src/stm32g4xx_hal_smbus.c ****         SMBUS_TransferConfig(hsmbus, DevAddress, (uint8_t)sizetoxfer, hsmbus->XferOptions,
1006:stm/stm32g4xx/STM32G4xx_HAL_Driver/Src/stm32g4xx_hal_smbus.c ****                              SMBUS_NO_STARTSTOP);
1007:stm/stm32g4xx/STM32G4xx_HAL_Driver/Src/stm32g4xx_hal_smbus.c ****       }
1008:stm/stm32g4xx/STM32G4xx_HAL_Driver/Src/stm32g4xx_hal_smbus.c ****       /* Else transfer direction change, so generate Restart with new transfer direction */
1009:stm/stm32g4xx/STM32G4xx_HAL_Driver/Src/stm32g4xx_hal_smbus.c ****       else
1010:stm/stm32g4xx/STM32G4xx_HAL_Driver/Src/stm32g4xx_hal_smbus.c ****       {
1011:stm/stm32g4xx/STM32G4xx_HAL_Driver/Src/stm32g4xx_hal_smbus.c ****         /* Convert OTHER_xxx XferOptions if any */
1012:stm/stm32g4xx/STM32G4xx_HAL_Driver/Src/stm32g4xx_hal_smbus.c ****         SMBUS_ConvertOtherXferOptions(hsmbus);
1013:stm/stm32g4xx/STM32G4xx_HAL_Driver/Src/stm32g4xx_hal_smbus.c **** 
1014:stm/stm32g4xx/STM32G4xx_HAL_Driver/Src/stm32g4xx_hal_smbus.c ****         /* Handle Transfer */
1015:stm/stm32g4xx/STM32G4xx_HAL_Driver/Src/stm32g4xx_hal_smbus.c ****         SMBUS_TransferConfig(hsmbus, DevAddress, (uint8_t)sizetoxfer,
1016:stm/stm32g4xx/STM32G4xx_HAL_Driver/Src/stm32g4xx_hal_smbus.c ****                              hsmbus->XferOptions,
1017:stm/stm32g4xx/STM32G4xx_HAL_Driver/Src/stm32g4xx_hal_smbus.c ****                              SMBUS_GENERATE_START_WRITE);
1018:stm/stm32g4xx/STM32G4xx_HAL_Driver/Src/stm32g4xx_hal_smbus.c ****       }
1019:stm/stm32g4xx/STM32G4xx_HAL_Driver/Src/stm32g4xx_hal_smbus.c **** 
1020:stm/stm32g4xx/STM32G4xx_HAL_Driver/Src/stm32g4xx_hal_smbus.c ****       /* If PEC mode is enable, size to transmit manage by SW part should be Size-1 byte, correspon
1021:stm/stm32g4xx/STM32G4xx_HAL_Driver/Src/stm32g4xx_hal_smbus.c ****       /* PEC byte is automatically sent by HW block, no need to manage it in Transmit process */
1022:stm/stm32g4xx/STM32G4xx_HAL_Driver/Src/stm32g4xx_hal_smbus.c ****       if (SMBUS_GET_PEC_MODE(hsmbus) != 0UL)
1023:stm/stm32g4xx/STM32G4xx_HAL_Driver/Src/stm32g4xx_hal_smbus.c ****       {
1024:stm/stm32g4xx/STM32G4xx_HAL_Driver/Src/stm32g4xx_hal_smbus.c ****         if (hsmbus->XferSize > 0U)
1025:stm/stm32g4xx/STM32G4xx_HAL_Driver/Src/stm32g4xx_hal_smbus.c ****         {
1026:stm/stm32g4xx/STM32G4xx_HAL_Driver/Src/stm32g4xx_hal_smbus.c ****           hsmbus->XferSize--;
1027:stm/stm32g4xx/STM32G4xx_HAL_Driver/Src/stm32g4xx_hal_smbus.c ****           hsmbus->XferCount--;
1028:stm/stm32g4xx/STM32G4xx_HAL_Driver/Src/stm32g4xx_hal_smbus.c ****         }
1029:stm/stm32g4xx/STM32G4xx_HAL_Driver/Src/stm32g4xx_hal_smbus.c ****         else
1030:stm/stm32g4xx/STM32G4xx_HAL_Driver/Src/stm32g4xx_hal_smbus.c ****         {
1031:stm/stm32g4xx/STM32G4xx_HAL_Driver/Src/stm32g4xx_hal_smbus.c ****           return HAL_ERROR;
1032:stm/stm32g4xx/STM32G4xx_HAL_Driver/Src/stm32g4xx_hal_smbus.c ****         }
1033:stm/stm32g4xx/STM32G4xx_HAL_Driver/Src/stm32g4xx_hal_smbus.c ****       }
1034:stm/stm32g4xx/STM32G4xx_HAL_Driver/Src/stm32g4xx_hal_smbus.c ****     }
1035:stm/stm32g4xx/STM32G4xx_HAL_Driver/Src/stm32g4xx_hal_smbus.c **** 
1036:stm/stm32g4xx/STM32G4xx_HAL_Driver/Src/stm32g4xx_hal_smbus.c ****     /* Process Unlocked */
1037:stm/stm32g4xx/STM32G4xx_HAL_Driver/Src/stm32g4xx_hal_smbus.c ****     __HAL_UNLOCK(hsmbus);
1038:stm/stm32g4xx/STM32G4xx_HAL_Driver/Src/stm32g4xx_hal_smbus.c **** 
1039:stm/stm32g4xx/STM32G4xx_HAL_Driver/Src/stm32g4xx_hal_smbus.c ****     /* Note : The SMBUS interrupts must be enabled after unlocking current process
1040:stm/stm32g4xx/STM32G4xx_HAL_Driver/Src/stm32g4xx_hal_smbus.c ****               to avoid the risk of SMBUS interrupt handle execution before current
1041:stm/stm32g4xx/STM32G4xx_HAL_Driver/Src/stm32g4xx_hal_smbus.c ****               process unlock */
1042:stm/stm32g4xx/STM32G4xx_HAL_Driver/Src/stm32g4xx_hal_smbus.c ****     SMBUS_Enable_IRQ(hsmbus, SMBUS_IT_TX);
1043:stm/stm32g4xx/STM32G4xx_HAL_Driver/Src/stm32g4xx_hal_smbus.c **** 
1044:stm/stm32g4xx/STM32G4xx_HAL_Driver/Src/stm32g4xx_hal_smbus.c ****     return HAL_OK;
1045:stm/stm32g4xx/STM32G4xx_HAL_Driver/Src/stm32g4xx_hal_smbus.c ****   }
1046:stm/stm32g4xx/STM32G4xx_HAL_Driver/Src/stm32g4xx_hal_smbus.c ****   else
1047:stm/stm32g4xx/STM32G4xx_HAL_Driver/Src/stm32g4xx_hal_smbus.c ****   {
1048:stm/stm32g4xx/STM32G4xx_HAL_Driver/Src/stm32g4xx_hal_smbus.c ****     return HAL_BUSY;
1049:stm/stm32g4xx/STM32G4xx_HAL_Driver/Src/stm32g4xx_hal_smbus.c ****   }
1050:stm/stm32g4xx/STM32G4xx_HAL_Driver/Src/stm32g4xx_hal_smbus.c **** }
1051:stm/stm32g4xx/STM32G4xx_HAL_Driver/Src/stm32g4xx_hal_smbus.c **** 
1052:stm/stm32g4xx/STM32G4xx_HAL_Driver/Src/stm32g4xx_hal_smbus.c **** /**
1053:stm/stm32g4xx/STM32G4xx_HAL_Driver/Src/stm32g4xx_hal_smbus.c ****   * @brief  Receive in master/host SMBUS mode an amount of data in non-blocking mode with Interrupt
1054:stm/stm32g4xx/STM32G4xx_HAL_Driver/Src/stm32g4xx_hal_smbus.c ****   * @param  hsmbus Pointer to a SMBUS_HandleTypeDef structure that contains
1055:stm/stm32g4xx/STM32G4xx_HAL_Driver/Src/stm32g4xx_hal_smbus.c ****   *                the configuration information for the specified SMBUS.
1056:stm/stm32g4xx/STM32G4xx_HAL_Driver/Src/stm32g4xx_hal_smbus.c ****   * @param  DevAddress Target device address: The device 7 bits address value
ARM GAS  /tmp/ccPqrEja.s 			page 20


1057:stm/stm32g4xx/STM32G4xx_HAL_Driver/Src/stm32g4xx_hal_smbus.c ****   *         in datasheet must be shifted to the left before calling the interface
1058:stm/stm32g4xx/STM32G4xx_HAL_Driver/Src/stm32g4xx_hal_smbus.c ****   * @param  pData Pointer to data buffer
1059:stm/stm32g4xx/STM32G4xx_HAL_Driver/Src/stm32g4xx_hal_smbus.c ****   * @param  Size Amount of data to be sent
1060:stm/stm32g4xx/STM32G4xx_HAL_Driver/Src/stm32g4xx_hal_smbus.c ****   * @param  XferOptions Options of Transfer, value of @ref SMBUS_XferOptions_definition
1061:stm/stm32g4xx/STM32G4xx_HAL_Driver/Src/stm32g4xx_hal_smbus.c ****   * @retval HAL status
1062:stm/stm32g4xx/STM32G4xx_HAL_Driver/Src/stm32g4xx_hal_smbus.c ****   */
1063:stm/stm32g4xx/STM32G4xx_HAL_Driver/Src/stm32g4xx_hal_smbus.c **** HAL_StatusTypeDef HAL_SMBUS_Master_Receive_IT(SMBUS_HandleTypeDef *hsmbus, uint16_t DevAddress, uin
1064:stm/stm32g4xx/STM32G4xx_HAL_Driver/Src/stm32g4xx_hal_smbus.c ****                                               uint16_t Size, uint32_t XferOptions)
1065:stm/stm32g4xx/STM32G4xx_HAL_Driver/Src/stm32g4xx_hal_smbus.c **** {
1066:stm/stm32g4xx/STM32G4xx_HAL_Driver/Src/stm32g4xx_hal_smbus.c ****   uint32_t tmp;
1067:stm/stm32g4xx/STM32G4xx_HAL_Driver/Src/stm32g4xx_hal_smbus.c **** 
1068:stm/stm32g4xx/STM32G4xx_HAL_Driver/Src/stm32g4xx_hal_smbus.c ****   /* Check the parameters */
1069:stm/stm32g4xx/STM32G4xx_HAL_Driver/Src/stm32g4xx_hal_smbus.c ****   assert_param(IS_SMBUS_TRANSFER_OPTIONS_REQUEST(XferOptions));
1070:stm/stm32g4xx/STM32G4xx_HAL_Driver/Src/stm32g4xx_hal_smbus.c **** 
1071:stm/stm32g4xx/STM32G4xx_HAL_Driver/Src/stm32g4xx_hal_smbus.c ****   if (hsmbus->State == HAL_SMBUS_STATE_READY)
1072:stm/stm32g4xx/STM32G4xx_HAL_Driver/Src/stm32g4xx_hal_smbus.c ****   {
1073:stm/stm32g4xx/STM32G4xx_HAL_Driver/Src/stm32g4xx_hal_smbus.c ****     /* Process Locked */
1074:stm/stm32g4xx/STM32G4xx_HAL_Driver/Src/stm32g4xx_hal_smbus.c ****     __HAL_LOCK(hsmbus);
1075:stm/stm32g4xx/STM32G4xx_HAL_Driver/Src/stm32g4xx_hal_smbus.c **** 
1076:stm/stm32g4xx/STM32G4xx_HAL_Driver/Src/stm32g4xx_hal_smbus.c ****     hsmbus->State = HAL_SMBUS_STATE_MASTER_BUSY_RX;
1077:stm/stm32g4xx/STM32G4xx_HAL_Driver/Src/stm32g4xx_hal_smbus.c ****     hsmbus->ErrorCode = HAL_SMBUS_ERROR_NONE;
1078:stm/stm32g4xx/STM32G4xx_HAL_Driver/Src/stm32g4xx_hal_smbus.c **** 
1079:stm/stm32g4xx/STM32G4xx_HAL_Driver/Src/stm32g4xx_hal_smbus.c ****     /* Prepare transfer parameters */
1080:stm/stm32g4xx/STM32G4xx_HAL_Driver/Src/stm32g4xx_hal_smbus.c ****     hsmbus->pBuffPtr = pData;
1081:stm/stm32g4xx/STM32G4xx_HAL_Driver/Src/stm32g4xx_hal_smbus.c ****     hsmbus->XferCount = Size;
1082:stm/stm32g4xx/STM32G4xx_HAL_Driver/Src/stm32g4xx_hal_smbus.c ****     hsmbus->XferOptions = XferOptions;
1083:stm/stm32g4xx/STM32G4xx_HAL_Driver/Src/stm32g4xx_hal_smbus.c **** 
1084:stm/stm32g4xx/STM32G4xx_HAL_Driver/Src/stm32g4xx_hal_smbus.c ****     /* In case of Quick command, remove autoend mode */
1085:stm/stm32g4xx/STM32G4xx_HAL_Driver/Src/stm32g4xx_hal_smbus.c ****     /* Manage the stop generation by software */
1086:stm/stm32g4xx/STM32G4xx_HAL_Driver/Src/stm32g4xx_hal_smbus.c ****     if (hsmbus->pBuffPtr == NULL)
1087:stm/stm32g4xx/STM32G4xx_HAL_Driver/Src/stm32g4xx_hal_smbus.c ****     {
1088:stm/stm32g4xx/STM32G4xx_HAL_Driver/Src/stm32g4xx_hal_smbus.c ****       hsmbus->XferOptions &= ~SMBUS_AUTOEND_MODE;
1089:stm/stm32g4xx/STM32G4xx_HAL_Driver/Src/stm32g4xx_hal_smbus.c ****     }
1090:stm/stm32g4xx/STM32G4xx_HAL_Driver/Src/stm32g4xx_hal_smbus.c **** 
1091:stm/stm32g4xx/STM32G4xx_HAL_Driver/Src/stm32g4xx_hal_smbus.c ****     if (Size > MAX_NBYTE_SIZE)
1092:stm/stm32g4xx/STM32G4xx_HAL_Driver/Src/stm32g4xx_hal_smbus.c ****     {
1093:stm/stm32g4xx/STM32G4xx_HAL_Driver/Src/stm32g4xx_hal_smbus.c ****       hsmbus->XferSize = MAX_NBYTE_SIZE;
1094:stm/stm32g4xx/STM32G4xx_HAL_Driver/Src/stm32g4xx_hal_smbus.c ****     }
1095:stm/stm32g4xx/STM32G4xx_HAL_Driver/Src/stm32g4xx_hal_smbus.c ****     else
1096:stm/stm32g4xx/STM32G4xx_HAL_Driver/Src/stm32g4xx_hal_smbus.c ****     {
1097:stm/stm32g4xx/STM32G4xx_HAL_Driver/Src/stm32g4xx_hal_smbus.c ****       hsmbus->XferSize = Size;
1098:stm/stm32g4xx/STM32G4xx_HAL_Driver/Src/stm32g4xx_hal_smbus.c ****     }
1099:stm/stm32g4xx/STM32G4xx_HAL_Driver/Src/stm32g4xx_hal_smbus.c **** 
1100:stm/stm32g4xx/STM32G4xx_HAL_Driver/Src/stm32g4xx_hal_smbus.c ****     /* Send Slave Address */
1101:stm/stm32g4xx/STM32G4xx_HAL_Driver/Src/stm32g4xx_hal_smbus.c ****     /* Set NBYTES to write and reload if size > MAX_NBYTE_SIZE and generate RESTART */
1102:stm/stm32g4xx/STM32G4xx_HAL_Driver/Src/stm32g4xx_hal_smbus.c ****     if ((hsmbus->XferSize < hsmbus->XferCount) && (hsmbus->XferSize == MAX_NBYTE_SIZE))
1103:stm/stm32g4xx/STM32G4xx_HAL_Driver/Src/stm32g4xx_hal_smbus.c ****     {
1104:stm/stm32g4xx/STM32G4xx_HAL_Driver/Src/stm32g4xx_hal_smbus.c ****       SMBUS_TransferConfig(hsmbus, DevAddress, (uint8_t)hsmbus->XferSize,
1105:stm/stm32g4xx/STM32G4xx_HAL_Driver/Src/stm32g4xx_hal_smbus.c ****                            SMBUS_RELOAD_MODE  | (hsmbus->XferOptions & SMBUS_SENDPEC_MODE),
1106:stm/stm32g4xx/STM32G4xx_HAL_Driver/Src/stm32g4xx_hal_smbus.c ****                            SMBUS_GENERATE_START_READ);
1107:stm/stm32g4xx/STM32G4xx_HAL_Driver/Src/stm32g4xx_hal_smbus.c ****     }
1108:stm/stm32g4xx/STM32G4xx_HAL_Driver/Src/stm32g4xx_hal_smbus.c ****     else
1109:stm/stm32g4xx/STM32G4xx_HAL_Driver/Src/stm32g4xx_hal_smbus.c ****     {
1110:stm/stm32g4xx/STM32G4xx_HAL_Driver/Src/stm32g4xx_hal_smbus.c ****       /* If transfer direction not change, do not generate Restart Condition */
1111:stm/stm32g4xx/STM32G4xx_HAL_Driver/Src/stm32g4xx_hal_smbus.c ****       /* Mean Previous state is same as current state */
1112:stm/stm32g4xx/STM32G4xx_HAL_Driver/Src/stm32g4xx_hal_smbus.c **** 
1113:stm/stm32g4xx/STM32G4xx_HAL_Driver/Src/stm32g4xx_hal_smbus.c ****       /* Store current volatile XferOptions, Misra rule */
ARM GAS  /tmp/ccPqrEja.s 			page 21


1114:stm/stm32g4xx/STM32G4xx_HAL_Driver/Src/stm32g4xx_hal_smbus.c ****       tmp = hsmbus->XferOptions;
1115:stm/stm32g4xx/STM32G4xx_HAL_Driver/Src/stm32g4xx_hal_smbus.c **** 
1116:stm/stm32g4xx/STM32G4xx_HAL_Driver/Src/stm32g4xx_hal_smbus.c ****       if ((hsmbus->PreviousState == HAL_SMBUS_STATE_MASTER_BUSY_RX) && \
1117:stm/stm32g4xx/STM32G4xx_HAL_Driver/Src/stm32g4xx_hal_smbus.c ****           (IS_SMBUS_TRANSFER_OTHER_OPTIONS_REQUEST(tmp) == 0))
1118:stm/stm32g4xx/STM32G4xx_HAL_Driver/Src/stm32g4xx_hal_smbus.c ****       {
1119:stm/stm32g4xx/STM32G4xx_HAL_Driver/Src/stm32g4xx_hal_smbus.c ****         SMBUS_TransferConfig(hsmbus, DevAddress, (uint8_t)hsmbus->XferSize, hsmbus->XferOptions,
1120:stm/stm32g4xx/STM32G4xx_HAL_Driver/Src/stm32g4xx_hal_smbus.c ****                              SMBUS_NO_STARTSTOP);
1121:stm/stm32g4xx/STM32G4xx_HAL_Driver/Src/stm32g4xx_hal_smbus.c ****       }
1122:stm/stm32g4xx/STM32G4xx_HAL_Driver/Src/stm32g4xx_hal_smbus.c ****       /* Else transfer direction change, so generate Restart with new transfer direction */
1123:stm/stm32g4xx/STM32G4xx_HAL_Driver/Src/stm32g4xx_hal_smbus.c ****       else
1124:stm/stm32g4xx/STM32G4xx_HAL_Driver/Src/stm32g4xx_hal_smbus.c ****       {
1125:stm/stm32g4xx/STM32G4xx_HAL_Driver/Src/stm32g4xx_hal_smbus.c ****         /* Convert OTHER_xxx XferOptions if any */
1126:stm/stm32g4xx/STM32G4xx_HAL_Driver/Src/stm32g4xx_hal_smbus.c ****         SMBUS_ConvertOtherXferOptions(hsmbus);
1127:stm/stm32g4xx/STM32G4xx_HAL_Driver/Src/stm32g4xx_hal_smbus.c **** 
1128:stm/stm32g4xx/STM32G4xx_HAL_Driver/Src/stm32g4xx_hal_smbus.c ****         /* Handle Transfer */
1129:stm/stm32g4xx/STM32G4xx_HAL_Driver/Src/stm32g4xx_hal_smbus.c ****         SMBUS_TransferConfig(hsmbus, DevAddress, (uint8_t)hsmbus->XferSize,
1130:stm/stm32g4xx/STM32G4xx_HAL_Driver/Src/stm32g4xx_hal_smbus.c ****                              hsmbus->XferOptions,
1131:stm/stm32g4xx/STM32G4xx_HAL_Driver/Src/stm32g4xx_hal_smbus.c ****                              SMBUS_GENERATE_START_READ);
1132:stm/stm32g4xx/STM32G4xx_HAL_Driver/Src/stm32g4xx_hal_smbus.c ****       }
1133:stm/stm32g4xx/STM32G4xx_HAL_Driver/Src/stm32g4xx_hal_smbus.c ****     }
1134:stm/stm32g4xx/STM32G4xx_HAL_Driver/Src/stm32g4xx_hal_smbus.c **** 
1135:stm/stm32g4xx/STM32G4xx_HAL_Driver/Src/stm32g4xx_hal_smbus.c ****     /* Process Unlocked */
1136:stm/stm32g4xx/STM32G4xx_HAL_Driver/Src/stm32g4xx_hal_smbus.c ****     __HAL_UNLOCK(hsmbus);
1137:stm/stm32g4xx/STM32G4xx_HAL_Driver/Src/stm32g4xx_hal_smbus.c **** 
1138:stm/stm32g4xx/STM32G4xx_HAL_Driver/Src/stm32g4xx_hal_smbus.c ****     /* Note : The SMBUS interrupts must be enabled after unlocking current process
1139:stm/stm32g4xx/STM32G4xx_HAL_Driver/Src/stm32g4xx_hal_smbus.c ****               to avoid the risk of SMBUS interrupt handle execution before current
1140:stm/stm32g4xx/STM32G4xx_HAL_Driver/Src/stm32g4xx_hal_smbus.c ****               process unlock */
1141:stm/stm32g4xx/STM32G4xx_HAL_Driver/Src/stm32g4xx_hal_smbus.c ****     SMBUS_Enable_IRQ(hsmbus, SMBUS_IT_RX);
1142:stm/stm32g4xx/STM32G4xx_HAL_Driver/Src/stm32g4xx_hal_smbus.c **** 
1143:stm/stm32g4xx/STM32G4xx_HAL_Driver/Src/stm32g4xx_hal_smbus.c ****     return HAL_OK;
1144:stm/stm32g4xx/STM32G4xx_HAL_Driver/Src/stm32g4xx_hal_smbus.c ****   }
1145:stm/stm32g4xx/STM32G4xx_HAL_Driver/Src/stm32g4xx_hal_smbus.c ****   else
1146:stm/stm32g4xx/STM32G4xx_HAL_Driver/Src/stm32g4xx_hal_smbus.c ****   {
1147:stm/stm32g4xx/STM32G4xx_HAL_Driver/Src/stm32g4xx_hal_smbus.c ****     return HAL_BUSY;
1148:stm/stm32g4xx/STM32G4xx_HAL_Driver/Src/stm32g4xx_hal_smbus.c ****   }
1149:stm/stm32g4xx/STM32G4xx_HAL_Driver/Src/stm32g4xx_hal_smbus.c **** }
1150:stm/stm32g4xx/STM32G4xx_HAL_Driver/Src/stm32g4xx_hal_smbus.c **** 
1151:stm/stm32g4xx/STM32G4xx_HAL_Driver/Src/stm32g4xx_hal_smbus.c **** /**
1152:stm/stm32g4xx/STM32G4xx_HAL_Driver/Src/stm32g4xx_hal_smbus.c ****   * @brief  Abort a master/host SMBUS process communication with Interrupt.
1153:stm/stm32g4xx/STM32G4xx_HAL_Driver/Src/stm32g4xx_hal_smbus.c ****   * @note   This abort can be called only if state is ready
1154:stm/stm32g4xx/STM32G4xx_HAL_Driver/Src/stm32g4xx_hal_smbus.c ****   * @param  hsmbus Pointer to a SMBUS_HandleTypeDef structure that contains
1155:stm/stm32g4xx/STM32G4xx_HAL_Driver/Src/stm32g4xx_hal_smbus.c ****   *                the configuration information for the specified SMBUS.
1156:stm/stm32g4xx/STM32G4xx_HAL_Driver/Src/stm32g4xx_hal_smbus.c ****   * @param  DevAddress Target device address: The device 7 bits address value
1157:stm/stm32g4xx/STM32G4xx_HAL_Driver/Src/stm32g4xx_hal_smbus.c ****   *         in datasheet must be shifted to the left before calling the interface
1158:stm/stm32g4xx/STM32G4xx_HAL_Driver/Src/stm32g4xx_hal_smbus.c ****   * @retval HAL status
1159:stm/stm32g4xx/STM32G4xx_HAL_Driver/Src/stm32g4xx_hal_smbus.c ****   */
1160:stm/stm32g4xx/STM32G4xx_HAL_Driver/Src/stm32g4xx_hal_smbus.c **** HAL_StatusTypeDef HAL_SMBUS_Master_Abort_IT(SMBUS_HandleTypeDef *hsmbus, uint16_t DevAddress)
1161:stm/stm32g4xx/STM32G4xx_HAL_Driver/Src/stm32g4xx_hal_smbus.c **** {
1162:stm/stm32g4xx/STM32G4xx_HAL_Driver/Src/stm32g4xx_hal_smbus.c ****   if (hsmbus->State == HAL_SMBUS_STATE_READY)
1163:stm/stm32g4xx/STM32G4xx_HAL_Driver/Src/stm32g4xx_hal_smbus.c ****   {
1164:stm/stm32g4xx/STM32G4xx_HAL_Driver/Src/stm32g4xx_hal_smbus.c ****     /* Process Locked */
1165:stm/stm32g4xx/STM32G4xx_HAL_Driver/Src/stm32g4xx_hal_smbus.c ****     __HAL_LOCK(hsmbus);
1166:stm/stm32g4xx/STM32G4xx_HAL_Driver/Src/stm32g4xx_hal_smbus.c **** 
1167:stm/stm32g4xx/STM32G4xx_HAL_Driver/Src/stm32g4xx_hal_smbus.c ****     /* Keep the same state as previous */
1168:stm/stm32g4xx/STM32G4xx_HAL_Driver/Src/stm32g4xx_hal_smbus.c ****     /* to perform as well the call of the corresponding end of transfer callback */
1169:stm/stm32g4xx/STM32G4xx_HAL_Driver/Src/stm32g4xx_hal_smbus.c ****     if (hsmbus->PreviousState == HAL_SMBUS_STATE_MASTER_BUSY_TX)
1170:stm/stm32g4xx/STM32G4xx_HAL_Driver/Src/stm32g4xx_hal_smbus.c ****     {
ARM GAS  /tmp/ccPqrEja.s 			page 22


1171:stm/stm32g4xx/STM32G4xx_HAL_Driver/Src/stm32g4xx_hal_smbus.c ****       hsmbus->State = HAL_SMBUS_STATE_MASTER_BUSY_TX;
1172:stm/stm32g4xx/STM32G4xx_HAL_Driver/Src/stm32g4xx_hal_smbus.c ****     }
1173:stm/stm32g4xx/STM32G4xx_HAL_Driver/Src/stm32g4xx_hal_smbus.c ****     else if (hsmbus->PreviousState == HAL_SMBUS_STATE_MASTER_BUSY_RX)
1174:stm/stm32g4xx/STM32G4xx_HAL_Driver/Src/stm32g4xx_hal_smbus.c ****     {
1175:stm/stm32g4xx/STM32G4xx_HAL_Driver/Src/stm32g4xx_hal_smbus.c ****       hsmbus->State = HAL_SMBUS_STATE_MASTER_BUSY_RX;
1176:stm/stm32g4xx/STM32G4xx_HAL_Driver/Src/stm32g4xx_hal_smbus.c ****     }
1177:stm/stm32g4xx/STM32G4xx_HAL_Driver/Src/stm32g4xx_hal_smbus.c ****     else
1178:stm/stm32g4xx/STM32G4xx_HAL_Driver/Src/stm32g4xx_hal_smbus.c ****     {
1179:stm/stm32g4xx/STM32G4xx_HAL_Driver/Src/stm32g4xx_hal_smbus.c ****       /* Wrong usage of abort function */
1180:stm/stm32g4xx/STM32G4xx_HAL_Driver/Src/stm32g4xx_hal_smbus.c ****       /* This function should be used only in case of abort monitored by master device */
1181:stm/stm32g4xx/STM32G4xx_HAL_Driver/Src/stm32g4xx_hal_smbus.c ****       return HAL_ERROR;
1182:stm/stm32g4xx/STM32G4xx_HAL_Driver/Src/stm32g4xx_hal_smbus.c ****     }
1183:stm/stm32g4xx/STM32G4xx_HAL_Driver/Src/stm32g4xx_hal_smbus.c ****     hsmbus->ErrorCode = HAL_SMBUS_ERROR_NONE;
1184:stm/stm32g4xx/STM32G4xx_HAL_Driver/Src/stm32g4xx_hal_smbus.c **** 
1185:stm/stm32g4xx/STM32G4xx_HAL_Driver/Src/stm32g4xx_hal_smbus.c ****     /* Set NBYTES to 1 to generate a dummy read on SMBUS peripheral */
1186:stm/stm32g4xx/STM32G4xx_HAL_Driver/Src/stm32g4xx_hal_smbus.c ****     /* Set AUTOEND mode, this will generate a NACK then STOP condition to abort the current transfe
1187:stm/stm32g4xx/STM32G4xx_HAL_Driver/Src/stm32g4xx_hal_smbus.c ****     SMBUS_TransferConfig(hsmbus, DevAddress, 1, SMBUS_AUTOEND_MODE, SMBUS_NO_STARTSTOP);
1188:stm/stm32g4xx/STM32G4xx_HAL_Driver/Src/stm32g4xx_hal_smbus.c **** 
1189:stm/stm32g4xx/STM32G4xx_HAL_Driver/Src/stm32g4xx_hal_smbus.c ****     /* Process Unlocked */
1190:stm/stm32g4xx/STM32G4xx_HAL_Driver/Src/stm32g4xx_hal_smbus.c ****     __HAL_UNLOCK(hsmbus);
1191:stm/stm32g4xx/STM32G4xx_HAL_Driver/Src/stm32g4xx_hal_smbus.c **** 
1192:stm/stm32g4xx/STM32G4xx_HAL_Driver/Src/stm32g4xx_hal_smbus.c ****     /* Note : The SMBUS interrupts must be enabled after unlocking current process
1193:stm/stm32g4xx/STM32G4xx_HAL_Driver/Src/stm32g4xx_hal_smbus.c ****               to avoid the risk of SMBUS interrupt handle execution before current
1194:stm/stm32g4xx/STM32G4xx_HAL_Driver/Src/stm32g4xx_hal_smbus.c ****               process unlock */
1195:stm/stm32g4xx/STM32G4xx_HAL_Driver/Src/stm32g4xx_hal_smbus.c ****     if (hsmbus->State == HAL_SMBUS_STATE_MASTER_BUSY_TX)
1196:stm/stm32g4xx/STM32G4xx_HAL_Driver/Src/stm32g4xx_hal_smbus.c ****     {
1197:stm/stm32g4xx/STM32G4xx_HAL_Driver/Src/stm32g4xx_hal_smbus.c ****       SMBUS_Enable_IRQ(hsmbus, SMBUS_IT_TX);
1198:stm/stm32g4xx/STM32G4xx_HAL_Driver/Src/stm32g4xx_hal_smbus.c ****     }
1199:stm/stm32g4xx/STM32G4xx_HAL_Driver/Src/stm32g4xx_hal_smbus.c ****     else if (hsmbus->State == HAL_SMBUS_STATE_MASTER_BUSY_RX)
1200:stm/stm32g4xx/STM32G4xx_HAL_Driver/Src/stm32g4xx_hal_smbus.c ****     {
1201:stm/stm32g4xx/STM32G4xx_HAL_Driver/Src/stm32g4xx_hal_smbus.c ****       SMBUS_Enable_IRQ(hsmbus, SMBUS_IT_RX);
1202:stm/stm32g4xx/STM32G4xx_HAL_Driver/Src/stm32g4xx_hal_smbus.c ****     }
1203:stm/stm32g4xx/STM32G4xx_HAL_Driver/Src/stm32g4xx_hal_smbus.c ****     else
1204:stm/stm32g4xx/STM32G4xx_HAL_Driver/Src/stm32g4xx_hal_smbus.c ****     {
1205:stm/stm32g4xx/STM32G4xx_HAL_Driver/Src/stm32g4xx_hal_smbus.c ****       /* Nothing to do */
1206:stm/stm32g4xx/STM32G4xx_HAL_Driver/Src/stm32g4xx_hal_smbus.c ****     }
1207:stm/stm32g4xx/STM32G4xx_HAL_Driver/Src/stm32g4xx_hal_smbus.c **** 
1208:stm/stm32g4xx/STM32G4xx_HAL_Driver/Src/stm32g4xx_hal_smbus.c ****     return HAL_OK;
1209:stm/stm32g4xx/STM32G4xx_HAL_Driver/Src/stm32g4xx_hal_smbus.c ****   }
1210:stm/stm32g4xx/STM32G4xx_HAL_Driver/Src/stm32g4xx_hal_smbus.c ****   else
1211:stm/stm32g4xx/STM32G4xx_HAL_Driver/Src/stm32g4xx_hal_smbus.c ****   {
1212:stm/stm32g4xx/STM32G4xx_HAL_Driver/Src/stm32g4xx_hal_smbus.c ****     return HAL_BUSY;
1213:stm/stm32g4xx/STM32G4xx_HAL_Driver/Src/stm32g4xx_hal_smbus.c ****   }
1214:stm/stm32g4xx/STM32G4xx_HAL_Driver/Src/stm32g4xx_hal_smbus.c **** }
1215:stm/stm32g4xx/STM32G4xx_HAL_Driver/Src/stm32g4xx_hal_smbus.c **** 
1216:stm/stm32g4xx/STM32G4xx_HAL_Driver/Src/stm32g4xx_hal_smbus.c **** /**
1217:stm/stm32g4xx/STM32G4xx_HAL_Driver/Src/stm32g4xx_hal_smbus.c ****   * @brief  Transmit in slave/device SMBUS mode an amount of data in non-blocking mode with Interru
1218:stm/stm32g4xx/STM32G4xx_HAL_Driver/Src/stm32g4xx_hal_smbus.c ****   * @param  hsmbus Pointer to a SMBUS_HandleTypeDef structure that contains
1219:stm/stm32g4xx/STM32G4xx_HAL_Driver/Src/stm32g4xx_hal_smbus.c ****   *                the configuration information for the specified SMBUS.
1220:stm/stm32g4xx/STM32G4xx_HAL_Driver/Src/stm32g4xx_hal_smbus.c ****   * @param  pData Pointer to data buffer
1221:stm/stm32g4xx/STM32G4xx_HAL_Driver/Src/stm32g4xx_hal_smbus.c ****   * @param  Size Amount of data to be sent
1222:stm/stm32g4xx/STM32G4xx_HAL_Driver/Src/stm32g4xx_hal_smbus.c ****   * @param  XferOptions Options of Transfer, value of @ref SMBUS_XferOptions_definition
1223:stm/stm32g4xx/STM32G4xx_HAL_Driver/Src/stm32g4xx_hal_smbus.c ****   * @retval HAL status
1224:stm/stm32g4xx/STM32G4xx_HAL_Driver/Src/stm32g4xx_hal_smbus.c ****   */
1225:stm/stm32g4xx/STM32G4xx_HAL_Driver/Src/stm32g4xx_hal_smbus.c **** HAL_StatusTypeDef HAL_SMBUS_Slave_Transmit_IT(SMBUS_HandleTypeDef *hsmbus, uint8_t *pData, uint16_t
1226:stm/stm32g4xx/STM32G4xx_HAL_Driver/Src/stm32g4xx_hal_smbus.c ****                                               uint32_t XferOptions)
1227:stm/stm32g4xx/STM32G4xx_HAL_Driver/Src/stm32g4xx_hal_smbus.c **** {
ARM GAS  /tmp/ccPqrEja.s 			page 23


1228:stm/stm32g4xx/STM32G4xx_HAL_Driver/Src/stm32g4xx_hal_smbus.c ****   /* Check the parameters */
1229:stm/stm32g4xx/STM32G4xx_HAL_Driver/Src/stm32g4xx_hal_smbus.c ****   assert_param(IS_SMBUS_TRANSFER_OPTIONS_REQUEST(XferOptions));
1230:stm/stm32g4xx/STM32G4xx_HAL_Driver/Src/stm32g4xx_hal_smbus.c **** 
1231:stm/stm32g4xx/STM32G4xx_HAL_Driver/Src/stm32g4xx_hal_smbus.c ****   if ((hsmbus->State & HAL_SMBUS_STATE_LISTEN) == HAL_SMBUS_STATE_LISTEN)
1232:stm/stm32g4xx/STM32G4xx_HAL_Driver/Src/stm32g4xx_hal_smbus.c ****   {
1233:stm/stm32g4xx/STM32G4xx_HAL_Driver/Src/stm32g4xx_hal_smbus.c ****     if ((pData == NULL) || (Size == 0UL))
1234:stm/stm32g4xx/STM32G4xx_HAL_Driver/Src/stm32g4xx_hal_smbus.c ****     {
1235:stm/stm32g4xx/STM32G4xx_HAL_Driver/Src/stm32g4xx_hal_smbus.c ****       hsmbus->ErrorCode = HAL_SMBUS_ERROR_INVALID_PARAM;
1236:stm/stm32g4xx/STM32G4xx_HAL_Driver/Src/stm32g4xx_hal_smbus.c ****       return HAL_ERROR;
1237:stm/stm32g4xx/STM32G4xx_HAL_Driver/Src/stm32g4xx_hal_smbus.c ****     }
1238:stm/stm32g4xx/STM32G4xx_HAL_Driver/Src/stm32g4xx_hal_smbus.c **** 
1239:stm/stm32g4xx/STM32G4xx_HAL_Driver/Src/stm32g4xx_hal_smbus.c ****     /* Disable Interrupts, to prevent preemption during treatment in case of multicall */
1240:stm/stm32g4xx/STM32G4xx_HAL_Driver/Src/stm32g4xx_hal_smbus.c ****     SMBUS_Disable_IRQ(hsmbus, SMBUS_IT_ADDR | SMBUS_IT_TX);
1241:stm/stm32g4xx/STM32G4xx_HAL_Driver/Src/stm32g4xx_hal_smbus.c **** 
1242:stm/stm32g4xx/STM32G4xx_HAL_Driver/Src/stm32g4xx_hal_smbus.c ****     /* Process Locked */
1243:stm/stm32g4xx/STM32G4xx_HAL_Driver/Src/stm32g4xx_hal_smbus.c ****     __HAL_LOCK(hsmbus);
1244:stm/stm32g4xx/STM32G4xx_HAL_Driver/Src/stm32g4xx_hal_smbus.c **** 
1245:stm/stm32g4xx/STM32G4xx_HAL_Driver/Src/stm32g4xx_hal_smbus.c ****     hsmbus->State = (HAL_SMBUS_STATE_SLAVE_BUSY_TX | HAL_SMBUS_STATE_LISTEN);
1246:stm/stm32g4xx/STM32G4xx_HAL_Driver/Src/stm32g4xx_hal_smbus.c ****     hsmbus->ErrorCode = HAL_SMBUS_ERROR_NONE;
1247:stm/stm32g4xx/STM32G4xx_HAL_Driver/Src/stm32g4xx_hal_smbus.c **** 
1248:stm/stm32g4xx/STM32G4xx_HAL_Driver/Src/stm32g4xx_hal_smbus.c ****     /* Set SBC bit to manage Acknowledge at each bit */
1249:stm/stm32g4xx/STM32G4xx_HAL_Driver/Src/stm32g4xx_hal_smbus.c ****     hsmbus->Instance->CR1 |= I2C_CR1_SBC;
1250:stm/stm32g4xx/STM32G4xx_HAL_Driver/Src/stm32g4xx_hal_smbus.c **** 
1251:stm/stm32g4xx/STM32G4xx_HAL_Driver/Src/stm32g4xx_hal_smbus.c ****     /* Enable Address Acknowledge */
1252:stm/stm32g4xx/STM32G4xx_HAL_Driver/Src/stm32g4xx_hal_smbus.c ****     hsmbus->Instance->CR2 &= ~I2C_CR2_NACK;
1253:stm/stm32g4xx/STM32G4xx_HAL_Driver/Src/stm32g4xx_hal_smbus.c **** 
1254:stm/stm32g4xx/STM32G4xx_HAL_Driver/Src/stm32g4xx_hal_smbus.c ****     /* Prepare transfer parameters */
1255:stm/stm32g4xx/STM32G4xx_HAL_Driver/Src/stm32g4xx_hal_smbus.c ****     hsmbus->pBuffPtr = pData;
1256:stm/stm32g4xx/STM32G4xx_HAL_Driver/Src/stm32g4xx_hal_smbus.c ****     hsmbus->XferCount = Size;
1257:stm/stm32g4xx/STM32G4xx_HAL_Driver/Src/stm32g4xx_hal_smbus.c ****     hsmbus->XferOptions = XferOptions;
1258:stm/stm32g4xx/STM32G4xx_HAL_Driver/Src/stm32g4xx_hal_smbus.c **** 
1259:stm/stm32g4xx/STM32G4xx_HAL_Driver/Src/stm32g4xx_hal_smbus.c ****     /* Convert OTHER_xxx XferOptions if any */
1260:stm/stm32g4xx/STM32G4xx_HAL_Driver/Src/stm32g4xx_hal_smbus.c ****     SMBUS_ConvertOtherXferOptions(hsmbus);
1261:stm/stm32g4xx/STM32G4xx_HAL_Driver/Src/stm32g4xx_hal_smbus.c **** 
1262:stm/stm32g4xx/STM32G4xx_HAL_Driver/Src/stm32g4xx_hal_smbus.c ****     if (Size > MAX_NBYTE_SIZE)
1263:stm/stm32g4xx/STM32G4xx_HAL_Driver/Src/stm32g4xx_hal_smbus.c ****     {
1264:stm/stm32g4xx/STM32G4xx_HAL_Driver/Src/stm32g4xx_hal_smbus.c ****       hsmbus->XferSize = MAX_NBYTE_SIZE;
1265:stm/stm32g4xx/STM32G4xx_HAL_Driver/Src/stm32g4xx_hal_smbus.c ****     }
1266:stm/stm32g4xx/STM32G4xx_HAL_Driver/Src/stm32g4xx_hal_smbus.c ****     else
1267:stm/stm32g4xx/STM32G4xx_HAL_Driver/Src/stm32g4xx_hal_smbus.c ****     {
1268:stm/stm32g4xx/STM32G4xx_HAL_Driver/Src/stm32g4xx_hal_smbus.c ****       hsmbus->XferSize = Size;
1269:stm/stm32g4xx/STM32G4xx_HAL_Driver/Src/stm32g4xx_hal_smbus.c ****     }
1270:stm/stm32g4xx/STM32G4xx_HAL_Driver/Src/stm32g4xx_hal_smbus.c **** 
1271:stm/stm32g4xx/STM32G4xx_HAL_Driver/Src/stm32g4xx_hal_smbus.c ****     /* Set NBYTES to write and reload if size > MAX_NBYTE_SIZE and generate RESTART */
1272:stm/stm32g4xx/STM32G4xx_HAL_Driver/Src/stm32g4xx_hal_smbus.c ****     if ((hsmbus->XferSize < hsmbus->XferCount) && (hsmbus->XferSize == MAX_NBYTE_SIZE))
1273:stm/stm32g4xx/STM32G4xx_HAL_Driver/Src/stm32g4xx_hal_smbus.c ****     {
1274:stm/stm32g4xx/STM32G4xx_HAL_Driver/Src/stm32g4xx_hal_smbus.c ****       SMBUS_TransferConfig(hsmbus, 0, (uint8_t)hsmbus->XferSize,
1275:stm/stm32g4xx/STM32G4xx_HAL_Driver/Src/stm32g4xx_hal_smbus.c ****                            SMBUS_RELOAD_MODE | (hsmbus->XferOptions & SMBUS_SENDPEC_MODE),
1276:stm/stm32g4xx/STM32G4xx_HAL_Driver/Src/stm32g4xx_hal_smbus.c ****                            SMBUS_NO_STARTSTOP);
1277:stm/stm32g4xx/STM32G4xx_HAL_Driver/Src/stm32g4xx_hal_smbus.c ****     }
1278:stm/stm32g4xx/STM32G4xx_HAL_Driver/Src/stm32g4xx_hal_smbus.c ****     else
1279:stm/stm32g4xx/STM32G4xx_HAL_Driver/Src/stm32g4xx_hal_smbus.c ****     {
1280:stm/stm32g4xx/STM32G4xx_HAL_Driver/Src/stm32g4xx_hal_smbus.c ****       /* Set NBYTE to transmit */
1281:stm/stm32g4xx/STM32G4xx_HAL_Driver/Src/stm32g4xx_hal_smbus.c ****       SMBUS_TransferConfig(hsmbus, 0, (uint8_t)hsmbus->XferSize, hsmbus->XferOptions,
1282:stm/stm32g4xx/STM32G4xx_HAL_Driver/Src/stm32g4xx_hal_smbus.c ****                            SMBUS_NO_STARTSTOP);
1283:stm/stm32g4xx/STM32G4xx_HAL_Driver/Src/stm32g4xx_hal_smbus.c **** 
1284:stm/stm32g4xx/STM32G4xx_HAL_Driver/Src/stm32g4xx_hal_smbus.c ****       /* If PEC mode is enable, size to transmit should be Size-1 byte, corresponding to PEC byte *
ARM GAS  /tmp/ccPqrEja.s 			page 24


1285:stm/stm32g4xx/STM32G4xx_HAL_Driver/Src/stm32g4xx_hal_smbus.c ****       /* PEC byte is automatically sent by HW block, no need to manage it in Transmit process */
1286:stm/stm32g4xx/STM32G4xx_HAL_Driver/Src/stm32g4xx_hal_smbus.c ****       if (SMBUS_GET_PEC_MODE(hsmbus) != 0UL)
1287:stm/stm32g4xx/STM32G4xx_HAL_Driver/Src/stm32g4xx_hal_smbus.c ****       {
1288:stm/stm32g4xx/STM32G4xx_HAL_Driver/Src/stm32g4xx_hal_smbus.c ****         hsmbus->XferSize--;
1289:stm/stm32g4xx/STM32G4xx_HAL_Driver/Src/stm32g4xx_hal_smbus.c ****         hsmbus->XferCount--;
1290:stm/stm32g4xx/STM32G4xx_HAL_Driver/Src/stm32g4xx_hal_smbus.c ****       }
1291:stm/stm32g4xx/STM32G4xx_HAL_Driver/Src/stm32g4xx_hal_smbus.c ****     }
1292:stm/stm32g4xx/STM32G4xx_HAL_Driver/Src/stm32g4xx_hal_smbus.c **** 
1293:stm/stm32g4xx/STM32G4xx_HAL_Driver/Src/stm32g4xx_hal_smbus.c ****     /* Clear ADDR flag after prepare the transfer parameters */
1294:stm/stm32g4xx/STM32G4xx_HAL_Driver/Src/stm32g4xx_hal_smbus.c ****     /* This action will generate an acknowledge to the HOST */
1295:stm/stm32g4xx/STM32G4xx_HAL_Driver/Src/stm32g4xx_hal_smbus.c ****     __HAL_SMBUS_CLEAR_FLAG(hsmbus, SMBUS_FLAG_ADDR);
1296:stm/stm32g4xx/STM32G4xx_HAL_Driver/Src/stm32g4xx_hal_smbus.c **** 
1297:stm/stm32g4xx/STM32G4xx_HAL_Driver/Src/stm32g4xx_hal_smbus.c ****     /* Process Unlocked */
1298:stm/stm32g4xx/STM32G4xx_HAL_Driver/Src/stm32g4xx_hal_smbus.c ****     __HAL_UNLOCK(hsmbus);
1299:stm/stm32g4xx/STM32G4xx_HAL_Driver/Src/stm32g4xx_hal_smbus.c **** 
1300:stm/stm32g4xx/STM32G4xx_HAL_Driver/Src/stm32g4xx_hal_smbus.c ****     /* Note : The SMBUS interrupts must be enabled after unlocking current process
1301:stm/stm32g4xx/STM32G4xx_HAL_Driver/Src/stm32g4xx_hal_smbus.c ****               to avoid the risk of SMBUS interrupt handle execution before current
1302:stm/stm32g4xx/STM32G4xx_HAL_Driver/Src/stm32g4xx_hal_smbus.c ****               process unlock */
1303:stm/stm32g4xx/STM32G4xx_HAL_Driver/Src/stm32g4xx_hal_smbus.c ****     /* REnable ADDR interrupt */
1304:stm/stm32g4xx/STM32G4xx_HAL_Driver/Src/stm32g4xx_hal_smbus.c ****     SMBUS_Enable_IRQ(hsmbus, SMBUS_IT_TX | SMBUS_IT_ADDR);
1305:stm/stm32g4xx/STM32G4xx_HAL_Driver/Src/stm32g4xx_hal_smbus.c **** 
1306:stm/stm32g4xx/STM32G4xx_HAL_Driver/Src/stm32g4xx_hal_smbus.c ****     return HAL_OK;
1307:stm/stm32g4xx/STM32G4xx_HAL_Driver/Src/stm32g4xx_hal_smbus.c ****   }
1308:stm/stm32g4xx/STM32G4xx_HAL_Driver/Src/stm32g4xx_hal_smbus.c ****   else
1309:stm/stm32g4xx/STM32G4xx_HAL_Driver/Src/stm32g4xx_hal_smbus.c ****   {
1310:stm/stm32g4xx/STM32G4xx_HAL_Driver/Src/stm32g4xx_hal_smbus.c ****     return HAL_BUSY;
1311:stm/stm32g4xx/STM32G4xx_HAL_Driver/Src/stm32g4xx_hal_smbus.c ****   }
1312:stm/stm32g4xx/STM32G4xx_HAL_Driver/Src/stm32g4xx_hal_smbus.c **** }
1313:stm/stm32g4xx/STM32G4xx_HAL_Driver/Src/stm32g4xx_hal_smbus.c **** 
1314:stm/stm32g4xx/STM32G4xx_HAL_Driver/Src/stm32g4xx_hal_smbus.c **** /**
1315:stm/stm32g4xx/STM32G4xx_HAL_Driver/Src/stm32g4xx_hal_smbus.c ****   * @brief  Receive in slave/device SMBUS mode an amount of data in non-blocking mode with Interrup
1316:stm/stm32g4xx/STM32G4xx_HAL_Driver/Src/stm32g4xx_hal_smbus.c ****   * @param  hsmbus Pointer to a SMBUS_HandleTypeDef structure that contains
1317:stm/stm32g4xx/STM32G4xx_HAL_Driver/Src/stm32g4xx_hal_smbus.c ****   *                the configuration information for the specified SMBUS.
1318:stm/stm32g4xx/STM32G4xx_HAL_Driver/Src/stm32g4xx_hal_smbus.c ****   * @param  pData Pointer to data buffer
1319:stm/stm32g4xx/STM32G4xx_HAL_Driver/Src/stm32g4xx_hal_smbus.c ****   * @param  Size Amount of data to be sent
1320:stm/stm32g4xx/STM32G4xx_HAL_Driver/Src/stm32g4xx_hal_smbus.c ****   * @param  XferOptions Options of Transfer, value of @ref SMBUS_XferOptions_definition
1321:stm/stm32g4xx/STM32G4xx_HAL_Driver/Src/stm32g4xx_hal_smbus.c ****   * @retval HAL status
1322:stm/stm32g4xx/STM32G4xx_HAL_Driver/Src/stm32g4xx_hal_smbus.c ****   */
1323:stm/stm32g4xx/STM32G4xx_HAL_Driver/Src/stm32g4xx_hal_smbus.c **** HAL_StatusTypeDef HAL_SMBUS_Slave_Receive_IT(SMBUS_HandleTypeDef *hsmbus, uint8_t *pData, uint16_t 
1324:stm/stm32g4xx/STM32G4xx_HAL_Driver/Src/stm32g4xx_hal_smbus.c ****                                              uint32_t XferOptions)
1325:stm/stm32g4xx/STM32G4xx_HAL_Driver/Src/stm32g4xx_hal_smbus.c **** {
1326:stm/stm32g4xx/STM32G4xx_HAL_Driver/Src/stm32g4xx_hal_smbus.c ****   /* Check the parameters */
1327:stm/stm32g4xx/STM32G4xx_HAL_Driver/Src/stm32g4xx_hal_smbus.c ****   assert_param(IS_SMBUS_TRANSFER_OPTIONS_REQUEST(XferOptions));
1328:stm/stm32g4xx/STM32G4xx_HAL_Driver/Src/stm32g4xx_hal_smbus.c **** 
1329:stm/stm32g4xx/STM32G4xx_HAL_Driver/Src/stm32g4xx_hal_smbus.c ****   if ((hsmbus->State & HAL_SMBUS_STATE_LISTEN) == HAL_SMBUS_STATE_LISTEN)
1330:stm/stm32g4xx/STM32G4xx_HAL_Driver/Src/stm32g4xx_hal_smbus.c ****   {
1331:stm/stm32g4xx/STM32G4xx_HAL_Driver/Src/stm32g4xx_hal_smbus.c ****     if ((pData == NULL) || (Size == 0UL))
1332:stm/stm32g4xx/STM32G4xx_HAL_Driver/Src/stm32g4xx_hal_smbus.c ****     {
1333:stm/stm32g4xx/STM32G4xx_HAL_Driver/Src/stm32g4xx_hal_smbus.c ****       hsmbus->ErrorCode = HAL_SMBUS_ERROR_INVALID_PARAM;
1334:stm/stm32g4xx/STM32G4xx_HAL_Driver/Src/stm32g4xx_hal_smbus.c ****       return HAL_ERROR;
1335:stm/stm32g4xx/STM32G4xx_HAL_Driver/Src/stm32g4xx_hal_smbus.c ****     }
1336:stm/stm32g4xx/STM32G4xx_HAL_Driver/Src/stm32g4xx_hal_smbus.c **** 
1337:stm/stm32g4xx/STM32G4xx_HAL_Driver/Src/stm32g4xx_hal_smbus.c ****     /* Disable Interrupts, to prevent preemption during treatment in case of multicall */
1338:stm/stm32g4xx/STM32G4xx_HAL_Driver/Src/stm32g4xx_hal_smbus.c ****     SMBUS_Disable_IRQ(hsmbus, SMBUS_IT_ADDR | SMBUS_IT_RX);
1339:stm/stm32g4xx/STM32G4xx_HAL_Driver/Src/stm32g4xx_hal_smbus.c **** 
1340:stm/stm32g4xx/STM32G4xx_HAL_Driver/Src/stm32g4xx_hal_smbus.c ****     /* Process Locked */
1341:stm/stm32g4xx/STM32G4xx_HAL_Driver/Src/stm32g4xx_hal_smbus.c ****     __HAL_LOCK(hsmbus);
ARM GAS  /tmp/ccPqrEja.s 			page 25


1342:stm/stm32g4xx/STM32G4xx_HAL_Driver/Src/stm32g4xx_hal_smbus.c **** 
1343:stm/stm32g4xx/STM32G4xx_HAL_Driver/Src/stm32g4xx_hal_smbus.c ****     hsmbus->State = (HAL_SMBUS_STATE_SLAVE_BUSY_RX | HAL_SMBUS_STATE_LISTEN);
1344:stm/stm32g4xx/STM32G4xx_HAL_Driver/Src/stm32g4xx_hal_smbus.c ****     hsmbus->ErrorCode = HAL_SMBUS_ERROR_NONE;
1345:stm/stm32g4xx/STM32G4xx_HAL_Driver/Src/stm32g4xx_hal_smbus.c **** 
1346:stm/stm32g4xx/STM32G4xx_HAL_Driver/Src/stm32g4xx_hal_smbus.c ****     /* Set SBC bit to manage Acknowledge at each bit */
1347:stm/stm32g4xx/STM32G4xx_HAL_Driver/Src/stm32g4xx_hal_smbus.c ****     hsmbus->Instance->CR1 |= I2C_CR1_SBC;
1348:stm/stm32g4xx/STM32G4xx_HAL_Driver/Src/stm32g4xx_hal_smbus.c **** 
1349:stm/stm32g4xx/STM32G4xx_HAL_Driver/Src/stm32g4xx_hal_smbus.c ****     /* Enable Address Acknowledge */
1350:stm/stm32g4xx/STM32G4xx_HAL_Driver/Src/stm32g4xx_hal_smbus.c ****     hsmbus->Instance->CR2 &= ~I2C_CR2_NACK;
1351:stm/stm32g4xx/STM32G4xx_HAL_Driver/Src/stm32g4xx_hal_smbus.c **** 
1352:stm/stm32g4xx/STM32G4xx_HAL_Driver/Src/stm32g4xx_hal_smbus.c ****     /* Prepare transfer parameters */
1353:stm/stm32g4xx/STM32G4xx_HAL_Driver/Src/stm32g4xx_hal_smbus.c ****     hsmbus->pBuffPtr = pData;
1354:stm/stm32g4xx/STM32G4xx_HAL_Driver/Src/stm32g4xx_hal_smbus.c ****     hsmbus->XferSize = Size;
1355:stm/stm32g4xx/STM32G4xx_HAL_Driver/Src/stm32g4xx_hal_smbus.c ****     hsmbus->XferCount = Size;
1356:stm/stm32g4xx/STM32G4xx_HAL_Driver/Src/stm32g4xx_hal_smbus.c ****     hsmbus->XferOptions = XferOptions;
1357:stm/stm32g4xx/STM32G4xx_HAL_Driver/Src/stm32g4xx_hal_smbus.c **** 
1358:stm/stm32g4xx/STM32G4xx_HAL_Driver/Src/stm32g4xx_hal_smbus.c ****     /* Convert OTHER_xxx XferOptions if any */
1359:stm/stm32g4xx/STM32G4xx_HAL_Driver/Src/stm32g4xx_hal_smbus.c ****     SMBUS_ConvertOtherXferOptions(hsmbus);
1360:stm/stm32g4xx/STM32G4xx_HAL_Driver/Src/stm32g4xx_hal_smbus.c **** 
1361:stm/stm32g4xx/STM32G4xx_HAL_Driver/Src/stm32g4xx_hal_smbus.c ****     /* Set NBYTE to receive */
1362:stm/stm32g4xx/STM32G4xx_HAL_Driver/Src/stm32g4xx_hal_smbus.c ****     /* If XferSize equal "1", or XferSize equal "2" with PEC requested (mean 1 data byte + 1 PEC by
1363:stm/stm32g4xx/STM32G4xx_HAL_Driver/Src/stm32g4xx_hal_smbus.c ****     /* no need to set RELOAD bit mode, a ACK will be automatically generated in that case */
1364:stm/stm32g4xx/STM32G4xx_HAL_Driver/Src/stm32g4xx_hal_smbus.c ****     /* else need to set RELOAD bit mode to generate an automatic ACK at each byte Received */
1365:stm/stm32g4xx/STM32G4xx_HAL_Driver/Src/stm32g4xx_hal_smbus.c ****     /* This RELOAD bit will be reset for last BYTE to be receive in SMBUS_Slave_ISR */
1366:stm/stm32g4xx/STM32G4xx_HAL_Driver/Src/stm32g4xx_hal_smbus.c ****     if (((SMBUS_GET_PEC_MODE(hsmbus) != 0UL) && (hsmbus->XferSize == 2U)) || (hsmbus->XferSize == 1
1367:stm/stm32g4xx/STM32G4xx_HAL_Driver/Src/stm32g4xx_hal_smbus.c ****     {
1368:stm/stm32g4xx/STM32G4xx_HAL_Driver/Src/stm32g4xx_hal_smbus.c ****       SMBUS_TransferConfig(hsmbus, 0, (uint8_t)hsmbus->XferSize, hsmbus->XferOptions,
1369:stm/stm32g4xx/STM32G4xx_HAL_Driver/Src/stm32g4xx_hal_smbus.c ****                            SMBUS_NO_STARTSTOP);
1370:stm/stm32g4xx/STM32G4xx_HAL_Driver/Src/stm32g4xx_hal_smbus.c ****     }
1371:stm/stm32g4xx/STM32G4xx_HAL_Driver/Src/stm32g4xx_hal_smbus.c ****     else
1372:stm/stm32g4xx/STM32G4xx_HAL_Driver/Src/stm32g4xx_hal_smbus.c ****     {
1373:stm/stm32g4xx/STM32G4xx_HAL_Driver/Src/stm32g4xx_hal_smbus.c ****       SMBUS_TransferConfig(hsmbus, 0, 1, hsmbus->XferOptions | SMBUS_RELOAD_MODE, SMBUS_NO_STARTSTO
1374:stm/stm32g4xx/STM32G4xx_HAL_Driver/Src/stm32g4xx_hal_smbus.c ****     }
1375:stm/stm32g4xx/STM32G4xx_HAL_Driver/Src/stm32g4xx_hal_smbus.c **** 
1376:stm/stm32g4xx/STM32G4xx_HAL_Driver/Src/stm32g4xx_hal_smbus.c ****     /* Clear ADDR flag after prepare the transfer parameters */
1377:stm/stm32g4xx/STM32G4xx_HAL_Driver/Src/stm32g4xx_hal_smbus.c ****     /* This action will generate an acknowledge to the HOST */
1378:stm/stm32g4xx/STM32G4xx_HAL_Driver/Src/stm32g4xx_hal_smbus.c ****     __HAL_SMBUS_CLEAR_FLAG(hsmbus, SMBUS_FLAG_ADDR);
1379:stm/stm32g4xx/STM32G4xx_HAL_Driver/Src/stm32g4xx_hal_smbus.c **** 
1380:stm/stm32g4xx/STM32G4xx_HAL_Driver/Src/stm32g4xx_hal_smbus.c ****     /* Process Unlocked */
1381:stm/stm32g4xx/STM32G4xx_HAL_Driver/Src/stm32g4xx_hal_smbus.c ****     __HAL_UNLOCK(hsmbus);
1382:stm/stm32g4xx/STM32G4xx_HAL_Driver/Src/stm32g4xx_hal_smbus.c **** 
1383:stm/stm32g4xx/STM32G4xx_HAL_Driver/Src/stm32g4xx_hal_smbus.c ****     /* Note : The SMBUS interrupts must be enabled after unlocking current process
1384:stm/stm32g4xx/STM32G4xx_HAL_Driver/Src/stm32g4xx_hal_smbus.c ****               to avoid the risk of SMBUS interrupt handle execution before current
1385:stm/stm32g4xx/STM32G4xx_HAL_Driver/Src/stm32g4xx_hal_smbus.c ****               process unlock */
1386:stm/stm32g4xx/STM32G4xx_HAL_Driver/Src/stm32g4xx_hal_smbus.c ****     /* REnable ADDR interrupt */
1387:stm/stm32g4xx/STM32G4xx_HAL_Driver/Src/stm32g4xx_hal_smbus.c ****     SMBUS_Enable_IRQ(hsmbus, SMBUS_IT_RX | SMBUS_IT_ADDR);
1388:stm/stm32g4xx/STM32G4xx_HAL_Driver/Src/stm32g4xx_hal_smbus.c **** 
1389:stm/stm32g4xx/STM32G4xx_HAL_Driver/Src/stm32g4xx_hal_smbus.c ****     return HAL_OK;
1390:stm/stm32g4xx/STM32G4xx_HAL_Driver/Src/stm32g4xx_hal_smbus.c ****   }
1391:stm/stm32g4xx/STM32G4xx_HAL_Driver/Src/stm32g4xx_hal_smbus.c ****   else
1392:stm/stm32g4xx/STM32G4xx_HAL_Driver/Src/stm32g4xx_hal_smbus.c ****   {
1393:stm/stm32g4xx/STM32G4xx_HAL_Driver/Src/stm32g4xx_hal_smbus.c ****     return HAL_BUSY;
1394:stm/stm32g4xx/STM32G4xx_HAL_Driver/Src/stm32g4xx_hal_smbus.c ****   }
1395:stm/stm32g4xx/STM32G4xx_HAL_Driver/Src/stm32g4xx_hal_smbus.c **** }
1396:stm/stm32g4xx/STM32G4xx_HAL_Driver/Src/stm32g4xx_hal_smbus.c **** 
1397:stm/stm32g4xx/STM32G4xx_HAL_Driver/Src/stm32g4xx_hal_smbus.c **** /**
1398:stm/stm32g4xx/STM32G4xx_HAL_Driver/Src/stm32g4xx_hal_smbus.c ****   * @brief  Enable the Address listen mode with Interrupt.
ARM GAS  /tmp/ccPqrEja.s 			page 26


1399:stm/stm32g4xx/STM32G4xx_HAL_Driver/Src/stm32g4xx_hal_smbus.c ****   * @param  hsmbus Pointer to a SMBUS_HandleTypeDef structure that contains
1400:stm/stm32g4xx/STM32G4xx_HAL_Driver/Src/stm32g4xx_hal_smbus.c ****   *                the configuration information for the specified SMBUS.
1401:stm/stm32g4xx/STM32G4xx_HAL_Driver/Src/stm32g4xx_hal_smbus.c ****   * @retval HAL status
1402:stm/stm32g4xx/STM32G4xx_HAL_Driver/Src/stm32g4xx_hal_smbus.c ****   */
1403:stm/stm32g4xx/STM32G4xx_HAL_Driver/Src/stm32g4xx_hal_smbus.c **** HAL_StatusTypeDef HAL_SMBUS_EnableListen_IT(SMBUS_HandleTypeDef *hsmbus)
1404:stm/stm32g4xx/STM32G4xx_HAL_Driver/Src/stm32g4xx_hal_smbus.c **** {
1405:stm/stm32g4xx/STM32G4xx_HAL_Driver/Src/stm32g4xx_hal_smbus.c ****   hsmbus->State = HAL_SMBUS_STATE_LISTEN;
1406:stm/stm32g4xx/STM32G4xx_HAL_Driver/Src/stm32g4xx_hal_smbus.c **** 
1407:stm/stm32g4xx/STM32G4xx_HAL_Driver/Src/stm32g4xx_hal_smbus.c ****   /* Enable the Address Match interrupt */
1408:stm/stm32g4xx/STM32G4xx_HAL_Driver/Src/stm32g4xx_hal_smbus.c ****   SMBUS_Enable_IRQ(hsmbus, SMBUS_IT_ADDR);
1409:stm/stm32g4xx/STM32G4xx_HAL_Driver/Src/stm32g4xx_hal_smbus.c **** 
1410:stm/stm32g4xx/STM32G4xx_HAL_Driver/Src/stm32g4xx_hal_smbus.c ****   return HAL_OK;
1411:stm/stm32g4xx/STM32G4xx_HAL_Driver/Src/stm32g4xx_hal_smbus.c **** }
1412:stm/stm32g4xx/STM32G4xx_HAL_Driver/Src/stm32g4xx_hal_smbus.c **** 
1413:stm/stm32g4xx/STM32G4xx_HAL_Driver/Src/stm32g4xx_hal_smbus.c **** /**
1414:stm/stm32g4xx/STM32G4xx_HAL_Driver/Src/stm32g4xx_hal_smbus.c ****   * @brief  Disable the Address listen mode with Interrupt.
1415:stm/stm32g4xx/STM32G4xx_HAL_Driver/Src/stm32g4xx_hal_smbus.c ****   * @param  hsmbus Pointer to a SMBUS_HandleTypeDef structure that contains
1416:stm/stm32g4xx/STM32G4xx_HAL_Driver/Src/stm32g4xx_hal_smbus.c ****   *                the configuration information for the specified SMBUS.
1417:stm/stm32g4xx/STM32G4xx_HAL_Driver/Src/stm32g4xx_hal_smbus.c ****   * @retval HAL status
1418:stm/stm32g4xx/STM32G4xx_HAL_Driver/Src/stm32g4xx_hal_smbus.c ****   */
1419:stm/stm32g4xx/STM32G4xx_HAL_Driver/Src/stm32g4xx_hal_smbus.c **** HAL_StatusTypeDef HAL_SMBUS_DisableListen_IT(SMBUS_HandleTypeDef *hsmbus)
1420:stm/stm32g4xx/STM32G4xx_HAL_Driver/Src/stm32g4xx_hal_smbus.c **** {
1421:stm/stm32g4xx/STM32G4xx_HAL_Driver/Src/stm32g4xx_hal_smbus.c ****   /* Disable Address listen mode only if a transfer is not ongoing */
1422:stm/stm32g4xx/STM32G4xx_HAL_Driver/Src/stm32g4xx_hal_smbus.c ****   if (hsmbus->State == HAL_SMBUS_STATE_LISTEN)
1423:stm/stm32g4xx/STM32G4xx_HAL_Driver/Src/stm32g4xx_hal_smbus.c ****   {
1424:stm/stm32g4xx/STM32G4xx_HAL_Driver/Src/stm32g4xx_hal_smbus.c ****     hsmbus->State = HAL_SMBUS_STATE_READY;
1425:stm/stm32g4xx/STM32G4xx_HAL_Driver/Src/stm32g4xx_hal_smbus.c **** 
1426:stm/stm32g4xx/STM32G4xx_HAL_Driver/Src/stm32g4xx_hal_smbus.c ****     /* Disable the Address Match interrupt */
1427:stm/stm32g4xx/STM32G4xx_HAL_Driver/Src/stm32g4xx_hal_smbus.c ****     SMBUS_Disable_IRQ(hsmbus, SMBUS_IT_ADDR);
1428:stm/stm32g4xx/STM32G4xx_HAL_Driver/Src/stm32g4xx_hal_smbus.c **** 
1429:stm/stm32g4xx/STM32G4xx_HAL_Driver/Src/stm32g4xx_hal_smbus.c ****     return HAL_OK;
1430:stm/stm32g4xx/STM32G4xx_HAL_Driver/Src/stm32g4xx_hal_smbus.c ****   }
1431:stm/stm32g4xx/STM32G4xx_HAL_Driver/Src/stm32g4xx_hal_smbus.c ****   else
1432:stm/stm32g4xx/STM32G4xx_HAL_Driver/Src/stm32g4xx_hal_smbus.c ****   {
1433:stm/stm32g4xx/STM32G4xx_HAL_Driver/Src/stm32g4xx_hal_smbus.c ****     return HAL_BUSY;
1434:stm/stm32g4xx/STM32G4xx_HAL_Driver/Src/stm32g4xx_hal_smbus.c ****   }
1435:stm/stm32g4xx/STM32G4xx_HAL_Driver/Src/stm32g4xx_hal_smbus.c **** }
1436:stm/stm32g4xx/STM32G4xx_HAL_Driver/Src/stm32g4xx_hal_smbus.c **** 
1437:stm/stm32g4xx/STM32G4xx_HAL_Driver/Src/stm32g4xx_hal_smbus.c **** /**
1438:stm/stm32g4xx/STM32G4xx_HAL_Driver/Src/stm32g4xx_hal_smbus.c ****   * @brief  Enable the SMBUS alert mode with Interrupt.
1439:stm/stm32g4xx/STM32G4xx_HAL_Driver/Src/stm32g4xx_hal_smbus.c ****   * @param  hsmbus Pointer to a SMBUS_HandleTypeDef structure that contains
1440:stm/stm32g4xx/STM32G4xx_HAL_Driver/Src/stm32g4xx_hal_smbus.c ****   *                the configuration information for the specified SMBUSx peripheral.
1441:stm/stm32g4xx/STM32G4xx_HAL_Driver/Src/stm32g4xx_hal_smbus.c ****   * @retval HAL status
1442:stm/stm32g4xx/STM32G4xx_HAL_Driver/Src/stm32g4xx_hal_smbus.c ****   */
1443:stm/stm32g4xx/STM32G4xx_HAL_Driver/Src/stm32g4xx_hal_smbus.c **** HAL_StatusTypeDef HAL_SMBUS_EnableAlert_IT(SMBUS_HandleTypeDef *hsmbus)
1444:stm/stm32g4xx/STM32G4xx_HAL_Driver/Src/stm32g4xx_hal_smbus.c **** {
1445:stm/stm32g4xx/STM32G4xx_HAL_Driver/Src/stm32g4xx_hal_smbus.c ****   /* Enable SMBus alert */
1446:stm/stm32g4xx/STM32G4xx_HAL_Driver/Src/stm32g4xx_hal_smbus.c ****   hsmbus->Instance->CR1 |= I2C_CR1_ALERTEN;
1447:stm/stm32g4xx/STM32G4xx_HAL_Driver/Src/stm32g4xx_hal_smbus.c **** 
1448:stm/stm32g4xx/STM32G4xx_HAL_Driver/Src/stm32g4xx_hal_smbus.c ****   /* Clear ALERT flag */
1449:stm/stm32g4xx/STM32G4xx_HAL_Driver/Src/stm32g4xx_hal_smbus.c ****   __HAL_SMBUS_CLEAR_FLAG(hsmbus, SMBUS_FLAG_ALERT);
1450:stm/stm32g4xx/STM32G4xx_HAL_Driver/Src/stm32g4xx_hal_smbus.c **** 
1451:stm/stm32g4xx/STM32G4xx_HAL_Driver/Src/stm32g4xx_hal_smbus.c ****   /* Enable Alert Interrupt */
1452:stm/stm32g4xx/STM32G4xx_HAL_Driver/Src/stm32g4xx_hal_smbus.c ****   SMBUS_Enable_IRQ(hsmbus, SMBUS_IT_ALERT);
1453:stm/stm32g4xx/STM32G4xx_HAL_Driver/Src/stm32g4xx_hal_smbus.c **** 
1454:stm/stm32g4xx/STM32G4xx_HAL_Driver/Src/stm32g4xx_hal_smbus.c ****   return HAL_OK;
1455:stm/stm32g4xx/STM32G4xx_HAL_Driver/Src/stm32g4xx_hal_smbus.c **** }
ARM GAS  /tmp/ccPqrEja.s 			page 27


1456:stm/stm32g4xx/STM32G4xx_HAL_Driver/Src/stm32g4xx_hal_smbus.c **** /**
1457:stm/stm32g4xx/STM32G4xx_HAL_Driver/Src/stm32g4xx_hal_smbus.c ****   * @brief  Disable the SMBUS alert mode with Interrupt.
1458:stm/stm32g4xx/STM32G4xx_HAL_Driver/Src/stm32g4xx_hal_smbus.c ****   * @param  hsmbus Pointer to a SMBUS_HandleTypeDef structure that contains
1459:stm/stm32g4xx/STM32G4xx_HAL_Driver/Src/stm32g4xx_hal_smbus.c ****   *                the configuration information for the specified SMBUSx peripheral.
1460:stm/stm32g4xx/STM32G4xx_HAL_Driver/Src/stm32g4xx_hal_smbus.c ****   * @retval HAL status
1461:stm/stm32g4xx/STM32G4xx_HAL_Driver/Src/stm32g4xx_hal_smbus.c ****   */
1462:stm/stm32g4xx/STM32G4xx_HAL_Driver/Src/stm32g4xx_hal_smbus.c **** HAL_StatusTypeDef HAL_SMBUS_DisableAlert_IT(SMBUS_HandleTypeDef *hsmbus)
1463:stm/stm32g4xx/STM32G4xx_HAL_Driver/Src/stm32g4xx_hal_smbus.c **** {
1464:stm/stm32g4xx/STM32G4xx_HAL_Driver/Src/stm32g4xx_hal_smbus.c ****   /* Enable SMBus alert */
1465:stm/stm32g4xx/STM32G4xx_HAL_Driver/Src/stm32g4xx_hal_smbus.c ****   hsmbus->Instance->CR1 &= ~I2C_CR1_ALERTEN;
1466:stm/stm32g4xx/STM32G4xx_HAL_Driver/Src/stm32g4xx_hal_smbus.c **** 
1467:stm/stm32g4xx/STM32G4xx_HAL_Driver/Src/stm32g4xx_hal_smbus.c ****   /* Disable Alert Interrupt */
1468:stm/stm32g4xx/STM32G4xx_HAL_Driver/Src/stm32g4xx_hal_smbus.c ****   SMBUS_Disable_IRQ(hsmbus, SMBUS_IT_ALERT);
1469:stm/stm32g4xx/STM32G4xx_HAL_Driver/Src/stm32g4xx_hal_smbus.c **** 
1470:stm/stm32g4xx/STM32G4xx_HAL_Driver/Src/stm32g4xx_hal_smbus.c ****   return HAL_OK;
1471:stm/stm32g4xx/STM32G4xx_HAL_Driver/Src/stm32g4xx_hal_smbus.c **** }
1472:stm/stm32g4xx/STM32G4xx_HAL_Driver/Src/stm32g4xx_hal_smbus.c **** 
1473:stm/stm32g4xx/STM32G4xx_HAL_Driver/Src/stm32g4xx_hal_smbus.c **** /**
1474:stm/stm32g4xx/STM32G4xx_HAL_Driver/Src/stm32g4xx_hal_smbus.c ****   * @brief  Check if target device is ready for communication.
1475:stm/stm32g4xx/STM32G4xx_HAL_Driver/Src/stm32g4xx_hal_smbus.c ****   * @param  hsmbus Pointer to a SMBUS_HandleTypeDef structure that contains
1476:stm/stm32g4xx/STM32G4xx_HAL_Driver/Src/stm32g4xx_hal_smbus.c ****   *                the configuration information for the specified SMBUS.
1477:stm/stm32g4xx/STM32G4xx_HAL_Driver/Src/stm32g4xx_hal_smbus.c ****   * @param  DevAddress Target device address: The device 7 bits address value
1478:stm/stm32g4xx/STM32G4xx_HAL_Driver/Src/stm32g4xx_hal_smbus.c ****   *         in datasheet must be shifted to the left before calling the interface
1479:stm/stm32g4xx/STM32G4xx_HAL_Driver/Src/stm32g4xx_hal_smbus.c ****   * @param  Trials Number of trials
1480:stm/stm32g4xx/STM32G4xx_HAL_Driver/Src/stm32g4xx_hal_smbus.c ****   * @param  Timeout Timeout duration
1481:stm/stm32g4xx/STM32G4xx_HAL_Driver/Src/stm32g4xx_hal_smbus.c ****   * @retval HAL status
1482:stm/stm32g4xx/STM32G4xx_HAL_Driver/Src/stm32g4xx_hal_smbus.c ****   */
1483:stm/stm32g4xx/STM32G4xx_HAL_Driver/Src/stm32g4xx_hal_smbus.c **** HAL_StatusTypeDef HAL_SMBUS_IsDeviceReady(SMBUS_HandleTypeDef *hsmbus, uint16_t DevAddress, uint32_
1484:stm/stm32g4xx/STM32G4xx_HAL_Driver/Src/stm32g4xx_hal_smbus.c ****                                           uint32_t Timeout)
1485:stm/stm32g4xx/STM32G4xx_HAL_Driver/Src/stm32g4xx_hal_smbus.c **** {
1486:stm/stm32g4xx/STM32G4xx_HAL_Driver/Src/stm32g4xx_hal_smbus.c ****   uint32_t tickstart;
1487:stm/stm32g4xx/STM32G4xx_HAL_Driver/Src/stm32g4xx_hal_smbus.c **** 
1488:stm/stm32g4xx/STM32G4xx_HAL_Driver/Src/stm32g4xx_hal_smbus.c ****   __IO uint32_t SMBUS_Trials = 0UL;
1489:stm/stm32g4xx/STM32G4xx_HAL_Driver/Src/stm32g4xx_hal_smbus.c **** 
1490:stm/stm32g4xx/STM32G4xx_HAL_Driver/Src/stm32g4xx_hal_smbus.c ****   FlagStatus tmp1;
1491:stm/stm32g4xx/STM32G4xx_HAL_Driver/Src/stm32g4xx_hal_smbus.c ****   FlagStatus tmp2;
1492:stm/stm32g4xx/STM32G4xx_HAL_Driver/Src/stm32g4xx_hal_smbus.c **** 
1493:stm/stm32g4xx/STM32G4xx_HAL_Driver/Src/stm32g4xx_hal_smbus.c ****   if (hsmbus->State == HAL_SMBUS_STATE_READY)
1494:stm/stm32g4xx/STM32G4xx_HAL_Driver/Src/stm32g4xx_hal_smbus.c ****   {
1495:stm/stm32g4xx/STM32G4xx_HAL_Driver/Src/stm32g4xx_hal_smbus.c ****     if (__HAL_SMBUS_GET_FLAG(hsmbus, SMBUS_FLAG_BUSY) != RESET)
1496:stm/stm32g4xx/STM32G4xx_HAL_Driver/Src/stm32g4xx_hal_smbus.c ****     {
1497:stm/stm32g4xx/STM32G4xx_HAL_Driver/Src/stm32g4xx_hal_smbus.c ****       return HAL_BUSY;
1498:stm/stm32g4xx/STM32G4xx_HAL_Driver/Src/stm32g4xx_hal_smbus.c ****     }
1499:stm/stm32g4xx/STM32G4xx_HAL_Driver/Src/stm32g4xx_hal_smbus.c **** 
1500:stm/stm32g4xx/STM32G4xx_HAL_Driver/Src/stm32g4xx_hal_smbus.c ****     /* Process Locked */
1501:stm/stm32g4xx/STM32G4xx_HAL_Driver/Src/stm32g4xx_hal_smbus.c ****     __HAL_LOCK(hsmbus);
1502:stm/stm32g4xx/STM32G4xx_HAL_Driver/Src/stm32g4xx_hal_smbus.c **** 
1503:stm/stm32g4xx/STM32G4xx_HAL_Driver/Src/stm32g4xx_hal_smbus.c ****     hsmbus->State = HAL_SMBUS_STATE_BUSY;
1504:stm/stm32g4xx/STM32G4xx_HAL_Driver/Src/stm32g4xx_hal_smbus.c ****     hsmbus->ErrorCode = HAL_SMBUS_ERROR_NONE;
1505:stm/stm32g4xx/STM32G4xx_HAL_Driver/Src/stm32g4xx_hal_smbus.c **** 
1506:stm/stm32g4xx/STM32G4xx_HAL_Driver/Src/stm32g4xx_hal_smbus.c ****     do
1507:stm/stm32g4xx/STM32G4xx_HAL_Driver/Src/stm32g4xx_hal_smbus.c ****     {
1508:stm/stm32g4xx/STM32G4xx_HAL_Driver/Src/stm32g4xx_hal_smbus.c ****       /* Generate Start */
1509:stm/stm32g4xx/STM32G4xx_HAL_Driver/Src/stm32g4xx_hal_smbus.c ****       hsmbus->Instance->CR2 = SMBUS_GENERATE_START(hsmbus->Init.AddressingMode, DevAddress);
1510:stm/stm32g4xx/STM32G4xx_HAL_Driver/Src/stm32g4xx_hal_smbus.c **** 
1511:stm/stm32g4xx/STM32G4xx_HAL_Driver/Src/stm32g4xx_hal_smbus.c ****       /* No need to Check TC flag, with AUTOEND mode the stop is automatically generated */
1512:stm/stm32g4xx/STM32G4xx_HAL_Driver/Src/stm32g4xx_hal_smbus.c ****       /* Wait until STOPF flag is set or a NACK flag is set*/
ARM GAS  /tmp/ccPqrEja.s 			page 28


1513:stm/stm32g4xx/STM32G4xx_HAL_Driver/Src/stm32g4xx_hal_smbus.c ****       tickstart = HAL_GetTick();
1514:stm/stm32g4xx/STM32G4xx_HAL_Driver/Src/stm32g4xx_hal_smbus.c **** 
1515:stm/stm32g4xx/STM32G4xx_HAL_Driver/Src/stm32g4xx_hal_smbus.c ****       tmp1 = __HAL_SMBUS_GET_FLAG(hsmbus, SMBUS_FLAG_STOPF);
1516:stm/stm32g4xx/STM32G4xx_HAL_Driver/Src/stm32g4xx_hal_smbus.c ****       tmp2 = __HAL_SMBUS_GET_FLAG(hsmbus, SMBUS_FLAG_AF);
1517:stm/stm32g4xx/STM32G4xx_HAL_Driver/Src/stm32g4xx_hal_smbus.c **** 
1518:stm/stm32g4xx/STM32G4xx_HAL_Driver/Src/stm32g4xx_hal_smbus.c ****       while ((tmp1 == RESET) && (tmp2 == RESET))
1519:stm/stm32g4xx/STM32G4xx_HAL_Driver/Src/stm32g4xx_hal_smbus.c ****       {
1520:stm/stm32g4xx/STM32G4xx_HAL_Driver/Src/stm32g4xx_hal_smbus.c ****         if (Timeout != HAL_MAX_DELAY)
1521:stm/stm32g4xx/STM32G4xx_HAL_Driver/Src/stm32g4xx_hal_smbus.c ****         {
1522:stm/stm32g4xx/STM32G4xx_HAL_Driver/Src/stm32g4xx_hal_smbus.c ****           if (((HAL_GetTick() - tickstart) > Timeout) || (Timeout == 0UL))
1523:stm/stm32g4xx/STM32G4xx_HAL_Driver/Src/stm32g4xx_hal_smbus.c ****           {
1524:stm/stm32g4xx/STM32G4xx_HAL_Driver/Src/stm32g4xx_hal_smbus.c ****             /* Device is ready */
1525:stm/stm32g4xx/STM32G4xx_HAL_Driver/Src/stm32g4xx_hal_smbus.c ****             hsmbus->State = HAL_SMBUS_STATE_READY;
1526:stm/stm32g4xx/STM32G4xx_HAL_Driver/Src/stm32g4xx_hal_smbus.c **** 
1527:stm/stm32g4xx/STM32G4xx_HAL_Driver/Src/stm32g4xx_hal_smbus.c ****             /* Update SMBUS error code */
1528:stm/stm32g4xx/STM32G4xx_HAL_Driver/Src/stm32g4xx_hal_smbus.c ****             hsmbus->ErrorCode |= HAL_SMBUS_ERROR_HALTIMEOUT;
1529:stm/stm32g4xx/STM32G4xx_HAL_Driver/Src/stm32g4xx_hal_smbus.c **** 
1530:stm/stm32g4xx/STM32G4xx_HAL_Driver/Src/stm32g4xx_hal_smbus.c ****             /* Process Unlocked */
1531:stm/stm32g4xx/STM32G4xx_HAL_Driver/Src/stm32g4xx_hal_smbus.c ****             __HAL_UNLOCK(hsmbus);
1532:stm/stm32g4xx/STM32G4xx_HAL_Driver/Src/stm32g4xx_hal_smbus.c ****             return HAL_ERROR;
1533:stm/stm32g4xx/STM32G4xx_HAL_Driver/Src/stm32g4xx_hal_smbus.c ****           }
1534:stm/stm32g4xx/STM32G4xx_HAL_Driver/Src/stm32g4xx_hal_smbus.c ****         }
1535:stm/stm32g4xx/STM32G4xx_HAL_Driver/Src/stm32g4xx_hal_smbus.c **** 
1536:stm/stm32g4xx/STM32G4xx_HAL_Driver/Src/stm32g4xx_hal_smbus.c ****         tmp1 = __HAL_SMBUS_GET_FLAG(hsmbus, SMBUS_FLAG_STOPF);
1537:stm/stm32g4xx/STM32G4xx_HAL_Driver/Src/stm32g4xx_hal_smbus.c ****         tmp2 = __HAL_SMBUS_GET_FLAG(hsmbus, SMBUS_FLAG_AF);
1538:stm/stm32g4xx/STM32G4xx_HAL_Driver/Src/stm32g4xx_hal_smbus.c ****       }
1539:stm/stm32g4xx/STM32G4xx_HAL_Driver/Src/stm32g4xx_hal_smbus.c **** 
1540:stm/stm32g4xx/STM32G4xx_HAL_Driver/Src/stm32g4xx_hal_smbus.c ****       /* Check if the NACKF flag has not been set */
1541:stm/stm32g4xx/STM32G4xx_HAL_Driver/Src/stm32g4xx_hal_smbus.c ****       if (__HAL_SMBUS_GET_FLAG(hsmbus, SMBUS_FLAG_AF) == RESET)
1542:stm/stm32g4xx/STM32G4xx_HAL_Driver/Src/stm32g4xx_hal_smbus.c ****       {
1543:stm/stm32g4xx/STM32G4xx_HAL_Driver/Src/stm32g4xx_hal_smbus.c ****         /* Wait until STOPF flag is reset */
1544:stm/stm32g4xx/STM32G4xx_HAL_Driver/Src/stm32g4xx_hal_smbus.c ****         if (SMBUS_WaitOnFlagUntilTimeout(hsmbus, SMBUS_FLAG_STOPF, RESET, Timeout) != HAL_OK)
1545:stm/stm32g4xx/STM32G4xx_HAL_Driver/Src/stm32g4xx_hal_smbus.c ****         {
1546:stm/stm32g4xx/STM32G4xx_HAL_Driver/Src/stm32g4xx_hal_smbus.c ****           return HAL_ERROR;
1547:stm/stm32g4xx/STM32G4xx_HAL_Driver/Src/stm32g4xx_hal_smbus.c ****         }
1548:stm/stm32g4xx/STM32G4xx_HAL_Driver/Src/stm32g4xx_hal_smbus.c **** 
1549:stm/stm32g4xx/STM32G4xx_HAL_Driver/Src/stm32g4xx_hal_smbus.c ****         /* Clear STOP Flag */
1550:stm/stm32g4xx/STM32G4xx_HAL_Driver/Src/stm32g4xx_hal_smbus.c ****         __HAL_SMBUS_CLEAR_FLAG(hsmbus, SMBUS_FLAG_STOPF);
1551:stm/stm32g4xx/STM32G4xx_HAL_Driver/Src/stm32g4xx_hal_smbus.c **** 
1552:stm/stm32g4xx/STM32G4xx_HAL_Driver/Src/stm32g4xx_hal_smbus.c ****         /* Device is ready */
1553:stm/stm32g4xx/STM32G4xx_HAL_Driver/Src/stm32g4xx_hal_smbus.c ****         hsmbus->State = HAL_SMBUS_STATE_READY;
1554:stm/stm32g4xx/STM32G4xx_HAL_Driver/Src/stm32g4xx_hal_smbus.c **** 
1555:stm/stm32g4xx/STM32G4xx_HAL_Driver/Src/stm32g4xx_hal_smbus.c ****         /* Process Unlocked */
1556:stm/stm32g4xx/STM32G4xx_HAL_Driver/Src/stm32g4xx_hal_smbus.c ****         __HAL_UNLOCK(hsmbus);
1557:stm/stm32g4xx/STM32G4xx_HAL_Driver/Src/stm32g4xx_hal_smbus.c **** 
1558:stm/stm32g4xx/STM32G4xx_HAL_Driver/Src/stm32g4xx_hal_smbus.c ****         return HAL_OK;
1559:stm/stm32g4xx/STM32G4xx_HAL_Driver/Src/stm32g4xx_hal_smbus.c ****       }
1560:stm/stm32g4xx/STM32G4xx_HAL_Driver/Src/stm32g4xx_hal_smbus.c ****       else
1561:stm/stm32g4xx/STM32G4xx_HAL_Driver/Src/stm32g4xx_hal_smbus.c ****       {
1562:stm/stm32g4xx/STM32G4xx_HAL_Driver/Src/stm32g4xx_hal_smbus.c ****         /* Wait until STOPF flag is reset */
1563:stm/stm32g4xx/STM32G4xx_HAL_Driver/Src/stm32g4xx_hal_smbus.c ****         if (SMBUS_WaitOnFlagUntilTimeout(hsmbus, SMBUS_FLAG_STOPF, RESET, Timeout) != HAL_OK)
1564:stm/stm32g4xx/STM32G4xx_HAL_Driver/Src/stm32g4xx_hal_smbus.c ****         {
1565:stm/stm32g4xx/STM32G4xx_HAL_Driver/Src/stm32g4xx_hal_smbus.c ****           return HAL_ERROR;
1566:stm/stm32g4xx/STM32G4xx_HAL_Driver/Src/stm32g4xx_hal_smbus.c ****         }
1567:stm/stm32g4xx/STM32G4xx_HAL_Driver/Src/stm32g4xx_hal_smbus.c **** 
1568:stm/stm32g4xx/STM32G4xx_HAL_Driver/Src/stm32g4xx_hal_smbus.c ****         /* Clear NACK Flag */
1569:stm/stm32g4xx/STM32G4xx_HAL_Driver/Src/stm32g4xx_hal_smbus.c ****         __HAL_SMBUS_CLEAR_FLAG(hsmbus, SMBUS_FLAG_AF);
ARM GAS  /tmp/ccPqrEja.s 			page 29


1570:stm/stm32g4xx/STM32G4xx_HAL_Driver/Src/stm32g4xx_hal_smbus.c **** 
1571:stm/stm32g4xx/STM32G4xx_HAL_Driver/Src/stm32g4xx_hal_smbus.c ****         /* Clear STOP Flag, auto generated with autoend*/
1572:stm/stm32g4xx/STM32G4xx_HAL_Driver/Src/stm32g4xx_hal_smbus.c ****         __HAL_SMBUS_CLEAR_FLAG(hsmbus, SMBUS_FLAG_STOPF);
1573:stm/stm32g4xx/STM32G4xx_HAL_Driver/Src/stm32g4xx_hal_smbus.c ****       }
1574:stm/stm32g4xx/STM32G4xx_HAL_Driver/Src/stm32g4xx_hal_smbus.c **** 
1575:stm/stm32g4xx/STM32G4xx_HAL_Driver/Src/stm32g4xx_hal_smbus.c ****       /* Check if the maximum allowed number of trials has been reached */
1576:stm/stm32g4xx/STM32G4xx_HAL_Driver/Src/stm32g4xx_hal_smbus.c ****       if (SMBUS_Trials == Trials)
1577:stm/stm32g4xx/STM32G4xx_HAL_Driver/Src/stm32g4xx_hal_smbus.c ****       {
1578:stm/stm32g4xx/STM32G4xx_HAL_Driver/Src/stm32g4xx_hal_smbus.c ****         /* Generate Stop */
1579:stm/stm32g4xx/STM32G4xx_HAL_Driver/Src/stm32g4xx_hal_smbus.c ****         hsmbus->Instance->CR2 |= I2C_CR2_STOP;
1580:stm/stm32g4xx/STM32G4xx_HAL_Driver/Src/stm32g4xx_hal_smbus.c **** 
1581:stm/stm32g4xx/STM32G4xx_HAL_Driver/Src/stm32g4xx_hal_smbus.c ****         /* Wait until STOPF flag is reset */
1582:stm/stm32g4xx/STM32G4xx_HAL_Driver/Src/stm32g4xx_hal_smbus.c ****         if (SMBUS_WaitOnFlagUntilTimeout(hsmbus, SMBUS_FLAG_STOPF, RESET, Timeout) != HAL_OK)
1583:stm/stm32g4xx/STM32G4xx_HAL_Driver/Src/stm32g4xx_hal_smbus.c ****         {
1584:stm/stm32g4xx/STM32G4xx_HAL_Driver/Src/stm32g4xx_hal_smbus.c ****           return HAL_ERROR;
1585:stm/stm32g4xx/STM32G4xx_HAL_Driver/Src/stm32g4xx_hal_smbus.c ****         }
1586:stm/stm32g4xx/STM32G4xx_HAL_Driver/Src/stm32g4xx_hal_smbus.c **** 
1587:stm/stm32g4xx/STM32G4xx_HAL_Driver/Src/stm32g4xx_hal_smbus.c ****         /* Clear STOP Flag */
1588:stm/stm32g4xx/STM32G4xx_HAL_Driver/Src/stm32g4xx_hal_smbus.c ****         __HAL_SMBUS_CLEAR_FLAG(hsmbus, SMBUS_FLAG_STOPF);
1589:stm/stm32g4xx/STM32G4xx_HAL_Driver/Src/stm32g4xx_hal_smbus.c ****       }
1590:stm/stm32g4xx/STM32G4xx_HAL_Driver/Src/stm32g4xx_hal_smbus.c **** 
1591:stm/stm32g4xx/STM32G4xx_HAL_Driver/Src/stm32g4xx_hal_smbus.c ****       /* Increment Trials */
1592:stm/stm32g4xx/STM32G4xx_HAL_Driver/Src/stm32g4xx_hal_smbus.c ****       SMBUS_Trials++;
1593:stm/stm32g4xx/STM32G4xx_HAL_Driver/Src/stm32g4xx_hal_smbus.c ****     } while (SMBUS_Trials < Trials);
1594:stm/stm32g4xx/STM32G4xx_HAL_Driver/Src/stm32g4xx_hal_smbus.c **** 
1595:stm/stm32g4xx/STM32G4xx_HAL_Driver/Src/stm32g4xx_hal_smbus.c ****     hsmbus->State = HAL_SMBUS_STATE_READY;
1596:stm/stm32g4xx/STM32G4xx_HAL_Driver/Src/stm32g4xx_hal_smbus.c **** 
1597:stm/stm32g4xx/STM32G4xx_HAL_Driver/Src/stm32g4xx_hal_smbus.c ****     /* Update SMBUS error code */
1598:stm/stm32g4xx/STM32G4xx_HAL_Driver/Src/stm32g4xx_hal_smbus.c ****     hsmbus->ErrorCode |= HAL_SMBUS_ERROR_HALTIMEOUT;
1599:stm/stm32g4xx/STM32G4xx_HAL_Driver/Src/stm32g4xx_hal_smbus.c **** 
1600:stm/stm32g4xx/STM32G4xx_HAL_Driver/Src/stm32g4xx_hal_smbus.c ****     /* Process Unlocked */
1601:stm/stm32g4xx/STM32G4xx_HAL_Driver/Src/stm32g4xx_hal_smbus.c ****     __HAL_UNLOCK(hsmbus);
1602:stm/stm32g4xx/STM32G4xx_HAL_Driver/Src/stm32g4xx_hal_smbus.c **** 
1603:stm/stm32g4xx/STM32G4xx_HAL_Driver/Src/stm32g4xx_hal_smbus.c ****     return HAL_ERROR;
1604:stm/stm32g4xx/STM32G4xx_HAL_Driver/Src/stm32g4xx_hal_smbus.c ****   }
1605:stm/stm32g4xx/STM32G4xx_HAL_Driver/Src/stm32g4xx_hal_smbus.c ****   else
1606:stm/stm32g4xx/STM32G4xx_HAL_Driver/Src/stm32g4xx_hal_smbus.c ****   {
1607:stm/stm32g4xx/STM32G4xx_HAL_Driver/Src/stm32g4xx_hal_smbus.c ****     return HAL_BUSY;
1608:stm/stm32g4xx/STM32G4xx_HAL_Driver/Src/stm32g4xx_hal_smbus.c ****   }
1609:stm/stm32g4xx/STM32G4xx_HAL_Driver/Src/stm32g4xx_hal_smbus.c **** }
1610:stm/stm32g4xx/STM32G4xx_HAL_Driver/Src/stm32g4xx_hal_smbus.c **** /**
1611:stm/stm32g4xx/STM32G4xx_HAL_Driver/Src/stm32g4xx_hal_smbus.c ****   * @}
1612:stm/stm32g4xx/STM32G4xx_HAL_Driver/Src/stm32g4xx_hal_smbus.c ****   */
1613:stm/stm32g4xx/STM32G4xx_HAL_Driver/Src/stm32g4xx_hal_smbus.c **** 
1614:stm/stm32g4xx/STM32G4xx_HAL_Driver/Src/stm32g4xx_hal_smbus.c **** /** @defgroup SMBUS_IRQ_Handler_and_Callbacks IRQ Handler and Callbacks
1615:stm/stm32g4xx/STM32G4xx_HAL_Driver/Src/stm32g4xx_hal_smbus.c ****   * @{
1616:stm/stm32g4xx/STM32G4xx_HAL_Driver/Src/stm32g4xx_hal_smbus.c ****   */
1617:stm/stm32g4xx/STM32G4xx_HAL_Driver/Src/stm32g4xx_hal_smbus.c **** 
1618:stm/stm32g4xx/STM32G4xx_HAL_Driver/Src/stm32g4xx_hal_smbus.c **** /**
1619:stm/stm32g4xx/STM32G4xx_HAL_Driver/Src/stm32g4xx_hal_smbus.c ****   * @brief  Handle SMBUS event interrupt request.
1620:stm/stm32g4xx/STM32G4xx_HAL_Driver/Src/stm32g4xx_hal_smbus.c ****   * @param  hsmbus Pointer to a SMBUS_HandleTypeDef structure that contains
1621:stm/stm32g4xx/STM32G4xx_HAL_Driver/Src/stm32g4xx_hal_smbus.c ****   *                the configuration information for the specified SMBUS.
1622:stm/stm32g4xx/STM32G4xx_HAL_Driver/Src/stm32g4xx_hal_smbus.c ****   * @retval None
1623:stm/stm32g4xx/STM32G4xx_HAL_Driver/Src/stm32g4xx_hal_smbus.c ****   */
1624:stm/stm32g4xx/STM32G4xx_HAL_Driver/Src/stm32g4xx_hal_smbus.c **** void HAL_SMBUS_EV_IRQHandler(SMBUS_HandleTypeDef *hsmbus)
1625:stm/stm32g4xx/STM32G4xx_HAL_Driver/Src/stm32g4xx_hal_smbus.c **** {
1626:stm/stm32g4xx/STM32G4xx_HAL_Driver/Src/stm32g4xx_hal_smbus.c ****   /* Use a local variable to store the current ISR flags */
ARM GAS  /tmp/ccPqrEja.s 			page 30


1627:stm/stm32g4xx/STM32G4xx_HAL_Driver/Src/stm32g4xx_hal_smbus.c ****   /* This action will avoid a wrong treatment due to ISR flags change during interrupt handler */
1628:stm/stm32g4xx/STM32G4xx_HAL_Driver/Src/stm32g4xx_hal_smbus.c ****   uint32_t tmpisrvalue = READ_REG(hsmbus->Instance->ISR);
1629:stm/stm32g4xx/STM32G4xx_HAL_Driver/Src/stm32g4xx_hal_smbus.c ****   uint32_t tmpcr1value = READ_REG(hsmbus->Instance->CR1);
1630:stm/stm32g4xx/STM32G4xx_HAL_Driver/Src/stm32g4xx_hal_smbus.c **** 
1631:stm/stm32g4xx/STM32G4xx_HAL_Driver/Src/stm32g4xx_hal_smbus.c ****   /* SMBUS in mode Transmitter ---------------------------------------------------*/
1632:stm/stm32g4xx/STM32G4xx_HAL_Driver/Src/stm32g4xx_hal_smbus.c ****   if ((SMBUS_CHECK_IT_SOURCE(tmpcr1value, (SMBUS_IT_TCI | SMBUS_IT_STOPI |
1633:stm/stm32g4xx/STM32G4xx_HAL_Driver/Src/stm32g4xx_hal_smbus.c ****                                            SMBUS_IT_NACKI | SMBUS_IT_TXI)) != RESET) &&
1634:stm/stm32g4xx/STM32G4xx_HAL_Driver/Src/stm32g4xx_hal_smbus.c ****       ((SMBUS_CHECK_FLAG(tmpisrvalue, SMBUS_FLAG_TXIS) != RESET) ||
1635:stm/stm32g4xx/STM32G4xx_HAL_Driver/Src/stm32g4xx_hal_smbus.c ****        (SMBUS_CHECK_FLAG(tmpisrvalue, SMBUS_FLAG_TCR) != RESET) ||
1636:stm/stm32g4xx/STM32G4xx_HAL_Driver/Src/stm32g4xx_hal_smbus.c ****        (SMBUS_CHECK_FLAG(tmpisrvalue, SMBUS_FLAG_TC) != RESET) ||
1637:stm/stm32g4xx/STM32G4xx_HAL_Driver/Src/stm32g4xx_hal_smbus.c ****        (SMBUS_CHECK_FLAG(tmpisrvalue, SMBUS_FLAG_STOPF) != RESET) ||
1638:stm/stm32g4xx/STM32G4xx_HAL_Driver/Src/stm32g4xx_hal_smbus.c ****        (SMBUS_CHECK_FLAG(tmpisrvalue, SMBUS_FLAG_AF) != RESET)))
1639:stm/stm32g4xx/STM32G4xx_HAL_Driver/Src/stm32g4xx_hal_smbus.c ****   {
1640:stm/stm32g4xx/STM32G4xx_HAL_Driver/Src/stm32g4xx_hal_smbus.c ****     /* Slave mode selected */
1641:stm/stm32g4xx/STM32G4xx_HAL_Driver/Src/stm32g4xx_hal_smbus.c ****     if ((hsmbus->State & HAL_SMBUS_STATE_SLAVE_BUSY_TX) == HAL_SMBUS_STATE_SLAVE_BUSY_TX)
1642:stm/stm32g4xx/STM32G4xx_HAL_Driver/Src/stm32g4xx_hal_smbus.c ****     {
1643:stm/stm32g4xx/STM32G4xx_HAL_Driver/Src/stm32g4xx_hal_smbus.c ****       (void)SMBUS_Slave_ISR(hsmbus, tmpisrvalue);
1644:stm/stm32g4xx/STM32G4xx_HAL_Driver/Src/stm32g4xx_hal_smbus.c ****     }
1645:stm/stm32g4xx/STM32G4xx_HAL_Driver/Src/stm32g4xx_hal_smbus.c ****     /* Master mode selected */
1646:stm/stm32g4xx/STM32G4xx_HAL_Driver/Src/stm32g4xx_hal_smbus.c ****     else if ((hsmbus->State & HAL_SMBUS_STATE_MASTER_BUSY_TX) == HAL_SMBUS_STATE_MASTER_BUSY_TX)
1647:stm/stm32g4xx/STM32G4xx_HAL_Driver/Src/stm32g4xx_hal_smbus.c ****     {
1648:stm/stm32g4xx/STM32G4xx_HAL_Driver/Src/stm32g4xx_hal_smbus.c ****       (void)SMBUS_Master_ISR(hsmbus, tmpisrvalue);
1649:stm/stm32g4xx/STM32G4xx_HAL_Driver/Src/stm32g4xx_hal_smbus.c ****     }
1650:stm/stm32g4xx/STM32G4xx_HAL_Driver/Src/stm32g4xx_hal_smbus.c ****     else
1651:stm/stm32g4xx/STM32G4xx_HAL_Driver/Src/stm32g4xx_hal_smbus.c ****     {
1652:stm/stm32g4xx/STM32G4xx_HAL_Driver/Src/stm32g4xx_hal_smbus.c ****       /* Nothing to do */
1653:stm/stm32g4xx/STM32G4xx_HAL_Driver/Src/stm32g4xx_hal_smbus.c ****     }
1654:stm/stm32g4xx/STM32G4xx_HAL_Driver/Src/stm32g4xx_hal_smbus.c ****   }
1655:stm/stm32g4xx/STM32G4xx_HAL_Driver/Src/stm32g4xx_hal_smbus.c **** 
1656:stm/stm32g4xx/STM32G4xx_HAL_Driver/Src/stm32g4xx_hal_smbus.c ****   /* SMBUS in mode Receiver ----------------------------------------------------*/
1657:stm/stm32g4xx/STM32G4xx_HAL_Driver/Src/stm32g4xx_hal_smbus.c ****   if ((SMBUS_CHECK_IT_SOURCE(tmpcr1value, (SMBUS_IT_TCI | SMBUS_IT_STOPI |
1658:stm/stm32g4xx/STM32G4xx_HAL_Driver/Src/stm32g4xx_hal_smbus.c ****                                            SMBUS_IT_NACKI | SMBUS_IT_RXI)) != RESET) &&
1659:stm/stm32g4xx/STM32G4xx_HAL_Driver/Src/stm32g4xx_hal_smbus.c ****       ((SMBUS_CHECK_FLAG(tmpisrvalue, SMBUS_FLAG_RXNE) != RESET) ||
1660:stm/stm32g4xx/STM32G4xx_HAL_Driver/Src/stm32g4xx_hal_smbus.c ****        (SMBUS_CHECK_FLAG(tmpisrvalue, SMBUS_FLAG_TCR) != RESET) ||
1661:stm/stm32g4xx/STM32G4xx_HAL_Driver/Src/stm32g4xx_hal_smbus.c ****        (SMBUS_CHECK_FLAG(tmpisrvalue, SMBUS_FLAG_TC) != RESET) ||
1662:stm/stm32g4xx/STM32G4xx_HAL_Driver/Src/stm32g4xx_hal_smbus.c ****        (SMBUS_CHECK_FLAG(tmpisrvalue, SMBUS_FLAG_STOPF) != RESET) ||
1663:stm/stm32g4xx/STM32G4xx_HAL_Driver/Src/stm32g4xx_hal_smbus.c ****        (SMBUS_CHECK_FLAG(tmpisrvalue, SMBUS_FLAG_AF) != RESET)))
1664:stm/stm32g4xx/STM32G4xx_HAL_Driver/Src/stm32g4xx_hal_smbus.c ****   {
1665:stm/stm32g4xx/STM32G4xx_HAL_Driver/Src/stm32g4xx_hal_smbus.c ****     /* Slave mode selected */
1666:stm/stm32g4xx/STM32G4xx_HAL_Driver/Src/stm32g4xx_hal_smbus.c ****     if ((hsmbus->State & HAL_SMBUS_STATE_SLAVE_BUSY_RX) == HAL_SMBUS_STATE_SLAVE_BUSY_RX)
1667:stm/stm32g4xx/STM32G4xx_HAL_Driver/Src/stm32g4xx_hal_smbus.c ****     {
1668:stm/stm32g4xx/STM32G4xx_HAL_Driver/Src/stm32g4xx_hal_smbus.c ****       (void)SMBUS_Slave_ISR(hsmbus, tmpisrvalue);
1669:stm/stm32g4xx/STM32G4xx_HAL_Driver/Src/stm32g4xx_hal_smbus.c ****     }
1670:stm/stm32g4xx/STM32G4xx_HAL_Driver/Src/stm32g4xx_hal_smbus.c ****     /* Master mode selected */
1671:stm/stm32g4xx/STM32G4xx_HAL_Driver/Src/stm32g4xx_hal_smbus.c ****     else if ((hsmbus->State & HAL_SMBUS_STATE_MASTER_BUSY_RX) == HAL_SMBUS_STATE_MASTER_BUSY_RX)
1672:stm/stm32g4xx/STM32G4xx_HAL_Driver/Src/stm32g4xx_hal_smbus.c ****     {
1673:stm/stm32g4xx/STM32G4xx_HAL_Driver/Src/stm32g4xx_hal_smbus.c ****       (void)SMBUS_Master_ISR(hsmbus, tmpisrvalue);
1674:stm/stm32g4xx/STM32G4xx_HAL_Driver/Src/stm32g4xx_hal_smbus.c ****     }
1675:stm/stm32g4xx/STM32G4xx_HAL_Driver/Src/stm32g4xx_hal_smbus.c ****     else
1676:stm/stm32g4xx/STM32G4xx_HAL_Driver/Src/stm32g4xx_hal_smbus.c ****     {
1677:stm/stm32g4xx/STM32G4xx_HAL_Driver/Src/stm32g4xx_hal_smbus.c ****       /* Nothing to do */
1678:stm/stm32g4xx/STM32G4xx_HAL_Driver/Src/stm32g4xx_hal_smbus.c ****     }
1679:stm/stm32g4xx/STM32G4xx_HAL_Driver/Src/stm32g4xx_hal_smbus.c ****   }
1680:stm/stm32g4xx/STM32G4xx_HAL_Driver/Src/stm32g4xx_hal_smbus.c **** 
1681:stm/stm32g4xx/STM32G4xx_HAL_Driver/Src/stm32g4xx_hal_smbus.c ****   /* SMBUS in mode Listener Only --------------------------------------------------*/
1682:stm/stm32g4xx/STM32G4xx_HAL_Driver/Src/stm32g4xx_hal_smbus.c ****   if (((SMBUS_CHECK_IT_SOURCE(tmpcr1value, SMBUS_IT_ADDRI) != RESET) ||
1683:stm/stm32g4xx/STM32G4xx_HAL_Driver/Src/stm32g4xx_hal_smbus.c ****        (SMBUS_CHECK_IT_SOURCE(tmpcr1value, SMBUS_IT_STOPI) != RESET) ||
ARM GAS  /tmp/ccPqrEja.s 			page 31


1684:stm/stm32g4xx/STM32G4xx_HAL_Driver/Src/stm32g4xx_hal_smbus.c ****        (SMBUS_CHECK_IT_SOURCE(tmpcr1value, SMBUS_IT_NACKI) != RESET)) &&
1685:stm/stm32g4xx/STM32G4xx_HAL_Driver/Src/stm32g4xx_hal_smbus.c ****       ((SMBUS_CHECK_FLAG(tmpisrvalue, SMBUS_FLAG_ADDR) != RESET) ||
1686:stm/stm32g4xx/STM32G4xx_HAL_Driver/Src/stm32g4xx_hal_smbus.c ****        (SMBUS_CHECK_FLAG(tmpisrvalue, SMBUS_FLAG_STOPF) != RESET) ||
1687:stm/stm32g4xx/STM32G4xx_HAL_Driver/Src/stm32g4xx_hal_smbus.c ****        (SMBUS_CHECK_FLAG(tmpisrvalue, SMBUS_FLAG_AF) != RESET)))
1688:stm/stm32g4xx/STM32G4xx_HAL_Driver/Src/stm32g4xx_hal_smbus.c ****   {
1689:stm/stm32g4xx/STM32G4xx_HAL_Driver/Src/stm32g4xx_hal_smbus.c ****     if ((hsmbus->State & HAL_SMBUS_STATE_LISTEN) == HAL_SMBUS_STATE_LISTEN)
1690:stm/stm32g4xx/STM32G4xx_HAL_Driver/Src/stm32g4xx_hal_smbus.c ****     {
1691:stm/stm32g4xx/STM32G4xx_HAL_Driver/Src/stm32g4xx_hal_smbus.c ****       (void)SMBUS_Slave_ISR(hsmbus, tmpisrvalue);
1692:stm/stm32g4xx/STM32G4xx_HAL_Driver/Src/stm32g4xx_hal_smbus.c ****     }
1693:stm/stm32g4xx/STM32G4xx_HAL_Driver/Src/stm32g4xx_hal_smbus.c ****   }
1694:stm/stm32g4xx/STM32G4xx_HAL_Driver/Src/stm32g4xx_hal_smbus.c **** }
1695:stm/stm32g4xx/STM32G4xx_HAL_Driver/Src/stm32g4xx_hal_smbus.c **** 
1696:stm/stm32g4xx/STM32G4xx_HAL_Driver/Src/stm32g4xx_hal_smbus.c **** /**
1697:stm/stm32g4xx/STM32G4xx_HAL_Driver/Src/stm32g4xx_hal_smbus.c ****   * @brief  Handle SMBUS error interrupt request.
1698:stm/stm32g4xx/STM32G4xx_HAL_Driver/Src/stm32g4xx_hal_smbus.c ****   * @param  hsmbus Pointer to a SMBUS_HandleTypeDef structure that contains
1699:stm/stm32g4xx/STM32G4xx_HAL_Driver/Src/stm32g4xx_hal_smbus.c ****   *                the configuration information for the specified SMBUS.
1700:stm/stm32g4xx/STM32G4xx_HAL_Driver/Src/stm32g4xx_hal_smbus.c ****   * @retval None
1701:stm/stm32g4xx/STM32G4xx_HAL_Driver/Src/stm32g4xx_hal_smbus.c ****   */
1702:stm/stm32g4xx/STM32G4xx_HAL_Driver/Src/stm32g4xx_hal_smbus.c **** void HAL_SMBUS_ER_IRQHandler(SMBUS_HandleTypeDef *hsmbus)
1703:stm/stm32g4xx/STM32G4xx_HAL_Driver/Src/stm32g4xx_hal_smbus.c **** {
1704:stm/stm32g4xx/STM32G4xx_HAL_Driver/Src/stm32g4xx_hal_smbus.c ****   SMBUS_ITErrorHandler(hsmbus);
1705:stm/stm32g4xx/STM32G4xx_HAL_Driver/Src/stm32g4xx_hal_smbus.c **** }
1706:stm/stm32g4xx/STM32G4xx_HAL_Driver/Src/stm32g4xx_hal_smbus.c **** 
1707:stm/stm32g4xx/STM32G4xx_HAL_Driver/Src/stm32g4xx_hal_smbus.c **** /**
1708:stm/stm32g4xx/STM32G4xx_HAL_Driver/Src/stm32g4xx_hal_smbus.c ****   * @brief  Master Tx Transfer completed callback.
1709:stm/stm32g4xx/STM32G4xx_HAL_Driver/Src/stm32g4xx_hal_smbus.c ****   * @param  hsmbus Pointer to a SMBUS_HandleTypeDef structure that contains
1710:stm/stm32g4xx/STM32G4xx_HAL_Driver/Src/stm32g4xx_hal_smbus.c ****   *                the configuration information for the specified SMBUS.
1711:stm/stm32g4xx/STM32G4xx_HAL_Driver/Src/stm32g4xx_hal_smbus.c ****   * @retval None
1712:stm/stm32g4xx/STM32G4xx_HAL_Driver/Src/stm32g4xx_hal_smbus.c ****   */
1713:stm/stm32g4xx/STM32G4xx_HAL_Driver/Src/stm32g4xx_hal_smbus.c **** __weak void HAL_SMBUS_MasterTxCpltCallback(SMBUS_HandleTypeDef *hsmbus)
1714:stm/stm32g4xx/STM32G4xx_HAL_Driver/Src/stm32g4xx_hal_smbus.c **** {
1715:stm/stm32g4xx/STM32G4xx_HAL_Driver/Src/stm32g4xx_hal_smbus.c ****   /* Prevent unused argument(s) compilation warning */
1716:stm/stm32g4xx/STM32G4xx_HAL_Driver/Src/stm32g4xx_hal_smbus.c ****   UNUSED(hsmbus);
1717:stm/stm32g4xx/STM32G4xx_HAL_Driver/Src/stm32g4xx_hal_smbus.c **** 
1718:stm/stm32g4xx/STM32G4xx_HAL_Driver/Src/stm32g4xx_hal_smbus.c ****   /* NOTE : This function should not be modified, when the callback is needed,
1719:stm/stm32g4xx/STM32G4xx_HAL_Driver/Src/stm32g4xx_hal_smbus.c ****             the HAL_SMBUS_MasterTxCpltCallback() could be implemented in the user file
1720:stm/stm32g4xx/STM32G4xx_HAL_Driver/Src/stm32g4xx_hal_smbus.c ****    */
1721:stm/stm32g4xx/STM32G4xx_HAL_Driver/Src/stm32g4xx_hal_smbus.c **** }
1722:stm/stm32g4xx/STM32G4xx_HAL_Driver/Src/stm32g4xx_hal_smbus.c **** 
1723:stm/stm32g4xx/STM32G4xx_HAL_Driver/Src/stm32g4xx_hal_smbus.c **** /**
1724:stm/stm32g4xx/STM32G4xx_HAL_Driver/Src/stm32g4xx_hal_smbus.c ****   * @brief  Master Rx Transfer completed callback.
1725:stm/stm32g4xx/STM32G4xx_HAL_Driver/Src/stm32g4xx_hal_smbus.c ****   * @param  hsmbus Pointer to a SMBUS_HandleTypeDef structure that contains
1726:stm/stm32g4xx/STM32G4xx_HAL_Driver/Src/stm32g4xx_hal_smbus.c ****   *                the configuration information for the specified SMBUS.
1727:stm/stm32g4xx/STM32G4xx_HAL_Driver/Src/stm32g4xx_hal_smbus.c ****   * @retval None
1728:stm/stm32g4xx/STM32G4xx_HAL_Driver/Src/stm32g4xx_hal_smbus.c ****   */
1729:stm/stm32g4xx/STM32G4xx_HAL_Driver/Src/stm32g4xx_hal_smbus.c **** __weak void HAL_SMBUS_MasterRxCpltCallback(SMBUS_HandleTypeDef *hsmbus)
1730:stm/stm32g4xx/STM32G4xx_HAL_Driver/Src/stm32g4xx_hal_smbus.c **** {
1731:stm/stm32g4xx/STM32G4xx_HAL_Driver/Src/stm32g4xx_hal_smbus.c ****   /* Prevent unused argument(s) compilation warning */
1732:stm/stm32g4xx/STM32G4xx_HAL_Driver/Src/stm32g4xx_hal_smbus.c ****   UNUSED(hsmbus);
1733:stm/stm32g4xx/STM32G4xx_HAL_Driver/Src/stm32g4xx_hal_smbus.c **** 
1734:stm/stm32g4xx/STM32G4xx_HAL_Driver/Src/stm32g4xx_hal_smbus.c ****   /* NOTE : This function should not be modified, when the callback is needed,
1735:stm/stm32g4xx/STM32G4xx_HAL_Driver/Src/stm32g4xx_hal_smbus.c ****             the HAL_SMBUS_MasterRxCpltCallback() could be implemented in the user file
1736:stm/stm32g4xx/STM32G4xx_HAL_Driver/Src/stm32g4xx_hal_smbus.c ****    */
1737:stm/stm32g4xx/STM32G4xx_HAL_Driver/Src/stm32g4xx_hal_smbus.c **** }
1738:stm/stm32g4xx/STM32G4xx_HAL_Driver/Src/stm32g4xx_hal_smbus.c **** 
1739:stm/stm32g4xx/STM32G4xx_HAL_Driver/Src/stm32g4xx_hal_smbus.c **** /** @brief  Slave Tx Transfer completed callback.
1740:stm/stm32g4xx/STM32G4xx_HAL_Driver/Src/stm32g4xx_hal_smbus.c ****   * @param  hsmbus Pointer to a SMBUS_HandleTypeDef structure that contains
ARM GAS  /tmp/ccPqrEja.s 			page 32


1741:stm/stm32g4xx/STM32G4xx_HAL_Driver/Src/stm32g4xx_hal_smbus.c ****   *                the configuration information for the specified SMBUS.
1742:stm/stm32g4xx/STM32G4xx_HAL_Driver/Src/stm32g4xx_hal_smbus.c ****   * @retval None
1743:stm/stm32g4xx/STM32G4xx_HAL_Driver/Src/stm32g4xx_hal_smbus.c ****   */
1744:stm/stm32g4xx/STM32G4xx_HAL_Driver/Src/stm32g4xx_hal_smbus.c **** __weak void HAL_SMBUS_SlaveTxCpltCallback(SMBUS_HandleTypeDef *hsmbus)
1745:stm/stm32g4xx/STM32G4xx_HAL_Driver/Src/stm32g4xx_hal_smbus.c **** {
1746:stm/stm32g4xx/STM32G4xx_HAL_Driver/Src/stm32g4xx_hal_smbus.c ****   /* Prevent unused argument(s) compilation warning */
1747:stm/stm32g4xx/STM32G4xx_HAL_Driver/Src/stm32g4xx_hal_smbus.c ****   UNUSED(hsmbus);
1748:stm/stm32g4xx/STM32G4xx_HAL_Driver/Src/stm32g4xx_hal_smbus.c **** 
1749:stm/stm32g4xx/STM32G4xx_HAL_Driver/Src/stm32g4xx_hal_smbus.c ****   /* NOTE : This function should not be modified, when the callback is needed,
1750:stm/stm32g4xx/STM32G4xx_HAL_Driver/Src/stm32g4xx_hal_smbus.c ****             the HAL_SMBUS_SlaveTxCpltCallback() could be implemented in the user file
1751:stm/stm32g4xx/STM32G4xx_HAL_Driver/Src/stm32g4xx_hal_smbus.c ****    */
1752:stm/stm32g4xx/STM32G4xx_HAL_Driver/Src/stm32g4xx_hal_smbus.c **** }
1753:stm/stm32g4xx/STM32G4xx_HAL_Driver/Src/stm32g4xx_hal_smbus.c **** 
1754:stm/stm32g4xx/STM32G4xx_HAL_Driver/Src/stm32g4xx_hal_smbus.c **** /**
1755:stm/stm32g4xx/STM32G4xx_HAL_Driver/Src/stm32g4xx_hal_smbus.c ****   * @brief  Slave Rx Transfer completed callback.
1756:stm/stm32g4xx/STM32G4xx_HAL_Driver/Src/stm32g4xx_hal_smbus.c ****   * @param  hsmbus Pointer to a SMBUS_HandleTypeDef structure that contains
1757:stm/stm32g4xx/STM32G4xx_HAL_Driver/Src/stm32g4xx_hal_smbus.c ****   *                the configuration information for the specified SMBUS.
1758:stm/stm32g4xx/STM32G4xx_HAL_Driver/Src/stm32g4xx_hal_smbus.c ****   * @retval None
1759:stm/stm32g4xx/STM32G4xx_HAL_Driver/Src/stm32g4xx_hal_smbus.c ****   */
1760:stm/stm32g4xx/STM32G4xx_HAL_Driver/Src/stm32g4xx_hal_smbus.c **** __weak void HAL_SMBUS_SlaveRxCpltCallback(SMBUS_HandleTypeDef *hsmbus)
1761:stm/stm32g4xx/STM32G4xx_HAL_Driver/Src/stm32g4xx_hal_smbus.c **** {
1762:stm/stm32g4xx/STM32G4xx_HAL_Driver/Src/stm32g4xx_hal_smbus.c ****   /* Prevent unused argument(s) compilation warning */
1763:stm/stm32g4xx/STM32G4xx_HAL_Driver/Src/stm32g4xx_hal_smbus.c ****   UNUSED(hsmbus);
1764:stm/stm32g4xx/STM32G4xx_HAL_Driver/Src/stm32g4xx_hal_smbus.c **** 
1765:stm/stm32g4xx/STM32G4xx_HAL_Driver/Src/stm32g4xx_hal_smbus.c ****   /* NOTE : This function should not be modified, when the callback is needed,
1766:stm/stm32g4xx/STM32G4xx_HAL_Driver/Src/stm32g4xx_hal_smbus.c ****             the HAL_SMBUS_SlaveRxCpltCallback() could be implemented in the user file
1767:stm/stm32g4xx/STM32G4xx_HAL_Driver/Src/stm32g4xx_hal_smbus.c ****    */
1768:stm/stm32g4xx/STM32G4xx_HAL_Driver/Src/stm32g4xx_hal_smbus.c **** }
1769:stm/stm32g4xx/STM32G4xx_HAL_Driver/Src/stm32g4xx_hal_smbus.c **** 
1770:stm/stm32g4xx/STM32G4xx_HAL_Driver/Src/stm32g4xx_hal_smbus.c **** /**
1771:stm/stm32g4xx/STM32G4xx_HAL_Driver/Src/stm32g4xx_hal_smbus.c ****   * @brief  Slave Address Match callback.
1772:stm/stm32g4xx/STM32G4xx_HAL_Driver/Src/stm32g4xx_hal_smbus.c ****   * @param  hsmbus Pointer to a SMBUS_HandleTypeDef structure that contains
1773:stm/stm32g4xx/STM32G4xx_HAL_Driver/Src/stm32g4xx_hal_smbus.c ****   *                the configuration information for the specified SMBUS.
1774:stm/stm32g4xx/STM32G4xx_HAL_Driver/Src/stm32g4xx_hal_smbus.c ****   * @param  TransferDirection Master request Transfer Direction (Write/Read)
1775:stm/stm32g4xx/STM32G4xx_HAL_Driver/Src/stm32g4xx_hal_smbus.c ****   * @param  AddrMatchCode Address Match Code
1776:stm/stm32g4xx/STM32G4xx_HAL_Driver/Src/stm32g4xx_hal_smbus.c ****   * @retval None
1777:stm/stm32g4xx/STM32G4xx_HAL_Driver/Src/stm32g4xx_hal_smbus.c ****   */
1778:stm/stm32g4xx/STM32G4xx_HAL_Driver/Src/stm32g4xx_hal_smbus.c **** __weak void HAL_SMBUS_AddrCallback(SMBUS_HandleTypeDef *hsmbus, uint8_t TransferDirection,
1779:stm/stm32g4xx/STM32G4xx_HAL_Driver/Src/stm32g4xx_hal_smbus.c ****                                    uint16_t AddrMatchCode)
1780:stm/stm32g4xx/STM32G4xx_HAL_Driver/Src/stm32g4xx_hal_smbus.c **** {
1781:stm/stm32g4xx/STM32G4xx_HAL_Driver/Src/stm32g4xx_hal_smbus.c ****   /* Prevent unused argument(s) compilation warning */
1782:stm/stm32g4xx/STM32G4xx_HAL_Driver/Src/stm32g4xx_hal_smbus.c ****   UNUSED(hsmbus);
1783:stm/stm32g4xx/STM32G4xx_HAL_Driver/Src/stm32g4xx_hal_smbus.c ****   UNUSED(TransferDirection);
1784:stm/stm32g4xx/STM32G4xx_HAL_Driver/Src/stm32g4xx_hal_smbus.c ****   UNUSED(AddrMatchCode);
1785:stm/stm32g4xx/STM32G4xx_HAL_Driver/Src/stm32g4xx_hal_smbus.c **** 
1786:stm/stm32g4xx/STM32G4xx_HAL_Driver/Src/stm32g4xx_hal_smbus.c ****   /* NOTE : This function should not be modified, when the callback is needed,
1787:stm/stm32g4xx/STM32G4xx_HAL_Driver/Src/stm32g4xx_hal_smbus.c ****             the HAL_SMBUS_AddrCallback() could be implemented in the user file
1788:stm/stm32g4xx/STM32G4xx_HAL_Driver/Src/stm32g4xx_hal_smbus.c ****    */
1789:stm/stm32g4xx/STM32G4xx_HAL_Driver/Src/stm32g4xx_hal_smbus.c **** }
1790:stm/stm32g4xx/STM32G4xx_HAL_Driver/Src/stm32g4xx_hal_smbus.c **** 
1791:stm/stm32g4xx/STM32G4xx_HAL_Driver/Src/stm32g4xx_hal_smbus.c **** /**
1792:stm/stm32g4xx/STM32G4xx_HAL_Driver/Src/stm32g4xx_hal_smbus.c ****   * @brief  Listen Complete callback.
1793:stm/stm32g4xx/STM32G4xx_HAL_Driver/Src/stm32g4xx_hal_smbus.c ****   * @param  hsmbus Pointer to a SMBUS_HandleTypeDef structure that contains
1794:stm/stm32g4xx/STM32G4xx_HAL_Driver/Src/stm32g4xx_hal_smbus.c ****   *                the configuration information for the specified SMBUS.
1795:stm/stm32g4xx/STM32G4xx_HAL_Driver/Src/stm32g4xx_hal_smbus.c ****   * @retval None
1796:stm/stm32g4xx/STM32G4xx_HAL_Driver/Src/stm32g4xx_hal_smbus.c ****   */
1797:stm/stm32g4xx/STM32G4xx_HAL_Driver/Src/stm32g4xx_hal_smbus.c **** __weak void HAL_SMBUS_ListenCpltCallback(SMBUS_HandleTypeDef *hsmbus)
ARM GAS  /tmp/ccPqrEja.s 			page 33


1798:stm/stm32g4xx/STM32G4xx_HAL_Driver/Src/stm32g4xx_hal_smbus.c **** {
1799:stm/stm32g4xx/STM32G4xx_HAL_Driver/Src/stm32g4xx_hal_smbus.c ****   /* Prevent unused argument(s) compilation warning */
1800:stm/stm32g4xx/STM32G4xx_HAL_Driver/Src/stm32g4xx_hal_smbus.c ****   UNUSED(hsmbus);
1801:stm/stm32g4xx/STM32G4xx_HAL_Driver/Src/stm32g4xx_hal_smbus.c **** 
1802:stm/stm32g4xx/STM32G4xx_HAL_Driver/Src/stm32g4xx_hal_smbus.c ****   /* NOTE : This function should not be modified, when the callback is needed,
1803:stm/stm32g4xx/STM32G4xx_HAL_Driver/Src/stm32g4xx_hal_smbus.c ****             the HAL_SMBUS_ListenCpltCallback() could be implemented in the user file
1804:stm/stm32g4xx/STM32G4xx_HAL_Driver/Src/stm32g4xx_hal_smbus.c ****    */
1805:stm/stm32g4xx/STM32G4xx_HAL_Driver/Src/stm32g4xx_hal_smbus.c **** }
1806:stm/stm32g4xx/STM32G4xx_HAL_Driver/Src/stm32g4xx_hal_smbus.c **** 
1807:stm/stm32g4xx/STM32G4xx_HAL_Driver/Src/stm32g4xx_hal_smbus.c **** /**
1808:stm/stm32g4xx/STM32G4xx_HAL_Driver/Src/stm32g4xx_hal_smbus.c ****   * @brief  SMBUS error callback.
1809:stm/stm32g4xx/STM32G4xx_HAL_Driver/Src/stm32g4xx_hal_smbus.c ****   * @param  hsmbus Pointer to a SMBUS_HandleTypeDef structure that contains
1810:stm/stm32g4xx/STM32G4xx_HAL_Driver/Src/stm32g4xx_hal_smbus.c ****   *                the configuration information for the specified SMBUS.
1811:stm/stm32g4xx/STM32G4xx_HAL_Driver/Src/stm32g4xx_hal_smbus.c ****   * @retval None
1812:stm/stm32g4xx/STM32G4xx_HAL_Driver/Src/stm32g4xx_hal_smbus.c ****   */
1813:stm/stm32g4xx/STM32G4xx_HAL_Driver/Src/stm32g4xx_hal_smbus.c **** __weak void HAL_SMBUS_ErrorCallback(SMBUS_HandleTypeDef *hsmbus)
1814:stm/stm32g4xx/STM32G4xx_HAL_Driver/Src/stm32g4xx_hal_smbus.c **** {
1815:stm/stm32g4xx/STM32G4xx_HAL_Driver/Src/stm32g4xx_hal_smbus.c ****   /* Prevent unused argument(s) compilation warning */
1816:stm/stm32g4xx/STM32G4xx_HAL_Driver/Src/stm32g4xx_hal_smbus.c ****   UNUSED(hsmbus);
1817:stm/stm32g4xx/STM32G4xx_HAL_Driver/Src/stm32g4xx_hal_smbus.c **** 
1818:stm/stm32g4xx/STM32G4xx_HAL_Driver/Src/stm32g4xx_hal_smbus.c ****   /* NOTE : This function should not be modified, when the callback is needed,
1819:stm/stm32g4xx/STM32G4xx_HAL_Driver/Src/stm32g4xx_hal_smbus.c ****             the HAL_SMBUS_ErrorCallback() could be implemented in the user file
1820:stm/stm32g4xx/STM32G4xx_HAL_Driver/Src/stm32g4xx_hal_smbus.c ****    */
1821:stm/stm32g4xx/STM32G4xx_HAL_Driver/Src/stm32g4xx_hal_smbus.c **** }
1822:stm/stm32g4xx/STM32G4xx_HAL_Driver/Src/stm32g4xx_hal_smbus.c **** 
1823:stm/stm32g4xx/STM32G4xx_HAL_Driver/Src/stm32g4xx_hal_smbus.c **** /**
1824:stm/stm32g4xx/STM32G4xx_HAL_Driver/Src/stm32g4xx_hal_smbus.c ****   * @}
1825:stm/stm32g4xx/STM32G4xx_HAL_Driver/Src/stm32g4xx_hal_smbus.c ****   */
1826:stm/stm32g4xx/STM32G4xx_HAL_Driver/Src/stm32g4xx_hal_smbus.c **** 
1827:stm/stm32g4xx/STM32G4xx_HAL_Driver/Src/stm32g4xx_hal_smbus.c **** /** @defgroup SMBUS_Exported_Functions_Group3 Peripheral State and Errors functions
1828:stm/stm32g4xx/STM32G4xx_HAL_Driver/Src/stm32g4xx_hal_smbus.c ****   *  @brief   Peripheral State and Errors functions
1829:stm/stm32g4xx/STM32G4xx_HAL_Driver/Src/stm32g4xx_hal_smbus.c ****   *
1830:stm/stm32g4xx/STM32G4xx_HAL_Driver/Src/stm32g4xx_hal_smbus.c **** @verbatim
1831:stm/stm32g4xx/STM32G4xx_HAL_Driver/Src/stm32g4xx_hal_smbus.c ****  ===============================================================================
1832:stm/stm32g4xx/STM32G4xx_HAL_Driver/Src/stm32g4xx_hal_smbus.c ****             ##### Peripheral State and Errors functions #####
1833:stm/stm32g4xx/STM32G4xx_HAL_Driver/Src/stm32g4xx_hal_smbus.c ****  ===============================================================================
1834:stm/stm32g4xx/STM32G4xx_HAL_Driver/Src/stm32g4xx_hal_smbus.c ****     [..]
1835:stm/stm32g4xx/STM32G4xx_HAL_Driver/Src/stm32g4xx_hal_smbus.c ****     This subsection permits to get in run-time the status of the peripheral
1836:stm/stm32g4xx/STM32G4xx_HAL_Driver/Src/stm32g4xx_hal_smbus.c ****     and the data flow.
1837:stm/stm32g4xx/STM32G4xx_HAL_Driver/Src/stm32g4xx_hal_smbus.c **** 
1838:stm/stm32g4xx/STM32G4xx_HAL_Driver/Src/stm32g4xx_hal_smbus.c **** @endverbatim
1839:stm/stm32g4xx/STM32G4xx_HAL_Driver/Src/stm32g4xx_hal_smbus.c ****   * @{
1840:stm/stm32g4xx/STM32G4xx_HAL_Driver/Src/stm32g4xx_hal_smbus.c ****   */
1841:stm/stm32g4xx/STM32G4xx_HAL_Driver/Src/stm32g4xx_hal_smbus.c **** 
1842:stm/stm32g4xx/STM32G4xx_HAL_Driver/Src/stm32g4xx_hal_smbus.c **** /**
1843:stm/stm32g4xx/STM32G4xx_HAL_Driver/Src/stm32g4xx_hal_smbus.c ****   * @brief  Return the SMBUS handle state.
1844:stm/stm32g4xx/STM32G4xx_HAL_Driver/Src/stm32g4xx_hal_smbus.c ****   * @param  hsmbus Pointer to a SMBUS_HandleTypeDef structure that contains
1845:stm/stm32g4xx/STM32G4xx_HAL_Driver/Src/stm32g4xx_hal_smbus.c ****   *                the configuration information for the specified SMBUS.
1846:stm/stm32g4xx/STM32G4xx_HAL_Driver/Src/stm32g4xx_hal_smbus.c ****   * @retval HAL state
1847:stm/stm32g4xx/STM32G4xx_HAL_Driver/Src/stm32g4xx_hal_smbus.c ****   */
1848:stm/stm32g4xx/STM32G4xx_HAL_Driver/Src/stm32g4xx_hal_smbus.c **** uint32_t HAL_SMBUS_GetState(const SMBUS_HandleTypeDef *hsmbus)
1849:stm/stm32g4xx/STM32G4xx_HAL_Driver/Src/stm32g4xx_hal_smbus.c **** {
1850:stm/stm32g4xx/STM32G4xx_HAL_Driver/Src/stm32g4xx_hal_smbus.c ****   /* Return SMBUS handle state */
1851:stm/stm32g4xx/STM32G4xx_HAL_Driver/Src/stm32g4xx_hal_smbus.c ****   return hsmbus->State;
1852:stm/stm32g4xx/STM32G4xx_HAL_Driver/Src/stm32g4xx_hal_smbus.c **** }
1853:stm/stm32g4xx/STM32G4xx_HAL_Driver/Src/stm32g4xx_hal_smbus.c **** 
1854:stm/stm32g4xx/STM32G4xx_HAL_Driver/Src/stm32g4xx_hal_smbus.c **** /**
ARM GAS  /tmp/ccPqrEja.s 			page 34


1855:stm/stm32g4xx/STM32G4xx_HAL_Driver/Src/stm32g4xx_hal_smbus.c ****   * @brief  Return the SMBUS error code.
1856:stm/stm32g4xx/STM32G4xx_HAL_Driver/Src/stm32g4xx_hal_smbus.c ****   * @param  hsmbus Pointer to a SMBUS_HandleTypeDef structure that contains
1857:stm/stm32g4xx/STM32G4xx_HAL_Driver/Src/stm32g4xx_hal_smbus.c ****   *              the configuration information for the specified SMBUS.
1858:stm/stm32g4xx/STM32G4xx_HAL_Driver/Src/stm32g4xx_hal_smbus.c ****   * @retval SMBUS Error Code
1859:stm/stm32g4xx/STM32G4xx_HAL_Driver/Src/stm32g4xx_hal_smbus.c ****   */
1860:stm/stm32g4xx/STM32G4xx_HAL_Driver/Src/stm32g4xx_hal_smbus.c **** uint32_t HAL_SMBUS_GetError(const SMBUS_HandleTypeDef *hsmbus)
1861:stm/stm32g4xx/STM32G4xx_HAL_Driver/Src/stm32g4xx_hal_smbus.c **** {
1862:stm/stm32g4xx/STM32G4xx_HAL_Driver/Src/stm32g4xx_hal_smbus.c ****   return hsmbus->ErrorCode;
1863:stm/stm32g4xx/STM32G4xx_HAL_Driver/Src/stm32g4xx_hal_smbus.c **** }
1864:stm/stm32g4xx/STM32G4xx_HAL_Driver/Src/stm32g4xx_hal_smbus.c **** 
1865:stm/stm32g4xx/STM32G4xx_HAL_Driver/Src/stm32g4xx_hal_smbus.c **** /**
1866:stm/stm32g4xx/STM32G4xx_HAL_Driver/Src/stm32g4xx_hal_smbus.c ****   * @}
1867:stm/stm32g4xx/STM32G4xx_HAL_Driver/Src/stm32g4xx_hal_smbus.c ****   */
1868:stm/stm32g4xx/STM32G4xx_HAL_Driver/Src/stm32g4xx_hal_smbus.c **** 
1869:stm/stm32g4xx/STM32G4xx_HAL_Driver/Src/stm32g4xx_hal_smbus.c **** /**
1870:stm/stm32g4xx/STM32G4xx_HAL_Driver/Src/stm32g4xx_hal_smbus.c ****   * @}
1871:stm/stm32g4xx/STM32G4xx_HAL_Driver/Src/stm32g4xx_hal_smbus.c ****   */
1872:stm/stm32g4xx/STM32G4xx_HAL_Driver/Src/stm32g4xx_hal_smbus.c **** 
1873:stm/stm32g4xx/STM32G4xx_HAL_Driver/Src/stm32g4xx_hal_smbus.c **** /** @addtogroup SMBUS_Private_Functions SMBUS Private Functions
1874:stm/stm32g4xx/STM32G4xx_HAL_Driver/Src/stm32g4xx_hal_smbus.c ****   *  @brief   Data transfers Private functions
1875:stm/stm32g4xx/STM32G4xx_HAL_Driver/Src/stm32g4xx_hal_smbus.c ****   * @{
1876:stm/stm32g4xx/STM32G4xx_HAL_Driver/Src/stm32g4xx_hal_smbus.c ****   */
1877:stm/stm32g4xx/STM32G4xx_HAL_Driver/Src/stm32g4xx_hal_smbus.c **** 
1878:stm/stm32g4xx/STM32G4xx_HAL_Driver/Src/stm32g4xx_hal_smbus.c **** /**
1879:stm/stm32g4xx/STM32G4xx_HAL_Driver/Src/stm32g4xx_hal_smbus.c ****   * @brief  Interrupt Sub-Routine which handle the Interrupt Flags Master Mode.
1880:stm/stm32g4xx/STM32G4xx_HAL_Driver/Src/stm32g4xx_hal_smbus.c ****   * @param  hsmbus Pointer to a SMBUS_HandleTypeDef structure that contains
1881:stm/stm32g4xx/STM32G4xx_HAL_Driver/Src/stm32g4xx_hal_smbus.c ****   *                the configuration information for the specified SMBUS.
1882:stm/stm32g4xx/STM32G4xx_HAL_Driver/Src/stm32g4xx_hal_smbus.c ****   * @param  StatusFlags Value of Interrupt Flags.
1883:stm/stm32g4xx/STM32G4xx_HAL_Driver/Src/stm32g4xx_hal_smbus.c ****   * @retval HAL status
1884:stm/stm32g4xx/STM32G4xx_HAL_Driver/Src/stm32g4xx_hal_smbus.c ****   */
1885:stm/stm32g4xx/STM32G4xx_HAL_Driver/Src/stm32g4xx_hal_smbus.c **** static HAL_StatusTypeDef SMBUS_Master_ISR(SMBUS_HandleTypeDef *hsmbus, uint32_t StatusFlags)
1886:stm/stm32g4xx/STM32G4xx_HAL_Driver/Src/stm32g4xx_hal_smbus.c **** {
1887:stm/stm32g4xx/STM32G4xx_HAL_Driver/Src/stm32g4xx_hal_smbus.c ****   uint16_t DevAddress;
1888:stm/stm32g4xx/STM32G4xx_HAL_Driver/Src/stm32g4xx_hal_smbus.c **** 
1889:stm/stm32g4xx/STM32G4xx_HAL_Driver/Src/stm32g4xx_hal_smbus.c ****   /* Process Locked */
1890:stm/stm32g4xx/STM32G4xx_HAL_Driver/Src/stm32g4xx_hal_smbus.c ****   __HAL_LOCK(hsmbus);
1891:stm/stm32g4xx/STM32G4xx_HAL_Driver/Src/stm32g4xx_hal_smbus.c **** 
1892:stm/stm32g4xx/STM32G4xx_HAL_Driver/Src/stm32g4xx_hal_smbus.c ****   if (SMBUS_CHECK_FLAG(StatusFlags, SMBUS_FLAG_AF) != RESET)
1893:stm/stm32g4xx/STM32G4xx_HAL_Driver/Src/stm32g4xx_hal_smbus.c ****   {
1894:stm/stm32g4xx/STM32G4xx_HAL_Driver/Src/stm32g4xx_hal_smbus.c ****     /* Clear NACK Flag */
1895:stm/stm32g4xx/STM32G4xx_HAL_Driver/Src/stm32g4xx_hal_smbus.c ****     __HAL_SMBUS_CLEAR_FLAG(hsmbus, SMBUS_FLAG_AF);
1896:stm/stm32g4xx/STM32G4xx_HAL_Driver/Src/stm32g4xx_hal_smbus.c **** 
1897:stm/stm32g4xx/STM32G4xx_HAL_Driver/Src/stm32g4xx_hal_smbus.c ****     /* Set corresponding Error Code */
1898:stm/stm32g4xx/STM32G4xx_HAL_Driver/Src/stm32g4xx_hal_smbus.c ****     /* No need to generate STOP, it is automatically done */
1899:stm/stm32g4xx/STM32G4xx_HAL_Driver/Src/stm32g4xx_hal_smbus.c ****     hsmbus->ErrorCode |= HAL_SMBUS_ERROR_ACKF;
1900:stm/stm32g4xx/STM32G4xx_HAL_Driver/Src/stm32g4xx_hal_smbus.c **** 
1901:stm/stm32g4xx/STM32G4xx_HAL_Driver/Src/stm32g4xx_hal_smbus.c ****     /* Flush TX register */
1902:stm/stm32g4xx/STM32G4xx_HAL_Driver/Src/stm32g4xx_hal_smbus.c ****     SMBUS_Flush_TXDR(hsmbus);
1903:stm/stm32g4xx/STM32G4xx_HAL_Driver/Src/stm32g4xx_hal_smbus.c **** 
1904:stm/stm32g4xx/STM32G4xx_HAL_Driver/Src/stm32g4xx_hal_smbus.c ****     /* Process Unlocked */
1905:stm/stm32g4xx/STM32G4xx_HAL_Driver/Src/stm32g4xx_hal_smbus.c ****     __HAL_UNLOCK(hsmbus);
1906:stm/stm32g4xx/STM32G4xx_HAL_Driver/Src/stm32g4xx_hal_smbus.c **** 
1907:stm/stm32g4xx/STM32G4xx_HAL_Driver/Src/stm32g4xx_hal_smbus.c ****     /* Call the Error callback to inform upper layer */
1908:stm/stm32g4xx/STM32G4xx_HAL_Driver/Src/stm32g4xx_hal_smbus.c **** #if (USE_HAL_SMBUS_REGISTER_CALLBACKS == 1)
1909:stm/stm32g4xx/STM32G4xx_HAL_Driver/Src/stm32g4xx_hal_smbus.c ****     hsmbus->ErrorCallback(hsmbus);
1910:stm/stm32g4xx/STM32G4xx_HAL_Driver/Src/stm32g4xx_hal_smbus.c **** #else
1911:stm/stm32g4xx/STM32G4xx_HAL_Driver/Src/stm32g4xx_hal_smbus.c ****     HAL_SMBUS_ErrorCallback(hsmbus);
ARM GAS  /tmp/ccPqrEja.s 			page 35


1912:stm/stm32g4xx/STM32G4xx_HAL_Driver/Src/stm32g4xx_hal_smbus.c **** #endif /* USE_HAL_SMBUS_REGISTER_CALLBACKS */
1913:stm/stm32g4xx/STM32G4xx_HAL_Driver/Src/stm32g4xx_hal_smbus.c ****   }
1914:stm/stm32g4xx/STM32G4xx_HAL_Driver/Src/stm32g4xx_hal_smbus.c ****   else if (SMBUS_CHECK_FLAG(StatusFlags, SMBUS_FLAG_STOPF) != RESET)
1915:stm/stm32g4xx/STM32G4xx_HAL_Driver/Src/stm32g4xx_hal_smbus.c ****   {
1916:stm/stm32g4xx/STM32G4xx_HAL_Driver/Src/stm32g4xx_hal_smbus.c ****     /* Check and treat errors if errors occurs during STOP process */
1917:stm/stm32g4xx/STM32G4xx_HAL_Driver/Src/stm32g4xx_hal_smbus.c ****     SMBUS_ITErrorHandler(hsmbus);
1918:stm/stm32g4xx/STM32G4xx_HAL_Driver/Src/stm32g4xx_hal_smbus.c **** 
1919:stm/stm32g4xx/STM32G4xx_HAL_Driver/Src/stm32g4xx_hal_smbus.c ****     /* Call the corresponding callback to inform upper layer of End of Transfer */
1920:stm/stm32g4xx/STM32G4xx_HAL_Driver/Src/stm32g4xx_hal_smbus.c ****     if (hsmbus->State == HAL_SMBUS_STATE_MASTER_BUSY_TX)
1921:stm/stm32g4xx/STM32G4xx_HAL_Driver/Src/stm32g4xx_hal_smbus.c ****     {
1922:stm/stm32g4xx/STM32G4xx_HAL_Driver/Src/stm32g4xx_hal_smbus.c ****       /* Disable Interrupt */
1923:stm/stm32g4xx/STM32G4xx_HAL_Driver/Src/stm32g4xx_hal_smbus.c ****       SMBUS_Disable_IRQ(hsmbus, SMBUS_IT_TX);
1924:stm/stm32g4xx/STM32G4xx_HAL_Driver/Src/stm32g4xx_hal_smbus.c **** 
1925:stm/stm32g4xx/STM32G4xx_HAL_Driver/Src/stm32g4xx_hal_smbus.c ****       /* Clear STOP Flag */
1926:stm/stm32g4xx/STM32G4xx_HAL_Driver/Src/stm32g4xx_hal_smbus.c ****       __HAL_SMBUS_CLEAR_FLAG(hsmbus, SMBUS_FLAG_STOPF);
1927:stm/stm32g4xx/STM32G4xx_HAL_Driver/Src/stm32g4xx_hal_smbus.c **** 
1928:stm/stm32g4xx/STM32G4xx_HAL_Driver/Src/stm32g4xx_hal_smbus.c ****       /* Clear Configuration Register 2 */
1929:stm/stm32g4xx/STM32G4xx_HAL_Driver/Src/stm32g4xx_hal_smbus.c ****       SMBUS_RESET_CR2(hsmbus);
1930:stm/stm32g4xx/STM32G4xx_HAL_Driver/Src/stm32g4xx_hal_smbus.c **** 
1931:stm/stm32g4xx/STM32G4xx_HAL_Driver/Src/stm32g4xx_hal_smbus.c ****       /* Flush remaining data in Fifo register in case of error occurs before TXEmpty */
1932:stm/stm32g4xx/STM32G4xx_HAL_Driver/Src/stm32g4xx_hal_smbus.c ****       /* Disable the selected SMBUS peripheral */
1933:stm/stm32g4xx/STM32G4xx_HAL_Driver/Src/stm32g4xx_hal_smbus.c ****       __HAL_SMBUS_DISABLE(hsmbus);
1934:stm/stm32g4xx/STM32G4xx_HAL_Driver/Src/stm32g4xx_hal_smbus.c **** 
1935:stm/stm32g4xx/STM32G4xx_HAL_Driver/Src/stm32g4xx_hal_smbus.c ****       hsmbus->PreviousState = HAL_SMBUS_STATE_READY;
1936:stm/stm32g4xx/STM32G4xx_HAL_Driver/Src/stm32g4xx_hal_smbus.c ****       hsmbus->State = HAL_SMBUS_STATE_READY;
1937:stm/stm32g4xx/STM32G4xx_HAL_Driver/Src/stm32g4xx_hal_smbus.c **** 
1938:stm/stm32g4xx/STM32G4xx_HAL_Driver/Src/stm32g4xx_hal_smbus.c ****       /* Process Unlocked */
1939:stm/stm32g4xx/STM32G4xx_HAL_Driver/Src/stm32g4xx_hal_smbus.c ****       __HAL_UNLOCK(hsmbus);
1940:stm/stm32g4xx/STM32G4xx_HAL_Driver/Src/stm32g4xx_hal_smbus.c **** 
1941:stm/stm32g4xx/STM32G4xx_HAL_Driver/Src/stm32g4xx_hal_smbus.c ****       /* Re-enable the selected SMBUS peripheral */
1942:stm/stm32g4xx/STM32G4xx_HAL_Driver/Src/stm32g4xx_hal_smbus.c ****       __HAL_SMBUS_ENABLE(hsmbus);
1943:stm/stm32g4xx/STM32G4xx_HAL_Driver/Src/stm32g4xx_hal_smbus.c **** 
1944:stm/stm32g4xx/STM32G4xx_HAL_Driver/Src/stm32g4xx_hal_smbus.c ****       /* Call the corresponding callback to inform upper layer of End of Transfer */
1945:stm/stm32g4xx/STM32G4xx_HAL_Driver/Src/stm32g4xx_hal_smbus.c **** #if (USE_HAL_SMBUS_REGISTER_CALLBACKS == 1)
1946:stm/stm32g4xx/STM32G4xx_HAL_Driver/Src/stm32g4xx_hal_smbus.c ****       hsmbus->MasterTxCpltCallback(hsmbus);
1947:stm/stm32g4xx/STM32G4xx_HAL_Driver/Src/stm32g4xx_hal_smbus.c **** #else
1948:stm/stm32g4xx/STM32G4xx_HAL_Driver/Src/stm32g4xx_hal_smbus.c ****       HAL_SMBUS_MasterTxCpltCallback(hsmbus);
1949:stm/stm32g4xx/STM32G4xx_HAL_Driver/Src/stm32g4xx_hal_smbus.c **** #endif /* USE_HAL_SMBUS_REGISTER_CALLBACKS */
1950:stm/stm32g4xx/STM32G4xx_HAL_Driver/Src/stm32g4xx_hal_smbus.c ****     }
1951:stm/stm32g4xx/STM32G4xx_HAL_Driver/Src/stm32g4xx_hal_smbus.c ****     else if (hsmbus->State == HAL_SMBUS_STATE_MASTER_BUSY_RX)
1952:stm/stm32g4xx/STM32G4xx_HAL_Driver/Src/stm32g4xx_hal_smbus.c ****     {
1953:stm/stm32g4xx/STM32G4xx_HAL_Driver/Src/stm32g4xx_hal_smbus.c ****       /* Store Last receive data if any */
1954:stm/stm32g4xx/STM32G4xx_HAL_Driver/Src/stm32g4xx_hal_smbus.c ****       if (SMBUS_CHECK_FLAG(StatusFlags, SMBUS_FLAG_RXNE) != RESET)
1955:stm/stm32g4xx/STM32G4xx_HAL_Driver/Src/stm32g4xx_hal_smbus.c ****       {
1956:stm/stm32g4xx/STM32G4xx_HAL_Driver/Src/stm32g4xx_hal_smbus.c ****         /* Read data from RXDR */
1957:stm/stm32g4xx/STM32G4xx_HAL_Driver/Src/stm32g4xx_hal_smbus.c ****         *hsmbus->pBuffPtr = (uint8_t)(hsmbus->Instance->RXDR);
1958:stm/stm32g4xx/STM32G4xx_HAL_Driver/Src/stm32g4xx_hal_smbus.c **** 
1959:stm/stm32g4xx/STM32G4xx_HAL_Driver/Src/stm32g4xx_hal_smbus.c ****         /* Increment Buffer pointer */
1960:stm/stm32g4xx/STM32G4xx_HAL_Driver/Src/stm32g4xx_hal_smbus.c ****         hsmbus->pBuffPtr++;
1961:stm/stm32g4xx/STM32G4xx_HAL_Driver/Src/stm32g4xx_hal_smbus.c **** 
1962:stm/stm32g4xx/STM32G4xx_HAL_Driver/Src/stm32g4xx_hal_smbus.c ****         if ((hsmbus->XferSize > 0U))
1963:stm/stm32g4xx/STM32G4xx_HAL_Driver/Src/stm32g4xx_hal_smbus.c ****         {
1964:stm/stm32g4xx/STM32G4xx_HAL_Driver/Src/stm32g4xx_hal_smbus.c ****           hsmbus->XferSize--;
1965:stm/stm32g4xx/STM32G4xx_HAL_Driver/Src/stm32g4xx_hal_smbus.c ****           hsmbus->XferCount--;
1966:stm/stm32g4xx/STM32G4xx_HAL_Driver/Src/stm32g4xx_hal_smbus.c ****         }
1967:stm/stm32g4xx/STM32G4xx_HAL_Driver/Src/stm32g4xx_hal_smbus.c ****       }
1968:stm/stm32g4xx/STM32G4xx_HAL_Driver/Src/stm32g4xx_hal_smbus.c **** 
ARM GAS  /tmp/ccPqrEja.s 			page 36


1969:stm/stm32g4xx/STM32G4xx_HAL_Driver/Src/stm32g4xx_hal_smbus.c ****       /* Disable Interrupt */
1970:stm/stm32g4xx/STM32G4xx_HAL_Driver/Src/stm32g4xx_hal_smbus.c ****       SMBUS_Disable_IRQ(hsmbus, SMBUS_IT_RX);
1971:stm/stm32g4xx/STM32G4xx_HAL_Driver/Src/stm32g4xx_hal_smbus.c **** 
1972:stm/stm32g4xx/STM32G4xx_HAL_Driver/Src/stm32g4xx_hal_smbus.c ****       /* Clear STOP Flag */
1973:stm/stm32g4xx/STM32G4xx_HAL_Driver/Src/stm32g4xx_hal_smbus.c ****       __HAL_SMBUS_CLEAR_FLAG(hsmbus, SMBUS_FLAG_STOPF);
1974:stm/stm32g4xx/STM32G4xx_HAL_Driver/Src/stm32g4xx_hal_smbus.c **** 
1975:stm/stm32g4xx/STM32G4xx_HAL_Driver/Src/stm32g4xx_hal_smbus.c ****       /* Clear Configuration Register 2 */
1976:stm/stm32g4xx/STM32G4xx_HAL_Driver/Src/stm32g4xx_hal_smbus.c ****       SMBUS_RESET_CR2(hsmbus);
1977:stm/stm32g4xx/STM32G4xx_HAL_Driver/Src/stm32g4xx_hal_smbus.c **** 
1978:stm/stm32g4xx/STM32G4xx_HAL_Driver/Src/stm32g4xx_hal_smbus.c ****       hsmbus->PreviousState = HAL_SMBUS_STATE_READY;
1979:stm/stm32g4xx/STM32G4xx_HAL_Driver/Src/stm32g4xx_hal_smbus.c ****       hsmbus->State = HAL_SMBUS_STATE_READY;
1980:stm/stm32g4xx/STM32G4xx_HAL_Driver/Src/stm32g4xx_hal_smbus.c **** 
1981:stm/stm32g4xx/STM32G4xx_HAL_Driver/Src/stm32g4xx_hal_smbus.c ****       /* Process Unlocked */
1982:stm/stm32g4xx/STM32G4xx_HAL_Driver/Src/stm32g4xx_hal_smbus.c ****       __HAL_UNLOCK(hsmbus);
1983:stm/stm32g4xx/STM32G4xx_HAL_Driver/Src/stm32g4xx_hal_smbus.c **** 
1984:stm/stm32g4xx/STM32G4xx_HAL_Driver/Src/stm32g4xx_hal_smbus.c ****       /* Call the corresponding callback to inform upper layer of End of Transfer */
1985:stm/stm32g4xx/STM32G4xx_HAL_Driver/Src/stm32g4xx_hal_smbus.c **** #if (USE_HAL_SMBUS_REGISTER_CALLBACKS == 1)
1986:stm/stm32g4xx/STM32G4xx_HAL_Driver/Src/stm32g4xx_hal_smbus.c ****       hsmbus->MasterRxCpltCallback(hsmbus);
1987:stm/stm32g4xx/STM32G4xx_HAL_Driver/Src/stm32g4xx_hal_smbus.c **** #else
1988:stm/stm32g4xx/STM32G4xx_HAL_Driver/Src/stm32g4xx_hal_smbus.c ****       HAL_SMBUS_MasterRxCpltCallback(hsmbus);
1989:stm/stm32g4xx/STM32G4xx_HAL_Driver/Src/stm32g4xx_hal_smbus.c **** #endif /* USE_HAL_SMBUS_REGISTER_CALLBACKS */
1990:stm/stm32g4xx/STM32G4xx_HAL_Driver/Src/stm32g4xx_hal_smbus.c ****     }
1991:stm/stm32g4xx/STM32G4xx_HAL_Driver/Src/stm32g4xx_hal_smbus.c ****     else
1992:stm/stm32g4xx/STM32G4xx_HAL_Driver/Src/stm32g4xx_hal_smbus.c ****     {
1993:stm/stm32g4xx/STM32G4xx_HAL_Driver/Src/stm32g4xx_hal_smbus.c ****       /* Nothing to do */
1994:stm/stm32g4xx/STM32G4xx_HAL_Driver/Src/stm32g4xx_hal_smbus.c ****     }
1995:stm/stm32g4xx/STM32G4xx_HAL_Driver/Src/stm32g4xx_hal_smbus.c ****   }
1996:stm/stm32g4xx/STM32G4xx_HAL_Driver/Src/stm32g4xx_hal_smbus.c ****   else if (SMBUS_CHECK_FLAG(StatusFlags, SMBUS_FLAG_RXNE) != RESET)
1997:stm/stm32g4xx/STM32G4xx_HAL_Driver/Src/stm32g4xx_hal_smbus.c ****   {
1998:stm/stm32g4xx/STM32G4xx_HAL_Driver/Src/stm32g4xx_hal_smbus.c ****     /* Read data from RXDR */
1999:stm/stm32g4xx/STM32G4xx_HAL_Driver/Src/stm32g4xx_hal_smbus.c ****     *hsmbus->pBuffPtr = (uint8_t)(hsmbus->Instance->RXDR);
2000:stm/stm32g4xx/STM32G4xx_HAL_Driver/Src/stm32g4xx_hal_smbus.c **** 
2001:stm/stm32g4xx/STM32G4xx_HAL_Driver/Src/stm32g4xx_hal_smbus.c ****     /* Increment Buffer pointer */
2002:stm/stm32g4xx/STM32G4xx_HAL_Driver/Src/stm32g4xx_hal_smbus.c ****     hsmbus->pBuffPtr++;
2003:stm/stm32g4xx/STM32G4xx_HAL_Driver/Src/stm32g4xx_hal_smbus.c **** 
2004:stm/stm32g4xx/STM32G4xx_HAL_Driver/Src/stm32g4xx_hal_smbus.c ****     /* Increment Size counter */
2005:stm/stm32g4xx/STM32G4xx_HAL_Driver/Src/stm32g4xx_hal_smbus.c ****     hsmbus->XferSize--;
2006:stm/stm32g4xx/STM32G4xx_HAL_Driver/Src/stm32g4xx_hal_smbus.c ****     hsmbus->XferCount--;
2007:stm/stm32g4xx/STM32G4xx_HAL_Driver/Src/stm32g4xx_hal_smbus.c ****   }
2008:stm/stm32g4xx/STM32G4xx_HAL_Driver/Src/stm32g4xx_hal_smbus.c ****   else if (SMBUS_CHECK_FLAG(StatusFlags, SMBUS_FLAG_TXIS) != RESET)
2009:stm/stm32g4xx/STM32G4xx_HAL_Driver/Src/stm32g4xx_hal_smbus.c ****   {
2010:stm/stm32g4xx/STM32G4xx_HAL_Driver/Src/stm32g4xx_hal_smbus.c ****     /* Write data to TXDR */
2011:stm/stm32g4xx/STM32G4xx_HAL_Driver/Src/stm32g4xx_hal_smbus.c ****     hsmbus->Instance->TXDR = *hsmbus->pBuffPtr;
2012:stm/stm32g4xx/STM32G4xx_HAL_Driver/Src/stm32g4xx_hal_smbus.c **** 
2013:stm/stm32g4xx/STM32G4xx_HAL_Driver/Src/stm32g4xx_hal_smbus.c ****     /* Increment Buffer pointer */
2014:stm/stm32g4xx/STM32G4xx_HAL_Driver/Src/stm32g4xx_hal_smbus.c ****     hsmbus->pBuffPtr++;
2015:stm/stm32g4xx/STM32G4xx_HAL_Driver/Src/stm32g4xx_hal_smbus.c **** 
2016:stm/stm32g4xx/STM32G4xx_HAL_Driver/Src/stm32g4xx_hal_smbus.c ****     /* Increment Size counter */
2017:stm/stm32g4xx/STM32G4xx_HAL_Driver/Src/stm32g4xx_hal_smbus.c ****     hsmbus->XferSize--;
2018:stm/stm32g4xx/STM32G4xx_HAL_Driver/Src/stm32g4xx_hal_smbus.c ****     hsmbus->XferCount--;
2019:stm/stm32g4xx/STM32G4xx_HAL_Driver/Src/stm32g4xx_hal_smbus.c ****   }
2020:stm/stm32g4xx/STM32G4xx_HAL_Driver/Src/stm32g4xx_hal_smbus.c ****   else if (SMBUS_CHECK_FLAG(StatusFlags, SMBUS_FLAG_TCR) != RESET)
2021:stm/stm32g4xx/STM32G4xx_HAL_Driver/Src/stm32g4xx_hal_smbus.c ****   {
2022:stm/stm32g4xx/STM32G4xx_HAL_Driver/Src/stm32g4xx_hal_smbus.c ****     if ((hsmbus->XferCount != 0U) && (hsmbus->XferSize == 0U))
2023:stm/stm32g4xx/STM32G4xx_HAL_Driver/Src/stm32g4xx_hal_smbus.c ****     {
2024:stm/stm32g4xx/STM32G4xx_HAL_Driver/Src/stm32g4xx_hal_smbus.c ****       DevAddress = (uint16_t)(hsmbus->Instance->CR2 & I2C_CR2_SADD);
2025:stm/stm32g4xx/STM32G4xx_HAL_Driver/Src/stm32g4xx_hal_smbus.c **** 
ARM GAS  /tmp/ccPqrEja.s 			page 37


2026:stm/stm32g4xx/STM32G4xx_HAL_Driver/Src/stm32g4xx_hal_smbus.c ****       if (hsmbus->XferCount > MAX_NBYTE_SIZE)
2027:stm/stm32g4xx/STM32G4xx_HAL_Driver/Src/stm32g4xx_hal_smbus.c ****       {
2028:stm/stm32g4xx/STM32G4xx_HAL_Driver/Src/stm32g4xx_hal_smbus.c ****         SMBUS_TransferConfig(hsmbus, DevAddress, MAX_NBYTE_SIZE,
2029:stm/stm32g4xx/STM32G4xx_HAL_Driver/Src/stm32g4xx_hal_smbus.c ****                              (SMBUS_RELOAD_MODE | (hsmbus->XferOptions & SMBUS_SENDPEC_MODE)),
2030:stm/stm32g4xx/STM32G4xx_HAL_Driver/Src/stm32g4xx_hal_smbus.c ****                              SMBUS_NO_STARTSTOP);
2031:stm/stm32g4xx/STM32G4xx_HAL_Driver/Src/stm32g4xx_hal_smbus.c ****         hsmbus->XferSize = MAX_NBYTE_SIZE;
2032:stm/stm32g4xx/STM32G4xx_HAL_Driver/Src/stm32g4xx_hal_smbus.c ****       }
2033:stm/stm32g4xx/STM32G4xx_HAL_Driver/Src/stm32g4xx_hal_smbus.c ****       else
2034:stm/stm32g4xx/STM32G4xx_HAL_Driver/Src/stm32g4xx_hal_smbus.c ****       {
2035:stm/stm32g4xx/STM32G4xx_HAL_Driver/Src/stm32g4xx_hal_smbus.c ****         hsmbus->XferSize = hsmbus->XferCount;
2036:stm/stm32g4xx/STM32G4xx_HAL_Driver/Src/stm32g4xx_hal_smbus.c ****         SMBUS_TransferConfig(hsmbus, DevAddress, (uint8_t)hsmbus->XferSize, hsmbus->XferOptions,
2037:stm/stm32g4xx/STM32G4xx_HAL_Driver/Src/stm32g4xx_hal_smbus.c ****                              SMBUS_NO_STARTSTOP);
2038:stm/stm32g4xx/STM32G4xx_HAL_Driver/Src/stm32g4xx_hal_smbus.c ****         /* If PEC mode is enable, size to transmit should be Size-1 byte, corresponding to PEC byte
2039:stm/stm32g4xx/STM32G4xx_HAL_Driver/Src/stm32g4xx_hal_smbus.c ****         /* PEC byte is automatically sent by HW block, no need to manage it in Transmit process */
2040:stm/stm32g4xx/STM32G4xx_HAL_Driver/Src/stm32g4xx_hal_smbus.c ****         if (SMBUS_GET_PEC_MODE(hsmbus) != 0UL)
2041:stm/stm32g4xx/STM32G4xx_HAL_Driver/Src/stm32g4xx_hal_smbus.c ****         {
2042:stm/stm32g4xx/STM32G4xx_HAL_Driver/Src/stm32g4xx_hal_smbus.c ****           hsmbus->XferSize--;
2043:stm/stm32g4xx/STM32G4xx_HAL_Driver/Src/stm32g4xx_hal_smbus.c ****           hsmbus->XferCount--;
2044:stm/stm32g4xx/STM32G4xx_HAL_Driver/Src/stm32g4xx_hal_smbus.c ****         }
2045:stm/stm32g4xx/STM32G4xx_HAL_Driver/Src/stm32g4xx_hal_smbus.c ****       }
2046:stm/stm32g4xx/STM32G4xx_HAL_Driver/Src/stm32g4xx_hal_smbus.c ****     }
2047:stm/stm32g4xx/STM32G4xx_HAL_Driver/Src/stm32g4xx_hal_smbus.c ****     else if ((hsmbus->XferCount == 0U) && (hsmbus->XferSize == 0U))
2048:stm/stm32g4xx/STM32G4xx_HAL_Driver/Src/stm32g4xx_hal_smbus.c ****     {
2049:stm/stm32g4xx/STM32G4xx_HAL_Driver/Src/stm32g4xx_hal_smbus.c ****       /* Call TxCpltCallback() if no stop mode is set */
2050:stm/stm32g4xx/STM32G4xx_HAL_Driver/Src/stm32g4xx_hal_smbus.c ****       if (SMBUS_GET_STOP_MODE(hsmbus) != SMBUS_AUTOEND_MODE)
2051:stm/stm32g4xx/STM32G4xx_HAL_Driver/Src/stm32g4xx_hal_smbus.c ****       {
2052:stm/stm32g4xx/STM32G4xx_HAL_Driver/Src/stm32g4xx_hal_smbus.c ****         /* Call the corresponding callback to inform upper layer of End of Transfer */
2053:stm/stm32g4xx/STM32G4xx_HAL_Driver/Src/stm32g4xx_hal_smbus.c ****         if (hsmbus->State == HAL_SMBUS_STATE_MASTER_BUSY_TX)
2054:stm/stm32g4xx/STM32G4xx_HAL_Driver/Src/stm32g4xx_hal_smbus.c ****         {
2055:stm/stm32g4xx/STM32G4xx_HAL_Driver/Src/stm32g4xx_hal_smbus.c ****           /* Disable Interrupt */
2056:stm/stm32g4xx/STM32G4xx_HAL_Driver/Src/stm32g4xx_hal_smbus.c ****           SMBUS_Disable_IRQ(hsmbus, SMBUS_IT_TX);
2057:stm/stm32g4xx/STM32G4xx_HAL_Driver/Src/stm32g4xx_hal_smbus.c ****           hsmbus->PreviousState = hsmbus->State;
2058:stm/stm32g4xx/STM32G4xx_HAL_Driver/Src/stm32g4xx_hal_smbus.c ****           hsmbus->State = HAL_SMBUS_STATE_READY;
2059:stm/stm32g4xx/STM32G4xx_HAL_Driver/Src/stm32g4xx_hal_smbus.c **** 
2060:stm/stm32g4xx/STM32G4xx_HAL_Driver/Src/stm32g4xx_hal_smbus.c ****           /* Process Unlocked */
2061:stm/stm32g4xx/STM32G4xx_HAL_Driver/Src/stm32g4xx_hal_smbus.c ****           __HAL_UNLOCK(hsmbus);
2062:stm/stm32g4xx/STM32G4xx_HAL_Driver/Src/stm32g4xx_hal_smbus.c **** 
2063:stm/stm32g4xx/STM32G4xx_HAL_Driver/Src/stm32g4xx_hal_smbus.c ****           /* Call the corresponding callback to inform upper layer of End of Transfer */
2064:stm/stm32g4xx/STM32G4xx_HAL_Driver/Src/stm32g4xx_hal_smbus.c **** #if (USE_HAL_SMBUS_REGISTER_CALLBACKS == 1)
2065:stm/stm32g4xx/STM32G4xx_HAL_Driver/Src/stm32g4xx_hal_smbus.c ****           hsmbus->MasterTxCpltCallback(hsmbus);
2066:stm/stm32g4xx/STM32G4xx_HAL_Driver/Src/stm32g4xx_hal_smbus.c **** #else
2067:stm/stm32g4xx/STM32G4xx_HAL_Driver/Src/stm32g4xx_hal_smbus.c ****           HAL_SMBUS_MasterTxCpltCallback(hsmbus);
2068:stm/stm32g4xx/STM32G4xx_HAL_Driver/Src/stm32g4xx_hal_smbus.c **** #endif /* USE_HAL_SMBUS_REGISTER_CALLBACKS */
2069:stm/stm32g4xx/STM32G4xx_HAL_Driver/Src/stm32g4xx_hal_smbus.c ****         }
2070:stm/stm32g4xx/STM32G4xx_HAL_Driver/Src/stm32g4xx_hal_smbus.c ****         else if (hsmbus->State == HAL_SMBUS_STATE_MASTER_BUSY_RX)
2071:stm/stm32g4xx/STM32G4xx_HAL_Driver/Src/stm32g4xx_hal_smbus.c ****         {
2072:stm/stm32g4xx/STM32G4xx_HAL_Driver/Src/stm32g4xx_hal_smbus.c ****           SMBUS_Disable_IRQ(hsmbus, SMBUS_IT_RX);
2073:stm/stm32g4xx/STM32G4xx_HAL_Driver/Src/stm32g4xx_hal_smbus.c ****           hsmbus->PreviousState = hsmbus->State;
2074:stm/stm32g4xx/STM32G4xx_HAL_Driver/Src/stm32g4xx_hal_smbus.c ****           hsmbus->State = HAL_SMBUS_STATE_READY;
2075:stm/stm32g4xx/STM32G4xx_HAL_Driver/Src/stm32g4xx_hal_smbus.c **** 
2076:stm/stm32g4xx/STM32G4xx_HAL_Driver/Src/stm32g4xx_hal_smbus.c ****           /* Process Unlocked */
2077:stm/stm32g4xx/STM32G4xx_HAL_Driver/Src/stm32g4xx_hal_smbus.c ****           __HAL_UNLOCK(hsmbus);
2078:stm/stm32g4xx/STM32G4xx_HAL_Driver/Src/stm32g4xx_hal_smbus.c **** 
2079:stm/stm32g4xx/STM32G4xx_HAL_Driver/Src/stm32g4xx_hal_smbus.c ****           /* Call the corresponding callback to inform upper layer of End of Transfer */
2080:stm/stm32g4xx/STM32G4xx_HAL_Driver/Src/stm32g4xx_hal_smbus.c **** #if (USE_HAL_SMBUS_REGISTER_CALLBACKS == 1)
2081:stm/stm32g4xx/STM32G4xx_HAL_Driver/Src/stm32g4xx_hal_smbus.c ****           hsmbus->MasterRxCpltCallback(hsmbus);
2082:stm/stm32g4xx/STM32G4xx_HAL_Driver/Src/stm32g4xx_hal_smbus.c **** #else
ARM GAS  /tmp/ccPqrEja.s 			page 38


2083:stm/stm32g4xx/STM32G4xx_HAL_Driver/Src/stm32g4xx_hal_smbus.c ****           HAL_SMBUS_MasterRxCpltCallback(hsmbus);
2084:stm/stm32g4xx/STM32G4xx_HAL_Driver/Src/stm32g4xx_hal_smbus.c **** #endif /* USE_HAL_SMBUS_REGISTER_CALLBACKS */
2085:stm/stm32g4xx/STM32G4xx_HAL_Driver/Src/stm32g4xx_hal_smbus.c ****         }
2086:stm/stm32g4xx/STM32G4xx_HAL_Driver/Src/stm32g4xx_hal_smbus.c ****         else
2087:stm/stm32g4xx/STM32G4xx_HAL_Driver/Src/stm32g4xx_hal_smbus.c ****         {
2088:stm/stm32g4xx/STM32G4xx_HAL_Driver/Src/stm32g4xx_hal_smbus.c ****           /* Nothing to do */
2089:stm/stm32g4xx/STM32G4xx_HAL_Driver/Src/stm32g4xx_hal_smbus.c ****         }
2090:stm/stm32g4xx/STM32G4xx_HAL_Driver/Src/stm32g4xx_hal_smbus.c ****       }
2091:stm/stm32g4xx/STM32G4xx_HAL_Driver/Src/stm32g4xx_hal_smbus.c ****     }
2092:stm/stm32g4xx/STM32G4xx_HAL_Driver/Src/stm32g4xx_hal_smbus.c ****     else
2093:stm/stm32g4xx/STM32G4xx_HAL_Driver/Src/stm32g4xx_hal_smbus.c ****     {
2094:stm/stm32g4xx/STM32G4xx_HAL_Driver/Src/stm32g4xx_hal_smbus.c ****       /* Nothing to do */
2095:stm/stm32g4xx/STM32G4xx_HAL_Driver/Src/stm32g4xx_hal_smbus.c ****     }
2096:stm/stm32g4xx/STM32G4xx_HAL_Driver/Src/stm32g4xx_hal_smbus.c ****   }
2097:stm/stm32g4xx/STM32G4xx_HAL_Driver/Src/stm32g4xx_hal_smbus.c ****   else if (SMBUS_CHECK_FLAG(StatusFlags, SMBUS_FLAG_TC) != RESET)
2098:stm/stm32g4xx/STM32G4xx_HAL_Driver/Src/stm32g4xx_hal_smbus.c ****   {
2099:stm/stm32g4xx/STM32G4xx_HAL_Driver/Src/stm32g4xx_hal_smbus.c ****     if (hsmbus->XferCount == 0U)
2100:stm/stm32g4xx/STM32G4xx_HAL_Driver/Src/stm32g4xx_hal_smbus.c ****     {
2101:stm/stm32g4xx/STM32G4xx_HAL_Driver/Src/stm32g4xx_hal_smbus.c ****       /* Specific use case for Quick command */
2102:stm/stm32g4xx/STM32G4xx_HAL_Driver/Src/stm32g4xx_hal_smbus.c ****       if (hsmbus->pBuffPtr == NULL)
2103:stm/stm32g4xx/STM32G4xx_HAL_Driver/Src/stm32g4xx_hal_smbus.c ****       {
2104:stm/stm32g4xx/STM32G4xx_HAL_Driver/Src/stm32g4xx_hal_smbus.c ****         /* Generate a Stop command */
2105:stm/stm32g4xx/STM32G4xx_HAL_Driver/Src/stm32g4xx_hal_smbus.c ****         hsmbus->Instance->CR2 |= I2C_CR2_STOP;
2106:stm/stm32g4xx/STM32G4xx_HAL_Driver/Src/stm32g4xx_hal_smbus.c ****       }
2107:stm/stm32g4xx/STM32G4xx_HAL_Driver/Src/stm32g4xx_hal_smbus.c ****       /* Call TxCpltCallback() if no stop mode is set */
2108:stm/stm32g4xx/STM32G4xx_HAL_Driver/Src/stm32g4xx_hal_smbus.c ****       else if (SMBUS_GET_STOP_MODE(hsmbus) != SMBUS_AUTOEND_MODE)
2109:stm/stm32g4xx/STM32G4xx_HAL_Driver/Src/stm32g4xx_hal_smbus.c ****       {
2110:stm/stm32g4xx/STM32G4xx_HAL_Driver/Src/stm32g4xx_hal_smbus.c ****         /* No Generate Stop, to permit restart mode */
2111:stm/stm32g4xx/STM32G4xx_HAL_Driver/Src/stm32g4xx_hal_smbus.c ****         /* The stop will be done at the end of transfer, when SMBUS_AUTOEND_MODE enable */
2112:stm/stm32g4xx/STM32G4xx_HAL_Driver/Src/stm32g4xx_hal_smbus.c **** 
2113:stm/stm32g4xx/STM32G4xx_HAL_Driver/Src/stm32g4xx_hal_smbus.c ****         /* Call the corresponding callback to inform upper layer of End of Transfer */
2114:stm/stm32g4xx/STM32G4xx_HAL_Driver/Src/stm32g4xx_hal_smbus.c ****         if (hsmbus->State == HAL_SMBUS_STATE_MASTER_BUSY_TX)
2115:stm/stm32g4xx/STM32G4xx_HAL_Driver/Src/stm32g4xx_hal_smbus.c ****         {
2116:stm/stm32g4xx/STM32G4xx_HAL_Driver/Src/stm32g4xx_hal_smbus.c ****           /* Disable Interrupt */
2117:stm/stm32g4xx/STM32G4xx_HAL_Driver/Src/stm32g4xx_hal_smbus.c ****           SMBUS_Disable_IRQ(hsmbus, SMBUS_IT_TX);
2118:stm/stm32g4xx/STM32G4xx_HAL_Driver/Src/stm32g4xx_hal_smbus.c ****           hsmbus->PreviousState = hsmbus->State;
2119:stm/stm32g4xx/STM32G4xx_HAL_Driver/Src/stm32g4xx_hal_smbus.c ****           hsmbus->State = HAL_SMBUS_STATE_READY;
2120:stm/stm32g4xx/STM32G4xx_HAL_Driver/Src/stm32g4xx_hal_smbus.c **** 
2121:stm/stm32g4xx/STM32G4xx_HAL_Driver/Src/stm32g4xx_hal_smbus.c ****           /* Process Unlocked */
2122:stm/stm32g4xx/STM32G4xx_HAL_Driver/Src/stm32g4xx_hal_smbus.c ****           __HAL_UNLOCK(hsmbus);
2123:stm/stm32g4xx/STM32G4xx_HAL_Driver/Src/stm32g4xx_hal_smbus.c **** 
2124:stm/stm32g4xx/STM32G4xx_HAL_Driver/Src/stm32g4xx_hal_smbus.c ****           /* Call the corresponding callback to inform upper layer of End of Transfer */
2125:stm/stm32g4xx/STM32G4xx_HAL_Driver/Src/stm32g4xx_hal_smbus.c **** #if (USE_HAL_SMBUS_REGISTER_CALLBACKS == 1)
2126:stm/stm32g4xx/STM32G4xx_HAL_Driver/Src/stm32g4xx_hal_smbus.c ****           hsmbus->MasterTxCpltCallback(hsmbus);
2127:stm/stm32g4xx/STM32G4xx_HAL_Driver/Src/stm32g4xx_hal_smbus.c **** #else
2128:stm/stm32g4xx/STM32G4xx_HAL_Driver/Src/stm32g4xx_hal_smbus.c ****           HAL_SMBUS_MasterTxCpltCallback(hsmbus);
2129:stm/stm32g4xx/STM32G4xx_HAL_Driver/Src/stm32g4xx_hal_smbus.c **** #endif /* USE_HAL_SMBUS_REGISTER_CALLBACKS */
2130:stm/stm32g4xx/STM32G4xx_HAL_Driver/Src/stm32g4xx_hal_smbus.c ****         }
2131:stm/stm32g4xx/STM32G4xx_HAL_Driver/Src/stm32g4xx_hal_smbus.c ****         else if (hsmbus->State == HAL_SMBUS_STATE_MASTER_BUSY_RX)
2132:stm/stm32g4xx/STM32G4xx_HAL_Driver/Src/stm32g4xx_hal_smbus.c ****         {
2133:stm/stm32g4xx/STM32G4xx_HAL_Driver/Src/stm32g4xx_hal_smbus.c ****           SMBUS_Disable_IRQ(hsmbus, SMBUS_IT_RX);
2134:stm/stm32g4xx/STM32G4xx_HAL_Driver/Src/stm32g4xx_hal_smbus.c ****           hsmbus->PreviousState = hsmbus->State;
2135:stm/stm32g4xx/STM32G4xx_HAL_Driver/Src/stm32g4xx_hal_smbus.c ****           hsmbus->State = HAL_SMBUS_STATE_READY;
2136:stm/stm32g4xx/STM32G4xx_HAL_Driver/Src/stm32g4xx_hal_smbus.c **** 
2137:stm/stm32g4xx/STM32G4xx_HAL_Driver/Src/stm32g4xx_hal_smbus.c ****           /* Process Unlocked */
2138:stm/stm32g4xx/STM32G4xx_HAL_Driver/Src/stm32g4xx_hal_smbus.c ****           __HAL_UNLOCK(hsmbus);
2139:stm/stm32g4xx/STM32G4xx_HAL_Driver/Src/stm32g4xx_hal_smbus.c **** 
ARM GAS  /tmp/ccPqrEja.s 			page 39


2140:stm/stm32g4xx/STM32G4xx_HAL_Driver/Src/stm32g4xx_hal_smbus.c ****           /* Call the corresponding callback to inform upper layer of End of Transfer */
2141:stm/stm32g4xx/STM32G4xx_HAL_Driver/Src/stm32g4xx_hal_smbus.c **** #if (USE_HAL_SMBUS_REGISTER_CALLBACKS == 1)
2142:stm/stm32g4xx/STM32G4xx_HAL_Driver/Src/stm32g4xx_hal_smbus.c ****           hsmbus->MasterRxCpltCallback(hsmbus);
2143:stm/stm32g4xx/STM32G4xx_HAL_Driver/Src/stm32g4xx_hal_smbus.c **** #else
2144:stm/stm32g4xx/STM32G4xx_HAL_Driver/Src/stm32g4xx_hal_smbus.c ****           HAL_SMBUS_MasterRxCpltCallback(hsmbus);
2145:stm/stm32g4xx/STM32G4xx_HAL_Driver/Src/stm32g4xx_hal_smbus.c **** #endif /* USE_HAL_SMBUS_REGISTER_CALLBACKS */
2146:stm/stm32g4xx/STM32G4xx_HAL_Driver/Src/stm32g4xx_hal_smbus.c ****         }
2147:stm/stm32g4xx/STM32G4xx_HAL_Driver/Src/stm32g4xx_hal_smbus.c ****         else
2148:stm/stm32g4xx/STM32G4xx_HAL_Driver/Src/stm32g4xx_hal_smbus.c ****         {
2149:stm/stm32g4xx/STM32G4xx_HAL_Driver/Src/stm32g4xx_hal_smbus.c ****           /* Nothing to do */
2150:stm/stm32g4xx/STM32G4xx_HAL_Driver/Src/stm32g4xx_hal_smbus.c ****         }
2151:stm/stm32g4xx/STM32G4xx_HAL_Driver/Src/stm32g4xx_hal_smbus.c ****       }
2152:stm/stm32g4xx/STM32G4xx_HAL_Driver/Src/stm32g4xx_hal_smbus.c ****       else
2153:stm/stm32g4xx/STM32G4xx_HAL_Driver/Src/stm32g4xx_hal_smbus.c ****       {
2154:stm/stm32g4xx/STM32G4xx_HAL_Driver/Src/stm32g4xx_hal_smbus.c ****         /* Nothing to do */
2155:stm/stm32g4xx/STM32G4xx_HAL_Driver/Src/stm32g4xx_hal_smbus.c ****       }
2156:stm/stm32g4xx/STM32G4xx_HAL_Driver/Src/stm32g4xx_hal_smbus.c ****     }
2157:stm/stm32g4xx/STM32G4xx_HAL_Driver/Src/stm32g4xx_hal_smbus.c ****   }
2158:stm/stm32g4xx/STM32G4xx_HAL_Driver/Src/stm32g4xx_hal_smbus.c ****   else
2159:stm/stm32g4xx/STM32G4xx_HAL_Driver/Src/stm32g4xx_hal_smbus.c ****   {
2160:stm/stm32g4xx/STM32G4xx_HAL_Driver/Src/stm32g4xx_hal_smbus.c ****     /* Nothing to do */
2161:stm/stm32g4xx/STM32G4xx_HAL_Driver/Src/stm32g4xx_hal_smbus.c ****   }
2162:stm/stm32g4xx/STM32G4xx_HAL_Driver/Src/stm32g4xx_hal_smbus.c **** 
2163:stm/stm32g4xx/STM32G4xx_HAL_Driver/Src/stm32g4xx_hal_smbus.c ****   /* Process Unlocked */
2164:stm/stm32g4xx/STM32G4xx_HAL_Driver/Src/stm32g4xx_hal_smbus.c ****   __HAL_UNLOCK(hsmbus);
2165:stm/stm32g4xx/STM32G4xx_HAL_Driver/Src/stm32g4xx_hal_smbus.c **** 
2166:stm/stm32g4xx/STM32G4xx_HAL_Driver/Src/stm32g4xx_hal_smbus.c ****   return HAL_OK;
2167:stm/stm32g4xx/STM32G4xx_HAL_Driver/Src/stm32g4xx_hal_smbus.c **** }
2168:stm/stm32g4xx/STM32G4xx_HAL_Driver/Src/stm32g4xx_hal_smbus.c **** /**
2169:stm/stm32g4xx/STM32G4xx_HAL_Driver/Src/stm32g4xx_hal_smbus.c ****   * @brief  Interrupt Sub-Routine which handle the Interrupt Flags Slave Mode.
2170:stm/stm32g4xx/STM32G4xx_HAL_Driver/Src/stm32g4xx_hal_smbus.c ****   * @param  hsmbus Pointer to a SMBUS_HandleTypeDef structure that contains
2171:stm/stm32g4xx/STM32G4xx_HAL_Driver/Src/stm32g4xx_hal_smbus.c ****   *                the configuration information for the specified SMBUS.
2172:stm/stm32g4xx/STM32G4xx_HAL_Driver/Src/stm32g4xx_hal_smbus.c ****   * @param  StatusFlags Value of Interrupt Flags.
2173:stm/stm32g4xx/STM32G4xx_HAL_Driver/Src/stm32g4xx_hal_smbus.c ****   * @retval HAL status
2174:stm/stm32g4xx/STM32G4xx_HAL_Driver/Src/stm32g4xx_hal_smbus.c ****   */
2175:stm/stm32g4xx/STM32G4xx_HAL_Driver/Src/stm32g4xx_hal_smbus.c **** static HAL_StatusTypeDef SMBUS_Slave_ISR(SMBUS_HandleTypeDef *hsmbus, uint32_t StatusFlags)
2176:stm/stm32g4xx/STM32G4xx_HAL_Driver/Src/stm32g4xx_hal_smbus.c **** {
2177:stm/stm32g4xx/STM32G4xx_HAL_Driver/Src/stm32g4xx_hal_smbus.c ****   uint8_t TransferDirection;
2178:stm/stm32g4xx/STM32G4xx_HAL_Driver/Src/stm32g4xx_hal_smbus.c ****   uint16_t SlaveAddrCode;
2179:stm/stm32g4xx/STM32G4xx_HAL_Driver/Src/stm32g4xx_hal_smbus.c **** 
2180:stm/stm32g4xx/STM32G4xx_HAL_Driver/Src/stm32g4xx_hal_smbus.c ****   /* Process Locked */
2181:stm/stm32g4xx/STM32G4xx_HAL_Driver/Src/stm32g4xx_hal_smbus.c ****   __HAL_LOCK(hsmbus);
2182:stm/stm32g4xx/STM32G4xx_HAL_Driver/Src/stm32g4xx_hal_smbus.c **** 
2183:stm/stm32g4xx/STM32G4xx_HAL_Driver/Src/stm32g4xx_hal_smbus.c ****   if (SMBUS_CHECK_FLAG(StatusFlags, SMBUS_FLAG_AF) != RESET)
2184:stm/stm32g4xx/STM32G4xx_HAL_Driver/Src/stm32g4xx_hal_smbus.c ****   {
2185:stm/stm32g4xx/STM32G4xx_HAL_Driver/Src/stm32g4xx_hal_smbus.c ****     /* Check that SMBUS transfer finished */
2186:stm/stm32g4xx/STM32G4xx_HAL_Driver/Src/stm32g4xx_hal_smbus.c ****     /* if yes, normal usecase, a NACK is sent by the HOST when Transfer is finished */
2187:stm/stm32g4xx/STM32G4xx_HAL_Driver/Src/stm32g4xx_hal_smbus.c ****     /* Mean XferCount == 0*/
2188:stm/stm32g4xx/STM32G4xx_HAL_Driver/Src/stm32g4xx_hal_smbus.c ****     /* So clear Flag NACKF only */
2189:stm/stm32g4xx/STM32G4xx_HAL_Driver/Src/stm32g4xx_hal_smbus.c ****     if (hsmbus->XferCount == 0U)
2190:stm/stm32g4xx/STM32G4xx_HAL_Driver/Src/stm32g4xx_hal_smbus.c ****     {
2191:stm/stm32g4xx/STM32G4xx_HAL_Driver/Src/stm32g4xx_hal_smbus.c ****       /* Clear NACK Flag */
2192:stm/stm32g4xx/STM32G4xx_HAL_Driver/Src/stm32g4xx_hal_smbus.c ****       __HAL_SMBUS_CLEAR_FLAG(hsmbus, SMBUS_FLAG_AF);
2193:stm/stm32g4xx/STM32G4xx_HAL_Driver/Src/stm32g4xx_hal_smbus.c **** 
2194:stm/stm32g4xx/STM32G4xx_HAL_Driver/Src/stm32g4xx_hal_smbus.c ****       /* Flush TX register */
2195:stm/stm32g4xx/STM32G4xx_HAL_Driver/Src/stm32g4xx_hal_smbus.c ****       SMBUS_Flush_TXDR(hsmbus);
2196:stm/stm32g4xx/STM32G4xx_HAL_Driver/Src/stm32g4xx_hal_smbus.c **** 
ARM GAS  /tmp/ccPqrEja.s 			page 40


2197:stm/stm32g4xx/STM32G4xx_HAL_Driver/Src/stm32g4xx_hal_smbus.c ****       /* Process Unlocked */
2198:stm/stm32g4xx/STM32G4xx_HAL_Driver/Src/stm32g4xx_hal_smbus.c ****       __HAL_UNLOCK(hsmbus);
2199:stm/stm32g4xx/STM32G4xx_HAL_Driver/Src/stm32g4xx_hal_smbus.c ****     }
2200:stm/stm32g4xx/STM32G4xx_HAL_Driver/Src/stm32g4xx_hal_smbus.c ****     else
2201:stm/stm32g4xx/STM32G4xx_HAL_Driver/Src/stm32g4xx_hal_smbus.c ****     {
2202:stm/stm32g4xx/STM32G4xx_HAL_Driver/Src/stm32g4xx_hal_smbus.c ****       /* if no, error usecase, a Non-Acknowledge of last Data is generated by the HOST*/
2203:stm/stm32g4xx/STM32G4xx_HAL_Driver/Src/stm32g4xx_hal_smbus.c ****       /* Clear NACK Flag */
2204:stm/stm32g4xx/STM32G4xx_HAL_Driver/Src/stm32g4xx_hal_smbus.c ****       __HAL_SMBUS_CLEAR_FLAG(hsmbus, SMBUS_FLAG_AF);
2205:stm/stm32g4xx/STM32G4xx_HAL_Driver/Src/stm32g4xx_hal_smbus.c **** 
2206:stm/stm32g4xx/STM32G4xx_HAL_Driver/Src/stm32g4xx_hal_smbus.c ****       /* Set HAL State to "Idle" State, mean to LISTEN state */
2207:stm/stm32g4xx/STM32G4xx_HAL_Driver/Src/stm32g4xx_hal_smbus.c ****       /* So reset Slave Busy state */
2208:stm/stm32g4xx/STM32G4xx_HAL_Driver/Src/stm32g4xx_hal_smbus.c ****       hsmbus->PreviousState = hsmbus->State;
2209:stm/stm32g4xx/STM32G4xx_HAL_Driver/Src/stm32g4xx_hal_smbus.c ****       hsmbus->State &= ~((uint32_t)HAL_SMBUS_STATE_SLAVE_BUSY_TX);
2210:stm/stm32g4xx/STM32G4xx_HAL_Driver/Src/stm32g4xx_hal_smbus.c ****       hsmbus->State &= ~((uint32_t)HAL_SMBUS_STATE_SLAVE_BUSY_RX);
2211:stm/stm32g4xx/STM32G4xx_HAL_Driver/Src/stm32g4xx_hal_smbus.c **** 
2212:stm/stm32g4xx/STM32G4xx_HAL_Driver/Src/stm32g4xx_hal_smbus.c ****       /* Disable RX/TX Interrupts, keep only ADDR Interrupt */
2213:stm/stm32g4xx/STM32G4xx_HAL_Driver/Src/stm32g4xx_hal_smbus.c ****       SMBUS_Disable_IRQ(hsmbus, SMBUS_IT_RX | SMBUS_IT_TX);
2214:stm/stm32g4xx/STM32G4xx_HAL_Driver/Src/stm32g4xx_hal_smbus.c **** 
2215:stm/stm32g4xx/STM32G4xx_HAL_Driver/Src/stm32g4xx_hal_smbus.c ****       /* Set ErrorCode corresponding to a Non-Acknowledge */
2216:stm/stm32g4xx/STM32G4xx_HAL_Driver/Src/stm32g4xx_hal_smbus.c ****       hsmbus->ErrorCode |= HAL_SMBUS_ERROR_ACKF;
2217:stm/stm32g4xx/STM32G4xx_HAL_Driver/Src/stm32g4xx_hal_smbus.c **** 
2218:stm/stm32g4xx/STM32G4xx_HAL_Driver/Src/stm32g4xx_hal_smbus.c ****       /* Flush TX register */
2219:stm/stm32g4xx/STM32G4xx_HAL_Driver/Src/stm32g4xx_hal_smbus.c ****       SMBUS_Flush_TXDR(hsmbus);
2220:stm/stm32g4xx/STM32G4xx_HAL_Driver/Src/stm32g4xx_hal_smbus.c **** 
2221:stm/stm32g4xx/STM32G4xx_HAL_Driver/Src/stm32g4xx_hal_smbus.c ****       /* Process Unlocked */
2222:stm/stm32g4xx/STM32G4xx_HAL_Driver/Src/stm32g4xx_hal_smbus.c ****       __HAL_UNLOCK(hsmbus);
2223:stm/stm32g4xx/STM32G4xx_HAL_Driver/Src/stm32g4xx_hal_smbus.c **** 
2224:stm/stm32g4xx/STM32G4xx_HAL_Driver/Src/stm32g4xx_hal_smbus.c ****       /* Call the Error callback to inform upper layer */
2225:stm/stm32g4xx/STM32G4xx_HAL_Driver/Src/stm32g4xx_hal_smbus.c **** #if (USE_HAL_SMBUS_REGISTER_CALLBACKS == 1)
2226:stm/stm32g4xx/STM32G4xx_HAL_Driver/Src/stm32g4xx_hal_smbus.c ****       hsmbus->ErrorCallback(hsmbus);
2227:stm/stm32g4xx/STM32G4xx_HAL_Driver/Src/stm32g4xx_hal_smbus.c **** #else
2228:stm/stm32g4xx/STM32G4xx_HAL_Driver/Src/stm32g4xx_hal_smbus.c ****       HAL_SMBUS_ErrorCallback(hsmbus);
2229:stm/stm32g4xx/STM32G4xx_HAL_Driver/Src/stm32g4xx_hal_smbus.c **** #endif /* USE_HAL_SMBUS_REGISTER_CALLBACKS */
2230:stm/stm32g4xx/STM32G4xx_HAL_Driver/Src/stm32g4xx_hal_smbus.c ****     }
2231:stm/stm32g4xx/STM32G4xx_HAL_Driver/Src/stm32g4xx_hal_smbus.c ****   }
2232:stm/stm32g4xx/STM32G4xx_HAL_Driver/Src/stm32g4xx_hal_smbus.c ****   else if (SMBUS_CHECK_FLAG(StatusFlags, SMBUS_FLAG_ADDR) != RESET)
2233:stm/stm32g4xx/STM32G4xx_HAL_Driver/Src/stm32g4xx_hal_smbus.c ****   {
2234:stm/stm32g4xx/STM32G4xx_HAL_Driver/Src/stm32g4xx_hal_smbus.c ****     TransferDirection = (uint8_t)(SMBUS_GET_DIR(hsmbus));
2235:stm/stm32g4xx/STM32G4xx_HAL_Driver/Src/stm32g4xx_hal_smbus.c ****     SlaveAddrCode = (uint16_t)(SMBUS_GET_ADDR_MATCH(hsmbus));
2236:stm/stm32g4xx/STM32G4xx_HAL_Driver/Src/stm32g4xx_hal_smbus.c **** 
2237:stm/stm32g4xx/STM32G4xx_HAL_Driver/Src/stm32g4xx_hal_smbus.c ****     /* Disable ADDR interrupt to prevent multiple ADDRInterrupt*/
2238:stm/stm32g4xx/STM32G4xx_HAL_Driver/Src/stm32g4xx_hal_smbus.c ****     /* Other ADDRInterrupt will be treat in next Listen usecase */
2239:stm/stm32g4xx/STM32G4xx_HAL_Driver/Src/stm32g4xx_hal_smbus.c ****     __HAL_SMBUS_DISABLE_IT(hsmbus, SMBUS_IT_ADDRI);
2240:stm/stm32g4xx/STM32G4xx_HAL_Driver/Src/stm32g4xx_hal_smbus.c **** 
2241:stm/stm32g4xx/STM32G4xx_HAL_Driver/Src/stm32g4xx_hal_smbus.c ****     /* Process Unlocked */
2242:stm/stm32g4xx/STM32G4xx_HAL_Driver/Src/stm32g4xx_hal_smbus.c ****     __HAL_UNLOCK(hsmbus);
2243:stm/stm32g4xx/STM32G4xx_HAL_Driver/Src/stm32g4xx_hal_smbus.c **** 
2244:stm/stm32g4xx/STM32G4xx_HAL_Driver/Src/stm32g4xx_hal_smbus.c ****     /* Call Slave Addr callback */
2245:stm/stm32g4xx/STM32G4xx_HAL_Driver/Src/stm32g4xx_hal_smbus.c **** #if (USE_HAL_SMBUS_REGISTER_CALLBACKS == 1)
2246:stm/stm32g4xx/STM32G4xx_HAL_Driver/Src/stm32g4xx_hal_smbus.c ****     hsmbus->AddrCallback(hsmbus, TransferDirection, SlaveAddrCode);
2247:stm/stm32g4xx/STM32G4xx_HAL_Driver/Src/stm32g4xx_hal_smbus.c **** #else
2248:stm/stm32g4xx/STM32G4xx_HAL_Driver/Src/stm32g4xx_hal_smbus.c ****     HAL_SMBUS_AddrCallback(hsmbus, TransferDirection, SlaveAddrCode);
2249:stm/stm32g4xx/STM32G4xx_HAL_Driver/Src/stm32g4xx_hal_smbus.c **** #endif /* USE_HAL_SMBUS_REGISTER_CALLBACKS */
2250:stm/stm32g4xx/STM32G4xx_HAL_Driver/Src/stm32g4xx_hal_smbus.c ****   }
2251:stm/stm32g4xx/STM32G4xx_HAL_Driver/Src/stm32g4xx_hal_smbus.c ****   else if ((SMBUS_CHECK_FLAG(StatusFlags, SMBUS_FLAG_RXNE) != RESET) ||
2252:stm/stm32g4xx/STM32G4xx_HAL_Driver/Src/stm32g4xx_hal_smbus.c ****            (SMBUS_CHECK_FLAG(StatusFlags, SMBUS_FLAG_TCR) != RESET))
2253:stm/stm32g4xx/STM32G4xx_HAL_Driver/Src/stm32g4xx_hal_smbus.c ****   {
ARM GAS  /tmp/ccPqrEja.s 			page 41


2254:stm/stm32g4xx/STM32G4xx_HAL_Driver/Src/stm32g4xx_hal_smbus.c ****     if ((hsmbus->State & HAL_SMBUS_STATE_SLAVE_BUSY_RX) == HAL_SMBUS_STATE_SLAVE_BUSY_RX)
2255:stm/stm32g4xx/STM32G4xx_HAL_Driver/Src/stm32g4xx_hal_smbus.c ****     {
2256:stm/stm32g4xx/STM32G4xx_HAL_Driver/Src/stm32g4xx_hal_smbus.c ****       /* Read data from RXDR */
2257:stm/stm32g4xx/STM32G4xx_HAL_Driver/Src/stm32g4xx_hal_smbus.c ****       *hsmbus->pBuffPtr = (uint8_t)(hsmbus->Instance->RXDR);
2258:stm/stm32g4xx/STM32G4xx_HAL_Driver/Src/stm32g4xx_hal_smbus.c **** 
2259:stm/stm32g4xx/STM32G4xx_HAL_Driver/Src/stm32g4xx_hal_smbus.c ****       /* Increment Buffer pointer */
2260:stm/stm32g4xx/STM32G4xx_HAL_Driver/Src/stm32g4xx_hal_smbus.c ****       hsmbus->pBuffPtr++;
2261:stm/stm32g4xx/STM32G4xx_HAL_Driver/Src/stm32g4xx_hal_smbus.c **** 
2262:stm/stm32g4xx/STM32G4xx_HAL_Driver/Src/stm32g4xx_hal_smbus.c ****       hsmbus->XferSize--;
2263:stm/stm32g4xx/STM32G4xx_HAL_Driver/Src/stm32g4xx_hal_smbus.c ****       hsmbus->XferCount--;
2264:stm/stm32g4xx/STM32G4xx_HAL_Driver/Src/stm32g4xx_hal_smbus.c **** 
2265:stm/stm32g4xx/STM32G4xx_HAL_Driver/Src/stm32g4xx_hal_smbus.c ****       if (hsmbus->XferCount == 1U)
2266:stm/stm32g4xx/STM32G4xx_HAL_Driver/Src/stm32g4xx_hal_smbus.c ****       {
2267:stm/stm32g4xx/STM32G4xx_HAL_Driver/Src/stm32g4xx_hal_smbus.c ****         /* Receive last Byte, can be PEC byte in case of PEC BYTE enabled */
2268:stm/stm32g4xx/STM32G4xx_HAL_Driver/Src/stm32g4xx_hal_smbus.c ****         /* or only the last Byte of Transfer */
2269:stm/stm32g4xx/STM32G4xx_HAL_Driver/Src/stm32g4xx_hal_smbus.c ****         /* So reset the RELOAD bit mode */
2270:stm/stm32g4xx/STM32G4xx_HAL_Driver/Src/stm32g4xx_hal_smbus.c ****         hsmbus->XferOptions &= ~SMBUS_RELOAD_MODE;
2271:stm/stm32g4xx/STM32G4xx_HAL_Driver/Src/stm32g4xx_hal_smbus.c ****         SMBUS_TransferConfig(hsmbus, 0, 1, hsmbus->XferOptions, SMBUS_NO_STARTSTOP);
2272:stm/stm32g4xx/STM32G4xx_HAL_Driver/Src/stm32g4xx_hal_smbus.c ****       }
2273:stm/stm32g4xx/STM32G4xx_HAL_Driver/Src/stm32g4xx_hal_smbus.c ****       else if (hsmbus->XferCount == 0U)
2274:stm/stm32g4xx/STM32G4xx_HAL_Driver/Src/stm32g4xx_hal_smbus.c ****       {
2275:stm/stm32g4xx/STM32G4xx_HAL_Driver/Src/stm32g4xx_hal_smbus.c ****         /* Last Byte is received, disable Interrupt */
2276:stm/stm32g4xx/STM32G4xx_HAL_Driver/Src/stm32g4xx_hal_smbus.c ****         SMBUS_Disable_IRQ(hsmbus, SMBUS_IT_RX);
2277:stm/stm32g4xx/STM32G4xx_HAL_Driver/Src/stm32g4xx_hal_smbus.c **** 
2278:stm/stm32g4xx/STM32G4xx_HAL_Driver/Src/stm32g4xx_hal_smbus.c ****         /* Remove HAL_SMBUS_STATE_SLAVE_BUSY_RX, keep only HAL_SMBUS_STATE_LISTEN */
2279:stm/stm32g4xx/STM32G4xx_HAL_Driver/Src/stm32g4xx_hal_smbus.c ****         hsmbus->PreviousState = hsmbus->State;
2280:stm/stm32g4xx/STM32G4xx_HAL_Driver/Src/stm32g4xx_hal_smbus.c ****         hsmbus->State &= ~((uint32_t)HAL_SMBUS_STATE_SLAVE_BUSY_RX);
2281:stm/stm32g4xx/STM32G4xx_HAL_Driver/Src/stm32g4xx_hal_smbus.c **** 
2282:stm/stm32g4xx/STM32G4xx_HAL_Driver/Src/stm32g4xx_hal_smbus.c ****         /* Process Unlocked */
2283:stm/stm32g4xx/STM32G4xx_HAL_Driver/Src/stm32g4xx_hal_smbus.c ****         __HAL_UNLOCK(hsmbus);
2284:stm/stm32g4xx/STM32G4xx_HAL_Driver/Src/stm32g4xx_hal_smbus.c **** 
2285:stm/stm32g4xx/STM32G4xx_HAL_Driver/Src/stm32g4xx_hal_smbus.c ****         /* Call the corresponding callback to inform upper layer of End of Transfer */
2286:stm/stm32g4xx/STM32G4xx_HAL_Driver/Src/stm32g4xx_hal_smbus.c **** #if (USE_HAL_SMBUS_REGISTER_CALLBACKS == 1)
2287:stm/stm32g4xx/STM32G4xx_HAL_Driver/Src/stm32g4xx_hal_smbus.c ****         hsmbus->SlaveRxCpltCallback(hsmbus);
2288:stm/stm32g4xx/STM32G4xx_HAL_Driver/Src/stm32g4xx_hal_smbus.c **** #else
2289:stm/stm32g4xx/STM32G4xx_HAL_Driver/Src/stm32g4xx_hal_smbus.c ****         HAL_SMBUS_SlaveRxCpltCallback(hsmbus);
2290:stm/stm32g4xx/STM32G4xx_HAL_Driver/Src/stm32g4xx_hal_smbus.c **** #endif /* USE_HAL_SMBUS_REGISTER_CALLBACKS */
2291:stm/stm32g4xx/STM32G4xx_HAL_Driver/Src/stm32g4xx_hal_smbus.c ****       }
2292:stm/stm32g4xx/STM32G4xx_HAL_Driver/Src/stm32g4xx_hal_smbus.c ****       else
2293:stm/stm32g4xx/STM32G4xx_HAL_Driver/Src/stm32g4xx_hal_smbus.c ****       {
2294:stm/stm32g4xx/STM32G4xx_HAL_Driver/Src/stm32g4xx_hal_smbus.c ****         /* Set Reload for next Bytes */
2295:stm/stm32g4xx/STM32G4xx_HAL_Driver/Src/stm32g4xx_hal_smbus.c ****         SMBUS_TransferConfig(hsmbus, 0, 1,
2296:stm/stm32g4xx/STM32G4xx_HAL_Driver/Src/stm32g4xx_hal_smbus.c ****                              SMBUS_RELOAD_MODE  | (hsmbus->XferOptions & SMBUS_SENDPEC_MODE),
2297:stm/stm32g4xx/STM32G4xx_HAL_Driver/Src/stm32g4xx_hal_smbus.c ****                              SMBUS_NO_STARTSTOP);
2298:stm/stm32g4xx/STM32G4xx_HAL_Driver/Src/stm32g4xx_hal_smbus.c **** 
2299:stm/stm32g4xx/STM32G4xx_HAL_Driver/Src/stm32g4xx_hal_smbus.c ****         /* Ack last Byte Read */
2300:stm/stm32g4xx/STM32G4xx_HAL_Driver/Src/stm32g4xx_hal_smbus.c ****         hsmbus->Instance->CR2 &= ~I2C_CR2_NACK;
2301:stm/stm32g4xx/STM32G4xx_HAL_Driver/Src/stm32g4xx_hal_smbus.c ****       }
2302:stm/stm32g4xx/STM32G4xx_HAL_Driver/Src/stm32g4xx_hal_smbus.c ****     }
2303:stm/stm32g4xx/STM32G4xx_HAL_Driver/Src/stm32g4xx_hal_smbus.c ****     else if ((hsmbus->State & HAL_SMBUS_STATE_SLAVE_BUSY_TX) == HAL_SMBUS_STATE_SLAVE_BUSY_TX)
2304:stm/stm32g4xx/STM32G4xx_HAL_Driver/Src/stm32g4xx_hal_smbus.c ****     {
2305:stm/stm32g4xx/STM32G4xx_HAL_Driver/Src/stm32g4xx_hal_smbus.c ****       if ((hsmbus->XferCount != 0U) && (hsmbus->XferSize == 0U))
2306:stm/stm32g4xx/STM32G4xx_HAL_Driver/Src/stm32g4xx_hal_smbus.c ****       {
2307:stm/stm32g4xx/STM32G4xx_HAL_Driver/Src/stm32g4xx_hal_smbus.c ****         if (hsmbus->XferCount > MAX_NBYTE_SIZE)
2308:stm/stm32g4xx/STM32G4xx_HAL_Driver/Src/stm32g4xx_hal_smbus.c ****         {
2309:stm/stm32g4xx/STM32G4xx_HAL_Driver/Src/stm32g4xx_hal_smbus.c ****           SMBUS_TransferConfig(hsmbus, 0, MAX_NBYTE_SIZE,
2310:stm/stm32g4xx/STM32G4xx_HAL_Driver/Src/stm32g4xx_hal_smbus.c ****                                (SMBUS_RELOAD_MODE | (hsmbus->XferOptions & SMBUS_SENDPEC_MODE)),
ARM GAS  /tmp/ccPqrEja.s 			page 42


2311:stm/stm32g4xx/STM32G4xx_HAL_Driver/Src/stm32g4xx_hal_smbus.c ****                                SMBUS_NO_STARTSTOP);
2312:stm/stm32g4xx/STM32G4xx_HAL_Driver/Src/stm32g4xx_hal_smbus.c ****           hsmbus->XferSize = MAX_NBYTE_SIZE;
2313:stm/stm32g4xx/STM32G4xx_HAL_Driver/Src/stm32g4xx_hal_smbus.c ****         }
2314:stm/stm32g4xx/STM32G4xx_HAL_Driver/Src/stm32g4xx_hal_smbus.c ****         else
2315:stm/stm32g4xx/STM32G4xx_HAL_Driver/Src/stm32g4xx_hal_smbus.c ****         {
2316:stm/stm32g4xx/STM32G4xx_HAL_Driver/Src/stm32g4xx_hal_smbus.c ****           hsmbus->XferSize = hsmbus->XferCount;
2317:stm/stm32g4xx/STM32G4xx_HAL_Driver/Src/stm32g4xx_hal_smbus.c ****           SMBUS_TransferConfig(hsmbus, 0, (uint8_t)hsmbus->XferSize, hsmbus->XferOptions,
2318:stm/stm32g4xx/STM32G4xx_HAL_Driver/Src/stm32g4xx_hal_smbus.c ****                                SMBUS_NO_STARTSTOP);
2319:stm/stm32g4xx/STM32G4xx_HAL_Driver/Src/stm32g4xx_hal_smbus.c ****           /* If PEC mode is enable, size to transmit should be Size-1 byte, corresponding to PEC by
2320:stm/stm32g4xx/STM32G4xx_HAL_Driver/Src/stm32g4xx_hal_smbus.c ****           /* PEC byte is automatically sent by HW block, no need to manage it in Transmit process *
2321:stm/stm32g4xx/STM32G4xx_HAL_Driver/Src/stm32g4xx_hal_smbus.c ****           if (SMBUS_GET_PEC_MODE(hsmbus) != 0UL)
2322:stm/stm32g4xx/STM32G4xx_HAL_Driver/Src/stm32g4xx_hal_smbus.c ****           {
2323:stm/stm32g4xx/STM32G4xx_HAL_Driver/Src/stm32g4xx_hal_smbus.c ****             hsmbus->XferSize--;
2324:stm/stm32g4xx/STM32G4xx_HAL_Driver/Src/stm32g4xx_hal_smbus.c ****             hsmbus->XferCount--;
2325:stm/stm32g4xx/STM32G4xx_HAL_Driver/Src/stm32g4xx_hal_smbus.c ****           }
2326:stm/stm32g4xx/STM32G4xx_HAL_Driver/Src/stm32g4xx_hal_smbus.c ****         }
2327:stm/stm32g4xx/STM32G4xx_HAL_Driver/Src/stm32g4xx_hal_smbus.c ****       }
2328:stm/stm32g4xx/STM32G4xx_HAL_Driver/Src/stm32g4xx_hal_smbus.c ****     }
2329:stm/stm32g4xx/STM32G4xx_HAL_Driver/Src/stm32g4xx_hal_smbus.c ****     else
2330:stm/stm32g4xx/STM32G4xx_HAL_Driver/Src/stm32g4xx_hal_smbus.c ****     {
2331:stm/stm32g4xx/STM32G4xx_HAL_Driver/Src/stm32g4xx_hal_smbus.c ****       /* Nothing to do */
2332:stm/stm32g4xx/STM32G4xx_HAL_Driver/Src/stm32g4xx_hal_smbus.c ****     }
2333:stm/stm32g4xx/STM32G4xx_HAL_Driver/Src/stm32g4xx_hal_smbus.c ****   }
2334:stm/stm32g4xx/STM32G4xx_HAL_Driver/Src/stm32g4xx_hal_smbus.c ****   else if (SMBUS_CHECK_FLAG(StatusFlags, SMBUS_FLAG_TXIS) != RESET)
2335:stm/stm32g4xx/STM32G4xx_HAL_Driver/Src/stm32g4xx_hal_smbus.c ****   {
2336:stm/stm32g4xx/STM32G4xx_HAL_Driver/Src/stm32g4xx_hal_smbus.c ****     /* Write data to TXDR only if XferCount not reach "0" */
2337:stm/stm32g4xx/STM32G4xx_HAL_Driver/Src/stm32g4xx_hal_smbus.c ****     /* A TXIS flag can be set, during STOP treatment      */
2338:stm/stm32g4xx/STM32G4xx_HAL_Driver/Src/stm32g4xx_hal_smbus.c ****     /* Check if all Data have already been sent */
2339:stm/stm32g4xx/STM32G4xx_HAL_Driver/Src/stm32g4xx_hal_smbus.c ****     /* If it is the case, this last write in TXDR is not sent, correspond to a dummy TXIS event */
2340:stm/stm32g4xx/STM32G4xx_HAL_Driver/Src/stm32g4xx_hal_smbus.c ****     if (hsmbus->XferCount > 0U)
2341:stm/stm32g4xx/STM32G4xx_HAL_Driver/Src/stm32g4xx_hal_smbus.c ****     {
2342:stm/stm32g4xx/STM32G4xx_HAL_Driver/Src/stm32g4xx_hal_smbus.c ****       /* Write data to TXDR */
2343:stm/stm32g4xx/STM32G4xx_HAL_Driver/Src/stm32g4xx_hal_smbus.c ****       hsmbus->Instance->TXDR = *hsmbus->pBuffPtr;
2344:stm/stm32g4xx/STM32G4xx_HAL_Driver/Src/stm32g4xx_hal_smbus.c **** 
2345:stm/stm32g4xx/STM32G4xx_HAL_Driver/Src/stm32g4xx_hal_smbus.c ****       /* Increment Buffer pointer */
2346:stm/stm32g4xx/STM32G4xx_HAL_Driver/Src/stm32g4xx_hal_smbus.c ****       hsmbus->pBuffPtr++;
2347:stm/stm32g4xx/STM32G4xx_HAL_Driver/Src/stm32g4xx_hal_smbus.c **** 
2348:stm/stm32g4xx/STM32G4xx_HAL_Driver/Src/stm32g4xx_hal_smbus.c ****       hsmbus->XferCount--;
2349:stm/stm32g4xx/STM32G4xx_HAL_Driver/Src/stm32g4xx_hal_smbus.c ****       hsmbus->XferSize--;
2350:stm/stm32g4xx/STM32G4xx_HAL_Driver/Src/stm32g4xx_hal_smbus.c ****     }
2351:stm/stm32g4xx/STM32G4xx_HAL_Driver/Src/stm32g4xx_hal_smbus.c **** 
2352:stm/stm32g4xx/STM32G4xx_HAL_Driver/Src/stm32g4xx_hal_smbus.c ****     if (hsmbus->XferCount == 0U)
2353:stm/stm32g4xx/STM32G4xx_HAL_Driver/Src/stm32g4xx_hal_smbus.c ****     {
2354:stm/stm32g4xx/STM32G4xx_HAL_Driver/Src/stm32g4xx_hal_smbus.c ****       /* Last Byte is Transmitted */
2355:stm/stm32g4xx/STM32G4xx_HAL_Driver/Src/stm32g4xx_hal_smbus.c ****       /* Remove HAL_SMBUS_STATE_SLAVE_BUSY_TX, keep only HAL_SMBUS_STATE_LISTEN */
2356:stm/stm32g4xx/STM32G4xx_HAL_Driver/Src/stm32g4xx_hal_smbus.c ****       SMBUS_Disable_IRQ(hsmbus, SMBUS_IT_TX);
2357:stm/stm32g4xx/STM32G4xx_HAL_Driver/Src/stm32g4xx_hal_smbus.c ****       hsmbus->PreviousState = hsmbus->State;
2358:stm/stm32g4xx/STM32G4xx_HAL_Driver/Src/stm32g4xx_hal_smbus.c ****       hsmbus->State &= ~((uint32_t)HAL_SMBUS_STATE_SLAVE_BUSY_TX);
2359:stm/stm32g4xx/STM32G4xx_HAL_Driver/Src/stm32g4xx_hal_smbus.c **** 
2360:stm/stm32g4xx/STM32G4xx_HAL_Driver/Src/stm32g4xx_hal_smbus.c ****       /* Process Unlocked */
2361:stm/stm32g4xx/STM32G4xx_HAL_Driver/Src/stm32g4xx_hal_smbus.c ****       __HAL_UNLOCK(hsmbus);
2362:stm/stm32g4xx/STM32G4xx_HAL_Driver/Src/stm32g4xx_hal_smbus.c **** 
2363:stm/stm32g4xx/STM32G4xx_HAL_Driver/Src/stm32g4xx_hal_smbus.c ****       /* Call the corresponding callback to inform upper layer of End of Transfer */
2364:stm/stm32g4xx/STM32G4xx_HAL_Driver/Src/stm32g4xx_hal_smbus.c **** #if (USE_HAL_SMBUS_REGISTER_CALLBACKS == 1)
2365:stm/stm32g4xx/STM32G4xx_HAL_Driver/Src/stm32g4xx_hal_smbus.c ****       hsmbus->SlaveTxCpltCallback(hsmbus);
2366:stm/stm32g4xx/STM32G4xx_HAL_Driver/Src/stm32g4xx_hal_smbus.c **** #else
2367:stm/stm32g4xx/STM32G4xx_HAL_Driver/Src/stm32g4xx_hal_smbus.c ****       HAL_SMBUS_SlaveTxCpltCallback(hsmbus);
ARM GAS  /tmp/ccPqrEja.s 			page 43


2368:stm/stm32g4xx/STM32G4xx_HAL_Driver/Src/stm32g4xx_hal_smbus.c **** #endif /* USE_HAL_SMBUS_REGISTER_CALLBACKS */
2369:stm/stm32g4xx/STM32G4xx_HAL_Driver/Src/stm32g4xx_hal_smbus.c ****     }
2370:stm/stm32g4xx/STM32G4xx_HAL_Driver/Src/stm32g4xx_hal_smbus.c ****   }
2371:stm/stm32g4xx/STM32G4xx_HAL_Driver/Src/stm32g4xx_hal_smbus.c ****   else
2372:stm/stm32g4xx/STM32G4xx_HAL_Driver/Src/stm32g4xx_hal_smbus.c ****   {
2373:stm/stm32g4xx/STM32G4xx_HAL_Driver/Src/stm32g4xx_hal_smbus.c ****     /* Nothing to do */
2374:stm/stm32g4xx/STM32G4xx_HAL_Driver/Src/stm32g4xx_hal_smbus.c ****   }
2375:stm/stm32g4xx/STM32G4xx_HAL_Driver/Src/stm32g4xx_hal_smbus.c **** 
2376:stm/stm32g4xx/STM32G4xx_HAL_Driver/Src/stm32g4xx_hal_smbus.c ****   /* Check if STOPF is set */
2377:stm/stm32g4xx/STM32G4xx_HAL_Driver/Src/stm32g4xx_hal_smbus.c ****   if (SMBUS_CHECK_FLAG(StatusFlags, SMBUS_FLAG_STOPF) != RESET)
2378:stm/stm32g4xx/STM32G4xx_HAL_Driver/Src/stm32g4xx_hal_smbus.c ****   {
2379:stm/stm32g4xx/STM32G4xx_HAL_Driver/Src/stm32g4xx_hal_smbus.c ****     if ((hsmbus->State & HAL_SMBUS_STATE_LISTEN) == HAL_SMBUS_STATE_LISTEN)
2380:stm/stm32g4xx/STM32G4xx_HAL_Driver/Src/stm32g4xx_hal_smbus.c ****     {
2381:stm/stm32g4xx/STM32G4xx_HAL_Driver/Src/stm32g4xx_hal_smbus.c ****       /* Store Last receive data if any */
2382:stm/stm32g4xx/STM32G4xx_HAL_Driver/Src/stm32g4xx_hal_smbus.c ****       if (__HAL_SMBUS_GET_FLAG(hsmbus, SMBUS_FLAG_RXNE) != RESET)
2383:stm/stm32g4xx/STM32G4xx_HAL_Driver/Src/stm32g4xx_hal_smbus.c ****       {
2384:stm/stm32g4xx/STM32G4xx_HAL_Driver/Src/stm32g4xx_hal_smbus.c ****         /* Read data from RXDR */
2385:stm/stm32g4xx/STM32G4xx_HAL_Driver/Src/stm32g4xx_hal_smbus.c ****         *hsmbus->pBuffPtr = (uint8_t)(hsmbus->Instance->RXDR);
2386:stm/stm32g4xx/STM32G4xx_HAL_Driver/Src/stm32g4xx_hal_smbus.c **** 
2387:stm/stm32g4xx/STM32G4xx_HAL_Driver/Src/stm32g4xx_hal_smbus.c ****         /* Increment Buffer pointer */
2388:stm/stm32g4xx/STM32G4xx_HAL_Driver/Src/stm32g4xx_hal_smbus.c ****         hsmbus->pBuffPtr++;
2389:stm/stm32g4xx/STM32G4xx_HAL_Driver/Src/stm32g4xx_hal_smbus.c **** 
2390:stm/stm32g4xx/STM32G4xx_HAL_Driver/Src/stm32g4xx_hal_smbus.c ****         if ((hsmbus->XferSize > 0U))
2391:stm/stm32g4xx/STM32G4xx_HAL_Driver/Src/stm32g4xx_hal_smbus.c ****         {
2392:stm/stm32g4xx/STM32G4xx_HAL_Driver/Src/stm32g4xx_hal_smbus.c ****           hsmbus->XferSize--;
2393:stm/stm32g4xx/STM32G4xx_HAL_Driver/Src/stm32g4xx_hal_smbus.c ****           hsmbus->XferCount--;
2394:stm/stm32g4xx/STM32G4xx_HAL_Driver/Src/stm32g4xx_hal_smbus.c ****         }
2395:stm/stm32g4xx/STM32G4xx_HAL_Driver/Src/stm32g4xx_hal_smbus.c ****       }
2396:stm/stm32g4xx/STM32G4xx_HAL_Driver/Src/stm32g4xx_hal_smbus.c **** 
2397:stm/stm32g4xx/STM32G4xx_HAL_Driver/Src/stm32g4xx_hal_smbus.c ****       /* Disable RX and TX Interrupts */
2398:stm/stm32g4xx/STM32G4xx_HAL_Driver/Src/stm32g4xx_hal_smbus.c ****       SMBUS_Disable_IRQ(hsmbus, SMBUS_IT_RX | SMBUS_IT_TX);
2399:stm/stm32g4xx/STM32G4xx_HAL_Driver/Src/stm32g4xx_hal_smbus.c **** 
2400:stm/stm32g4xx/STM32G4xx_HAL_Driver/Src/stm32g4xx_hal_smbus.c ****       /* Disable ADDR Interrupt */
2401:stm/stm32g4xx/STM32G4xx_HAL_Driver/Src/stm32g4xx_hal_smbus.c ****       SMBUS_Disable_IRQ(hsmbus, SMBUS_IT_ADDR);
2402:stm/stm32g4xx/STM32G4xx_HAL_Driver/Src/stm32g4xx_hal_smbus.c **** 
2403:stm/stm32g4xx/STM32G4xx_HAL_Driver/Src/stm32g4xx_hal_smbus.c ****       /* Disable Address Acknowledge */
2404:stm/stm32g4xx/STM32G4xx_HAL_Driver/Src/stm32g4xx_hal_smbus.c ****       hsmbus->Instance->CR2 |= I2C_CR2_NACK;
2405:stm/stm32g4xx/STM32G4xx_HAL_Driver/Src/stm32g4xx_hal_smbus.c **** 
2406:stm/stm32g4xx/STM32G4xx_HAL_Driver/Src/stm32g4xx_hal_smbus.c ****       /* Clear Configuration Register 2 */
2407:stm/stm32g4xx/STM32G4xx_HAL_Driver/Src/stm32g4xx_hal_smbus.c ****       SMBUS_RESET_CR2(hsmbus);
2408:stm/stm32g4xx/STM32G4xx_HAL_Driver/Src/stm32g4xx_hal_smbus.c **** 
2409:stm/stm32g4xx/STM32G4xx_HAL_Driver/Src/stm32g4xx_hal_smbus.c ****       /* Clear STOP Flag */
2410:stm/stm32g4xx/STM32G4xx_HAL_Driver/Src/stm32g4xx_hal_smbus.c ****       __HAL_SMBUS_CLEAR_FLAG(hsmbus, SMBUS_FLAG_STOPF);
2411:stm/stm32g4xx/STM32G4xx_HAL_Driver/Src/stm32g4xx_hal_smbus.c **** 
2412:stm/stm32g4xx/STM32G4xx_HAL_Driver/Src/stm32g4xx_hal_smbus.c ****       /* Clear ADDR flag */
2413:stm/stm32g4xx/STM32G4xx_HAL_Driver/Src/stm32g4xx_hal_smbus.c ****       __HAL_SMBUS_CLEAR_FLAG(hsmbus, SMBUS_FLAG_ADDR);
2414:stm/stm32g4xx/STM32G4xx_HAL_Driver/Src/stm32g4xx_hal_smbus.c **** 
2415:stm/stm32g4xx/STM32G4xx_HAL_Driver/Src/stm32g4xx_hal_smbus.c ****       hsmbus->XferOptions = 0;
2416:stm/stm32g4xx/STM32G4xx_HAL_Driver/Src/stm32g4xx_hal_smbus.c ****       hsmbus->PreviousState = hsmbus->State;
2417:stm/stm32g4xx/STM32G4xx_HAL_Driver/Src/stm32g4xx_hal_smbus.c ****       hsmbus->State = HAL_SMBUS_STATE_READY;
2418:stm/stm32g4xx/STM32G4xx_HAL_Driver/Src/stm32g4xx_hal_smbus.c **** 
2419:stm/stm32g4xx/STM32G4xx_HAL_Driver/Src/stm32g4xx_hal_smbus.c ****       /* Process Unlocked */
2420:stm/stm32g4xx/STM32G4xx_HAL_Driver/Src/stm32g4xx_hal_smbus.c ****       __HAL_UNLOCK(hsmbus);
2421:stm/stm32g4xx/STM32G4xx_HAL_Driver/Src/stm32g4xx_hal_smbus.c **** 
2422:stm/stm32g4xx/STM32G4xx_HAL_Driver/Src/stm32g4xx_hal_smbus.c ****       /* Call the Listen Complete callback, to inform upper layer of the end of Listen usecase */
2423:stm/stm32g4xx/STM32G4xx_HAL_Driver/Src/stm32g4xx_hal_smbus.c **** #if (USE_HAL_SMBUS_REGISTER_CALLBACKS == 1)
2424:stm/stm32g4xx/STM32G4xx_HAL_Driver/Src/stm32g4xx_hal_smbus.c ****       hsmbus->ListenCpltCallback(hsmbus);
ARM GAS  /tmp/ccPqrEja.s 			page 44


2425:stm/stm32g4xx/STM32G4xx_HAL_Driver/Src/stm32g4xx_hal_smbus.c **** #else
2426:stm/stm32g4xx/STM32G4xx_HAL_Driver/Src/stm32g4xx_hal_smbus.c ****       HAL_SMBUS_ListenCpltCallback(hsmbus);
2427:stm/stm32g4xx/STM32G4xx_HAL_Driver/Src/stm32g4xx_hal_smbus.c **** #endif /* USE_HAL_SMBUS_REGISTER_CALLBACKS */
2428:stm/stm32g4xx/STM32G4xx_HAL_Driver/Src/stm32g4xx_hal_smbus.c ****     }
2429:stm/stm32g4xx/STM32G4xx_HAL_Driver/Src/stm32g4xx_hal_smbus.c ****   }
2430:stm/stm32g4xx/STM32G4xx_HAL_Driver/Src/stm32g4xx_hal_smbus.c **** 
2431:stm/stm32g4xx/STM32G4xx_HAL_Driver/Src/stm32g4xx_hal_smbus.c ****   /* Process Unlocked */
2432:stm/stm32g4xx/STM32G4xx_HAL_Driver/Src/stm32g4xx_hal_smbus.c ****   __HAL_UNLOCK(hsmbus);
2433:stm/stm32g4xx/STM32G4xx_HAL_Driver/Src/stm32g4xx_hal_smbus.c **** 
2434:stm/stm32g4xx/STM32G4xx_HAL_Driver/Src/stm32g4xx_hal_smbus.c ****   return HAL_OK;
2435:stm/stm32g4xx/STM32G4xx_HAL_Driver/Src/stm32g4xx_hal_smbus.c **** }
2436:stm/stm32g4xx/STM32G4xx_HAL_Driver/Src/stm32g4xx_hal_smbus.c **** /**
2437:stm/stm32g4xx/STM32G4xx_HAL_Driver/Src/stm32g4xx_hal_smbus.c ****   * @brief  Manage the enabling of Interrupts.
2438:stm/stm32g4xx/STM32G4xx_HAL_Driver/Src/stm32g4xx_hal_smbus.c ****   * @param  hsmbus Pointer to a SMBUS_HandleTypeDef structure that contains
2439:stm/stm32g4xx/STM32G4xx_HAL_Driver/Src/stm32g4xx_hal_smbus.c ****   *                the configuration information for the specified SMBUS.
2440:stm/stm32g4xx/STM32G4xx_HAL_Driver/Src/stm32g4xx_hal_smbus.c ****   * @param  InterruptRequest Value of @ref SMBUS_Interrupt_configuration_definition.
2441:stm/stm32g4xx/STM32G4xx_HAL_Driver/Src/stm32g4xx_hal_smbus.c ****   * @retval HAL status
2442:stm/stm32g4xx/STM32G4xx_HAL_Driver/Src/stm32g4xx_hal_smbus.c ****   */
2443:stm/stm32g4xx/STM32G4xx_HAL_Driver/Src/stm32g4xx_hal_smbus.c **** static void SMBUS_Enable_IRQ(SMBUS_HandleTypeDef *hsmbus, uint32_t InterruptRequest)
2444:stm/stm32g4xx/STM32G4xx_HAL_Driver/Src/stm32g4xx_hal_smbus.c **** {
  29              		.loc 1 2444 1 view -0
  30              		.cfi_startproc
  31              		@ args = 0, pretend = 0, frame = 0
  32              		@ frame_needed = 0, uses_anonymous_args = 0
  33              		@ link register save eliminated.
2445:stm/stm32g4xx/STM32G4xx_HAL_Driver/Src/stm32g4xx_hal_smbus.c ****   uint32_t tmpisr = 0UL;
  34              		.loc 1 2445 3 view .LVU1
2446:stm/stm32g4xx/STM32G4xx_HAL_Driver/Src/stm32g4xx_hal_smbus.c **** 
2447:stm/stm32g4xx/STM32G4xx_HAL_Driver/Src/stm32g4xx_hal_smbus.c ****   if ((InterruptRequest & SMBUS_IT_ALERT) == SMBUS_IT_ALERT)
  35              		.loc 1 2447 3 view .LVU2
  36              		.loc 1 2447 6 is_stmt 0 view .LVU3
  37 0000 11F08003 		ands	r3, r1, #128
  38 0004 00D0     		beq	.L2
2448:stm/stm32g4xx/STM32G4xx_HAL_Driver/Src/stm32g4xx_hal_smbus.c ****   {
2449:stm/stm32g4xx/STM32G4xx_HAL_Driver/Src/stm32g4xx_hal_smbus.c ****     /* Enable ERR interrupt */
2450:stm/stm32g4xx/STM32G4xx_HAL_Driver/Src/stm32g4xx_hal_smbus.c ****     tmpisr |= SMBUS_IT_ERRI;
  39              		.loc 1 2450 12 view .LVU4
  40 0006 8023     		movs	r3, #128
  41              	.L2:
  42              	.LVL1:
2451:stm/stm32g4xx/STM32G4xx_HAL_Driver/Src/stm32g4xx_hal_smbus.c ****   }
2452:stm/stm32g4xx/STM32G4xx_HAL_Driver/Src/stm32g4xx_hal_smbus.c **** 
2453:stm/stm32g4xx/STM32G4xx_HAL_Driver/Src/stm32g4xx_hal_smbus.c ****   if ((InterruptRequest & SMBUS_IT_ADDR) == SMBUS_IT_ADDR)
  43              		.loc 1 2453 3 is_stmt 1 view .LVU5
  44              		.loc 1 2453 25 is_stmt 0 view .LVU6
  45 0008 01F03802 		and	r2, r1, #56
  46              		.loc 1 2453 6 view .LVU7
  47 000c 382A     		cmp	r2, #56
  48 000e 0CD0     		beq	.L7
  49              	.L3:
2454:stm/stm32g4xx/STM32G4xx_HAL_Driver/Src/stm32g4xx_hal_smbus.c ****   {
2455:stm/stm32g4xx/STM32G4xx_HAL_Driver/Src/stm32g4xx_hal_smbus.c ****     /* Enable ADDR, STOP interrupt */
2456:stm/stm32g4xx/STM32G4xx_HAL_Driver/Src/stm32g4xx_hal_smbus.c ****     tmpisr |= SMBUS_IT_ADDRI | SMBUS_IT_STOPI | SMBUS_IT_NACKI | SMBUS_IT_ERRI;
2457:stm/stm32g4xx/STM32G4xx_HAL_Driver/Src/stm32g4xx_hal_smbus.c ****   }
2458:stm/stm32g4xx/STM32G4xx_HAL_Driver/Src/stm32g4xx_hal_smbus.c **** 
2459:stm/stm32g4xx/STM32G4xx_HAL_Driver/Src/stm32g4xx_hal_smbus.c ****   if ((InterruptRequest & SMBUS_IT_TX) == SMBUS_IT_TX)
  50              		.loc 1 2459 3 is_stmt 1 view .LVU8
ARM GAS  /tmp/ccPqrEja.s 			page 45


  51              		.loc 1 2459 25 is_stmt 0 view .LVU9
  52 0010 01F0F202 		and	r2, r1, #242
  53              		.loc 1 2459 6 view .LVU10
  54 0014 F22A     		cmp	r2, #242
  55 0016 0BD0     		beq	.L8
  56              	.L4:
2460:stm/stm32g4xx/STM32G4xx_HAL_Driver/Src/stm32g4xx_hal_smbus.c ****   {
2461:stm/stm32g4xx/STM32G4xx_HAL_Driver/Src/stm32g4xx_hal_smbus.c ****     /* Enable ERR, TC, STOP, NACK, RXI interrupt */
2462:stm/stm32g4xx/STM32G4xx_HAL_Driver/Src/stm32g4xx_hal_smbus.c ****     tmpisr |= SMBUS_IT_ERRI | SMBUS_IT_TCI | SMBUS_IT_STOPI | SMBUS_IT_NACKI | SMBUS_IT_TXI;
2463:stm/stm32g4xx/STM32G4xx_HAL_Driver/Src/stm32g4xx_hal_smbus.c ****   }
2464:stm/stm32g4xx/STM32G4xx_HAL_Driver/Src/stm32g4xx_hal_smbus.c **** 
2465:stm/stm32g4xx/STM32G4xx_HAL_Driver/Src/stm32g4xx_hal_smbus.c ****   if ((InterruptRequest & SMBUS_IT_RX) == SMBUS_IT_RX)
  57              		.loc 1 2465 3 is_stmt 1 view .LVU11
  58              		.loc 1 2465 25 is_stmt 0 view .LVU12
  59 0018 01F0D401 		and	r1, r1, #212
  60              	.LVL2:
  61              		.loc 1 2465 6 view .LVU13
  62 001c D429     		cmp	r1, #212
  63 001e 0AD0     		beq	.L9
  64              	.L5:
2466:stm/stm32g4xx/STM32G4xx_HAL_Driver/Src/stm32g4xx_hal_smbus.c ****   {
2467:stm/stm32g4xx/STM32G4xx_HAL_Driver/Src/stm32g4xx_hal_smbus.c ****     /* Enable ERR, TC, STOP, NACK, TXI interrupt */
2468:stm/stm32g4xx/STM32G4xx_HAL_Driver/Src/stm32g4xx_hal_smbus.c ****     tmpisr |= SMBUS_IT_ERRI | SMBUS_IT_TCI | SMBUS_IT_STOPI | SMBUS_IT_NACKI | SMBUS_IT_RXI;
2469:stm/stm32g4xx/STM32G4xx_HAL_Driver/Src/stm32g4xx_hal_smbus.c ****   }
2470:stm/stm32g4xx/STM32G4xx_HAL_Driver/Src/stm32g4xx_hal_smbus.c **** 
2471:stm/stm32g4xx/STM32G4xx_HAL_Driver/Src/stm32g4xx_hal_smbus.c ****   /* Enable interrupts only at the end */
2472:stm/stm32g4xx/STM32G4xx_HAL_Driver/Src/stm32g4xx_hal_smbus.c ****   /* to avoid the risk of SMBUS interrupt handle execution before */
2473:stm/stm32g4xx/STM32G4xx_HAL_Driver/Src/stm32g4xx_hal_smbus.c ****   /* all interrupts requested done */
2474:stm/stm32g4xx/STM32G4xx_HAL_Driver/Src/stm32g4xx_hal_smbus.c ****   __HAL_SMBUS_ENABLE_IT(hsmbus, tmpisr);
  65              		.loc 1 2474 3 is_stmt 1 view .LVU14
  66 0020 0168     		ldr	r1, [r0]
  67 0022 0A68     		ldr	r2, [r1]
  68 0024 1343     		orrs	r3, r3, r2
  69              	.LVL3:
  70              		.loc 1 2474 3 is_stmt 0 view .LVU15
  71 0026 0B60     		str	r3, [r1]
2475:stm/stm32g4xx/STM32G4xx_HAL_Driver/Src/stm32g4xx_hal_smbus.c **** }
  72              		.loc 1 2475 1 view .LVU16
  73 0028 7047     		bx	lr
  74              	.LVL4:
  75              	.L7:
2456:stm/stm32g4xx/STM32G4xx_HAL_Driver/Src/stm32g4xx_hal_smbus.c ****   }
  76              		.loc 1 2456 5 is_stmt 1 view .LVU17
2456:stm/stm32g4xx/STM32G4xx_HAL_Driver/Src/stm32g4xx_hal_smbus.c ****   }
  77              		.loc 1 2456 12 is_stmt 0 view .LVU18
  78 002a 43F0B803 		orr	r3, r3, #184
  79              	.LVL5:
2456:stm/stm32g4xx/STM32G4xx_HAL_Driver/Src/stm32g4xx_hal_smbus.c ****   }
  80              		.loc 1 2456 12 view .LVU19
  81 002e EFE7     		b	.L3
  82              	.L8:
2462:stm/stm32g4xx/STM32G4xx_HAL_Driver/Src/stm32g4xx_hal_smbus.c ****   }
  83              		.loc 1 2462 5 is_stmt 1 view .LVU20
2462:stm/stm32g4xx/STM32G4xx_HAL_Driver/Src/stm32g4xx_hal_smbus.c ****   }
  84              		.loc 1 2462 12 is_stmt 0 view .LVU21
  85 0030 43F0F203 		orr	r3, r3, #242
  86              	.LVL6:
ARM GAS  /tmp/ccPqrEja.s 			page 46


2462:stm/stm32g4xx/STM32G4xx_HAL_Driver/Src/stm32g4xx_hal_smbus.c ****   }
  87              		.loc 1 2462 12 view .LVU22
  88 0034 F0E7     		b	.L4
  89              	.LVL7:
  90              	.L9:
2468:stm/stm32g4xx/STM32G4xx_HAL_Driver/Src/stm32g4xx_hal_smbus.c ****   }
  91              		.loc 1 2468 5 is_stmt 1 view .LVU23
2468:stm/stm32g4xx/STM32G4xx_HAL_Driver/Src/stm32g4xx_hal_smbus.c ****   }
  92              		.loc 1 2468 12 is_stmt 0 view .LVU24
  93 0036 43F0F403 		orr	r3, r3, #244
  94              	.LVL8:
2468:stm/stm32g4xx/STM32G4xx_HAL_Driver/Src/stm32g4xx_hal_smbus.c ****   }
  95              		.loc 1 2468 12 view .LVU25
  96 003a F1E7     		b	.L5
  97              		.cfi_endproc
  98              	.LFE358:
 100              		.section	.text.SMBUS_Disable_IRQ,"ax",%progbits
 101              		.align	1
 102              		.syntax unified
 103              		.thumb
 104              		.thumb_func
 106              	SMBUS_Disable_IRQ:
 107              	.LVL9:
 108              	.LFB359:
2476:stm/stm32g4xx/STM32G4xx_HAL_Driver/Src/stm32g4xx_hal_smbus.c **** /**
2477:stm/stm32g4xx/STM32G4xx_HAL_Driver/Src/stm32g4xx_hal_smbus.c ****   * @brief  Manage the disabling of Interrupts.
2478:stm/stm32g4xx/STM32G4xx_HAL_Driver/Src/stm32g4xx_hal_smbus.c ****   * @param  hsmbus Pointer to a SMBUS_HandleTypeDef structure that contains
2479:stm/stm32g4xx/STM32G4xx_HAL_Driver/Src/stm32g4xx_hal_smbus.c ****   *                the configuration information for the specified SMBUS.
2480:stm/stm32g4xx/STM32G4xx_HAL_Driver/Src/stm32g4xx_hal_smbus.c ****   * @param  InterruptRequest Value of @ref SMBUS_Interrupt_configuration_definition.
2481:stm/stm32g4xx/STM32G4xx_HAL_Driver/Src/stm32g4xx_hal_smbus.c ****   * @retval HAL status
2482:stm/stm32g4xx/STM32G4xx_HAL_Driver/Src/stm32g4xx_hal_smbus.c ****   */
2483:stm/stm32g4xx/STM32G4xx_HAL_Driver/Src/stm32g4xx_hal_smbus.c **** static void SMBUS_Disable_IRQ(SMBUS_HandleTypeDef *hsmbus, uint32_t InterruptRequest)
2484:stm/stm32g4xx/STM32G4xx_HAL_Driver/Src/stm32g4xx_hal_smbus.c **** {
 109              		.loc 1 2484 1 is_stmt 1 view -0
 110              		.cfi_startproc
 111              		@ args = 0, pretend = 0, frame = 0
 112              		@ frame_needed = 0, uses_anonymous_args = 0
 113              		@ link register save eliminated.
 114              		.loc 1 2484 1 is_stmt 0 view .LVU27
 115 0000 10B4     		push	{r4}
 116              	.LCFI0:
 117              		.cfi_def_cfa_offset 4
 118              		.cfi_offset 4, -4
2485:stm/stm32g4xx/STM32G4xx_HAL_Driver/Src/stm32g4xx_hal_smbus.c ****   uint32_t tmpisr = 0UL;
 119              		.loc 1 2485 3 is_stmt 1 view .LVU28
 120              	.LVL10:
2486:stm/stm32g4xx/STM32G4xx_HAL_Driver/Src/stm32g4xx_hal_smbus.c ****   uint32_t tmpstate = hsmbus->State;
 121              		.loc 1 2486 3 view .LVU29
 122              		.loc 1 2486 12 is_stmt 0 view .LVU30
 123 0002 826C     		ldr	r2, [r0, #72]
 124              	.LVL11:
2487:stm/stm32g4xx/STM32G4xx_HAL_Driver/Src/stm32g4xx_hal_smbus.c **** 
2488:stm/stm32g4xx/STM32G4xx_HAL_Driver/Src/stm32g4xx_hal_smbus.c ****   if ((tmpstate == HAL_SMBUS_STATE_READY) && ((InterruptRequest & SMBUS_IT_ALERT) == SMBUS_IT_ALERT
 125              		.loc 1 2488 3 is_stmt 1 view .LVU31
 126              		.loc 1 2488 6 is_stmt 0 view .LVU32
 127 0004 012A     		cmp	r2, #1
 128 0006 16D0     		beq	.L23
ARM GAS  /tmp/ccPqrEja.s 			page 47


2485:stm/stm32g4xx/STM32G4xx_HAL_Driver/Src/stm32g4xx_hal_smbus.c ****   uint32_t tmpstate = hsmbus->State;
 129              		.loc 1 2485 12 view .LVU33
 130 0008 0023     		movs	r3, #0
 131              	.L11:
 132              	.LVL12:
2489:stm/stm32g4xx/STM32G4xx_HAL_Driver/Src/stm32g4xx_hal_smbus.c ****   {
2490:stm/stm32g4xx/STM32G4xx_HAL_Driver/Src/stm32g4xx_hal_smbus.c ****     /* Disable ERR interrupt */
2491:stm/stm32g4xx/STM32G4xx_HAL_Driver/Src/stm32g4xx_hal_smbus.c ****     tmpisr |= SMBUS_IT_ERRI;
2492:stm/stm32g4xx/STM32G4xx_HAL_Driver/Src/stm32g4xx_hal_smbus.c ****   }
2493:stm/stm32g4xx/STM32G4xx_HAL_Driver/Src/stm32g4xx_hal_smbus.c **** 
2494:stm/stm32g4xx/STM32G4xx_HAL_Driver/Src/stm32g4xx_hal_smbus.c ****   if ((InterruptRequest & SMBUS_IT_TX) == SMBUS_IT_TX)
 133              		.loc 1 2494 3 is_stmt 1 view .LVU34
 134              		.loc 1 2494 25 is_stmt 0 view .LVU35
 135 000a 01F0F20C 		and	ip, r1, #242
 136              		.loc 1 2494 6 view .LVU36
 137 000e BCF1F20F 		cmp	ip, #242
 138 0012 15D0     		beq	.L24
 139              	.L12:
2495:stm/stm32g4xx/STM32G4xx_HAL_Driver/Src/stm32g4xx_hal_smbus.c ****   {
2496:stm/stm32g4xx/STM32G4xx_HAL_Driver/Src/stm32g4xx_hal_smbus.c ****     /* Disable TC, STOP, NACK and TXI interrupt */
2497:stm/stm32g4xx/STM32G4xx_HAL_Driver/Src/stm32g4xx_hal_smbus.c ****     tmpisr |= SMBUS_IT_TCI | SMBUS_IT_TXI;
2498:stm/stm32g4xx/STM32G4xx_HAL_Driver/Src/stm32g4xx_hal_smbus.c **** 
2499:stm/stm32g4xx/STM32G4xx_HAL_Driver/Src/stm32g4xx_hal_smbus.c ****     if ((SMBUS_GET_ALERT_ENABLED(hsmbus) == 0UL)
2500:stm/stm32g4xx/STM32G4xx_HAL_Driver/Src/stm32g4xx_hal_smbus.c ****         && ((tmpstate & HAL_SMBUS_STATE_LISTEN) != HAL_SMBUS_STATE_LISTEN))
2501:stm/stm32g4xx/STM32G4xx_HAL_Driver/Src/stm32g4xx_hal_smbus.c ****     {
2502:stm/stm32g4xx/STM32G4xx_HAL_Driver/Src/stm32g4xx_hal_smbus.c ****       /* Disable ERR interrupt */
2503:stm/stm32g4xx/STM32G4xx_HAL_Driver/Src/stm32g4xx_hal_smbus.c ****       tmpisr |= SMBUS_IT_ERRI;
2504:stm/stm32g4xx/STM32G4xx_HAL_Driver/Src/stm32g4xx_hal_smbus.c ****     }
2505:stm/stm32g4xx/STM32G4xx_HAL_Driver/Src/stm32g4xx_hal_smbus.c **** 
2506:stm/stm32g4xx/STM32G4xx_HAL_Driver/Src/stm32g4xx_hal_smbus.c ****     if ((tmpstate & HAL_SMBUS_STATE_LISTEN) != HAL_SMBUS_STATE_LISTEN)
2507:stm/stm32g4xx/STM32G4xx_HAL_Driver/Src/stm32g4xx_hal_smbus.c ****     {
2508:stm/stm32g4xx/STM32G4xx_HAL_Driver/Src/stm32g4xx_hal_smbus.c ****       /* Disable STOP and NACK interrupt */
2509:stm/stm32g4xx/STM32G4xx_HAL_Driver/Src/stm32g4xx_hal_smbus.c ****       tmpisr |= SMBUS_IT_STOPI | SMBUS_IT_NACKI;
2510:stm/stm32g4xx/STM32G4xx_HAL_Driver/Src/stm32g4xx_hal_smbus.c ****     }
2511:stm/stm32g4xx/STM32G4xx_HAL_Driver/Src/stm32g4xx_hal_smbus.c ****   }
2512:stm/stm32g4xx/STM32G4xx_HAL_Driver/Src/stm32g4xx_hal_smbus.c **** 
2513:stm/stm32g4xx/STM32G4xx_HAL_Driver/Src/stm32g4xx_hal_smbus.c ****   if ((InterruptRequest & SMBUS_IT_RX) == SMBUS_IT_RX)
 140              		.loc 1 2513 3 is_stmt 1 view .LVU37
 141              		.loc 1 2513 25 is_stmt 0 view .LVU38
 142 0014 01F0D40C 		and	ip, r1, #212
 143              		.loc 1 2513 6 view .LVU39
 144 0018 BCF1D40F 		cmp	ip, #212
 145 001c 24D0     		beq	.L25
 146              	.L14:
2514:stm/stm32g4xx/STM32G4xx_HAL_Driver/Src/stm32g4xx_hal_smbus.c ****   {
2515:stm/stm32g4xx/STM32G4xx_HAL_Driver/Src/stm32g4xx_hal_smbus.c ****     /* Disable TC, STOP, NACK and RXI interrupt */
2516:stm/stm32g4xx/STM32G4xx_HAL_Driver/Src/stm32g4xx_hal_smbus.c ****     tmpisr |= SMBUS_IT_TCI | SMBUS_IT_RXI;
2517:stm/stm32g4xx/STM32G4xx_HAL_Driver/Src/stm32g4xx_hal_smbus.c **** 
2518:stm/stm32g4xx/STM32G4xx_HAL_Driver/Src/stm32g4xx_hal_smbus.c ****     if ((SMBUS_GET_ALERT_ENABLED(hsmbus) == 0UL)
2519:stm/stm32g4xx/STM32G4xx_HAL_Driver/Src/stm32g4xx_hal_smbus.c ****         && ((tmpstate & HAL_SMBUS_STATE_LISTEN) != HAL_SMBUS_STATE_LISTEN))
2520:stm/stm32g4xx/STM32G4xx_HAL_Driver/Src/stm32g4xx_hal_smbus.c ****     {
2521:stm/stm32g4xx/STM32G4xx_HAL_Driver/Src/stm32g4xx_hal_smbus.c ****       /* Disable ERR interrupt */
2522:stm/stm32g4xx/STM32G4xx_HAL_Driver/Src/stm32g4xx_hal_smbus.c ****       tmpisr |= SMBUS_IT_ERRI;
2523:stm/stm32g4xx/STM32G4xx_HAL_Driver/Src/stm32g4xx_hal_smbus.c ****     }
2524:stm/stm32g4xx/STM32G4xx_HAL_Driver/Src/stm32g4xx_hal_smbus.c **** 
2525:stm/stm32g4xx/STM32G4xx_HAL_Driver/Src/stm32g4xx_hal_smbus.c ****     if ((tmpstate & HAL_SMBUS_STATE_LISTEN) != HAL_SMBUS_STATE_LISTEN)
2526:stm/stm32g4xx/STM32G4xx_HAL_Driver/Src/stm32g4xx_hal_smbus.c ****     {
ARM GAS  /tmp/ccPqrEja.s 			page 48


2527:stm/stm32g4xx/STM32G4xx_HAL_Driver/Src/stm32g4xx_hal_smbus.c ****       /* Disable STOP and NACK interrupt */
2528:stm/stm32g4xx/STM32G4xx_HAL_Driver/Src/stm32g4xx_hal_smbus.c ****       tmpisr |= SMBUS_IT_STOPI | SMBUS_IT_NACKI;
2529:stm/stm32g4xx/STM32G4xx_HAL_Driver/Src/stm32g4xx_hal_smbus.c ****     }
2530:stm/stm32g4xx/STM32G4xx_HAL_Driver/Src/stm32g4xx_hal_smbus.c ****   }
2531:stm/stm32g4xx/STM32G4xx_HAL_Driver/Src/stm32g4xx_hal_smbus.c **** 
2532:stm/stm32g4xx/STM32G4xx_HAL_Driver/Src/stm32g4xx_hal_smbus.c ****   if ((InterruptRequest & SMBUS_IT_ADDR) == SMBUS_IT_ADDR)
 147              		.loc 1 2532 3 is_stmt 1 view .LVU40
 148              		.loc 1 2532 25 is_stmt 0 view .LVU41
 149 001e 01F03801 		and	r1, r1, #56
 150              	.LVL13:
 151              		.loc 1 2532 6 view .LVU42
 152 0022 3829     		cmp	r1, #56
 153 0024 34D0     		beq	.L26
 154              	.LVL14:
 155              	.L16:
2533:stm/stm32g4xx/STM32G4xx_HAL_Driver/Src/stm32g4xx_hal_smbus.c ****   {
2534:stm/stm32g4xx/STM32G4xx_HAL_Driver/Src/stm32g4xx_hal_smbus.c ****     /* Disable ADDR, STOP and NACK interrupt */
2535:stm/stm32g4xx/STM32G4xx_HAL_Driver/Src/stm32g4xx_hal_smbus.c ****     tmpisr |= SMBUS_IT_ADDRI | SMBUS_IT_STOPI | SMBUS_IT_NACKI;
2536:stm/stm32g4xx/STM32G4xx_HAL_Driver/Src/stm32g4xx_hal_smbus.c **** 
2537:stm/stm32g4xx/STM32G4xx_HAL_Driver/Src/stm32g4xx_hal_smbus.c ****     if (SMBUS_GET_ALERT_ENABLED(hsmbus) == 0UL)
2538:stm/stm32g4xx/STM32G4xx_HAL_Driver/Src/stm32g4xx_hal_smbus.c ****     {
2539:stm/stm32g4xx/STM32G4xx_HAL_Driver/Src/stm32g4xx_hal_smbus.c ****       /* Disable ERR interrupt */
2540:stm/stm32g4xx/STM32G4xx_HAL_Driver/Src/stm32g4xx_hal_smbus.c ****       tmpisr |= SMBUS_IT_ERRI;
2541:stm/stm32g4xx/STM32G4xx_HAL_Driver/Src/stm32g4xx_hal_smbus.c ****     }
2542:stm/stm32g4xx/STM32G4xx_HAL_Driver/Src/stm32g4xx_hal_smbus.c ****   }
2543:stm/stm32g4xx/STM32G4xx_HAL_Driver/Src/stm32g4xx_hal_smbus.c **** 
2544:stm/stm32g4xx/STM32G4xx_HAL_Driver/Src/stm32g4xx_hal_smbus.c ****   /* Disable interrupts only at the end */
2545:stm/stm32g4xx/STM32G4xx_HAL_Driver/Src/stm32g4xx_hal_smbus.c ****   /* to avoid a breaking situation like at "t" time */
2546:stm/stm32g4xx/STM32G4xx_HAL_Driver/Src/stm32g4xx_hal_smbus.c ****   /* all disable interrupts request are not done */
2547:stm/stm32g4xx/STM32G4xx_HAL_Driver/Src/stm32g4xx_hal_smbus.c ****   __HAL_SMBUS_DISABLE_IT(hsmbus, tmpisr);
 156              		.loc 1 2547 3 is_stmt 1 view .LVU43
 157 0026 0168     		ldr	r1, [r0]
 158 0028 0A68     		ldr	r2, [r1]
 159 002a 22EA0303 		bic	r3, r2, r3
 160              	.LVL15:
 161              		.loc 1 2547 3 is_stmt 0 view .LVU44
 162 002e 0B60     		str	r3, [r1]
2548:stm/stm32g4xx/STM32G4xx_HAL_Driver/Src/stm32g4xx_hal_smbus.c **** }
 163              		.loc 1 2548 1 view .LVU45
 164 0030 5DF8044B 		ldr	r4, [sp], #4
 165              	.LCFI1:
 166              		.cfi_remember_state
 167              		.cfi_restore 4
 168              		.cfi_def_cfa_offset 0
 169 0034 7047     		bx	lr
 170              	.LVL16:
 171              	.L23:
 172              	.LCFI2:
 173              		.cfi_restore_state
2488:stm/stm32g4xx/STM32G4xx_HAL_Driver/Src/stm32g4xx_hal_smbus.c ****   {
 174              		.loc 1 2488 43 discriminator 1 view .LVU46
 175 0036 11F08003 		ands	r3, r1, #128
 176 003a E6D0     		beq	.L11
2491:stm/stm32g4xx/STM32G4xx_HAL_Driver/Src/stm32g4xx_hal_smbus.c ****   }
 177              		.loc 1 2491 12 view .LVU47
 178 003c 8023     		movs	r3, #128
 179 003e E4E7     		b	.L11
ARM GAS  /tmp/ccPqrEja.s 			page 49


 180              	.LVL17:
 181              	.L24:
2497:stm/stm32g4xx/STM32G4xx_HAL_Driver/Src/stm32g4xx_hal_smbus.c **** 
 182              		.loc 1 2497 5 is_stmt 1 view .LVU48
2497:stm/stm32g4xx/STM32G4xx_HAL_Driver/Src/stm32g4xx_hal_smbus.c **** 
 183              		.loc 1 2497 12 is_stmt 0 view .LVU49
 184 0040 43F0420C 		orr	ip, r3, #66
 185              	.LVL18:
2499:stm/stm32g4xx/STM32G4xx_HAL_Driver/Src/stm32g4xx_hal_smbus.c ****         && ((tmpstate & HAL_SMBUS_STATE_LISTEN) != HAL_SMBUS_STATE_LISTEN))
 186              		.loc 1 2499 5 is_stmt 1 view .LVU50
2499:stm/stm32g4xx/STM32G4xx_HAL_Driver/Src/stm32g4xx_hal_smbus.c ****         && ((tmpstate & HAL_SMBUS_STATE_LISTEN) != HAL_SMBUS_STATE_LISTEN))
 187              		.loc 1 2499 10 is_stmt 0 view .LVU51
 188 0044 0468     		ldr	r4, [r0]
 189 0046 2468     		ldr	r4, [r4]
2499:stm/stm32g4xx/STM32G4xx_HAL_Driver/Src/stm32g4xx_hal_smbus.c ****         && ((tmpstate & HAL_SMBUS_STATE_LISTEN) != HAL_SMBUS_STATE_LISTEN))
 190              		.loc 1 2499 8 view .LVU52
 191 0048 14F4800F 		tst	r4, #4194304
 192 004c 04D1     		bne	.L13
2500:stm/stm32g4xx/STM32G4xx_HAL_Driver/Src/stm32g4xx_hal_smbus.c ****     {
 193              		.loc 1 2500 9 view .LVU53
 194 004e 12F0080F 		tst	r2, #8
 195 0052 01D1     		bne	.L13
2503:stm/stm32g4xx/STM32G4xx_HAL_Driver/Src/stm32g4xx_hal_smbus.c ****     }
 196              		.loc 1 2503 7 is_stmt 1 view .LVU54
2503:stm/stm32g4xx/STM32G4xx_HAL_Driver/Src/stm32g4xx_hal_smbus.c ****     }
 197              		.loc 1 2503 14 is_stmt 0 view .LVU55
 198 0054 43F0C20C 		orr	ip, r3, #194
 199              	.LVL19:
 200              	.L13:
2506:stm/stm32g4xx/STM32G4xx_HAL_Driver/Src/stm32g4xx_hal_smbus.c ****     {
 201              		.loc 1 2506 5 is_stmt 1 view .LVU56
2506:stm/stm32g4xx/STM32G4xx_HAL_Driver/Src/stm32g4xx_hal_smbus.c ****     {
 202              		.loc 1 2506 8 is_stmt 0 view .LVU57
 203 0058 12F0080F 		tst	r2, #8
 204 005c 02D1     		bne	.L19
2509:stm/stm32g4xx/STM32G4xx_HAL_Driver/Src/stm32g4xx_hal_smbus.c ****     }
 205              		.loc 1 2509 7 is_stmt 1 view .LVU58
2509:stm/stm32g4xx/STM32G4xx_HAL_Driver/Src/stm32g4xx_hal_smbus.c ****     }
 206              		.loc 1 2509 14 is_stmt 0 view .LVU59
 207 005e 4CF03003 		orr	r3, ip, #48
 208              	.LVL20:
2509:stm/stm32g4xx/STM32G4xx_HAL_Driver/Src/stm32g4xx_hal_smbus.c ****     }
 209              		.loc 1 2509 14 view .LVU60
 210 0062 D7E7     		b	.L12
 211              	.LVL21:
 212              	.L19:
2509:stm/stm32g4xx/STM32G4xx_HAL_Driver/Src/stm32g4xx_hal_smbus.c ****     }
 213              		.loc 1 2509 14 view .LVU61
 214 0064 6346     		mov	r3, ip
 215 0066 D5E7     		b	.L12
 216              	.LVL22:
 217              	.L25:
2516:stm/stm32g4xx/STM32G4xx_HAL_Driver/Src/stm32g4xx_hal_smbus.c **** 
 218              		.loc 1 2516 5 is_stmt 1 view .LVU62
2516:stm/stm32g4xx/STM32G4xx_HAL_Driver/Src/stm32g4xx_hal_smbus.c **** 
 219              		.loc 1 2516 12 is_stmt 0 view .LVU63
 220 0068 43F0440C 		orr	ip, r3, #68
ARM GAS  /tmp/ccPqrEja.s 			page 50


 221              	.LVL23:
2518:stm/stm32g4xx/STM32G4xx_HAL_Driver/Src/stm32g4xx_hal_smbus.c ****         && ((tmpstate & HAL_SMBUS_STATE_LISTEN) != HAL_SMBUS_STATE_LISTEN))
 222              		.loc 1 2518 5 is_stmt 1 view .LVU64
2518:stm/stm32g4xx/STM32G4xx_HAL_Driver/Src/stm32g4xx_hal_smbus.c ****         && ((tmpstate & HAL_SMBUS_STATE_LISTEN) != HAL_SMBUS_STATE_LISTEN))
 223              		.loc 1 2518 10 is_stmt 0 view .LVU65
 224 006c 0468     		ldr	r4, [r0]
 225 006e 2468     		ldr	r4, [r4]
2518:stm/stm32g4xx/STM32G4xx_HAL_Driver/Src/stm32g4xx_hal_smbus.c ****         && ((tmpstate & HAL_SMBUS_STATE_LISTEN) != HAL_SMBUS_STATE_LISTEN))
 226              		.loc 1 2518 8 view .LVU66
 227 0070 14F4800F 		tst	r4, #4194304
 228 0074 04D1     		bne	.L15
2519:stm/stm32g4xx/STM32G4xx_HAL_Driver/Src/stm32g4xx_hal_smbus.c ****     {
 229              		.loc 1 2519 9 view .LVU67
 230 0076 12F0080F 		tst	r2, #8
 231 007a 01D1     		bne	.L15
2522:stm/stm32g4xx/STM32G4xx_HAL_Driver/Src/stm32g4xx_hal_smbus.c ****     }
 232              		.loc 1 2522 7 is_stmt 1 view .LVU68
2522:stm/stm32g4xx/STM32G4xx_HAL_Driver/Src/stm32g4xx_hal_smbus.c ****     }
 233              		.loc 1 2522 14 is_stmt 0 view .LVU69
 234 007c 43F0C40C 		orr	ip, r3, #196
 235              	.LVL24:
 236              	.L15:
2525:stm/stm32g4xx/STM32G4xx_HAL_Driver/Src/stm32g4xx_hal_smbus.c ****     {
 237              		.loc 1 2525 5 is_stmt 1 view .LVU70
2525:stm/stm32g4xx/STM32G4xx_HAL_Driver/Src/stm32g4xx_hal_smbus.c ****     {
 238              		.loc 1 2525 8 is_stmt 0 view .LVU71
 239 0080 12F0080F 		tst	r2, #8
 240 0084 02D1     		bne	.L20
2528:stm/stm32g4xx/STM32G4xx_HAL_Driver/Src/stm32g4xx_hal_smbus.c ****     }
 241              		.loc 1 2528 7 is_stmt 1 view .LVU72
2528:stm/stm32g4xx/STM32G4xx_HAL_Driver/Src/stm32g4xx_hal_smbus.c ****     }
 242              		.loc 1 2528 14 is_stmt 0 view .LVU73
 243 0086 4CF03003 		orr	r3, ip, #48
 244              	.LVL25:
2528:stm/stm32g4xx/STM32G4xx_HAL_Driver/Src/stm32g4xx_hal_smbus.c ****     }
 245              		.loc 1 2528 14 view .LVU74
 246 008a C8E7     		b	.L14
 247              	.LVL26:
 248              	.L20:
2528:stm/stm32g4xx/STM32G4xx_HAL_Driver/Src/stm32g4xx_hal_smbus.c ****     }
 249              		.loc 1 2528 14 view .LVU75
 250 008c 6346     		mov	r3, ip
 251 008e C6E7     		b	.L14
 252              	.LVL27:
 253              	.L26:
2535:stm/stm32g4xx/STM32G4xx_HAL_Driver/Src/stm32g4xx_hal_smbus.c **** 
 254              		.loc 1 2535 5 is_stmt 1 view .LVU76
2535:stm/stm32g4xx/STM32G4xx_HAL_Driver/Src/stm32g4xx_hal_smbus.c **** 
 255              		.loc 1 2535 12 is_stmt 0 view .LVU77
 256 0090 43F03801 		orr	r1, r3, #56
 257              	.LVL28:
2537:stm/stm32g4xx/STM32G4xx_HAL_Driver/Src/stm32g4xx_hal_smbus.c ****     {
 258              		.loc 1 2537 5 is_stmt 1 view .LVU78
2537:stm/stm32g4xx/STM32G4xx_HAL_Driver/Src/stm32g4xx_hal_smbus.c ****     {
 259              		.loc 1 2537 9 is_stmt 0 view .LVU79
 260 0094 0268     		ldr	r2, [r0]
 261              	.LVL29:
ARM GAS  /tmp/ccPqrEja.s 			page 51


2537:stm/stm32g4xx/STM32G4xx_HAL_Driver/Src/stm32g4xx_hal_smbus.c ****     {
 262              		.loc 1 2537 9 view .LVU80
 263 0096 1268     		ldr	r2, [r2]
2537:stm/stm32g4xx/STM32G4xx_HAL_Driver/Src/stm32g4xx_hal_smbus.c ****     {
 264              		.loc 1 2537 8 view .LVU81
 265 0098 12F4800F 		tst	r2, #4194304
 266 009c 02D1     		bne	.L21
2540:stm/stm32g4xx/STM32G4xx_HAL_Driver/Src/stm32g4xx_hal_smbus.c ****     }
 267              		.loc 1 2540 7 is_stmt 1 view .LVU82
2540:stm/stm32g4xx/STM32G4xx_HAL_Driver/Src/stm32g4xx_hal_smbus.c ****     }
 268              		.loc 1 2540 14 is_stmt 0 view .LVU83
 269 009e 43F0B803 		orr	r3, r3, #184
 270              	.LVL30:
2540:stm/stm32g4xx/STM32G4xx_HAL_Driver/Src/stm32g4xx_hal_smbus.c ****     }
 271              		.loc 1 2540 14 view .LVU84
 272 00a2 C0E7     		b	.L16
 273              	.LVL31:
 274              	.L21:
2535:stm/stm32g4xx/STM32G4xx_HAL_Driver/Src/stm32g4xx_hal_smbus.c **** 
 275              		.loc 1 2535 12 view .LVU85
 276 00a4 0B46     		mov	r3, r1
 277 00a6 BEE7     		b	.L16
 278              		.cfi_endproc
 279              	.LFE359:
 281              		.section	.text.SMBUS_Flush_TXDR,"ax",%progbits
 282              		.align	1
 283              		.syntax unified
 284              		.thumb
 285              		.thumb_func
 287              	SMBUS_Flush_TXDR:
 288              	.LVL32:
 289              	.LFB362:
2549:stm/stm32g4xx/STM32G4xx_HAL_Driver/Src/stm32g4xx_hal_smbus.c **** 
2550:stm/stm32g4xx/STM32G4xx_HAL_Driver/Src/stm32g4xx_hal_smbus.c **** /**
2551:stm/stm32g4xx/STM32G4xx_HAL_Driver/Src/stm32g4xx_hal_smbus.c ****   * @brief  SMBUS interrupts error handler.
2552:stm/stm32g4xx/STM32G4xx_HAL_Driver/Src/stm32g4xx_hal_smbus.c ****   * @param  hsmbus SMBUS handle.
2553:stm/stm32g4xx/STM32G4xx_HAL_Driver/Src/stm32g4xx_hal_smbus.c ****   * @retval None
2554:stm/stm32g4xx/STM32G4xx_HAL_Driver/Src/stm32g4xx_hal_smbus.c ****   */
2555:stm/stm32g4xx/STM32G4xx_HAL_Driver/Src/stm32g4xx_hal_smbus.c **** static void SMBUS_ITErrorHandler(SMBUS_HandleTypeDef *hsmbus)
2556:stm/stm32g4xx/STM32G4xx_HAL_Driver/Src/stm32g4xx_hal_smbus.c **** {
2557:stm/stm32g4xx/STM32G4xx_HAL_Driver/Src/stm32g4xx_hal_smbus.c ****   uint32_t itflags   = READ_REG(hsmbus->Instance->ISR);
2558:stm/stm32g4xx/STM32G4xx_HAL_Driver/Src/stm32g4xx_hal_smbus.c ****   uint32_t itsources = READ_REG(hsmbus->Instance->CR1);
2559:stm/stm32g4xx/STM32G4xx_HAL_Driver/Src/stm32g4xx_hal_smbus.c ****   uint32_t tmpstate;
2560:stm/stm32g4xx/STM32G4xx_HAL_Driver/Src/stm32g4xx_hal_smbus.c ****   uint32_t tmperror;
2561:stm/stm32g4xx/STM32G4xx_HAL_Driver/Src/stm32g4xx_hal_smbus.c **** 
2562:stm/stm32g4xx/STM32G4xx_HAL_Driver/Src/stm32g4xx_hal_smbus.c ****   /* SMBUS Bus error interrupt occurred ------------------------------------*/
2563:stm/stm32g4xx/STM32G4xx_HAL_Driver/Src/stm32g4xx_hal_smbus.c ****   if (((itflags & SMBUS_FLAG_BERR) == SMBUS_FLAG_BERR) && \
2564:stm/stm32g4xx/STM32G4xx_HAL_Driver/Src/stm32g4xx_hal_smbus.c ****       ((itsources & SMBUS_IT_ERRI) == SMBUS_IT_ERRI))
2565:stm/stm32g4xx/STM32G4xx_HAL_Driver/Src/stm32g4xx_hal_smbus.c ****   {
2566:stm/stm32g4xx/STM32G4xx_HAL_Driver/Src/stm32g4xx_hal_smbus.c ****     hsmbus->ErrorCode |= HAL_SMBUS_ERROR_BERR;
2567:stm/stm32g4xx/STM32G4xx_HAL_Driver/Src/stm32g4xx_hal_smbus.c **** 
2568:stm/stm32g4xx/STM32G4xx_HAL_Driver/Src/stm32g4xx_hal_smbus.c ****     /* Clear BERR flag */
2569:stm/stm32g4xx/STM32G4xx_HAL_Driver/Src/stm32g4xx_hal_smbus.c ****     __HAL_SMBUS_CLEAR_FLAG(hsmbus, SMBUS_FLAG_BERR);
2570:stm/stm32g4xx/STM32G4xx_HAL_Driver/Src/stm32g4xx_hal_smbus.c ****   }
2571:stm/stm32g4xx/STM32G4xx_HAL_Driver/Src/stm32g4xx_hal_smbus.c **** 
2572:stm/stm32g4xx/STM32G4xx_HAL_Driver/Src/stm32g4xx_hal_smbus.c ****   /* SMBUS Over-Run/Under-Run interrupt occurred ----------------------------------------*/
2573:stm/stm32g4xx/STM32G4xx_HAL_Driver/Src/stm32g4xx_hal_smbus.c ****   if (((itflags & SMBUS_FLAG_OVR) == SMBUS_FLAG_OVR) && \
ARM GAS  /tmp/ccPqrEja.s 			page 52


2574:stm/stm32g4xx/STM32G4xx_HAL_Driver/Src/stm32g4xx_hal_smbus.c ****       ((itsources & SMBUS_IT_ERRI) == SMBUS_IT_ERRI))
2575:stm/stm32g4xx/STM32G4xx_HAL_Driver/Src/stm32g4xx_hal_smbus.c ****   {
2576:stm/stm32g4xx/STM32G4xx_HAL_Driver/Src/stm32g4xx_hal_smbus.c ****     hsmbus->ErrorCode |= HAL_SMBUS_ERROR_OVR;
2577:stm/stm32g4xx/STM32G4xx_HAL_Driver/Src/stm32g4xx_hal_smbus.c **** 
2578:stm/stm32g4xx/STM32G4xx_HAL_Driver/Src/stm32g4xx_hal_smbus.c ****     /* Clear OVR flag */
2579:stm/stm32g4xx/STM32G4xx_HAL_Driver/Src/stm32g4xx_hal_smbus.c ****     __HAL_SMBUS_CLEAR_FLAG(hsmbus, SMBUS_FLAG_OVR);
2580:stm/stm32g4xx/STM32G4xx_HAL_Driver/Src/stm32g4xx_hal_smbus.c ****   }
2581:stm/stm32g4xx/STM32G4xx_HAL_Driver/Src/stm32g4xx_hal_smbus.c **** 
2582:stm/stm32g4xx/STM32G4xx_HAL_Driver/Src/stm32g4xx_hal_smbus.c ****   /* SMBUS Arbitration Loss error interrupt occurred ------------------------------------*/
2583:stm/stm32g4xx/STM32G4xx_HAL_Driver/Src/stm32g4xx_hal_smbus.c ****   if (((itflags & SMBUS_FLAG_ARLO) == SMBUS_FLAG_ARLO) && \
2584:stm/stm32g4xx/STM32G4xx_HAL_Driver/Src/stm32g4xx_hal_smbus.c ****       ((itsources & SMBUS_IT_ERRI) == SMBUS_IT_ERRI))
2585:stm/stm32g4xx/STM32G4xx_HAL_Driver/Src/stm32g4xx_hal_smbus.c ****   {
2586:stm/stm32g4xx/STM32G4xx_HAL_Driver/Src/stm32g4xx_hal_smbus.c ****     hsmbus->ErrorCode |= HAL_SMBUS_ERROR_ARLO;
2587:stm/stm32g4xx/STM32G4xx_HAL_Driver/Src/stm32g4xx_hal_smbus.c **** 
2588:stm/stm32g4xx/STM32G4xx_HAL_Driver/Src/stm32g4xx_hal_smbus.c ****     /* Clear ARLO flag */
2589:stm/stm32g4xx/STM32G4xx_HAL_Driver/Src/stm32g4xx_hal_smbus.c ****     __HAL_SMBUS_CLEAR_FLAG(hsmbus, SMBUS_FLAG_ARLO);
2590:stm/stm32g4xx/STM32G4xx_HAL_Driver/Src/stm32g4xx_hal_smbus.c ****   }
2591:stm/stm32g4xx/STM32G4xx_HAL_Driver/Src/stm32g4xx_hal_smbus.c **** 
2592:stm/stm32g4xx/STM32G4xx_HAL_Driver/Src/stm32g4xx_hal_smbus.c ****   /* SMBUS Timeout error interrupt occurred ---------------------------------------------*/
2593:stm/stm32g4xx/STM32G4xx_HAL_Driver/Src/stm32g4xx_hal_smbus.c ****   if (((itflags & SMBUS_FLAG_TIMEOUT) == SMBUS_FLAG_TIMEOUT) && \
2594:stm/stm32g4xx/STM32G4xx_HAL_Driver/Src/stm32g4xx_hal_smbus.c ****       ((itsources & SMBUS_IT_ERRI) == SMBUS_IT_ERRI))
2595:stm/stm32g4xx/STM32G4xx_HAL_Driver/Src/stm32g4xx_hal_smbus.c ****   {
2596:stm/stm32g4xx/STM32G4xx_HAL_Driver/Src/stm32g4xx_hal_smbus.c ****     hsmbus->ErrorCode |= HAL_SMBUS_ERROR_BUSTIMEOUT;
2597:stm/stm32g4xx/STM32G4xx_HAL_Driver/Src/stm32g4xx_hal_smbus.c **** 
2598:stm/stm32g4xx/STM32G4xx_HAL_Driver/Src/stm32g4xx_hal_smbus.c ****     /* Clear TIMEOUT flag */
2599:stm/stm32g4xx/STM32G4xx_HAL_Driver/Src/stm32g4xx_hal_smbus.c ****     __HAL_SMBUS_CLEAR_FLAG(hsmbus, SMBUS_FLAG_TIMEOUT);
2600:stm/stm32g4xx/STM32G4xx_HAL_Driver/Src/stm32g4xx_hal_smbus.c ****   }
2601:stm/stm32g4xx/STM32G4xx_HAL_Driver/Src/stm32g4xx_hal_smbus.c **** 
2602:stm/stm32g4xx/STM32G4xx_HAL_Driver/Src/stm32g4xx_hal_smbus.c ****   /* SMBUS Alert error interrupt occurred -----------------------------------------------*/
2603:stm/stm32g4xx/STM32G4xx_HAL_Driver/Src/stm32g4xx_hal_smbus.c ****   if (((itflags & SMBUS_FLAG_ALERT) == SMBUS_FLAG_ALERT) && \
2604:stm/stm32g4xx/STM32G4xx_HAL_Driver/Src/stm32g4xx_hal_smbus.c ****       ((itsources & SMBUS_IT_ERRI) == SMBUS_IT_ERRI))
2605:stm/stm32g4xx/STM32G4xx_HAL_Driver/Src/stm32g4xx_hal_smbus.c ****   {
2606:stm/stm32g4xx/STM32G4xx_HAL_Driver/Src/stm32g4xx_hal_smbus.c ****     hsmbus->ErrorCode |= HAL_SMBUS_ERROR_ALERT;
2607:stm/stm32g4xx/STM32G4xx_HAL_Driver/Src/stm32g4xx_hal_smbus.c **** 
2608:stm/stm32g4xx/STM32G4xx_HAL_Driver/Src/stm32g4xx_hal_smbus.c ****     /* Clear ALERT flag */
2609:stm/stm32g4xx/STM32G4xx_HAL_Driver/Src/stm32g4xx_hal_smbus.c ****     __HAL_SMBUS_CLEAR_FLAG(hsmbus, SMBUS_FLAG_ALERT);
2610:stm/stm32g4xx/STM32G4xx_HAL_Driver/Src/stm32g4xx_hal_smbus.c ****   }
2611:stm/stm32g4xx/STM32G4xx_HAL_Driver/Src/stm32g4xx_hal_smbus.c **** 
2612:stm/stm32g4xx/STM32G4xx_HAL_Driver/Src/stm32g4xx_hal_smbus.c ****   /* SMBUS Packet Error Check error interrupt occurred ----------------------------------*/
2613:stm/stm32g4xx/STM32G4xx_HAL_Driver/Src/stm32g4xx_hal_smbus.c ****   if (((itflags & SMBUS_FLAG_PECERR) == SMBUS_FLAG_PECERR) && \
2614:stm/stm32g4xx/STM32G4xx_HAL_Driver/Src/stm32g4xx_hal_smbus.c ****       ((itsources & SMBUS_IT_ERRI) == SMBUS_IT_ERRI))
2615:stm/stm32g4xx/STM32G4xx_HAL_Driver/Src/stm32g4xx_hal_smbus.c ****   {
2616:stm/stm32g4xx/STM32G4xx_HAL_Driver/Src/stm32g4xx_hal_smbus.c ****     hsmbus->ErrorCode |= HAL_SMBUS_ERROR_PECERR;
2617:stm/stm32g4xx/STM32G4xx_HAL_Driver/Src/stm32g4xx_hal_smbus.c **** 
2618:stm/stm32g4xx/STM32G4xx_HAL_Driver/Src/stm32g4xx_hal_smbus.c ****     /* Clear PEC error flag */
2619:stm/stm32g4xx/STM32G4xx_HAL_Driver/Src/stm32g4xx_hal_smbus.c ****     __HAL_SMBUS_CLEAR_FLAG(hsmbus, SMBUS_FLAG_PECERR);
2620:stm/stm32g4xx/STM32G4xx_HAL_Driver/Src/stm32g4xx_hal_smbus.c ****   }
2621:stm/stm32g4xx/STM32G4xx_HAL_Driver/Src/stm32g4xx_hal_smbus.c **** 
2622:stm/stm32g4xx/STM32G4xx_HAL_Driver/Src/stm32g4xx_hal_smbus.c ****   if (hsmbus->ErrorCode != HAL_SMBUS_ERROR_NONE)
2623:stm/stm32g4xx/STM32G4xx_HAL_Driver/Src/stm32g4xx_hal_smbus.c ****   {
2624:stm/stm32g4xx/STM32G4xx_HAL_Driver/Src/stm32g4xx_hal_smbus.c ****     /* Flush TX register */
2625:stm/stm32g4xx/STM32G4xx_HAL_Driver/Src/stm32g4xx_hal_smbus.c ****     SMBUS_Flush_TXDR(hsmbus);
2626:stm/stm32g4xx/STM32G4xx_HAL_Driver/Src/stm32g4xx_hal_smbus.c ****   }
2627:stm/stm32g4xx/STM32G4xx_HAL_Driver/Src/stm32g4xx_hal_smbus.c **** 
2628:stm/stm32g4xx/STM32G4xx_HAL_Driver/Src/stm32g4xx_hal_smbus.c ****   /* Store current volatile hsmbus->ErrorCode, misra rule */
2629:stm/stm32g4xx/STM32G4xx_HAL_Driver/Src/stm32g4xx_hal_smbus.c ****   tmperror = hsmbus->ErrorCode;
2630:stm/stm32g4xx/STM32G4xx_HAL_Driver/Src/stm32g4xx_hal_smbus.c **** 
ARM GAS  /tmp/ccPqrEja.s 			page 53


2631:stm/stm32g4xx/STM32G4xx_HAL_Driver/Src/stm32g4xx_hal_smbus.c ****   /* Call the Error Callback in case of Error detected */
2632:stm/stm32g4xx/STM32G4xx_HAL_Driver/Src/stm32g4xx_hal_smbus.c ****   if ((tmperror != HAL_SMBUS_ERROR_NONE) && (tmperror != HAL_SMBUS_ERROR_ACKF))
2633:stm/stm32g4xx/STM32G4xx_HAL_Driver/Src/stm32g4xx_hal_smbus.c ****   {
2634:stm/stm32g4xx/STM32G4xx_HAL_Driver/Src/stm32g4xx_hal_smbus.c ****     /* Do not Reset the HAL state in case of ALERT error */
2635:stm/stm32g4xx/STM32G4xx_HAL_Driver/Src/stm32g4xx_hal_smbus.c ****     if ((tmperror & HAL_SMBUS_ERROR_ALERT) != HAL_SMBUS_ERROR_ALERT)
2636:stm/stm32g4xx/STM32G4xx_HAL_Driver/Src/stm32g4xx_hal_smbus.c ****     {
2637:stm/stm32g4xx/STM32G4xx_HAL_Driver/Src/stm32g4xx_hal_smbus.c ****       /* Store current volatile hsmbus->State, misra rule */
2638:stm/stm32g4xx/STM32G4xx_HAL_Driver/Src/stm32g4xx_hal_smbus.c ****       tmpstate = hsmbus->State;
2639:stm/stm32g4xx/STM32G4xx_HAL_Driver/Src/stm32g4xx_hal_smbus.c **** 
2640:stm/stm32g4xx/STM32G4xx_HAL_Driver/Src/stm32g4xx_hal_smbus.c ****       if (((tmpstate & HAL_SMBUS_STATE_SLAVE_BUSY_TX) == HAL_SMBUS_STATE_SLAVE_BUSY_TX)
2641:stm/stm32g4xx/STM32G4xx_HAL_Driver/Src/stm32g4xx_hal_smbus.c ****           || ((tmpstate & HAL_SMBUS_STATE_SLAVE_BUSY_RX) == HAL_SMBUS_STATE_SLAVE_BUSY_RX))
2642:stm/stm32g4xx/STM32G4xx_HAL_Driver/Src/stm32g4xx_hal_smbus.c ****       {
2643:stm/stm32g4xx/STM32G4xx_HAL_Driver/Src/stm32g4xx_hal_smbus.c ****         /* Reset only HAL_SMBUS_STATE_SLAVE_BUSY_XX */
2644:stm/stm32g4xx/STM32G4xx_HAL_Driver/Src/stm32g4xx_hal_smbus.c ****         /* keep HAL_SMBUS_STATE_LISTEN if set */
2645:stm/stm32g4xx/STM32G4xx_HAL_Driver/Src/stm32g4xx_hal_smbus.c ****         hsmbus->PreviousState = HAL_SMBUS_STATE_READY;
2646:stm/stm32g4xx/STM32G4xx_HAL_Driver/Src/stm32g4xx_hal_smbus.c ****         hsmbus->State = HAL_SMBUS_STATE_LISTEN;
2647:stm/stm32g4xx/STM32G4xx_HAL_Driver/Src/stm32g4xx_hal_smbus.c ****       }
2648:stm/stm32g4xx/STM32G4xx_HAL_Driver/Src/stm32g4xx_hal_smbus.c ****     }
2649:stm/stm32g4xx/STM32G4xx_HAL_Driver/Src/stm32g4xx_hal_smbus.c **** 
2650:stm/stm32g4xx/STM32G4xx_HAL_Driver/Src/stm32g4xx_hal_smbus.c ****     /* Call the Error callback to inform upper layer */
2651:stm/stm32g4xx/STM32G4xx_HAL_Driver/Src/stm32g4xx_hal_smbus.c **** #if (USE_HAL_SMBUS_REGISTER_CALLBACKS == 1)
2652:stm/stm32g4xx/STM32G4xx_HAL_Driver/Src/stm32g4xx_hal_smbus.c ****     hsmbus->ErrorCallback(hsmbus);
2653:stm/stm32g4xx/STM32G4xx_HAL_Driver/Src/stm32g4xx_hal_smbus.c **** #else
2654:stm/stm32g4xx/STM32G4xx_HAL_Driver/Src/stm32g4xx_hal_smbus.c ****     HAL_SMBUS_ErrorCallback(hsmbus);
2655:stm/stm32g4xx/STM32G4xx_HAL_Driver/Src/stm32g4xx_hal_smbus.c **** #endif /* USE_HAL_SMBUS_REGISTER_CALLBACKS */
2656:stm/stm32g4xx/STM32G4xx_HAL_Driver/Src/stm32g4xx_hal_smbus.c ****   }
2657:stm/stm32g4xx/STM32G4xx_HAL_Driver/Src/stm32g4xx_hal_smbus.c **** }
2658:stm/stm32g4xx/STM32G4xx_HAL_Driver/Src/stm32g4xx_hal_smbus.c **** 
2659:stm/stm32g4xx/STM32G4xx_HAL_Driver/Src/stm32g4xx_hal_smbus.c **** /**
2660:stm/stm32g4xx/STM32G4xx_HAL_Driver/Src/stm32g4xx_hal_smbus.c ****   * @brief  Handle SMBUS Communication Timeout.
2661:stm/stm32g4xx/STM32G4xx_HAL_Driver/Src/stm32g4xx_hal_smbus.c ****   * @param  hsmbus Pointer to a SMBUS_HandleTypeDef structure that contains
2662:stm/stm32g4xx/STM32G4xx_HAL_Driver/Src/stm32g4xx_hal_smbus.c ****   *                the configuration information for the specified SMBUS.
2663:stm/stm32g4xx/STM32G4xx_HAL_Driver/Src/stm32g4xx_hal_smbus.c ****   * @param  Flag Specifies the SMBUS flag to check.
2664:stm/stm32g4xx/STM32G4xx_HAL_Driver/Src/stm32g4xx_hal_smbus.c ****   * @param  Status The new Flag status (SET or RESET).
2665:stm/stm32g4xx/STM32G4xx_HAL_Driver/Src/stm32g4xx_hal_smbus.c ****   * @param  Timeout Timeout duration
2666:stm/stm32g4xx/STM32G4xx_HAL_Driver/Src/stm32g4xx_hal_smbus.c ****   * @retval HAL status
2667:stm/stm32g4xx/STM32G4xx_HAL_Driver/Src/stm32g4xx_hal_smbus.c ****   */
2668:stm/stm32g4xx/STM32G4xx_HAL_Driver/Src/stm32g4xx_hal_smbus.c **** static HAL_StatusTypeDef SMBUS_WaitOnFlagUntilTimeout(SMBUS_HandleTypeDef *hsmbus, uint32_t Flag,
2669:stm/stm32g4xx/STM32G4xx_HAL_Driver/Src/stm32g4xx_hal_smbus.c ****                                                       FlagStatus Status, uint32_t Timeout)
2670:stm/stm32g4xx/STM32G4xx_HAL_Driver/Src/stm32g4xx_hal_smbus.c **** {
2671:stm/stm32g4xx/STM32G4xx_HAL_Driver/Src/stm32g4xx_hal_smbus.c ****   uint32_t tickstart = HAL_GetTick();
2672:stm/stm32g4xx/STM32G4xx_HAL_Driver/Src/stm32g4xx_hal_smbus.c **** 
2673:stm/stm32g4xx/STM32G4xx_HAL_Driver/Src/stm32g4xx_hal_smbus.c ****   /* Wait until flag is set */
2674:stm/stm32g4xx/STM32G4xx_HAL_Driver/Src/stm32g4xx_hal_smbus.c ****   while ((FlagStatus)(__HAL_SMBUS_GET_FLAG(hsmbus, Flag)) == Status)
2675:stm/stm32g4xx/STM32G4xx_HAL_Driver/Src/stm32g4xx_hal_smbus.c ****   {
2676:stm/stm32g4xx/STM32G4xx_HAL_Driver/Src/stm32g4xx_hal_smbus.c ****     /* Check for the Timeout */
2677:stm/stm32g4xx/STM32G4xx_HAL_Driver/Src/stm32g4xx_hal_smbus.c ****     if (Timeout != HAL_MAX_DELAY)
2678:stm/stm32g4xx/STM32G4xx_HAL_Driver/Src/stm32g4xx_hal_smbus.c ****     {
2679:stm/stm32g4xx/STM32G4xx_HAL_Driver/Src/stm32g4xx_hal_smbus.c ****       if (((HAL_GetTick() - tickstart) > Timeout) || (Timeout == 0UL))
2680:stm/stm32g4xx/STM32G4xx_HAL_Driver/Src/stm32g4xx_hal_smbus.c ****       {
2681:stm/stm32g4xx/STM32G4xx_HAL_Driver/Src/stm32g4xx_hal_smbus.c ****         hsmbus->PreviousState = hsmbus->State;
2682:stm/stm32g4xx/STM32G4xx_HAL_Driver/Src/stm32g4xx_hal_smbus.c ****         hsmbus->State = HAL_SMBUS_STATE_READY;
2683:stm/stm32g4xx/STM32G4xx_HAL_Driver/Src/stm32g4xx_hal_smbus.c **** 
2684:stm/stm32g4xx/STM32G4xx_HAL_Driver/Src/stm32g4xx_hal_smbus.c ****         /* Update SMBUS error code */
2685:stm/stm32g4xx/STM32G4xx_HAL_Driver/Src/stm32g4xx_hal_smbus.c ****         hsmbus->ErrorCode |= HAL_SMBUS_ERROR_HALTIMEOUT;
2686:stm/stm32g4xx/STM32G4xx_HAL_Driver/Src/stm32g4xx_hal_smbus.c **** 
2687:stm/stm32g4xx/STM32G4xx_HAL_Driver/Src/stm32g4xx_hal_smbus.c ****         /* Process Unlocked */
ARM GAS  /tmp/ccPqrEja.s 			page 54


2688:stm/stm32g4xx/STM32G4xx_HAL_Driver/Src/stm32g4xx_hal_smbus.c ****         __HAL_UNLOCK(hsmbus);
2689:stm/stm32g4xx/STM32G4xx_HAL_Driver/Src/stm32g4xx_hal_smbus.c **** 
2690:stm/stm32g4xx/STM32G4xx_HAL_Driver/Src/stm32g4xx_hal_smbus.c ****         return HAL_ERROR;
2691:stm/stm32g4xx/STM32G4xx_HAL_Driver/Src/stm32g4xx_hal_smbus.c ****       }
2692:stm/stm32g4xx/STM32G4xx_HAL_Driver/Src/stm32g4xx_hal_smbus.c ****     }
2693:stm/stm32g4xx/STM32G4xx_HAL_Driver/Src/stm32g4xx_hal_smbus.c ****   }
2694:stm/stm32g4xx/STM32G4xx_HAL_Driver/Src/stm32g4xx_hal_smbus.c **** 
2695:stm/stm32g4xx/STM32G4xx_HAL_Driver/Src/stm32g4xx_hal_smbus.c ****   return HAL_OK;
2696:stm/stm32g4xx/STM32G4xx_HAL_Driver/Src/stm32g4xx_hal_smbus.c **** }
2697:stm/stm32g4xx/STM32G4xx_HAL_Driver/Src/stm32g4xx_hal_smbus.c **** 
2698:stm/stm32g4xx/STM32G4xx_HAL_Driver/Src/stm32g4xx_hal_smbus.c **** /**
2699:stm/stm32g4xx/STM32G4xx_HAL_Driver/Src/stm32g4xx_hal_smbus.c ****   * @brief  SMBUS Tx data register flush process.
2700:stm/stm32g4xx/STM32G4xx_HAL_Driver/Src/stm32g4xx_hal_smbus.c ****   * @param  hsmbus SMBUS handle.
2701:stm/stm32g4xx/STM32G4xx_HAL_Driver/Src/stm32g4xx_hal_smbus.c ****   * @retval None
2702:stm/stm32g4xx/STM32G4xx_HAL_Driver/Src/stm32g4xx_hal_smbus.c ****   */
2703:stm/stm32g4xx/STM32G4xx_HAL_Driver/Src/stm32g4xx_hal_smbus.c **** static void SMBUS_Flush_TXDR(SMBUS_HandleTypeDef *hsmbus)
2704:stm/stm32g4xx/STM32G4xx_HAL_Driver/Src/stm32g4xx_hal_smbus.c **** {
 290              		.loc 1 2704 1 is_stmt 1 view -0
 291              		.cfi_startproc
 292              		@ args = 0, pretend = 0, frame = 0
 293              		@ frame_needed = 0, uses_anonymous_args = 0
 294              		@ link register save eliminated.
2705:stm/stm32g4xx/STM32G4xx_HAL_Driver/Src/stm32g4xx_hal_smbus.c ****   /* If a pending TXIS flag is set */
2706:stm/stm32g4xx/STM32G4xx_HAL_Driver/Src/stm32g4xx_hal_smbus.c ****   /* Write a dummy data in TXDR to clear it */
2707:stm/stm32g4xx/STM32G4xx_HAL_Driver/Src/stm32g4xx_hal_smbus.c ****   if (__HAL_SMBUS_GET_FLAG(hsmbus, SMBUS_FLAG_TXIS) != RESET)
 295              		.loc 1 2707 3 view .LVU87
 296              		.loc 1 2707 7 is_stmt 0 view .LVU88
 297 0000 0368     		ldr	r3, [r0]
 298 0002 9A69     		ldr	r2, [r3, #24]
 299              		.loc 1 2707 6 view .LVU89
 300 0004 12F0020F 		tst	r2, #2
 301 0008 01D0     		beq	.L28
2708:stm/stm32g4xx/STM32G4xx_HAL_Driver/Src/stm32g4xx_hal_smbus.c ****   {
2709:stm/stm32g4xx/STM32G4xx_HAL_Driver/Src/stm32g4xx_hal_smbus.c ****     hsmbus->Instance->TXDR = 0x00U;
 302              		.loc 1 2709 5 is_stmt 1 view .LVU90
 303              		.loc 1 2709 28 is_stmt 0 view .LVU91
 304 000a 0022     		movs	r2, #0
 305 000c 9A62     		str	r2, [r3, #40]
 306              	.L28:
2710:stm/stm32g4xx/STM32G4xx_HAL_Driver/Src/stm32g4xx_hal_smbus.c ****   }
2711:stm/stm32g4xx/STM32G4xx_HAL_Driver/Src/stm32g4xx_hal_smbus.c **** 
2712:stm/stm32g4xx/STM32G4xx_HAL_Driver/Src/stm32g4xx_hal_smbus.c ****   /* Flush TX register if not empty */
2713:stm/stm32g4xx/STM32G4xx_HAL_Driver/Src/stm32g4xx_hal_smbus.c ****   if (__HAL_SMBUS_GET_FLAG(hsmbus, SMBUS_FLAG_TXE) == RESET)
 307              		.loc 1 2713 3 is_stmt 1 view .LVU92
 308              		.loc 1 2713 7 is_stmt 0 view .LVU93
 309 000e 0368     		ldr	r3, [r0]
 310 0010 9A69     		ldr	r2, [r3, #24]
 311              		.loc 1 2713 6 view .LVU94
 312 0012 12F0010F 		tst	r2, #1
 313 0016 03D1     		bne	.L27
2714:stm/stm32g4xx/STM32G4xx_HAL_Driver/Src/stm32g4xx_hal_smbus.c ****   {
2715:stm/stm32g4xx/STM32G4xx_HAL_Driver/Src/stm32g4xx_hal_smbus.c ****     __HAL_SMBUS_CLEAR_FLAG(hsmbus, SMBUS_FLAG_TXE);
 314              		.loc 1 2715 5 is_stmt 1 view .LVU95
 315 0018 9A69     		ldr	r2, [r3, #24]
 316 001a 42F00102 		orr	r2, r2, #1
 317 001e 9A61     		str	r2, [r3, #24]
 318              	.L27:
ARM GAS  /tmp/ccPqrEja.s 			page 55


2716:stm/stm32g4xx/STM32G4xx_HAL_Driver/Src/stm32g4xx_hal_smbus.c ****   }
2717:stm/stm32g4xx/STM32G4xx_HAL_Driver/Src/stm32g4xx_hal_smbus.c **** }
 319              		.loc 1 2717 1 is_stmt 0 view .LVU96
 320 0020 7047     		bx	lr
 321              		.cfi_endproc
 322              	.LFE362:
 324              		.section	.text.SMBUS_TransferConfig,"ax",%progbits
 325              		.align	1
 326              		.syntax unified
 327              		.thumb
 328              		.thumb_func
 330              	SMBUS_TransferConfig:
 331              	.LVL33:
 332              	.LFB363:
2718:stm/stm32g4xx/STM32G4xx_HAL_Driver/Src/stm32g4xx_hal_smbus.c **** 
2719:stm/stm32g4xx/STM32G4xx_HAL_Driver/Src/stm32g4xx_hal_smbus.c **** /**
2720:stm/stm32g4xx/STM32G4xx_HAL_Driver/Src/stm32g4xx_hal_smbus.c ****   * @brief  Handle SMBUSx communication when starting transfer or during transfer (TC or TCR flag a
2721:stm/stm32g4xx/STM32G4xx_HAL_Driver/Src/stm32g4xx_hal_smbus.c ****   * @param  hsmbus SMBUS handle.
2722:stm/stm32g4xx/STM32G4xx_HAL_Driver/Src/stm32g4xx_hal_smbus.c ****   * @param  DevAddress specifies the slave address to be programmed.
2723:stm/stm32g4xx/STM32G4xx_HAL_Driver/Src/stm32g4xx_hal_smbus.c ****   * @param  Size specifies the number of bytes to be programmed.
2724:stm/stm32g4xx/STM32G4xx_HAL_Driver/Src/stm32g4xx_hal_smbus.c ****   *   This parameter must be a value between 0 and 255.
2725:stm/stm32g4xx/STM32G4xx_HAL_Driver/Src/stm32g4xx_hal_smbus.c ****   * @param  Mode New state of the SMBUS START condition generation.
2726:stm/stm32g4xx/STM32G4xx_HAL_Driver/Src/stm32g4xx_hal_smbus.c ****   *   This parameter can be one or a combination  of the following values:
2727:stm/stm32g4xx/STM32G4xx_HAL_Driver/Src/stm32g4xx_hal_smbus.c ****   *     @arg @ref SMBUS_RELOAD_MODE Enable Reload mode.
2728:stm/stm32g4xx/STM32G4xx_HAL_Driver/Src/stm32g4xx_hal_smbus.c ****   *     @arg @ref SMBUS_AUTOEND_MODE Enable Automatic end mode.
2729:stm/stm32g4xx/STM32G4xx_HAL_Driver/Src/stm32g4xx_hal_smbus.c ****   *     @arg @ref SMBUS_SOFTEND_MODE Enable Software end mode and Reload mode.
2730:stm/stm32g4xx/STM32G4xx_HAL_Driver/Src/stm32g4xx_hal_smbus.c ****   *     @arg @ref SMBUS_SENDPEC_MODE Enable Packet Error Calculation mode.
2731:stm/stm32g4xx/STM32G4xx_HAL_Driver/Src/stm32g4xx_hal_smbus.c ****   * @param  Request New state of the SMBUS START condition generation.
2732:stm/stm32g4xx/STM32G4xx_HAL_Driver/Src/stm32g4xx_hal_smbus.c ****   *   This parameter can be one of the following values:
2733:stm/stm32g4xx/STM32G4xx_HAL_Driver/Src/stm32g4xx_hal_smbus.c ****   *     @arg @ref SMBUS_NO_STARTSTOP Don't Generate stop and start condition.
2734:stm/stm32g4xx/STM32G4xx_HAL_Driver/Src/stm32g4xx_hal_smbus.c ****   *     @arg @ref SMBUS_GENERATE_STOP Generate stop condition (Size should be set to 0).
2735:stm/stm32g4xx/STM32G4xx_HAL_Driver/Src/stm32g4xx_hal_smbus.c ****   *     @arg @ref SMBUS_GENERATE_START_READ Generate Restart for read request.
2736:stm/stm32g4xx/STM32G4xx_HAL_Driver/Src/stm32g4xx_hal_smbus.c ****   *     @arg @ref SMBUS_GENERATE_START_WRITE Generate Restart for write request.
2737:stm/stm32g4xx/STM32G4xx_HAL_Driver/Src/stm32g4xx_hal_smbus.c ****   * @retval None
2738:stm/stm32g4xx/STM32G4xx_HAL_Driver/Src/stm32g4xx_hal_smbus.c ****   */
2739:stm/stm32g4xx/STM32G4xx_HAL_Driver/Src/stm32g4xx_hal_smbus.c **** static void SMBUS_TransferConfig(SMBUS_HandleTypeDef *hsmbus,  uint16_t DevAddress, uint8_t Size,
2740:stm/stm32g4xx/STM32G4xx_HAL_Driver/Src/stm32g4xx_hal_smbus.c ****                                  uint32_t Mode, uint32_t Request)
2741:stm/stm32g4xx/STM32G4xx_HAL_Driver/Src/stm32g4xx_hal_smbus.c **** {
 333              		.loc 1 2741 1 is_stmt 1 view -0
 334              		.cfi_startproc
 335              		@ args = 4, pretend = 0, frame = 0
 336              		@ frame_needed = 0, uses_anonymous_args = 0
 337              		@ link register save eliminated.
 338              		.loc 1 2741 1 is_stmt 0 view .LVU98
 339 0000 30B4     		push	{r4, r5}
 340              	.LCFI3:
 341              		.cfi_def_cfa_offset 8
 342              		.cfi_offset 4, -8
 343              		.cfi_offset 5, -4
 344 0002 029D     		ldr	r5, [sp, #8]
2742:stm/stm32g4xx/STM32G4xx_HAL_Driver/Src/stm32g4xx_hal_smbus.c ****   /* Check the parameters */
2743:stm/stm32g4xx/STM32G4xx_HAL_Driver/Src/stm32g4xx_hal_smbus.c ****   assert_param(IS_SMBUS_ALL_INSTANCE(hsmbus->Instance));
 345              		.loc 1 2743 3 is_stmt 1 view .LVU99
2744:stm/stm32g4xx/STM32G4xx_HAL_Driver/Src/stm32g4xx_hal_smbus.c ****   assert_param(IS_SMBUS_TRANSFER_MODE(Mode));
 346              		.loc 1 2744 3 view .LVU100
2745:stm/stm32g4xx/STM32G4xx_HAL_Driver/Src/stm32g4xx_hal_smbus.c ****   assert_param(IS_SMBUS_TRANSFER_REQUEST(Request));
 347              		.loc 1 2745 3 view .LVU101
ARM GAS  /tmp/ccPqrEja.s 			page 56


2746:stm/stm32g4xx/STM32G4xx_HAL_Driver/Src/stm32g4xx_hal_smbus.c **** 
2747:stm/stm32g4xx/STM32G4xx_HAL_Driver/Src/stm32g4xx_hal_smbus.c ****   /* update CR2 register */
2748:stm/stm32g4xx/STM32G4xx_HAL_Driver/Src/stm32g4xx_hal_smbus.c ****   MODIFY_REG(hsmbus->Instance->CR2,
 348              		.loc 1 2748 3 view .LVU102
 349 0004 0468     		ldr	r4, [r0]
 350 0006 6068     		ldr	r0, [r4, #4]
 351              	.LVL34:
 352              		.loc 1 2748 3 is_stmt 0 view .LVU103
 353 0008 4FEA555C 		lsr	ip, r5, #21
 354 000c 0CF4806C 		and	ip, ip, #1024
 355 0010 4CF0FF6C 		orr	ip, ip, #133693440
 356 0014 4CF4EC2C 		orr	ip, ip, #483328
 357 0018 4CF47F7C 		orr	ip, ip, #1020
 358 001c 4CF0030C 		orr	ip, ip, #3
 359 0020 20EA0C00 		bic	r0, r0, ip
 360 0024 C1F30901 		ubfx	r1, r1, #0, #10
 361              	.LVL35:
 362              		.loc 1 2748 3 view .LVU104
 363 0028 41EA0241 		orr	r1, r1, r2, lsl #16
 364 002c 1943     		orrs	r1, r1, r3
 365 002e 2943     		orrs	r1, r1, r5
 366 0030 0843     		orrs	r0, r0, r1
 367 0032 6060     		str	r0, [r4, #4]
2749:stm/stm32g4xx/STM32G4xx_HAL_Driver/Src/stm32g4xx_hal_smbus.c ****              ((I2C_CR2_SADD | I2C_CR2_NBYTES | I2C_CR2_RELOAD | I2C_CR2_AUTOEND | \
2750:stm/stm32g4xx/STM32G4xx_HAL_Driver/Src/stm32g4xx_hal_smbus.c ****                (I2C_CR2_RD_WRN & (uint32_t)(Request >> (31UL - I2C_CR2_RD_WRN_Pos))) | \
2751:stm/stm32g4xx/STM32G4xx_HAL_Driver/Src/stm32g4xx_hal_smbus.c ****                I2C_CR2_START | I2C_CR2_STOP | I2C_CR2_PECBYTE)), \
2752:stm/stm32g4xx/STM32G4xx_HAL_Driver/Src/stm32g4xx_hal_smbus.c ****              (uint32_t)(((uint32_t)DevAddress & I2C_CR2_SADD) | \
2753:stm/stm32g4xx/STM32G4xx_HAL_Driver/Src/stm32g4xx_hal_smbus.c ****                         (((uint32_t)Size << I2C_CR2_NBYTES_Pos) & I2C_CR2_NBYTES) | \
2754:stm/stm32g4xx/STM32G4xx_HAL_Driver/Src/stm32g4xx_hal_smbus.c ****                         (uint32_t)Mode | (uint32_t)Request));
2755:stm/stm32g4xx/STM32G4xx_HAL_Driver/Src/stm32g4xx_hal_smbus.c **** }
 368              		.loc 1 2755 1 view .LVU105
 369 0034 30BC     		pop	{r4, r5}
 370              	.LCFI4:
 371              		.cfi_restore 5
 372              		.cfi_restore 4
 373              		.cfi_def_cfa_offset 0
 374              	.LVL36:
 375              		.loc 1 2755 1 view .LVU106
 376 0036 7047     		bx	lr
 377              		.cfi_endproc
 378              	.LFE363:
 380              		.section	.text.SMBUS_ConvertOtherXferOptions,"ax",%progbits
 381              		.align	1
 382              		.syntax unified
 383              		.thumb
 384              		.thumb_func
 386              	SMBUS_ConvertOtherXferOptions:
 387              	.LVL37:
 388              	.LFB364:
2756:stm/stm32g4xx/STM32G4xx_HAL_Driver/Src/stm32g4xx_hal_smbus.c **** 
2757:stm/stm32g4xx/STM32G4xx_HAL_Driver/Src/stm32g4xx_hal_smbus.c **** /**
2758:stm/stm32g4xx/STM32G4xx_HAL_Driver/Src/stm32g4xx_hal_smbus.c ****   * @brief  Convert SMBUSx OTHER_xxx XferOptions to functional XferOptions.
2759:stm/stm32g4xx/STM32G4xx_HAL_Driver/Src/stm32g4xx_hal_smbus.c ****   * @param  hsmbus SMBUS handle.
2760:stm/stm32g4xx/STM32G4xx_HAL_Driver/Src/stm32g4xx_hal_smbus.c ****   * @retval None
2761:stm/stm32g4xx/STM32G4xx_HAL_Driver/Src/stm32g4xx_hal_smbus.c ****   */
2762:stm/stm32g4xx/STM32G4xx_HAL_Driver/Src/stm32g4xx_hal_smbus.c **** static void SMBUS_ConvertOtherXferOptions(SMBUS_HandleTypeDef *hsmbus)
2763:stm/stm32g4xx/STM32G4xx_HAL_Driver/Src/stm32g4xx_hal_smbus.c **** {
ARM GAS  /tmp/ccPqrEja.s 			page 57


 389              		.loc 1 2763 1 is_stmt 1 view -0
 390              		.cfi_startproc
 391              		@ args = 0, pretend = 0, frame = 0
 392              		@ frame_needed = 0, uses_anonymous_args = 0
 393              		@ link register save eliminated.
2764:stm/stm32g4xx/STM32G4xx_HAL_Driver/Src/stm32g4xx_hal_smbus.c ****   /* if user set XferOptions to SMBUS_OTHER_FRAME_NO_PEC   */
2765:stm/stm32g4xx/STM32G4xx_HAL_Driver/Src/stm32g4xx_hal_smbus.c ****   /* it request implicitly to generate a restart condition */
2766:stm/stm32g4xx/STM32G4xx_HAL_Driver/Src/stm32g4xx_hal_smbus.c ****   /* set XferOptions to SMBUS_FIRST_FRAME                  */
2767:stm/stm32g4xx/STM32G4xx_HAL_Driver/Src/stm32g4xx_hal_smbus.c ****   if (hsmbus->XferOptions == SMBUS_OTHER_FRAME_NO_PEC)
 394              		.loc 1 2767 3 view .LVU108
 395              		.loc 1 2767 13 is_stmt 0 view .LVU109
 396 0000 C36B     		ldr	r3, [r0, #60]
 397              		.loc 1 2767 6 view .LVU110
 398 0002 AA2B     		cmp	r3, #170
 399 0004 0CD0     		beq	.L37
2768:stm/stm32g4xx/STM32G4xx_HAL_Driver/Src/stm32g4xx_hal_smbus.c ****   {
2769:stm/stm32g4xx/STM32G4xx_HAL_Driver/Src/stm32g4xx_hal_smbus.c ****     hsmbus->XferOptions = SMBUS_FIRST_FRAME;
2770:stm/stm32g4xx/STM32G4xx_HAL_Driver/Src/stm32g4xx_hal_smbus.c ****   }
2771:stm/stm32g4xx/STM32G4xx_HAL_Driver/Src/stm32g4xx_hal_smbus.c ****   /* else if user set XferOptions to SMBUS_OTHER_FRAME_WITH_PEC */
2772:stm/stm32g4xx/STM32G4xx_HAL_Driver/Src/stm32g4xx_hal_smbus.c ****   /* it request implicitly to generate a restart condition      */
2773:stm/stm32g4xx/STM32G4xx_HAL_Driver/Src/stm32g4xx_hal_smbus.c ****   /* set XferOptions to SMBUS_FIRST_FRAME | SMBUS_SENDPEC_MODE  */
2774:stm/stm32g4xx/STM32G4xx_HAL_Driver/Src/stm32g4xx_hal_smbus.c ****   else if (hsmbus->XferOptions == SMBUS_OTHER_FRAME_WITH_PEC)
 400              		.loc 1 2774 8 is_stmt 1 view .LVU111
 401              		.loc 1 2774 18 is_stmt 0 view .LVU112
 402 0006 C36B     		ldr	r3, [r0, #60]
 403              		.loc 1 2774 11 view .LVU113
 404 0008 B3F52A4F 		cmp	r3, #43520
 405 000c 0BD0     		beq	.L38
2775:stm/stm32g4xx/STM32G4xx_HAL_Driver/Src/stm32g4xx_hal_smbus.c ****   {
2776:stm/stm32g4xx/STM32G4xx_HAL_Driver/Src/stm32g4xx_hal_smbus.c ****     hsmbus->XferOptions = SMBUS_FIRST_FRAME | SMBUS_SENDPEC_MODE;
2777:stm/stm32g4xx/STM32G4xx_HAL_Driver/Src/stm32g4xx_hal_smbus.c ****   }
2778:stm/stm32g4xx/STM32G4xx_HAL_Driver/Src/stm32g4xx_hal_smbus.c ****   /* else if user set XferOptions to SMBUS_OTHER_AND_LAST_FRAME_NO_PEC */
2779:stm/stm32g4xx/STM32G4xx_HAL_Driver/Src/stm32g4xx_hal_smbus.c ****   /* it request implicitly to generate a restart condition             */
2780:stm/stm32g4xx/STM32G4xx_HAL_Driver/Src/stm32g4xx_hal_smbus.c ****   /* then generate a stop condition at the end of transfer             */
2781:stm/stm32g4xx/STM32G4xx_HAL_Driver/Src/stm32g4xx_hal_smbus.c ****   /* set XferOptions to SMBUS_FIRST_AND_LAST_FRAME_NO_PEC              */
2782:stm/stm32g4xx/STM32G4xx_HAL_Driver/Src/stm32g4xx_hal_smbus.c ****   else if (hsmbus->XferOptions == SMBUS_OTHER_AND_LAST_FRAME_NO_PEC)
 406              		.loc 1 2782 8 is_stmt 1 view .LVU114
 407              		.loc 1 2782 18 is_stmt 0 view .LVU115
 408 000e C36B     		ldr	r3, [r0, #60]
 409              		.loc 1 2782 11 view .LVU116
 410 0010 B3F52A0F 		cmp	r3, #11141120
 411 0014 0BD0     		beq	.L39
2783:stm/stm32g4xx/STM32G4xx_HAL_Driver/Src/stm32g4xx_hal_smbus.c ****   {
2784:stm/stm32g4xx/STM32G4xx_HAL_Driver/Src/stm32g4xx_hal_smbus.c ****     hsmbus->XferOptions = SMBUS_FIRST_AND_LAST_FRAME_NO_PEC;
2785:stm/stm32g4xx/STM32G4xx_HAL_Driver/Src/stm32g4xx_hal_smbus.c ****   }
2786:stm/stm32g4xx/STM32G4xx_HAL_Driver/Src/stm32g4xx_hal_smbus.c ****   /* else if user set XferOptions to SMBUS_OTHER_AND_LAST_FRAME_WITH_PEC */
2787:stm/stm32g4xx/STM32G4xx_HAL_Driver/Src/stm32g4xx_hal_smbus.c ****   /* it request implicitly to generate a restart condition               */
2788:stm/stm32g4xx/STM32G4xx_HAL_Driver/Src/stm32g4xx_hal_smbus.c ****   /* then generate a stop condition at the end of transfer               */
2789:stm/stm32g4xx/STM32G4xx_HAL_Driver/Src/stm32g4xx_hal_smbus.c ****   /* set XferOptions to SMBUS_FIRST_AND_LAST_FRAME_WITH_PEC              */
2790:stm/stm32g4xx/STM32G4xx_HAL_Driver/Src/stm32g4xx_hal_smbus.c ****   else if (hsmbus->XferOptions == SMBUS_OTHER_AND_LAST_FRAME_WITH_PEC)
 412              		.loc 1 2790 8 is_stmt 1 view .LVU117
 413              		.loc 1 2790 18 is_stmt 0 view .LVU118
 414 0016 C36B     		ldr	r3, [r0, #60]
 415              		.loc 1 2790 11 view .LVU119
 416 0018 B3F12A4F 		cmp	r3, #-1442840576
 417 001c 0BD0     		beq	.L40
 418              	.L32:
ARM GAS  /tmp/ccPqrEja.s 			page 58


2791:stm/stm32g4xx/STM32G4xx_HAL_Driver/Src/stm32g4xx_hal_smbus.c ****   {
2792:stm/stm32g4xx/STM32G4xx_HAL_Driver/Src/stm32g4xx_hal_smbus.c ****     hsmbus->XferOptions = SMBUS_FIRST_AND_LAST_FRAME_WITH_PEC;
2793:stm/stm32g4xx/STM32G4xx_HAL_Driver/Src/stm32g4xx_hal_smbus.c ****   }
2794:stm/stm32g4xx/STM32G4xx_HAL_Driver/Src/stm32g4xx_hal_smbus.c ****   else
2795:stm/stm32g4xx/STM32G4xx_HAL_Driver/Src/stm32g4xx_hal_smbus.c ****   {
2796:stm/stm32g4xx/STM32G4xx_HAL_Driver/Src/stm32g4xx_hal_smbus.c ****     /* Nothing to do */
2797:stm/stm32g4xx/STM32G4xx_HAL_Driver/Src/stm32g4xx_hal_smbus.c ****   }
2798:stm/stm32g4xx/STM32G4xx_HAL_Driver/Src/stm32g4xx_hal_smbus.c **** }
 419              		.loc 1 2798 1 view .LVU120
 420 001e 7047     		bx	lr
 421              	.L37:
2769:stm/stm32g4xx/STM32G4xx_HAL_Driver/Src/stm32g4xx_hal_smbus.c ****   }
 422              		.loc 1 2769 5 is_stmt 1 view .LVU121
2769:stm/stm32g4xx/STM32G4xx_HAL_Driver/Src/stm32g4xx_hal_smbus.c ****   }
 423              		.loc 1 2769 25 is_stmt 0 view .LVU122
 424 0020 0023     		movs	r3, #0
 425 0022 C363     		str	r3, [r0, #60]
 426 0024 7047     		bx	lr
 427              	.L38:
2776:stm/stm32g4xx/STM32G4xx_HAL_Driver/Src/stm32g4xx_hal_smbus.c ****   }
 428              		.loc 1 2776 5 is_stmt 1 view .LVU123
2776:stm/stm32g4xx/STM32G4xx_HAL_Driver/Src/stm32g4xx_hal_smbus.c ****   }
 429              		.loc 1 2776 25 is_stmt 0 view .LVU124
 430 0026 4FF08063 		mov	r3, #67108864
 431 002a C363     		str	r3, [r0, #60]
 432 002c 7047     		bx	lr
 433              	.L39:
2784:stm/stm32g4xx/STM32G4xx_HAL_Driver/Src/stm32g4xx_hal_smbus.c ****   }
 434              		.loc 1 2784 5 is_stmt 1 view .LVU125
2784:stm/stm32g4xx/STM32G4xx_HAL_Driver/Src/stm32g4xx_hal_smbus.c ****   }
 435              		.loc 1 2784 25 is_stmt 0 view .LVU126
 436 002e 4FF00073 		mov	r3, #33554432
 437 0032 C363     		str	r3, [r0, #60]
 438 0034 7047     		bx	lr
 439              	.L40:
2792:stm/stm32g4xx/STM32G4xx_HAL_Driver/Src/stm32g4xx_hal_smbus.c ****   }
 440              		.loc 1 2792 5 is_stmt 1 view .LVU127
2792:stm/stm32g4xx/STM32G4xx_HAL_Driver/Src/stm32g4xx_hal_smbus.c ****   }
 441              		.loc 1 2792 25 is_stmt 0 view .LVU128
 442 0036 4FF0C063 		mov	r3, #100663296
 443 003a C363     		str	r3, [r0, #60]
2797:stm/stm32g4xx/STM32G4xx_HAL_Driver/Src/stm32g4xx_hal_smbus.c **** }
 444              		.loc 1 2797 3 is_stmt 1 view .LVU129
 445              		.loc 1 2798 1 is_stmt 0 view .LVU130
 446 003c EFE7     		b	.L32
 447              		.cfi_endproc
 448              	.LFE364:
 450              		.section	.text.SMBUS_WaitOnFlagUntilTimeout,"ax",%progbits
 451              		.align	1
 452              		.syntax unified
 453              		.thumb
 454              		.thumb_func
 456              	SMBUS_WaitOnFlagUntilTimeout:
 457              	.LVL38:
 458              	.LFB361:
2670:stm/stm32g4xx/STM32G4xx_HAL_Driver/Src/stm32g4xx_hal_smbus.c ****   uint32_t tickstart = HAL_GetTick();
 459              		.loc 1 2670 1 is_stmt 1 view -0
ARM GAS  /tmp/ccPqrEja.s 			page 59


 460              		.cfi_startproc
 461              		@ args = 0, pretend = 0, frame = 0
 462              		@ frame_needed = 0, uses_anonymous_args = 0
2670:stm/stm32g4xx/STM32G4xx_HAL_Driver/Src/stm32g4xx_hal_smbus.c ****   uint32_t tickstart = HAL_GetTick();
 463              		.loc 1 2670 1 is_stmt 0 view .LVU132
 464 0000 2DE9F041 		push	{r4, r5, r6, r7, r8, lr}
 465              	.LCFI5:
 466              		.cfi_def_cfa_offset 24
 467              		.cfi_offset 4, -24
 468              		.cfi_offset 5, -20
 469              		.cfi_offset 6, -16
 470              		.cfi_offset 7, -12
 471              		.cfi_offset 8, -8
 472              		.cfi_offset 14, -4
 473 0004 0546     		mov	r5, r0
 474 0006 0F46     		mov	r7, r1
 475 0008 1646     		mov	r6, r2
 476 000a 1C46     		mov	r4, r3
2671:stm/stm32g4xx/STM32G4xx_HAL_Driver/Src/stm32g4xx_hal_smbus.c **** 
 477              		.loc 1 2671 3 is_stmt 1 view .LVU133
2671:stm/stm32g4xx/STM32G4xx_HAL_Driver/Src/stm32g4xx_hal_smbus.c **** 
 478              		.loc 1 2671 24 is_stmt 0 view .LVU134
 479 000c FFF7FEFF 		bl	HAL_GetTick
 480              	.LVL39:
2671:stm/stm32g4xx/STM32G4xx_HAL_Driver/Src/stm32g4xx_hal_smbus.c **** 
 481              		.loc 1 2671 24 view .LVU135
 482 0010 8046     		mov	r8, r0
 483              	.LVL40:
2674:stm/stm32g4xx/STM32G4xx_HAL_Driver/Src/stm32g4xx_hal_smbus.c ****   {
 484              		.loc 1 2674 3 is_stmt 1 view .LVU136
 485              	.L43:
2674:stm/stm32g4xx/STM32G4xx_HAL_Driver/Src/stm32g4xx_hal_smbus.c ****   {
 486              		.loc 1 2674 59 view .LVU137
2674:stm/stm32g4xx/STM32G4xx_HAL_Driver/Src/stm32g4xx_hal_smbus.c ****   {
 487              		.loc 1 2674 23 is_stmt 0 view .LVU138
 488 0012 2B68     		ldr	r3, [r5]
 489 0014 9B69     		ldr	r3, [r3, #24]
2674:stm/stm32g4xx/STM32G4xx_HAL_Driver/Src/stm32g4xx_hal_smbus.c ****   {
 490              		.loc 1 2674 10 view .LVU139
 491 0016 27EA030C 		bic	ip, r7, r3
 492 001a CCF3100C 		ubfx	ip, ip, #0, #17
 493 001e BCFA8CFC 		clz	ip, ip
 494 0022 4FEA5C1C 		lsr	ip, ip, #5
2674:stm/stm32g4xx/STM32G4xx_HAL_Driver/Src/stm32g4xx_hal_smbus.c ****   {
 495              		.loc 1 2674 59 view .LVU140
 496 0026 B445     		cmp	ip, r6
 497 0028 16D1     		bne	.L48
2677:stm/stm32g4xx/STM32G4xx_HAL_Driver/Src/stm32g4xx_hal_smbus.c ****     {
 498              		.loc 1 2677 5 is_stmt 1 view .LVU141
2677:stm/stm32g4xx/STM32G4xx_HAL_Driver/Src/stm32g4xx_hal_smbus.c ****     {
 499              		.loc 1 2677 8 is_stmt 0 view .LVU142
 500 002a B4F1FF3F 		cmp	r4, #-1
 501 002e F0D0     		beq	.L43
2679:stm/stm32g4xx/STM32G4xx_HAL_Driver/Src/stm32g4xx_hal_smbus.c ****       {
 502              		.loc 1 2679 7 is_stmt 1 view .LVU143
2679:stm/stm32g4xx/STM32G4xx_HAL_Driver/Src/stm32g4xx_hal_smbus.c ****       {
 503              		.loc 1 2679 13 is_stmt 0 view .LVU144
ARM GAS  /tmp/ccPqrEja.s 			page 60


 504 0030 FFF7FEFF 		bl	HAL_GetTick
 505              	.LVL41:
2679:stm/stm32g4xx/STM32G4xx_HAL_Driver/Src/stm32g4xx_hal_smbus.c ****       {
 506              		.loc 1 2679 27 discriminator 1 view .LVU145
 507 0034 A0EB0800 		sub	r0, r0, r8
2679:stm/stm32g4xx/STM32G4xx_HAL_Driver/Src/stm32g4xx_hal_smbus.c ****       {
 508              		.loc 1 2679 10 discriminator 1 view .LVU146
 509 0038 A042     		cmp	r0, r4
 510 003a 01D8     		bhi	.L44
2679:stm/stm32g4xx/STM32G4xx_HAL_Driver/Src/stm32g4xx_hal_smbus.c ****       {
 511              		.loc 1 2679 51 discriminator 1 view .LVU147
 512 003c 002C     		cmp	r4, #0
 513 003e E8D1     		bne	.L43
 514              	.L44:
2681:stm/stm32g4xx/STM32G4xx_HAL_Driver/Src/stm32g4xx_hal_smbus.c ****         hsmbus->State = HAL_SMBUS_STATE_READY;
 515              		.loc 1 2681 9 is_stmt 1 view .LVU148
2681:stm/stm32g4xx/STM32G4xx_HAL_Driver/Src/stm32g4xx_hal_smbus.c ****         hsmbus->State = HAL_SMBUS_STATE_READY;
 516              		.loc 1 2681 39 is_stmt 0 view .LVU149
 517 0040 AB6C     		ldr	r3, [r5, #72]
2681:stm/stm32g4xx/STM32G4xx_HAL_Driver/Src/stm32g4xx_hal_smbus.c ****         hsmbus->State = HAL_SMBUS_STATE_READY;
 518              		.loc 1 2681 31 view .LVU150
 519 0042 2B64     		str	r3, [r5, #64]
2682:stm/stm32g4xx/STM32G4xx_HAL_Driver/Src/stm32g4xx_hal_smbus.c **** 
 520              		.loc 1 2682 9 is_stmt 1 view .LVU151
2682:stm/stm32g4xx/STM32G4xx_HAL_Driver/Src/stm32g4xx_hal_smbus.c **** 
 521              		.loc 1 2682 23 is_stmt 0 view .LVU152
 522 0044 0120     		movs	r0, #1
 523 0046 A864     		str	r0, [r5, #72]
2685:stm/stm32g4xx/STM32G4xx_HAL_Driver/Src/stm32g4xx_hal_smbus.c **** 
 524              		.loc 1 2685 9 is_stmt 1 view .LVU153
2685:stm/stm32g4xx/STM32G4xx_HAL_Driver/Src/stm32g4xx_hal_smbus.c **** 
 525              		.loc 1 2685 15 is_stmt 0 view .LVU154
 526 0048 EB6C     		ldr	r3, [r5, #76]
2685:stm/stm32g4xx/STM32G4xx_HAL_Driver/Src/stm32g4xx_hal_smbus.c **** 
 527              		.loc 1 2685 27 view .LVU155
 528 004a 43F01003 		orr	r3, r3, #16
 529 004e EB64     		str	r3, [r5, #76]
2688:stm/stm32g4xx/STM32G4xx_HAL_Driver/Src/stm32g4xx_hal_smbus.c **** 
 530              		.loc 1 2688 9 is_stmt 1 view .LVU156
2688:stm/stm32g4xx/STM32G4xx_HAL_Driver/Src/stm32g4xx_hal_smbus.c **** 
 531              		.loc 1 2688 9 view .LVU157
 532 0050 0023     		movs	r3, #0
 533 0052 85F84430 		strb	r3, [r5, #68]
2688:stm/stm32g4xx/STM32G4xx_HAL_Driver/Src/stm32g4xx_hal_smbus.c **** 
 534              		.loc 1 2688 9 view .LVU158
2690:stm/stm32g4xx/STM32G4xx_HAL_Driver/Src/stm32g4xx_hal_smbus.c ****       }
 535              		.loc 1 2690 9 view .LVU159
2690:stm/stm32g4xx/STM32G4xx_HAL_Driver/Src/stm32g4xx_hal_smbus.c ****       }
 536              		.loc 1 2690 16 is_stmt 0 view .LVU160
 537 0056 00E0     		b	.L45
 538              	.L48:
2695:stm/stm32g4xx/STM32G4xx_HAL_Driver/Src/stm32g4xx_hal_smbus.c **** }
 539              		.loc 1 2695 10 view .LVU161
 540 0058 0020     		movs	r0, #0
 541              	.L45:
2696:stm/stm32g4xx/STM32G4xx_HAL_Driver/Src/stm32g4xx_hal_smbus.c **** 
 542              		.loc 1 2696 1 view .LVU162
ARM GAS  /tmp/ccPqrEja.s 			page 61


 543 005a BDE8F081 		pop	{r4, r5, r6, r7, r8, pc}
2696:stm/stm32g4xx/STM32G4xx_HAL_Driver/Src/stm32g4xx_hal_smbus.c **** 
 544              		.loc 1 2696 1 view .LVU163
 545              		.cfi_endproc
 546              	.LFE361:
 548              		.section	.text.HAL_SMBUS_MspInit,"ax",%progbits
 549              		.align	1
 550              		.weak	HAL_SMBUS_MspInit
 551              		.syntax unified
 552              		.thumb
 553              		.thumb_func
 555              	HAL_SMBUS_MspInit:
 556              	.LVL42:
 557              	.LFB331:
 460:stm/stm32g4xx/STM32G4xx_HAL_Driver/Src/stm32g4xx_hal_smbus.c ****   /* Prevent unused argument(s) compilation warning */
 558              		.loc 1 460 1 is_stmt 1 view -0
 559              		.cfi_startproc
 560              		@ args = 0, pretend = 0, frame = 0
 561              		@ frame_needed = 0, uses_anonymous_args = 0
 562              		@ link register save eliminated.
 462:stm/stm32g4xx/STM32G4xx_HAL_Driver/Src/stm32g4xx_hal_smbus.c **** 
 563              		.loc 1 462 3 view .LVU165
 467:stm/stm32g4xx/STM32G4xx_HAL_Driver/Src/stm32g4xx_hal_smbus.c **** 
 564              		.loc 1 467 1 is_stmt 0 view .LVU166
 565 0000 7047     		bx	lr
 566              		.cfi_endproc
 567              	.LFE331:
 569              		.section	.text.HAL_SMBUS_Init,"ax",%progbits
 570              		.align	1
 571              		.global	HAL_SMBUS_Init
 572              		.syntax unified
 573              		.thumb
 574              		.thumb_func
 576              	HAL_SMBUS_Init:
 577              	.LVL43:
 578              	.LFB329:
 290:stm/stm32g4xx/STM32G4xx_HAL_Driver/Src/stm32g4xx_hal_smbus.c ****   /* Check the SMBUS handle allocation */
 579              		.loc 1 290 1 is_stmt 1 view -0
 580              		.cfi_startproc
 581              		@ args = 0, pretend = 0, frame = 0
 582              		@ frame_needed = 0, uses_anonymous_args = 0
 292:stm/stm32g4xx/STM32G4xx_HAL_Driver/Src/stm32g4xx_hal_smbus.c ****   {
 583              		.loc 1 292 3 view .LVU168
 292:stm/stm32g4xx/STM32G4xx_HAL_Driver/Src/stm32g4xx_hal_smbus.c ****   {
 584              		.loc 1 292 6 is_stmt 0 view .LVU169
 585 0000 0028     		cmp	r0, #0
 586 0002 71D0     		beq	.L58
 290:stm/stm32g4xx/STM32G4xx_HAL_Driver/Src/stm32g4xx_hal_smbus.c ****   /* Check the SMBUS handle allocation */
 587              		.loc 1 290 1 view .LVU170
 588 0004 10B5     		push	{r4, lr}
 589              	.LCFI6:
 590              		.cfi_def_cfa_offset 8
 591              		.cfi_offset 4, -8
 592              		.cfi_offset 14, -4
 593 0006 0446     		mov	r4, r0
 298:stm/stm32g4xx/STM32G4xx_HAL_Driver/Src/stm32g4xx_hal_smbus.c ****   assert_param(IS_SMBUS_ANALOG_FILTER(hsmbus->Init.AnalogFilter));
 594              		.loc 1 298 3 is_stmt 1 view .LVU171
ARM GAS  /tmp/ccPqrEja.s 			page 62


 299:stm/stm32g4xx/STM32G4xx_HAL_Driver/Src/stm32g4xx_hal_smbus.c ****   assert_param(IS_SMBUS_OWN_ADDRESS1(hsmbus->Init.OwnAddress1));
 595              		.loc 1 299 3 view .LVU172
 300:stm/stm32g4xx/STM32G4xx_HAL_Driver/Src/stm32g4xx_hal_smbus.c ****   assert_param(IS_SMBUS_ADDRESSING_MODE(hsmbus->Init.AddressingMode));
 596              		.loc 1 300 3 view .LVU173
 301:stm/stm32g4xx/STM32G4xx_HAL_Driver/Src/stm32g4xx_hal_smbus.c ****   assert_param(IS_SMBUS_DUAL_ADDRESS(hsmbus->Init.DualAddressMode));
 597              		.loc 1 301 3 view .LVU174
 302:stm/stm32g4xx/STM32G4xx_HAL_Driver/Src/stm32g4xx_hal_smbus.c ****   assert_param(IS_SMBUS_OWN_ADDRESS2(hsmbus->Init.OwnAddress2));
 598              		.loc 1 302 3 view .LVU175
 303:stm/stm32g4xx/STM32G4xx_HAL_Driver/Src/stm32g4xx_hal_smbus.c ****   assert_param(IS_SMBUS_OWN_ADDRESS2_MASK(hsmbus->Init.OwnAddress2Masks));
 599              		.loc 1 303 3 view .LVU176
 304:stm/stm32g4xx/STM32G4xx_HAL_Driver/Src/stm32g4xx_hal_smbus.c ****   assert_param(IS_SMBUS_GENERAL_CALL(hsmbus->Init.GeneralCallMode));
 600              		.loc 1 304 3 view .LVU177
 305:stm/stm32g4xx/STM32G4xx_HAL_Driver/Src/stm32g4xx_hal_smbus.c ****   assert_param(IS_SMBUS_NO_STRETCH(hsmbus->Init.NoStretchMode));
 601              		.loc 1 305 3 view .LVU178
 306:stm/stm32g4xx/STM32G4xx_HAL_Driver/Src/stm32g4xx_hal_smbus.c ****   assert_param(IS_SMBUS_PEC(hsmbus->Init.PacketErrorCheckMode));
 602              		.loc 1 306 3 view .LVU179
 307:stm/stm32g4xx/STM32G4xx_HAL_Driver/Src/stm32g4xx_hal_smbus.c ****   assert_param(IS_SMBUS_PERIPHERAL_MODE(hsmbus->Init.PeripheralMode));
 603              		.loc 1 307 3 view .LVU180
 308:stm/stm32g4xx/STM32G4xx_HAL_Driver/Src/stm32g4xx_hal_smbus.c **** 
 604              		.loc 1 308 3 view .LVU181
 310:stm/stm32g4xx/STM32G4xx_HAL_Driver/Src/stm32g4xx_hal_smbus.c ****   {
 605              		.loc 1 310 3 view .LVU182
 310:stm/stm32g4xx/STM32G4xx_HAL_Driver/Src/stm32g4xx_hal_smbus.c ****   {
 606              		.loc 1 310 13 is_stmt 0 view .LVU183
 607 0008 836C     		ldr	r3, [r0, #72]
 310:stm/stm32g4xx/STM32G4xx_HAL_Driver/Src/stm32g4xx_hal_smbus.c ****   {
 608              		.loc 1 310 6 view .LVU184
 609 000a 002B     		cmp	r3, #0
 610 000c 52D0     		beq	.L63
 611              	.LVL44:
 612              	.L52:
 337:stm/stm32g4xx/STM32G4xx_HAL_Driver/Src/stm32g4xx_hal_smbus.c **** 
 613              		.loc 1 337 3 is_stmt 1 view .LVU185
 337:stm/stm32g4xx/STM32G4xx_HAL_Driver/Src/stm32g4xx_hal_smbus.c **** 
 614              		.loc 1 337 17 is_stmt 0 view .LVU186
 615 000e 0223     		movs	r3, #2
 616 0010 A364     		str	r3, [r4, #72]
 340:stm/stm32g4xx/STM32G4xx_HAL_Driver/Src/stm32g4xx_hal_smbus.c **** 
 617              		.loc 1 340 3 is_stmt 1 view .LVU187
 618 0012 2268     		ldr	r2, [r4]
 619 0014 1368     		ldr	r3, [r2]
 620 0016 23F00103 		bic	r3, r3, #1
 621 001a 1360     		str	r3, [r2]
 344:stm/stm32g4xx/STM32G4xx_HAL_Driver/Src/stm32g4xx_hal_smbus.c **** 
 622              		.loc 1 344 3 view .LVU188
 344:stm/stm32g4xx/STM32G4xx_HAL_Driver/Src/stm32g4xx_hal_smbus.c **** 
 623              		.loc 1 344 43 is_stmt 0 view .LVU189
 624 001c 6368     		ldr	r3, [r4, #4]
 344:stm/stm32g4xx/STM32G4xx_HAL_Driver/Src/stm32g4xx_hal_smbus.c **** 
 625              		.loc 1 344 9 view .LVU190
 626 001e 2268     		ldr	r2, [r4]
 344:stm/stm32g4xx/STM32G4xx_HAL_Driver/Src/stm32g4xx_hal_smbus.c **** 
 627              		.loc 1 344 51 view .LVU191
 628 0020 23F07063 		bic	r3, r3, #251658240
 344:stm/stm32g4xx/STM32G4xx_HAL_Driver/Src/stm32g4xx_hal_smbus.c **** 
 629              		.loc 1 344 29 view .LVU192
 630 0024 1361     		str	r3, [r2, #16]
ARM GAS  /tmp/ccPqrEja.s 			page 63


 348:stm/stm32g4xx/STM32G4xx_HAL_Driver/Src/stm32g4xx_hal_smbus.c ****   hsmbus->Instance->TIMEOUTR &= ~I2C_TIMEOUTR_TEXTEN;
 631              		.loc 1 348 3 is_stmt 1 view .LVU193
 348:stm/stm32g4xx/STM32G4xx_HAL_Driver/Src/stm32g4xx_hal_smbus.c ****   hsmbus->Instance->TIMEOUTR &= ~I2C_TIMEOUTR_TEXTEN;
 632              		.loc 1 348 9 is_stmt 0 view .LVU194
 633 0026 2268     		ldr	r2, [r4]
 348:stm/stm32g4xx/STM32G4xx_HAL_Driver/Src/stm32g4xx_hal_smbus.c ****   hsmbus->Instance->TIMEOUTR &= ~I2C_TIMEOUTR_TEXTEN;
 634              		.loc 1 348 19 view .LVU195
 635 0028 5369     		ldr	r3, [r2, #20]
 348:stm/stm32g4xx/STM32G4xx_HAL_Driver/Src/stm32g4xx_hal_smbus.c ****   hsmbus->Instance->TIMEOUTR &= ~I2C_TIMEOUTR_TEXTEN;
 636              		.loc 1 348 30 view .LVU196
 637 002a 23F40043 		bic	r3, r3, #32768
 638 002e 5361     		str	r3, [r2, #20]
 349:stm/stm32g4xx/STM32G4xx_HAL_Driver/Src/stm32g4xx_hal_smbus.c ****   hsmbus->Instance->TIMEOUTR = hsmbus->Init.SMBusTimeout;
 639              		.loc 1 349 3 is_stmt 1 view .LVU197
 349:stm/stm32g4xx/STM32G4xx_HAL_Driver/Src/stm32g4xx_hal_smbus.c ****   hsmbus->Instance->TIMEOUTR = hsmbus->Init.SMBusTimeout;
 640              		.loc 1 349 9 is_stmt 0 view .LVU198
 641 0030 2268     		ldr	r2, [r4]
 349:stm/stm32g4xx/STM32G4xx_HAL_Driver/Src/stm32g4xx_hal_smbus.c ****   hsmbus->Instance->TIMEOUTR = hsmbus->Init.SMBusTimeout;
 642              		.loc 1 349 19 view .LVU199
 643 0032 5369     		ldr	r3, [r2, #20]
 349:stm/stm32g4xx/STM32G4xx_HAL_Driver/Src/stm32g4xx_hal_smbus.c ****   hsmbus->Instance->TIMEOUTR = hsmbus->Init.SMBusTimeout;
 644              		.loc 1 349 30 view .LVU200
 645 0034 23F00043 		bic	r3, r3, #-2147483648
 646 0038 5361     		str	r3, [r2, #20]
 350:stm/stm32g4xx/STM32G4xx_HAL_Driver/Src/stm32g4xx_hal_smbus.c **** 
 647              		.loc 1 350 3 is_stmt 1 view .LVU201
 350:stm/stm32g4xx/STM32G4xx_HAL_Driver/Src/stm32g4xx_hal_smbus.c **** 
 648              		.loc 1 350 9 is_stmt 0 view .LVU202
 649 003a 2368     		ldr	r3, [r4]
 350:stm/stm32g4xx/STM32G4xx_HAL_Driver/Src/stm32g4xx_hal_smbus.c **** 
 650              		.loc 1 350 44 view .LVU203
 651 003c 226B     		ldr	r2, [r4, #48]
 350:stm/stm32g4xx/STM32G4xx_HAL_Driver/Src/stm32g4xx_hal_smbus.c **** 
 652              		.loc 1 350 30 view .LVU204
 653 003e 5A61     		str	r2, [r3, #20]
 354:stm/stm32g4xx/STM32G4xx_HAL_Driver/Src/stm32g4xx_hal_smbus.c **** 
 654              		.loc 1 354 3 is_stmt 1 view .LVU205
 354:stm/stm32g4xx/STM32G4xx_HAL_Driver/Src/stm32g4xx_hal_smbus.c **** 
 655              		.loc 1 354 9 is_stmt 0 view .LVU206
 656 0040 2268     		ldr	r2, [r4]
 354:stm/stm32g4xx/STM32G4xx_HAL_Driver/Src/stm32g4xx_hal_smbus.c **** 
 657              		.loc 1 354 19 view .LVU207
 658 0042 9368     		ldr	r3, [r2, #8]
 354:stm/stm32g4xx/STM32G4xx_HAL_Driver/Src/stm32g4xx_hal_smbus.c **** 
 659              		.loc 1 354 26 view .LVU208
 660 0044 23F40043 		bic	r3, r3, #32768
 661 0048 9360     		str	r3, [r2, #8]
 356:stm/stm32g4xx/STM32G4xx_HAL_Driver/Src/stm32g4xx_hal_smbus.c ****   {
 662              		.loc 1 356 3 is_stmt 1 view .LVU209
 356:stm/stm32g4xx/STM32G4xx_HAL_Driver/Src/stm32g4xx_hal_smbus.c ****   {
 663              		.loc 1 356 19 is_stmt 0 view .LVU210
 664 004a E368     		ldr	r3, [r4, #12]
 356:stm/stm32g4xx/STM32G4xx_HAL_Driver/Src/stm32g4xx_hal_smbus.c ****   {
 665              		.loc 1 356 6 view .LVU211
 666 004c 33B1     		cbz	r3, .L53
 358:stm/stm32g4xx/STM32G4xx_HAL_Driver/Src/stm32g4xx_hal_smbus.c ****     {
 667              		.loc 1 358 5 is_stmt 1 view .LVU212
ARM GAS  /tmp/ccPqrEja.s 			page 64


 358:stm/stm32g4xx/STM32G4xx_HAL_Driver/Src/stm32g4xx_hal_smbus.c ****     {
 668              		.loc 1 358 21 is_stmt 0 view .LVU213
 669 004e 2269     		ldr	r2, [r4, #16]
 358:stm/stm32g4xx/STM32G4xx_HAL_Driver/Src/stm32g4xx_hal_smbus.c ****     {
 670              		.loc 1 358 8 view .LVU214
 671 0050 012A     		cmp	r2, #1
 672 0052 34D0     		beq	.L64
 364:stm/stm32g4xx/STM32G4xx_HAL_Driver/Src/stm32g4xx_hal_smbus.c ****     }
 673              		.loc 1 364 7 is_stmt 1 view .LVU215
 364:stm/stm32g4xx/STM32G4xx_HAL_Driver/Src/stm32g4xx_hal_smbus.c ****     }
 674              		.loc 1 364 13 is_stmt 0 view .LVU216
 675 0054 2268     		ldr	r2, [r4]
 364:stm/stm32g4xx/STM32G4xx_HAL_Driver/Src/stm32g4xx_hal_smbus.c ****     }
 676              		.loc 1 364 67 view .LVU217
 677 0056 43F40443 		orr	r3, r3, #33792
 364:stm/stm32g4xx/STM32G4xx_HAL_Driver/Src/stm32g4xx_hal_smbus.c ****     }
 678              		.loc 1 364 30 view .LVU218
 679 005a 9360     		str	r3, [r2, #8]
 680              	.L53:
 370:stm/stm32g4xx/STM32G4xx_HAL_Driver/Src/stm32g4xx_hal_smbus.c ****   {
 681              		.loc 1 370 3 is_stmt 1 view .LVU219
 370:stm/stm32g4xx/STM32G4xx_HAL_Driver/Src/stm32g4xx_hal_smbus.c ****   {
 682              		.loc 1 370 19 is_stmt 0 view .LVU220
 683 005c 2369     		ldr	r3, [r4, #16]
 370:stm/stm32g4xx/STM32G4xx_HAL_Driver/Src/stm32g4xx_hal_smbus.c ****   {
 684              		.loc 1 370 6 view .LVU221
 685 005e 022B     		cmp	r3, #2
 686 0060 32D0     		beq	.L65
 687              	.L55:
 376:stm/stm32g4xx/STM32G4xx_HAL_Driver/Src/stm32g4xx_hal_smbus.c **** 
 688              		.loc 1 376 3 is_stmt 1 view .LVU222
 376:stm/stm32g4xx/STM32G4xx_HAL_Driver/Src/stm32g4xx_hal_smbus.c **** 
 689              		.loc 1 376 9 is_stmt 0 view .LVU223
 690 0062 2268     		ldr	r2, [r4]
 376:stm/stm32g4xx/STM32G4xx_HAL_Driver/Src/stm32g4xx_hal_smbus.c **** 
 691              		.loc 1 376 19 view .LVU224
 692 0064 5368     		ldr	r3, [r2, #4]
 376:stm/stm32g4xx/STM32G4xx_HAL_Driver/Src/stm32g4xx_hal_smbus.c **** 
 693              		.loc 1 376 25 view .LVU225
 694 0066 43F00073 		orr	r3, r3, #33554432
 695 006a 43F40043 		orr	r3, r3, #32768
 696 006e 5360     		str	r3, [r2, #4]
 380:stm/stm32g4xx/STM32G4xx_HAL_Driver/Src/stm32g4xx_hal_smbus.c ****                             (hsmbus->Init.OwnAddress2Masks << 8U));
 697              		.loc 1 380 3 is_stmt 1 view .LVU226
 380:stm/stm32g4xx/STM32G4xx_HAL_Driver/Src/stm32g4xx_hal_smbus.c ****                             (hsmbus->Init.OwnAddress2Masks << 8U));
 698              		.loc 1 380 41 is_stmt 0 view .LVU227
 699 0070 6369     		ldr	r3, [r4, #20]
 380:stm/stm32g4xx/STM32G4xx_HAL_Driver/Src/stm32g4xx_hal_smbus.c ****                             (hsmbus->Init.OwnAddress2Masks << 8U));
 700              		.loc 1 380 72 view .LVU228
 701 0072 A269     		ldr	r2, [r4, #24]
 380:stm/stm32g4xx/STM32G4xx_HAL_Driver/Src/stm32g4xx_hal_smbus.c ****                             (hsmbus->Init.OwnAddress2Masks << 8U));
 702              		.loc 1 380 58 view .LVU229
 703 0074 1343     		orrs	r3, r3, r2
 381:stm/stm32g4xx/STM32G4xx_HAL_Driver/Src/stm32g4xx_hal_smbus.c **** 
 704              		.loc 1 381 42 view .LVU230
 705 0076 E169     		ldr	r1, [r4, #28]
 380:stm/stm32g4xx/STM32G4xx_HAL_Driver/Src/stm32g4xx_hal_smbus.c ****                             (hsmbus->Init.OwnAddress2Masks << 8U));
ARM GAS  /tmp/ccPqrEja.s 			page 65


 706              		.loc 1 380 9 view .LVU231
 707 0078 2268     		ldr	r2, [r4]
 380:stm/stm32g4xx/STM32G4xx_HAL_Driver/Src/stm32g4xx_hal_smbus.c ****                             (hsmbus->Init.OwnAddress2Masks << 8U));
 708              		.loc 1 380 85 view .LVU232
 709 007a 43EA0123 		orr	r3, r3, r1, lsl #8
 380:stm/stm32g4xx/STM32G4xx_HAL_Driver/Src/stm32g4xx_hal_smbus.c ****                             (hsmbus->Init.OwnAddress2Masks << 8U));
 710              		.loc 1 380 26 view .LVU233
 711 007e D360     		str	r3, [r2, #12]
 385:stm/stm32g4xx/STM32G4xx_HAL_Driver/Src/stm32g4xx_hal_smbus.c ****                            hsmbus->Init.PacketErrorCheckMode | hsmbus->Init.PeripheralMode | \
 712              		.loc 1 385 3 is_stmt 1 view .LVU234
 385:stm/stm32g4xx/STM32G4xx_HAL_Driver/Src/stm32g4xx_hal_smbus.c ****                            hsmbus->Init.PacketErrorCheckMode | hsmbus->Init.PeripheralMode | \
 713              		.loc 1 385 40 is_stmt 0 view .LVU235
 714 0080 236A     		ldr	r3, [r4, #32]
 385:stm/stm32g4xx/STM32G4xx_HAL_Driver/Src/stm32g4xx_hal_smbus.c ****                            hsmbus->Init.PacketErrorCheckMode | hsmbus->Init.PeripheralMode | \
 715              		.loc 1 385 71 view .LVU236
 716 0082 626A     		ldr	r2, [r4, #36]
 385:stm/stm32g4xx/STM32G4xx_HAL_Driver/Src/stm32g4xx_hal_smbus.c ****                            hsmbus->Init.PacketErrorCheckMode | hsmbus->Init.PeripheralMode | \
 717              		.loc 1 385 57 view .LVU237
 718 0084 1343     		orrs	r3, r3, r2
 386:stm/stm32g4xx/STM32G4xx_HAL_Driver/Src/stm32g4xx_hal_smbus.c ****                            hsmbus->Init.AnalogFilter);
 719              		.loc 1 386 40 view .LVU238
 720 0086 A26A     		ldr	r2, [r4, #40]
 385:stm/stm32g4xx/STM32G4xx_HAL_Driver/Src/stm32g4xx_hal_smbus.c ****                            hsmbus->Init.PacketErrorCheckMode | hsmbus->Init.PeripheralMode | \
 721              		.loc 1 385 86 view .LVU239
 722 0088 1343     		orrs	r3, r3, r2
 386:stm/stm32g4xx/STM32G4xx_HAL_Driver/Src/stm32g4xx_hal_smbus.c ****                            hsmbus->Init.AnalogFilter);
 723              		.loc 1 386 76 view .LVU240
 724 008a E26A     		ldr	r2, [r4, #44]
 386:stm/stm32g4xx/STM32G4xx_HAL_Driver/Src/stm32g4xx_hal_smbus.c ****                            hsmbus->Init.AnalogFilter);
 725              		.loc 1 386 62 view .LVU241
 726 008c 1343     		orrs	r3, r3, r2
 387:stm/stm32g4xx/STM32G4xx_HAL_Driver/Src/stm32g4xx_hal_smbus.c **** 
 727              		.loc 1 387 40 view .LVU242
 728 008e A168     		ldr	r1, [r4, #8]
 385:stm/stm32g4xx/STM32G4xx_HAL_Driver/Src/stm32g4xx_hal_smbus.c ****                            hsmbus->Init.PacketErrorCheckMode | hsmbus->Init.PeripheralMode | \
 729              		.loc 1 385 9 view .LVU243
 730 0090 2268     		ldr	r2, [r4]
 386:stm/stm32g4xx/STM32G4xx_HAL_Driver/Src/stm32g4xx_hal_smbus.c ****                            hsmbus->Init.AnalogFilter);
 731              		.loc 1 386 92 view .LVU244
 732 0092 0B43     		orrs	r3, r3, r1
 385:stm/stm32g4xx/STM32G4xx_HAL_Driver/Src/stm32g4xx_hal_smbus.c ****                            hsmbus->Init.PacketErrorCheckMode | hsmbus->Init.PeripheralMode | \
 733              		.loc 1 385 25 view .LVU245
 734 0094 1360     		str	r3, [r2]
 391:stm/stm32g4xx/STM32G4xx_HAL_Driver/Src/stm32g4xx_hal_smbus.c ****       ((hsmbus->Init.PeripheralMode == SMBUS_PERIPHERAL_MODE_SMBUS_SLAVE) || \
 735              		.loc 1 391 3 is_stmt 1 view .LVU246
 391:stm/stm32g4xx/STM32G4xx_HAL_Driver/Src/stm32g4xx_hal_smbus.c ****       ((hsmbus->Init.PeripheralMode == SMBUS_PERIPHERAL_MODE_SMBUS_SLAVE) || \
 736              		.loc 1 391 20 is_stmt 0 view .LVU247
 737 0096 A36A     		ldr	r3, [r4, #40]
 391:stm/stm32g4xx/STM32G4xx_HAL_Driver/Src/stm32g4xx_hal_smbus.c ****       ((hsmbus->Init.PeripheralMode == SMBUS_PERIPHERAL_MODE_SMBUS_SLAVE) || \
 738              		.loc 1 391 6 view .LVU248
 739 0098 B3F5000F 		cmp	r3, #8388608
 740 009c 19D0     		beq	.L66
 741              	.L56:
 399:stm/stm32g4xx/STM32G4xx_HAL_Driver/Src/stm32g4xx_hal_smbus.c **** 
 742              		.loc 1 399 3 is_stmt 1 view .LVU249
 743 009e 2268     		ldr	r2, [r4]
 744 00a0 1368     		ldr	r3, [r2]
ARM GAS  /tmp/ccPqrEja.s 			page 66


 745 00a2 43F00103 		orr	r3, r3, #1
 746 00a6 1360     		str	r3, [r2]
 401:stm/stm32g4xx/STM32G4xx_HAL_Driver/Src/stm32g4xx_hal_smbus.c ****   hsmbus->PreviousState = HAL_SMBUS_STATE_READY;
 747              		.loc 1 401 3 view .LVU250
 401:stm/stm32g4xx/STM32G4xx_HAL_Driver/Src/stm32g4xx_hal_smbus.c ****   hsmbus->PreviousState = HAL_SMBUS_STATE_READY;
 748              		.loc 1 401 21 is_stmt 0 view .LVU251
 749 00a8 0020     		movs	r0, #0
 750 00aa E064     		str	r0, [r4, #76]
 402:stm/stm32g4xx/STM32G4xx_HAL_Driver/Src/stm32g4xx_hal_smbus.c ****   hsmbus->State = HAL_SMBUS_STATE_READY;
 751              		.loc 1 402 3 is_stmt 1 view .LVU252
 402:stm/stm32g4xx/STM32G4xx_HAL_Driver/Src/stm32g4xx_hal_smbus.c ****   hsmbus->State = HAL_SMBUS_STATE_READY;
 752              		.loc 1 402 25 is_stmt 0 view .LVU253
 753 00ac 0123     		movs	r3, #1
 754 00ae 2364     		str	r3, [r4, #64]
 403:stm/stm32g4xx/STM32G4xx_HAL_Driver/Src/stm32g4xx_hal_smbus.c **** 
 755              		.loc 1 403 3 is_stmt 1 view .LVU254
 403:stm/stm32g4xx/STM32G4xx_HAL_Driver/Src/stm32g4xx_hal_smbus.c **** 
 756              		.loc 1 403 17 is_stmt 0 view .LVU255
 757 00b0 A364     		str	r3, [r4, #72]
 405:stm/stm32g4xx/STM32G4xx_HAL_Driver/Src/stm32g4xx_hal_smbus.c **** }
 758              		.loc 1 405 3 is_stmt 1 view .LVU256
 406:stm/stm32g4xx/STM32G4xx_HAL_Driver/Src/stm32g4xx_hal_smbus.c **** 
 759              		.loc 1 406 1 is_stmt 0 view .LVU257
 760 00b2 10BD     		pop	{r4, pc}
 761              	.LVL45:
 762              	.L63:
 313:stm/stm32g4xx/STM32G4xx_HAL_Driver/Src/stm32g4xx_hal_smbus.c **** 
 763              		.loc 1 313 5 is_stmt 1 view .LVU258
 313:stm/stm32g4xx/STM32G4xx_HAL_Driver/Src/stm32g4xx_hal_smbus.c **** 
 764              		.loc 1 313 18 is_stmt 0 view .LVU259
 765 00b4 80F84430 		strb	r3, [r0, #68]
 333:stm/stm32g4xx/STM32G4xx_HAL_Driver/Src/stm32g4xx_hal_smbus.c **** #endif /* USE_HAL_SMBUS_REGISTER_CALLBACKS */
 766              		.loc 1 333 5 is_stmt 1 view .LVU260
 767 00b8 FFF7FEFF 		bl	HAL_SMBUS_MspInit
 768              	.LVL46:
 333:stm/stm32g4xx/STM32G4xx_HAL_Driver/Src/stm32g4xx_hal_smbus.c **** #endif /* USE_HAL_SMBUS_REGISTER_CALLBACKS */
 769              		.loc 1 333 5 is_stmt 0 view .LVU261
 770 00bc A7E7     		b	.L52
 771              	.L64:
 360:stm/stm32g4xx/STM32G4xx_HAL_Driver/Src/stm32g4xx_hal_smbus.c ****     }
 772              		.loc 1 360 7 is_stmt 1 view .LVU262
 360:stm/stm32g4xx/STM32G4xx_HAL_Driver/Src/stm32g4xx_hal_smbus.c ****     }
 773              		.loc 1 360 13 is_stmt 0 view .LVU263
 774 00be 2268     		ldr	r2, [r4]
 360:stm/stm32g4xx/STM32G4xx_HAL_Driver/Src/stm32g4xx_hal_smbus.c ****     }
 775              		.loc 1 360 48 view .LVU264
 776 00c0 43F40043 		orr	r3, r3, #32768
 360:stm/stm32g4xx/STM32G4xx_HAL_Driver/Src/stm32g4xx_hal_smbus.c ****     }
 777              		.loc 1 360 30 view .LVU265
 778 00c4 9360     		str	r3, [r2, #8]
 779 00c6 C9E7     		b	.L53
 780              	.L65:
 372:stm/stm32g4xx/STM32G4xx_HAL_Driver/Src/stm32g4xx_hal_smbus.c ****   }
 781              		.loc 1 372 5 is_stmt 1 view .LVU266
 372:stm/stm32g4xx/STM32G4xx_HAL_Driver/Src/stm32g4xx_hal_smbus.c ****   }
 782              		.loc 1 372 11 is_stmt 0 view .LVU267
 783 00c8 2368     		ldr	r3, [r4]
ARM GAS  /tmp/ccPqrEja.s 			page 67


 372:stm/stm32g4xx/STM32G4xx_HAL_Driver/Src/stm32g4xx_hal_smbus.c ****   }
 784              		.loc 1 372 27 view .LVU268
 785 00ca 4FF40062 		mov	r2, #2048
 786 00ce 5A60     		str	r2, [r3, #4]
 787 00d0 C7E7     		b	.L55
 788              	.L66:
 392:stm/stm32g4xx/STM32G4xx_HAL_Driver/Src/stm32g4xx_hal_smbus.c ****        (hsmbus->Init.PeripheralMode == SMBUS_PERIPHERAL_MODE_SMBUS_SLAVE_ARP)))
 789              		.loc 1 392 21 view .LVU269
 790 00d2 E36A     		ldr	r3, [r4, #44]
 391:stm/stm32g4xx/STM32G4xx_HAL_Driver/Src/stm32g4xx_hal_smbus.c ****       ((hsmbus->Init.PeripheralMode == SMBUS_PERIPHERAL_MODE_SMBUS_SLAVE) || \
 791              		.loc 1 391 63 discriminator 1 view .LVU270
 792 00d4 13B1     		cbz	r3, .L57
 392:stm/stm32g4xx/STM32G4xx_HAL_Driver/Src/stm32g4xx_hal_smbus.c ****        (hsmbus->Init.PeripheralMode == SMBUS_PERIPHERAL_MODE_SMBUS_SLAVE_ARP)))
 793              		.loc 1 392 75 view .LVU271
 794 00d6 B3F5001F 		cmp	r3, #2097152
 795 00da E0D1     		bne	.L56
 796              	.L57:
 395:stm/stm32g4xx/STM32G4xx_HAL_Driver/Src/stm32g4xx_hal_smbus.c ****   }
 797              		.loc 1 395 5 is_stmt 1 view .LVU272
 395:stm/stm32g4xx/STM32G4xx_HAL_Driver/Src/stm32g4xx_hal_smbus.c ****   }
 798              		.loc 1 395 11 is_stmt 0 view .LVU273
 799 00dc 2268     		ldr	r2, [r4]
 395:stm/stm32g4xx/STM32G4xx_HAL_Driver/Src/stm32g4xx_hal_smbus.c ****   }
 800              		.loc 1 395 21 view .LVU274
 801 00de 1368     		ldr	r3, [r2]
 395:stm/stm32g4xx/STM32G4xx_HAL_Driver/Src/stm32g4xx_hal_smbus.c ****   }
 802              		.loc 1 395 27 view .LVU275
 803 00e0 43F48033 		orr	r3, r3, #65536
 804 00e4 1360     		str	r3, [r2]
 805 00e6 DAE7     		b	.L56
 806              	.LVL47:
 807              	.L58:
 808              	.LCFI7:
 809              		.cfi_def_cfa_offset 0
 810              		.cfi_restore 4
 811              		.cfi_restore 14
 294:stm/stm32g4xx/STM32G4xx_HAL_Driver/Src/stm32g4xx_hal_smbus.c ****   }
 812              		.loc 1 294 12 view .LVU276
 813 00e8 0120     		movs	r0, #1
 814              	.LVL48:
 406:stm/stm32g4xx/STM32G4xx_HAL_Driver/Src/stm32g4xx_hal_smbus.c **** 
 815              		.loc 1 406 1 view .LVU277
 816 00ea 7047     		bx	lr
 817              		.cfi_endproc
 818              	.LFE329:
 820              		.section	.text.HAL_SMBUS_MspDeInit,"ax",%progbits
 821              		.align	1
 822              		.weak	HAL_SMBUS_MspDeInit
 823              		.syntax unified
 824              		.thumb
 825              		.thumb_func
 827              	HAL_SMBUS_MspDeInit:
 828              	.LVL49:
 829              	.LFB332:
 476:stm/stm32g4xx/STM32G4xx_HAL_Driver/Src/stm32g4xx_hal_smbus.c ****   /* Prevent unused argument(s) compilation warning */
 830              		.loc 1 476 1 is_stmt 1 view -0
 831              		.cfi_startproc
ARM GAS  /tmp/ccPqrEja.s 			page 68


 832              		@ args = 0, pretend = 0, frame = 0
 833              		@ frame_needed = 0, uses_anonymous_args = 0
 834              		@ link register save eliminated.
 478:stm/stm32g4xx/STM32G4xx_HAL_Driver/Src/stm32g4xx_hal_smbus.c **** 
 835              		.loc 1 478 3 view .LVU279
 483:stm/stm32g4xx/STM32G4xx_HAL_Driver/Src/stm32g4xx_hal_smbus.c **** 
 836              		.loc 1 483 1 is_stmt 0 view .LVU280
 837 0000 7047     		bx	lr
 838              		.cfi_endproc
 839              	.LFE332:
 841              		.section	.text.HAL_SMBUS_DeInit,"ax",%progbits
 842              		.align	1
 843              		.global	HAL_SMBUS_DeInit
 844              		.syntax unified
 845              		.thumb
 846              		.thumb_func
 848              	HAL_SMBUS_DeInit:
 849              	.LVL50:
 850              	.LFB330:
 415:stm/stm32g4xx/STM32G4xx_HAL_Driver/Src/stm32g4xx_hal_smbus.c ****   /* Check the SMBUS handle allocation */
 851              		.loc 1 415 1 is_stmt 1 view -0
 852              		.cfi_startproc
 853              		@ args = 0, pretend = 0, frame = 0
 854              		@ frame_needed = 0, uses_anonymous_args = 0
 417:stm/stm32g4xx/STM32G4xx_HAL_Driver/Src/stm32g4xx_hal_smbus.c ****   {
 855              		.loc 1 417 3 view .LVU282
 417:stm/stm32g4xx/STM32G4xx_HAL_Driver/Src/stm32g4xx_hal_smbus.c ****   {
 856              		.loc 1 417 6 is_stmt 0 view .LVU283
 857 0000 88B1     		cbz	r0, .L70
 415:stm/stm32g4xx/STM32G4xx_HAL_Driver/Src/stm32g4xx_hal_smbus.c ****   /* Check the SMBUS handle allocation */
 858              		.loc 1 415 1 view .LVU284
 859 0002 10B5     		push	{r4, lr}
 860              	.LCFI8:
 861              		.cfi_def_cfa_offset 8
 862              		.cfi_offset 4, -8
 863              		.cfi_offset 14, -4
 864 0004 0446     		mov	r4, r0
 423:stm/stm32g4xx/STM32G4xx_HAL_Driver/Src/stm32g4xx_hal_smbus.c **** 
 865              		.loc 1 423 3 is_stmt 1 view .LVU285
 425:stm/stm32g4xx/STM32G4xx_HAL_Driver/Src/stm32g4xx_hal_smbus.c **** 
 866              		.loc 1 425 3 view .LVU286
 425:stm/stm32g4xx/STM32G4xx_HAL_Driver/Src/stm32g4xx_hal_smbus.c **** 
 867              		.loc 1 425 17 is_stmt 0 view .LVU287
 868 0006 0223     		movs	r3, #2
 869 0008 8364     		str	r3, [r0, #72]
 428:stm/stm32g4xx/STM32G4xx_HAL_Driver/Src/stm32g4xx_hal_smbus.c **** 
 870              		.loc 1 428 3 is_stmt 1 view .LVU288
 871 000a 0268     		ldr	r2, [r0]
 872 000c 1368     		ldr	r3, [r2]
 873 000e 23F00103 		bic	r3, r3, #1
 874 0012 1360     		str	r3, [r2]
 440:stm/stm32g4xx/STM32G4xx_HAL_Driver/Src/stm32g4xx_hal_smbus.c **** #endif /* USE_HAL_SMBUS_REGISTER_CALLBACKS */
 875              		.loc 1 440 3 view .LVU289
 876 0014 FFF7FEFF 		bl	HAL_SMBUS_MspDeInit
 877              	.LVL51:
 443:stm/stm32g4xx/STM32G4xx_HAL_Driver/Src/stm32g4xx_hal_smbus.c ****   hsmbus->PreviousState =  HAL_SMBUS_STATE_RESET;
 878              		.loc 1 443 3 view .LVU290
ARM GAS  /tmp/ccPqrEja.s 			page 69


 443:stm/stm32g4xx/STM32G4xx_HAL_Driver/Src/stm32g4xx_hal_smbus.c ****   hsmbus->PreviousState =  HAL_SMBUS_STATE_RESET;
 879              		.loc 1 443 21 is_stmt 0 view .LVU291
 880 0018 0020     		movs	r0, #0
 881 001a E064     		str	r0, [r4, #76]
 444:stm/stm32g4xx/STM32G4xx_HAL_Driver/Src/stm32g4xx_hal_smbus.c ****   hsmbus->State = HAL_SMBUS_STATE_RESET;
 882              		.loc 1 444 3 is_stmt 1 view .LVU292
 444:stm/stm32g4xx/STM32G4xx_HAL_Driver/Src/stm32g4xx_hal_smbus.c ****   hsmbus->State = HAL_SMBUS_STATE_RESET;
 883              		.loc 1 444 25 is_stmt 0 view .LVU293
 884 001c 2064     		str	r0, [r4, #64]
 445:stm/stm32g4xx/STM32G4xx_HAL_Driver/Src/stm32g4xx_hal_smbus.c **** 
 885              		.loc 1 445 3 is_stmt 1 view .LVU294
 445:stm/stm32g4xx/STM32G4xx_HAL_Driver/Src/stm32g4xx_hal_smbus.c **** 
 886              		.loc 1 445 17 is_stmt 0 view .LVU295
 887 001e A064     		str	r0, [r4, #72]
 448:stm/stm32g4xx/STM32G4xx_HAL_Driver/Src/stm32g4xx_hal_smbus.c **** 
 888              		.loc 1 448 3 is_stmt 1 view .LVU296
 448:stm/stm32g4xx/STM32G4xx_HAL_Driver/Src/stm32g4xx_hal_smbus.c **** 
 889              		.loc 1 448 3 view .LVU297
 890 0020 84F84400 		strb	r0, [r4, #68]
 448:stm/stm32g4xx/STM32G4xx_HAL_Driver/Src/stm32g4xx_hal_smbus.c **** 
 891              		.loc 1 448 3 view .LVU298
 450:stm/stm32g4xx/STM32G4xx_HAL_Driver/Src/stm32g4xx_hal_smbus.c **** }
 892              		.loc 1 450 3 view .LVU299
 451:stm/stm32g4xx/STM32G4xx_HAL_Driver/Src/stm32g4xx_hal_smbus.c **** 
 893              		.loc 1 451 1 is_stmt 0 view .LVU300
 894 0024 10BD     		pop	{r4, pc}
 895              	.LVL52:
 896              	.L70:
 897              	.LCFI9:
 898              		.cfi_def_cfa_offset 0
 899              		.cfi_restore 4
 900              		.cfi_restore 14
 419:stm/stm32g4xx/STM32G4xx_HAL_Driver/Src/stm32g4xx_hal_smbus.c ****   }
 901              		.loc 1 419 12 view .LVU301
 902 0026 0120     		movs	r0, #1
 903              	.LVL53:
 451:stm/stm32g4xx/STM32G4xx_HAL_Driver/Src/stm32g4xx_hal_smbus.c **** 
 904              		.loc 1 451 1 view .LVU302
 905 0028 7047     		bx	lr
 906              		.cfi_endproc
 907              	.LFE330:
 909              		.section	.text.HAL_SMBUS_ConfigAnalogFilter,"ax",%progbits
 910              		.align	1
 911              		.global	HAL_SMBUS_ConfigAnalogFilter
 912              		.syntax unified
 913              		.thumb
 914              		.thumb_func
 916              	HAL_SMBUS_ConfigAnalogFilter:
 917              	.LVL54:
 918              	.LFB333:
 495:stm/stm32g4xx/STM32G4xx_HAL_Driver/Src/stm32g4xx_hal_smbus.c ****   /* Check the parameters */
 919              		.loc 1 495 1 is_stmt 1 view -0
 920              		.cfi_startproc
 921              		@ args = 0, pretend = 0, frame = 0
 922              		@ frame_needed = 0, uses_anonymous_args = 0
 923              		@ link register save eliminated.
 497:stm/stm32g4xx/STM32G4xx_HAL_Driver/Src/stm32g4xx_hal_smbus.c ****   assert_param(IS_SMBUS_ANALOG_FILTER(AnalogFilter));
ARM GAS  /tmp/ccPqrEja.s 			page 70


 924              		.loc 1 497 3 view .LVU304
 498:stm/stm32g4xx/STM32G4xx_HAL_Driver/Src/stm32g4xx_hal_smbus.c **** 
 925              		.loc 1 498 3 view .LVU305
 500:stm/stm32g4xx/STM32G4xx_HAL_Driver/Src/stm32g4xx_hal_smbus.c ****   {
 926              		.loc 1 500 3 view .LVU306
 500:stm/stm32g4xx/STM32G4xx_HAL_Driver/Src/stm32g4xx_hal_smbus.c ****   {
 927              		.loc 1 500 13 is_stmt 0 view .LVU307
 928 0000 826C     		ldr	r2, [r0, #72]
 500:stm/stm32g4xx/STM32G4xx_HAL_Driver/Src/stm32g4xx_hal_smbus.c ****   {
 929              		.loc 1 500 6 view .LVU308
 930 0002 012A     		cmp	r2, #1
 931 0004 23D1     		bne	.L77
 932 0006 0346     		mov	r3, r0
 503:stm/stm32g4xx/STM32G4xx_HAL_Driver/Src/stm32g4xx_hal_smbus.c **** 
 933              		.loc 1 503 5 is_stmt 1 view .LVU309
 503:stm/stm32g4xx/STM32G4xx_HAL_Driver/Src/stm32g4xx_hal_smbus.c **** 
 934              		.loc 1 503 5 view .LVU310
 935 0008 90F84420 		ldrb	r2, [r0, #68]	@ zero_extendqisi2
 936 000c 012A     		cmp	r2, #1
 937 000e 20D0     		beq	.L78
 495:stm/stm32g4xx/STM32G4xx_HAL_Driver/Src/stm32g4xx_hal_smbus.c ****   /* Check the parameters */
 938              		.loc 1 495 1 is_stmt 0 view .LVU311
 939 0010 10B4     		push	{r4}
 940              	.LCFI10:
 941              		.cfi_def_cfa_offset 4
 942              		.cfi_offset 4, -4
 503:stm/stm32g4xx/STM32G4xx_HAL_Driver/Src/stm32g4xx_hal_smbus.c **** 
 943              		.loc 1 503 5 is_stmt 1 discriminator 2 view .LVU312
 944 0012 0120     		movs	r0, #1
 945              	.LVL55:
 503:stm/stm32g4xx/STM32G4xx_HAL_Driver/Src/stm32g4xx_hal_smbus.c **** 
 946              		.loc 1 503 5 is_stmt 0 discriminator 2 view .LVU313
 947 0014 83F84400 		strb	r0, [r3, #68]
 503:stm/stm32g4xx/STM32G4xx_HAL_Driver/Src/stm32g4xx_hal_smbus.c **** 
 948              		.loc 1 503 5 is_stmt 1 discriminator 2 view .LVU314
 505:stm/stm32g4xx/STM32G4xx_HAL_Driver/Src/stm32g4xx_hal_smbus.c **** 
 949              		.loc 1 505 5 view .LVU315
 505:stm/stm32g4xx/STM32G4xx_HAL_Driver/Src/stm32g4xx_hal_smbus.c **** 
 950              		.loc 1 505 19 is_stmt 0 view .LVU316
 951 0018 0222     		movs	r2, #2
 952 001a 9A64     		str	r2, [r3, #72]
 508:stm/stm32g4xx/STM32G4xx_HAL_Driver/Src/stm32g4xx_hal_smbus.c **** 
 953              		.loc 1 508 5 is_stmt 1 view .LVU317
 954 001c 1C68     		ldr	r4, [r3]
 955 001e 2268     		ldr	r2, [r4]
 956 0020 22F00102 		bic	r2, r2, #1
 957 0024 2260     		str	r2, [r4]
 511:stm/stm32g4xx/STM32G4xx_HAL_Driver/Src/stm32g4xx_hal_smbus.c **** 
 958              		.loc 1 511 5 view .LVU318
 511:stm/stm32g4xx/STM32G4xx_HAL_Driver/Src/stm32g4xx_hal_smbus.c **** 
 959              		.loc 1 511 11 is_stmt 0 view .LVU319
 960 0026 1C68     		ldr	r4, [r3]
 511:stm/stm32g4xx/STM32G4xx_HAL_Driver/Src/stm32g4xx_hal_smbus.c **** 
 961              		.loc 1 511 21 view .LVU320
 962 0028 2268     		ldr	r2, [r4]
 511:stm/stm32g4xx/STM32G4xx_HAL_Driver/Src/stm32g4xx_hal_smbus.c **** 
 963              		.loc 1 511 27 view .LVU321
ARM GAS  /tmp/ccPqrEja.s 			page 71


 964 002a 22F48052 		bic	r2, r2, #4096
 965 002e 2260     		str	r2, [r4]
 514:stm/stm32g4xx/STM32G4xx_HAL_Driver/Src/stm32g4xx_hal_smbus.c **** 
 966              		.loc 1 514 5 is_stmt 1 view .LVU322
 514:stm/stm32g4xx/STM32G4xx_HAL_Driver/Src/stm32g4xx_hal_smbus.c **** 
 967              		.loc 1 514 11 is_stmt 0 view .LVU323
 968 0030 1C68     		ldr	r4, [r3]
 514:stm/stm32g4xx/STM32G4xx_HAL_Driver/Src/stm32g4xx_hal_smbus.c **** 
 969              		.loc 1 514 21 view .LVU324
 970 0032 2268     		ldr	r2, [r4]
 514:stm/stm32g4xx/STM32G4xx_HAL_Driver/Src/stm32g4xx_hal_smbus.c **** 
 971              		.loc 1 514 27 view .LVU325
 972 0034 0A43     		orrs	r2, r2, r1
 973 0036 2260     		str	r2, [r4]
 516:stm/stm32g4xx/STM32G4xx_HAL_Driver/Src/stm32g4xx_hal_smbus.c **** 
 974              		.loc 1 516 5 is_stmt 1 view .LVU326
 975 0038 1968     		ldr	r1, [r3]
 976              	.LVL56:
 516:stm/stm32g4xx/STM32G4xx_HAL_Driver/Src/stm32g4xx_hal_smbus.c **** 
 977              		.loc 1 516 5 is_stmt 0 view .LVU327
 978 003a 0A68     		ldr	r2, [r1]
 979 003c 0243     		orrs	r2, r2, r0
 980 003e 0A60     		str	r2, [r1]
 518:stm/stm32g4xx/STM32G4xx_HAL_Driver/Src/stm32g4xx_hal_smbus.c **** 
 981              		.loc 1 518 5 is_stmt 1 view .LVU328
 518:stm/stm32g4xx/STM32G4xx_HAL_Driver/Src/stm32g4xx_hal_smbus.c **** 
 982              		.loc 1 518 19 is_stmt 0 view .LVU329
 983 0040 9864     		str	r0, [r3, #72]
 521:stm/stm32g4xx/STM32G4xx_HAL_Driver/Src/stm32g4xx_hal_smbus.c **** 
 984              		.loc 1 521 5 is_stmt 1 view .LVU330
 521:stm/stm32g4xx/STM32G4xx_HAL_Driver/Src/stm32g4xx_hal_smbus.c **** 
 985              		.loc 1 521 5 view .LVU331
 986 0042 0020     		movs	r0, #0
 987 0044 83F84400 		strb	r0, [r3, #68]
 521:stm/stm32g4xx/STM32G4xx_HAL_Driver/Src/stm32g4xx_hal_smbus.c **** 
 988              		.loc 1 521 5 view .LVU332
 523:stm/stm32g4xx/STM32G4xx_HAL_Driver/Src/stm32g4xx_hal_smbus.c ****   }
 989              		.loc 1 523 5 view .LVU333
 529:stm/stm32g4xx/STM32G4xx_HAL_Driver/Src/stm32g4xx_hal_smbus.c **** 
 990              		.loc 1 529 1 is_stmt 0 view .LVU334
 991 0048 5DF8044B 		ldr	r4, [sp], #4
 992              	.LCFI11:
 993              		.cfi_restore 4
 994              		.cfi_def_cfa_offset 0
 995 004c 7047     		bx	lr
 996              	.LVL57:
 997              	.L77:
 527:stm/stm32g4xx/STM32G4xx_HAL_Driver/Src/stm32g4xx_hal_smbus.c ****   }
 998              		.loc 1 527 12 view .LVU335
 999 004e 0220     		movs	r0, #2
 1000              	.LVL58:
 527:stm/stm32g4xx/STM32G4xx_HAL_Driver/Src/stm32g4xx_hal_smbus.c ****   }
 1001              		.loc 1 527 12 view .LVU336
 1002 0050 7047     		bx	lr
 1003              	.LVL59:
 1004              	.L78:
 503:stm/stm32g4xx/STM32G4xx_HAL_Driver/Src/stm32g4xx_hal_smbus.c **** 
ARM GAS  /tmp/ccPqrEja.s 			page 72


 1005              		.loc 1 503 5 discriminator 1 view .LVU337
 1006 0052 0220     		movs	r0, #2
 1007              	.LVL60:
 529:stm/stm32g4xx/STM32G4xx_HAL_Driver/Src/stm32g4xx_hal_smbus.c **** 
 1008              		.loc 1 529 1 view .LVU338
 1009 0054 7047     		bx	lr
 1010              		.cfi_endproc
 1011              	.LFE333:
 1013              		.section	.text.HAL_SMBUS_ConfigDigitalFilter,"ax",%progbits
 1014              		.align	1
 1015              		.global	HAL_SMBUS_ConfigDigitalFilter
 1016              		.syntax unified
 1017              		.thumb
 1018              		.thumb_func
 1020              	HAL_SMBUS_ConfigDigitalFilter:
 1021              	.LVL61:
 1022              	.LFB334:
 539:stm/stm32g4xx/STM32G4xx_HAL_Driver/Src/stm32g4xx_hal_smbus.c ****   uint32_t tmpreg;
 1023              		.loc 1 539 1 is_stmt 1 view -0
 1024              		.cfi_startproc
 1025              		@ args = 0, pretend = 0, frame = 0
 1026              		@ frame_needed = 0, uses_anonymous_args = 0
 1027              		@ link register save eliminated.
 540:stm/stm32g4xx/STM32G4xx_HAL_Driver/Src/stm32g4xx_hal_smbus.c **** 
 1028              		.loc 1 540 3 view .LVU340
 543:stm/stm32g4xx/STM32G4xx_HAL_Driver/Src/stm32g4xx_hal_smbus.c ****   assert_param(IS_SMBUS_DIGITAL_FILTER(DigitalFilter));
 1029              		.loc 1 543 3 view .LVU341
 544:stm/stm32g4xx/STM32G4xx_HAL_Driver/Src/stm32g4xx_hal_smbus.c **** 
 1030              		.loc 1 544 3 view .LVU342
 546:stm/stm32g4xx/STM32G4xx_HAL_Driver/Src/stm32g4xx_hal_smbus.c ****   {
 1031              		.loc 1 546 3 view .LVU343
 546:stm/stm32g4xx/STM32G4xx_HAL_Driver/Src/stm32g4xx_hal_smbus.c ****   {
 1032              		.loc 1 546 13 is_stmt 0 view .LVU344
 1033 0000 826C     		ldr	r2, [r0, #72]
 546:stm/stm32g4xx/STM32G4xx_HAL_Driver/Src/stm32g4xx_hal_smbus.c ****   {
 1034              		.loc 1 546 6 view .LVU345
 1035 0002 012A     		cmp	r2, #1
 1036 0004 21D1     		bne	.L85
 1037 0006 0346     		mov	r3, r0
 549:stm/stm32g4xx/STM32G4xx_HAL_Driver/Src/stm32g4xx_hal_smbus.c **** 
 1038              		.loc 1 549 5 is_stmt 1 view .LVU346
 549:stm/stm32g4xx/STM32G4xx_HAL_Driver/Src/stm32g4xx_hal_smbus.c **** 
 1039              		.loc 1 549 5 view .LVU347
 1040 0008 90F84420 		ldrb	r2, [r0, #68]	@ zero_extendqisi2
 1041 000c 012A     		cmp	r2, #1
 1042 000e 1ED0     		beq	.L86
 539:stm/stm32g4xx/STM32G4xx_HAL_Driver/Src/stm32g4xx_hal_smbus.c ****   uint32_t tmpreg;
 1043              		.loc 1 539 1 is_stmt 0 view .LVU348
 1044 0010 10B4     		push	{r4}
 1045              	.LCFI12:
 1046              		.cfi_def_cfa_offset 4
 1047              		.cfi_offset 4, -4
 549:stm/stm32g4xx/STM32G4xx_HAL_Driver/Src/stm32g4xx_hal_smbus.c **** 
 1048              		.loc 1 549 5 is_stmt 1 discriminator 2 view .LVU349
 1049 0012 0120     		movs	r0, #1
 1050              	.LVL62:
 549:stm/stm32g4xx/STM32G4xx_HAL_Driver/Src/stm32g4xx_hal_smbus.c **** 
ARM GAS  /tmp/ccPqrEja.s 			page 73


 1051              		.loc 1 549 5 is_stmt 0 discriminator 2 view .LVU350
 1052 0014 83F84400 		strb	r0, [r3, #68]
 549:stm/stm32g4xx/STM32G4xx_HAL_Driver/Src/stm32g4xx_hal_smbus.c **** 
 1053              		.loc 1 549 5 is_stmt 1 discriminator 2 view .LVU351
 551:stm/stm32g4xx/STM32G4xx_HAL_Driver/Src/stm32g4xx_hal_smbus.c **** 
 1054              		.loc 1 551 5 view .LVU352
 551:stm/stm32g4xx/STM32G4xx_HAL_Driver/Src/stm32g4xx_hal_smbus.c **** 
 1055              		.loc 1 551 19 is_stmt 0 view .LVU353
 1056 0018 0222     		movs	r2, #2
 1057 001a 9A64     		str	r2, [r3, #72]
 554:stm/stm32g4xx/STM32G4xx_HAL_Driver/Src/stm32g4xx_hal_smbus.c **** 
 1058              		.loc 1 554 5 is_stmt 1 view .LVU354
 1059 001c 1C68     		ldr	r4, [r3]
 1060 001e 2268     		ldr	r2, [r4]
 1061 0020 22F00102 		bic	r2, r2, #1
 1062 0024 2260     		str	r2, [r4]
 557:stm/stm32g4xx/STM32G4xx_HAL_Driver/Src/stm32g4xx_hal_smbus.c **** 
 1063              		.loc 1 557 5 view .LVU355
 557:stm/stm32g4xx/STM32G4xx_HAL_Driver/Src/stm32g4xx_hal_smbus.c **** 
 1064              		.loc 1 557 20 is_stmt 0 view .LVU356
 1065 0026 1C68     		ldr	r4, [r3]
 557:stm/stm32g4xx/STM32G4xx_HAL_Driver/Src/stm32g4xx_hal_smbus.c **** 
 1066              		.loc 1 557 12 view .LVU357
 1067 0028 2268     		ldr	r2, [r4]
 1068              	.LVL63:
 560:stm/stm32g4xx/STM32G4xx_HAL_Driver/Src/stm32g4xx_hal_smbus.c **** 
 1069              		.loc 1 560 5 is_stmt 1 view .LVU358
 560:stm/stm32g4xx/STM32G4xx_HAL_Driver/Src/stm32g4xx_hal_smbus.c **** 
 1070              		.loc 1 560 12 is_stmt 0 view .LVU359
 1071 002a 22F47062 		bic	r2, r2, #3840
 1072              	.LVL64:
 563:stm/stm32g4xx/STM32G4xx_HAL_Driver/Src/stm32g4xx_hal_smbus.c **** 
 1073              		.loc 1 563 5 is_stmt 1 view .LVU360
 563:stm/stm32g4xx/STM32G4xx_HAL_Driver/Src/stm32g4xx_hal_smbus.c **** 
 1074              		.loc 1 563 12 is_stmt 0 view .LVU361
 1075 002e 42EA0122 		orr	r2, r2, r1, lsl #8
 1076              	.LVL65:
 566:stm/stm32g4xx/STM32G4xx_HAL_Driver/Src/stm32g4xx_hal_smbus.c **** 
 1077              		.loc 1 566 5 is_stmt 1 view .LVU362
 566:stm/stm32g4xx/STM32G4xx_HAL_Driver/Src/stm32g4xx_hal_smbus.c **** 
 1078              		.loc 1 566 27 is_stmt 0 view .LVU363
 1079 0032 2260     		str	r2, [r4]
 568:stm/stm32g4xx/STM32G4xx_HAL_Driver/Src/stm32g4xx_hal_smbus.c **** 
 1080              		.loc 1 568 5 is_stmt 1 view .LVU364
 1081 0034 1968     		ldr	r1, [r3]
 1082              	.LVL66:
 568:stm/stm32g4xx/STM32G4xx_HAL_Driver/Src/stm32g4xx_hal_smbus.c **** 
 1083              		.loc 1 568 5 is_stmt 0 view .LVU365
 1084 0036 0A68     		ldr	r2, [r1]
 1085              	.LVL67:
 568:stm/stm32g4xx/STM32G4xx_HAL_Driver/Src/stm32g4xx_hal_smbus.c **** 
 1086              		.loc 1 568 5 view .LVU366
 1087 0038 0243     		orrs	r2, r2, r0
 1088 003a 0A60     		str	r2, [r1]
 1089              	.LVL68:
 570:stm/stm32g4xx/STM32G4xx_HAL_Driver/Src/stm32g4xx_hal_smbus.c **** 
 1090              		.loc 1 570 5 is_stmt 1 view .LVU367
ARM GAS  /tmp/ccPqrEja.s 			page 74


 570:stm/stm32g4xx/STM32G4xx_HAL_Driver/Src/stm32g4xx_hal_smbus.c **** 
 1091              		.loc 1 570 19 is_stmt 0 view .LVU368
 1092 003c 9864     		str	r0, [r3, #72]
 573:stm/stm32g4xx/STM32G4xx_HAL_Driver/Src/stm32g4xx_hal_smbus.c **** 
 1093              		.loc 1 573 5 is_stmt 1 view .LVU369
 573:stm/stm32g4xx/STM32G4xx_HAL_Driver/Src/stm32g4xx_hal_smbus.c **** 
 1094              		.loc 1 573 5 view .LVU370
 1095 003e 0020     		movs	r0, #0
 1096 0040 83F84400 		strb	r0, [r3, #68]
 573:stm/stm32g4xx/STM32G4xx_HAL_Driver/Src/stm32g4xx_hal_smbus.c **** 
 1097              		.loc 1 573 5 view .LVU371
 575:stm/stm32g4xx/STM32G4xx_HAL_Driver/Src/stm32g4xx_hal_smbus.c ****   }
 1098              		.loc 1 575 5 view .LVU372
 581:stm/stm32g4xx/STM32G4xx_HAL_Driver/Src/stm32g4xx_hal_smbus.c **** 
 1099              		.loc 1 581 1 is_stmt 0 view .LVU373
 1100 0044 5DF8044B 		ldr	r4, [sp], #4
 1101              	.LCFI13:
 1102              		.cfi_restore 4
 1103              		.cfi_def_cfa_offset 0
 1104 0048 7047     		bx	lr
 1105              	.LVL69:
 1106              	.L85:
 579:stm/stm32g4xx/STM32G4xx_HAL_Driver/Src/stm32g4xx_hal_smbus.c ****   }
 1107              		.loc 1 579 12 view .LVU374
 1108 004a 0220     		movs	r0, #2
 1109              	.LVL70:
 579:stm/stm32g4xx/STM32G4xx_HAL_Driver/Src/stm32g4xx_hal_smbus.c ****   }
 1110              		.loc 1 579 12 view .LVU375
 1111 004c 7047     		bx	lr
 1112              	.LVL71:
 1113              	.L86:
 549:stm/stm32g4xx/STM32G4xx_HAL_Driver/Src/stm32g4xx_hal_smbus.c **** 
 1114              		.loc 1 549 5 discriminator 1 view .LVU376
 1115 004e 0220     		movs	r0, #2
 1116              	.LVL72:
 581:stm/stm32g4xx/STM32G4xx_HAL_Driver/Src/stm32g4xx_hal_smbus.c **** 
 1117              		.loc 1 581 1 view .LVU377
 1118 0050 7047     		bx	lr
 1119              		.cfi_endproc
 1120              	.LFE334:
 1122              		.section	.text.HAL_SMBUS_Master_Transmit_IT,"ax",%progbits
 1123              		.align	1
 1124              		.global	HAL_SMBUS_Master_Transmit_IT
 1125              		.syntax unified
 1126              		.thumb
 1127              		.thumb_func
 1129              	HAL_SMBUS_Master_Transmit_IT:
 1130              	.LVL73:
 1131              	.LFB335:
 927:stm/stm32g4xx/STM32G4xx_HAL_Driver/Src/stm32g4xx_hal_smbus.c ****   uint32_t tmp;
 1132              		.loc 1 927 1 is_stmt 1 view -0
 1133              		.cfi_startproc
 1134              		@ args = 4, pretend = 0, frame = 0
 1135              		@ frame_needed = 0, uses_anonymous_args = 0
 927:stm/stm32g4xx/STM32G4xx_HAL_Driver/Src/stm32g4xx_hal_smbus.c ****   uint32_t tmp;
 1136              		.loc 1 927 1 is_stmt 0 view .LVU379
 1137 0000 70B5     		push	{r4, r5, r6, lr}
ARM GAS  /tmp/ccPqrEja.s 			page 75


 1138              	.LCFI14:
 1139              		.cfi_def_cfa_offset 16
 1140              		.cfi_offset 4, -16
 1141              		.cfi_offset 5, -12
 1142              		.cfi_offset 6, -8
 1143              		.cfi_offset 14, -4
 1144 0002 82B0     		sub	sp, sp, #8
 1145              	.LCFI15:
 1146              		.cfi_def_cfa_offset 24
 1147 0004 0446     		mov	r4, r0
 1148 0006 0D46     		mov	r5, r1
 1149 0008 0698     		ldr	r0, [sp, #24]
 1150              	.LVL74:
 928:stm/stm32g4xx/STM32G4xx_HAL_Driver/Src/stm32g4xx_hal_smbus.c ****   uint32_t sizetoxfer;
 1151              		.loc 1 928 3 is_stmt 1 view .LVU380
 929:stm/stm32g4xx/STM32G4xx_HAL_Driver/Src/stm32g4xx_hal_smbus.c **** 
 1152              		.loc 1 929 3 view .LVU381
 932:stm/stm32g4xx/STM32G4xx_HAL_Driver/Src/stm32g4xx_hal_smbus.c **** 
 1153              		.loc 1 932 3 view .LVU382
 934:stm/stm32g4xx/STM32G4xx_HAL_Driver/Src/stm32g4xx_hal_smbus.c ****   {
 1154              		.loc 1 934 3 view .LVU383
 934:stm/stm32g4xx/STM32G4xx_HAL_Driver/Src/stm32g4xx_hal_smbus.c ****   {
 1155              		.loc 1 934 13 is_stmt 0 view .LVU384
 1156 000a A16C     		ldr	r1, [r4, #72]
 1157              	.LVL75:
 934:stm/stm32g4xx/STM32G4xx_HAL_Driver/Src/stm32g4xx_hal_smbus.c ****   {
 1158              		.loc 1 934 6 view .LVU385
 1159 000c 0129     		cmp	r1, #1
 1160 000e 40F08780 		bne	.L102
 937:stm/stm32g4xx/STM32G4xx_HAL_Driver/Src/stm32g4xx_hal_smbus.c **** 
 1161              		.loc 1 937 5 is_stmt 1 view .LVU386
 937:stm/stm32g4xx/STM32G4xx_HAL_Driver/Src/stm32g4xx_hal_smbus.c **** 
 1162              		.loc 1 937 5 view .LVU387
 1163 0012 94F84410 		ldrb	r1, [r4, #68]	@ zero_extendqisi2
 1164 0016 0129     		cmp	r1, #1
 1165 0018 00F08480 		beq	.L103
 937:stm/stm32g4xx/STM32G4xx_HAL_Driver/Src/stm32g4xx_hal_smbus.c **** 
 1166              		.loc 1 937 5 discriminator 2 view .LVU388
 1167 001c 0121     		movs	r1, #1
 1168 001e 84F84410 		strb	r1, [r4, #68]
 937:stm/stm32g4xx/STM32G4xx_HAL_Driver/Src/stm32g4xx_hal_smbus.c **** 
 1169              		.loc 1 937 5 discriminator 2 view .LVU389
 939:stm/stm32g4xx/STM32G4xx_HAL_Driver/Src/stm32g4xx_hal_smbus.c ****     hsmbus->ErrorCode = HAL_SMBUS_ERROR_NONE;
 1170              		.loc 1 939 5 view .LVU390
 939:stm/stm32g4xx/STM32G4xx_HAL_Driver/Src/stm32g4xx_hal_smbus.c ****     hsmbus->ErrorCode = HAL_SMBUS_ERROR_NONE;
 1171              		.loc 1 939 19 is_stmt 0 view .LVU391
 1172 0022 1221     		movs	r1, #18
 1173 0024 A164     		str	r1, [r4, #72]
 940:stm/stm32g4xx/STM32G4xx_HAL_Driver/Src/stm32g4xx_hal_smbus.c ****     /* Prepare transfer parameters */
 1174              		.loc 1 940 5 is_stmt 1 view .LVU392
 940:stm/stm32g4xx/STM32G4xx_HAL_Driver/Src/stm32g4xx_hal_smbus.c ****     /* Prepare transfer parameters */
 1175              		.loc 1 940 23 is_stmt 0 view .LVU393
 1176 0026 0021     		movs	r1, #0
 1177 0028 E164     		str	r1, [r4, #76]
 942:stm/stm32g4xx/STM32G4xx_HAL_Driver/Src/stm32g4xx_hal_smbus.c ****     hsmbus->XferCount = Size;
 1178              		.loc 1 942 5 is_stmt 1 view .LVU394
 942:stm/stm32g4xx/STM32G4xx_HAL_Driver/Src/stm32g4xx_hal_smbus.c ****     hsmbus->XferCount = Size;
ARM GAS  /tmp/ccPqrEja.s 			page 76


 1179              		.loc 1 942 22 is_stmt 0 view .LVU395
 1180 002a 6263     		str	r2, [r4, #52]
 943:stm/stm32g4xx/STM32G4xx_HAL_Driver/Src/stm32g4xx_hal_smbus.c ****     hsmbus->XferOptions = XferOptions;
 1181              		.loc 1 943 5 is_stmt 1 view .LVU396
 943:stm/stm32g4xx/STM32G4xx_HAL_Driver/Src/stm32g4xx_hal_smbus.c ****     hsmbus->XferOptions = XferOptions;
 1182              		.loc 1 943 23 is_stmt 0 view .LVU397
 1183 002c 6387     		strh	r3, [r4, #58]	@ movhi
 944:stm/stm32g4xx/STM32G4xx_HAL_Driver/Src/stm32g4xx_hal_smbus.c **** 
 1184              		.loc 1 944 5 is_stmt 1 view .LVU398
 944:stm/stm32g4xx/STM32G4xx_HAL_Driver/Src/stm32g4xx_hal_smbus.c **** 
 1185              		.loc 1 944 25 is_stmt 0 view .LVU399
 1186 002e E063     		str	r0, [r4, #60]
 948:stm/stm32g4xx/STM32G4xx_HAL_Driver/Src/stm32g4xx_hal_smbus.c ****     {
 1187              		.loc 1 948 5 is_stmt 1 view .LVU400
 948:stm/stm32g4xx/STM32G4xx_HAL_Driver/Src/stm32g4xx_hal_smbus.c ****     {
 1188              		.loc 1 948 8 is_stmt 0 view .LVU401
 1189 0030 002A     		cmp	r2, #0
 1190 0032 58D0     		beq	.L107
 1191              	.L93:
 953:stm/stm32g4xx/STM32G4xx_HAL_Driver/Src/stm32g4xx_hal_smbus.c ****     {
 1192              		.loc 1 953 5 is_stmt 1 view .LVU402
 953:stm/stm32g4xx/STM32G4xx_HAL_Driver/Src/stm32g4xx_hal_smbus.c ****     {
 1193              		.loc 1 953 8 is_stmt 0 view .LVU403
 1194 0034 FF2B     		cmp	r3, #255
 1195 0036 5BD9     		bls	.L94
 955:stm/stm32g4xx/STM32G4xx_HAL_Driver/Src/stm32g4xx_hal_smbus.c ****     }
 1196              		.loc 1 955 7 is_stmt 1 view .LVU404
 955:stm/stm32g4xx/STM32G4xx_HAL_Driver/Src/stm32g4xx_hal_smbus.c ****     }
 1197              		.loc 1 955 24 is_stmt 0 view .LVU405
 1198 0038 FF23     		movs	r3, #255
 1199              	.LVL76:
 955:stm/stm32g4xx/STM32G4xx_HAL_Driver/Src/stm32g4xx_hal_smbus.c ****     }
 1200              		.loc 1 955 24 view .LVU406
 1201 003a 2387     		strh	r3, [r4, #56]	@ movhi
 1202              	.L95:
 962:stm/stm32g4xx/STM32G4xx_HAL_Driver/Src/stm32g4xx_hal_smbus.c ****     if ((sizetoxfer > 0U) && ((XferOptions == SMBUS_FIRST_FRAME) ||
 1203              		.loc 1 962 5 is_stmt 1 view .LVU407
 962:stm/stm32g4xx/STM32G4xx_HAL_Driver/Src/stm32g4xx_hal_smbus.c ****     if ((sizetoxfer > 0U) && ((XferOptions == SMBUS_FIRST_FRAME) ||
 1204              		.loc 1 962 24 is_stmt 0 view .LVU408
 1205 003c 268F     		ldrh	r6, [r4, #56]
 1206              	.LVL77:
 963:stm/stm32g4xx/STM32G4xx_HAL_Driver/Src/stm32g4xx_hal_smbus.c ****                               (XferOptions == SMBUS_FIRST_AND_LAST_FRAME_NO_PEC) ||
 1207              		.loc 1 963 5 is_stmt 1 view .LVU409
 963:stm/stm32g4xx/STM32G4xx_HAL_Driver/Src/stm32g4xx_hal_smbus.c ****                               (XferOptions == SMBUS_FIRST_AND_LAST_FRAME_NO_PEC) ||
 1208              		.loc 1 963 8 is_stmt 0 view .LVU410
 1209 003e CEB1     		cbz	r6, .L96
 963:stm/stm32g4xx/STM32G4xx_HAL_Driver/Src/stm32g4xx_hal_smbus.c ****                               (XferOptions == SMBUS_FIRST_AND_LAST_FRAME_NO_PEC) ||
 1210              		.loc 1 963 27 discriminator 1 view .LVU411
 1211 0040 40B1     		cbz	r0, .L97
 963:stm/stm32g4xx/STM32G4xx_HAL_Driver/Src/stm32g4xx_hal_smbus.c ****                               (XferOptions == SMBUS_FIRST_AND_LAST_FRAME_NO_PEC) ||
 1212              		.loc 1 963 66 discriminator 2 view .LVU412
 1213 0042 B0F1007F 		cmp	r0, #33554432
 1214 0046 05D0     		beq	.L97
 964:stm/stm32g4xx/STM32G4xx_HAL_Driver/Src/stm32g4xx_hal_smbus.c ****                               (XferOptions == SMBUS_FIRST_FRAME_WITH_PEC) ||
 1215              		.loc 1 964 82 view .LVU413
 1216 0048 B0F1806F 		cmp	r0, #67108864
 1217 004c 02D0     		beq	.L97
ARM GAS  /tmp/ccPqrEja.s 			page 77


 965:stm/stm32g4xx/STM32G4xx_HAL_Driver/Src/stm32g4xx_hal_smbus.c ****                               (XferOptions == SMBUS_FIRST_AND_LAST_FRAME_WITH_PEC)))
 1218              		.loc 1 965 75 view .LVU414
 1219 004e B0F1C06F 		cmp	r0, #100663296
 1220 0052 0FD1     		bne	.L96
 1221              	.L97:
 968:stm/stm32g4xx/STM32G4xx_HAL_Driver/Src/stm32g4xx_hal_smbus.c ****       {
 1222              		.loc 1 968 7 is_stmt 1 view .LVU415
 968:stm/stm32g4xx/STM32G4xx_HAL_Driver/Src/stm32g4xx_hal_smbus.c ****       {
 1223              		.loc 1 968 10 is_stmt 0 view .LVU416
 1224 0054 002A     		cmp	r2, #0
 1225 0056 67D0     		beq	.L104
 972:stm/stm32g4xx/STM32G4xx_HAL_Driver/Src/stm32g4xx_hal_smbus.c **** 
 1226              		.loc 1 972 9 is_stmt 1 view .LVU417
 972:stm/stm32g4xx/STM32G4xx_HAL_Driver/Src/stm32g4xx_hal_smbus.c **** 
 1227              		.loc 1 972 15 is_stmt 0 view .LVU418
 1228 0058 2368     		ldr	r3, [r4]
 972:stm/stm32g4xx/STM32G4xx_HAL_Driver/Src/stm32g4xx_hal_smbus.c **** 
 1229              		.loc 1 972 34 view .LVU419
 1230 005a 1278     		ldrb	r2, [r2]	@ zero_extendqisi2
 1231              	.LVL78:
 972:stm/stm32g4xx/STM32G4xx_HAL_Driver/Src/stm32g4xx_hal_smbus.c **** 
 1232              		.loc 1 972 32 view .LVU420
 1233 005c 9A62     		str	r2, [r3, #40]
 1234              	.LVL79:
 975:stm/stm32g4xx/STM32G4xx_HAL_Driver/Src/stm32g4xx_hal_smbus.c **** 
 1235              		.loc 1 975 9 is_stmt 1 view .LVU421
 975:stm/stm32g4xx/STM32G4xx_HAL_Driver/Src/stm32g4xx_hal_smbus.c **** 
 1236              		.loc 1 975 15 is_stmt 0 view .LVU422
 1237 005e 636B     		ldr	r3, [r4, #52]
 975:stm/stm32g4xx/STM32G4xx_HAL_Driver/Src/stm32g4xx_hal_smbus.c **** 
 1238              		.loc 1 975 25 view .LVU423
 1239 0060 0133     		adds	r3, r3, #1
 1240 0062 6363     		str	r3, [r4, #52]
 977:stm/stm32g4xx/STM32G4xx_HAL_Driver/Src/stm32g4xx_hal_smbus.c ****         hsmbus->XferSize--;
 1241              		.loc 1 977 9 is_stmt 1 view .LVU424
 977:stm/stm32g4xx/STM32G4xx_HAL_Driver/Src/stm32g4xx_hal_smbus.c ****         hsmbus->XferSize--;
 1242              		.loc 1 977 15 is_stmt 0 view .LVU425
 1243 0064 638F     		ldrh	r3, [r4, #58]
 1244 0066 9BB2     		uxth	r3, r3
 977:stm/stm32g4xx/STM32G4xx_HAL_Driver/Src/stm32g4xx_hal_smbus.c ****         hsmbus->XferSize--;
 1245              		.loc 1 977 26 view .LVU426
 1246 0068 013B     		subs	r3, r3, #1
 1247 006a 9BB2     		uxth	r3, r3
 1248 006c 6387     		strh	r3, [r4, #58]	@ movhi
 978:stm/stm32g4xx/STM32G4xx_HAL_Driver/Src/stm32g4xx_hal_smbus.c ****       }
 1249              		.loc 1 978 9 is_stmt 1 view .LVU427
 978:stm/stm32g4xx/STM32G4xx_HAL_Driver/Src/stm32g4xx_hal_smbus.c ****       }
 1250              		.loc 1 978 15 is_stmt 0 view .LVU428
 1251 006e 238F     		ldrh	r3, [r4, #56]
 978:stm/stm32g4xx/STM32G4xx_HAL_Driver/Src/stm32g4xx_hal_smbus.c ****       }
 1252              		.loc 1 978 25 view .LVU429
 1253 0070 013B     		subs	r3, r3, #1
 1254 0072 2387     		strh	r3, [r4, #56]	@ movhi
 1255              	.L96:
 988:stm/stm32g4xx/STM32G4xx_HAL_Driver/Src/stm32g4xx_hal_smbus.c ****     {
 1256              		.loc 1 988 5 is_stmt 1 view .LVU430
 988:stm/stm32g4xx/STM32G4xx_HAL_Driver/Src/stm32g4xx_hal_smbus.c ****     {
ARM GAS  /tmp/ccPqrEja.s 			page 78


 1257              		.loc 1 988 29 is_stmt 0 view .LVU431
 1258 0074 638F     		ldrh	r3, [r4, #58]
 1259 0076 9BB2     		uxth	r3, r3
 988:stm/stm32g4xx/STM32G4xx_HAL_Driver/Src/stm32g4xx_hal_smbus.c ****     {
 1260              		.loc 1 988 8 view .LVU432
 1261 0078 9E42     		cmp	r6, r3
 1262 007a 01D2     		bcs	.L98
 988:stm/stm32g4xx/STM32G4xx_HAL_Driver/Src/stm32g4xx_hal_smbus.c ****     {
 1263              		.loc 1 988 42 discriminator 1 view .LVU433
 1264 007c FF2E     		cmp	r6, #255
 1265 007e 39D0     		beq	.L108
 1266              	.L98:
1000:stm/stm32g4xx/STM32G4xx_HAL_Driver/Src/stm32g4xx_hal_smbus.c **** 
 1267              		.loc 1 1000 7 is_stmt 1 view .LVU434
1000:stm/stm32g4xx/STM32G4xx_HAL_Driver/Src/stm32g4xx_hal_smbus.c **** 
 1268              		.loc 1 1000 11 is_stmt 0 view .LVU435
 1269 0080 E36B     		ldr	r3, [r4, #60]
 1270              	.LVL80:
1002:stm/stm32g4xx/STM32G4xx_HAL_Driver/Src/stm32g4xx_hal_smbus.c ****           (IS_SMBUS_TRANSFER_OTHER_OPTIONS_REQUEST(tmp) == 0))
 1271              		.loc 1 1002 7 is_stmt 1 view .LVU436
1002:stm/stm32g4xx/STM32G4xx_HAL_Driver/Src/stm32g4xx_hal_smbus.c ****           (IS_SMBUS_TRANSFER_OTHER_OPTIONS_REQUEST(tmp) == 0))
 1272              		.loc 1 1002 18 is_stmt 0 view .LVU437
 1273 0082 226C     		ldr	r2, [r4, #64]
1002:stm/stm32g4xx/STM32G4xx_HAL_Driver/Src/stm32g4xx_hal_smbus.c ****           (IS_SMBUS_TRANSFER_OTHER_OPTIONS_REQUEST(tmp) == 0))
 1274              		.loc 1 1002 10 view .LVU438
 1275 0084 122A     		cmp	r2, #18
 1276 0086 0AD1     		bne	.L100
1003:stm/stm32g4xx/STM32G4xx_HAL_Driver/Src/stm32g4xx_hal_smbus.c ****       {
 1277              		.loc 1 1003 12 view .LVU439
 1278 0088 AA2B     		cmp	r3, #170
 1279 008a 08D0     		beq	.L100
1003:stm/stm32g4xx/STM32G4xx_HAL_Driver/Src/stm32g4xx_hal_smbus.c ****       {
 1280              		.loc 1 1003 12 discriminator 2 view .LVU440
 1281 008c B3F52A0F 		cmp	r3, #11141120
 1282 0090 05D0     		beq	.L100
1003:stm/stm32g4xx/STM32G4xx_HAL_Driver/Src/stm32g4xx_hal_smbus.c ****       {
 1283              		.loc 1 1003 12 discriminator 4 view .LVU441
 1284 0092 B3F52A4F 		cmp	r3, #43520
 1285 0096 02D0     		beq	.L100
1003:stm/stm32g4xx/STM32G4xx_HAL_Driver/Src/stm32g4xx_hal_smbus.c ****       {
 1286              		.loc 1 1003 12 discriminator 6 view .LVU442
 1287 0098 B3F12A4F 		cmp	r3, #-1442840576
 1288 009c 37D1     		bne	.L109
 1289              	.L100:
1012:stm/stm32g4xx/STM32G4xx_HAL_Driver/Src/stm32g4xx_hal_smbus.c **** 
 1290              		.loc 1 1012 9 is_stmt 1 view .LVU443
 1291 009e 2046     		mov	r0, r4
 1292 00a0 FFF7FEFF 		bl	SMBUS_ConvertOtherXferOptions
 1293              	.LVL81:
1015:stm/stm32g4xx/STM32G4xx_HAL_Driver/Src/stm32g4xx_hal_smbus.c ****                              hsmbus->XferOptions,
 1294              		.loc 1 1015 9 view .LVU444
1016:stm/stm32g4xx/STM32G4xx_HAL_Driver/Src/stm32g4xx_hal_smbus.c ****                              SMBUS_GENERATE_START_WRITE);
 1295              		.loc 1 1016 36 is_stmt 0 view .LVU445
 1296 00a4 E36B     		ldr	r3, [r4, #60]
1015:stm/stm32g4xx/STM32G4xx_HAL_Driver/Src/stm32g4xx_hal_smbus.c ****                              hsmbus->XferOptions,
 1297              		.loc 1 1015 9 view .LVU446
 1298 00a6 224A     		ldr	r2, .L110
ARM GAS  /tmp/ccPqrEja.s 			page 79


 1299 00a8 0092     		str	r2, [sp]
 1300 00aa F2B2     		uxtb	r2, r6
 1301 00ac 2946     		mov	r1, r5
 1302 00ae 2046     		mov	r0, r4
 1303 00b0 FFF7FEFF 		bl	SMBUS_TransferConfig
 1304              	.LVL82:
 1305              	.L101:
1022:stm/stm32g4xx/STM32G4xx_HAL_Driver/Src/stm32g4xx_hal_smbus.c ****       {
 1306              		.loc 1 1022 7 is_stmt 1 view .LVU447
1022:stm/stm32g4xx/STM32G4xx_HAL_Driver/Src/stm32g4xx_hal_smbus.c ****       {
 1307              		.loc 1 1022 11 is_stmt 0 view .LVU448
 1308 00b4 2368     		ldr	r3, [r4]
 1309 00b6 5B68     		ldr	r3, [r3, #4]
1022:stm/stm32g4xx/STM32G4xx_HAL_Driver/Src/stm32g4xx_hal_smbus.c ****       {
 1310              		.loc 1 1022 10 view .LVU449
 1311 00b8 13F0806F 		tst	r3, #67108864
 1312 00bc 09D0     		beq	.L99
1024:stm/stm32g4xx/STM32G4xx_HAL_Driver/Src/stm32g4xx_hal_smbus.c ****         {
 1313              		.loc 1 1024 9 is_stmt 1 view .LVU450
1024:stm/stm32g4xx/STM32G4xx_HAL_Driver/Src/stm32g4xx_hal_smbus.c ****         {
 1314              		.loc 1 1024 19 is_stmt 0 view .LVU451
 1315 00be 238F     		ldrh	r3, [r4, #56]
1024:stm/stm32g4xx/STM32G4xx_HAL_Driver/Src/stm32g4xx_hal_smbus.c ****         {
 1316              		.loc 1 1024 12 view .LVU452
 1317 00c0 002B     		cmp	r3, #0
 1318 00c2 33D0     		beq	.L105
1026:stm/stm32g4xx/STM32G4xx_HAL_Driver/Src/stm32g4xx_hal_smbus.c ****           hsmbus->XferCount--;
 1319              		.loc 1 1026 11 is_stmt 1 view .LVU453
1026:stm/stm32g4xx/STM32G4xx_HAL_Driver/Src/stm32g4xx_hal_smbus.c ****           hsmbus->XferCount--;
 1320              		.loc 1 1026 27 is_stmt 0 view .LVU454
 1321 00c4 013B     		subs	r3, r3, #1
 1322 00c6 2387     		strh	r3, [r4, #56]	@ movhi
1027:stm/stm32g4xx/STM32G4xx_HAL_Driver/Src/stm32g4xx_hal_smbus.c ****         }
 1323              		.loc 1 1027 11 is_stmt 1 view .LVU455
1027:stm/stm32g4xx/STM32G4xx_HAL_Driver/Src/stm32g4xx_hal_smbus.c ****         }
 1324              		.loc 1 1027 17 is_stmt 0 view .LVU456
 1325 00c8 638F     		ldrh	r3, [r4, #58]
 1326 00ca 9BB2     		uxth	r3, r3
1027:stm/stm32g4xx/STM32G4xx_HAL_Driver/Src/stm32g4xx_hal_smbus.c ****         }
 1327              		.loc 1 1027 28 view .LVU457
 1328 00cc 013B     		subs	r3, r3, #1
 1329 00ce 9BB2     		uxth	r3, r3
 1330 00d0 6387     		strh	r3, [r4, #58]	@ movhi
 1331              	.LVL83:
 1332              	.L99:
1037:stm/stm32g4xx/STM32G4xx_HAL_Driver/Src/stm32g4xx_hal_smbus.c **** 
 1333              		.loc 1 1037 5 is_stmt 1 view .LVU458
1037:stm/stm32g4xx/STM32G4xx_HAL_Driver/Src/stm32g4xx_hal_smbus.c **** 
 1334              		.loc 1 1037 5 view .LVU459
 1335 00d2 0025     		movs	r5, #0
 1336              	.LVL84:
1037:stm/stm32g4xx/STM32G4xx_HAL_Driver/Src/stm32g4xx_hal_smbus.c **** 
 1337              		.loc 1 1037 5 is_stmt 0 view .LVU460
 1338 00d4 84F84450 		strb	r5, [r4, #68]
1037:stm/stm32g4xx/STM32G4xx_HAL_Driver/Src/stm32g4xx_hal_smbus.c **** 
 1339              		.loc 1 1037 5 is_stmt 1 view .LVU461
1042:stm/stm32g4xx/STM32G4xx_HAL_Driver/Src/stm32g4xx_hal_smbus.c **** 
ARM GAS  /tmp/ccPqrEja.s 			page 80


 1340              		.loc 1 1042 5 view .LVU462
 1341 00d8 F221     		movs	r1, #242
 1342 00da 2046     		mov	r0, r4
 1343 00dc FFF7FEFF 		bl	SMBUS_Enable_IRQ
 1344              	.LVL85:
1044:stm/stm32g4xx/STM32G4xx_HAL_Driver/Src/stm32g4xx_hal_smbus.c ****   }
 1345              		.loc 1 1044 5 view .LVU463
1044:stm/stm32g4xx/STM32G4xx_HAL_Driver/Src/stm32g4xx_hal_smbus.c ****   }
 1346              		.loc 1 1044 12 is_stmt 0 view .LVU464
 1347 00e0 2846     		mov	r0, r5
 1348              	.LVL86:
 1349              	.L92:
1050:stm/stm32g4xx/STM32G4xx_HAL_Driver/Src/stm32g4xx_hal_smbus.c **** 
 1350              		.loc 1 1050 1 view .LVU465
 1351 00e2 02B0     		add	sp, sp, #8
 1352              	.LCFI16:
 1353              		.cfi_remember_state
 1354              		.cfi_def_cfa_offset 16
 1355              		@ sp needed
 1356 00e4 70BD     		pop	{r4, r5, r6, pc}
 1357              	.LVL87:
 1358              	.L107:
 1359              	.LCFI17:
 1360              		.cfi_restore_state
 950:stm/stm32g4xx/STM32G4xx_HAL_Driver/Src/stm32g4xx_hal_smbus.c ****     }
 1361              		.loc 1 950 7 is_stmt 1 view .LVU466
 950:stm/stm32g4xx/STM32G4xx_HAL_Driver/Src/stm32g4xx_hal_smbus.c ****     }
 1362              		.loc 1 950 13 is_stmt 0 view .LVU467
 1363 00e6 E16B     		ldr	r1, [r4, #60]
 950:stm/stm32g4xx/STM32G4xx_HAL_Driver/Src/stm32g4xx_hal_smbus.c ****     }
 1364              		.loc 1 950 27 view .LVU468
 1365 00e8 21F00071 		bic	r1, r1, #33554432
 1366 00ec E163     		str	r1, [r4, #60]
 1367 00ee A1E7     		b	.L93
 1368              	.L94:
 959:stm/stm32g4xx/STM32G4xx_HAL_Driver/Src/stm32g4xx_hal_smbus.c ****     }
 1369              		.loc 1 959 7 is_stmt 1 view .LVU469
 959:stm/stm32g4xx/STM32G4xx_HAL_Driver/Src/stm32g4xx_hal_smbus.c ****     }
 1370              		.loc 1 959 24 is_stmt 0 view .LVU470
 1371 00f0 2387     		strh	r3, [r4, #56]	@ movhi
 1372 00f2 A3E7     		b	.L95
 1373              	.LVL88:
 1374              	.L108:
 990:stm/stm32g4xx/STM32G4xx_HAL_Driver/Src/stm32g4xx_hal_smbus.c ****                            SMBUS_RELOAD_MODE | (hsmbus->XferOptions & SMBUS_SENDPEC_MODE),
 1375              		.loc 1 990 7 is_stmt 1 view .LVU471
 991:stm/stm32g4xx/STM32G4xx_HAL_Driver/Src/stm32g4xx_hal_smbus.c ****                            SMBUS_GENERATE_START_WRITE);
 1376              		.loc 1 991 55 is_stmt 0 view .LVU472
 1377 00f4 E36B     		ldr	r3, [r4, #60]
 991:stm/stm32g4xx/STM32G4xx_HAL_Driver/Src/stm32g4xx_hal_smbus.c ****                            SMBUS_GENERATE_START_WRITE);
 1378              		.loc 1 991 69 view .LVU473
 1379 00f6 03F08063 		and	r3, r3, #67108864
 990:stm/stm32g4xx/STM32G4xx_HAL_Driver/Src/stm32g4xx_hal_smbus.c ****                            SMBUS_RELOAD_MODE | (hsmbus->XferOptions & SMBUS_SENDPEC_MODE),
 1380              		.loc 1 990 7 view .LVU474
 1381 00fa 0D4A     		ldr	r2, .L110
 1382 00fc 0092     		str	r2, [sp]
 1383 00fe 43F08073 		orr	r3, r3, #16777216
 1384 0102 F2B2     		uxtb	r2, r6
ARM GAS  /tmp/ccPqrEja.s 			page 81


 1385 0104 2946     		mov	r1, r5
 1386 0106 2046     		mov	r0, r4
 1387 0108 FFF7FEFF 		bl	SMBUS_TransferConfig
 1388              	.LVL89:
 1389 010c E1E7     		b	.L99
 1390              	.LVL90:
 1391              	.L109:
1005:stm/stm32g4xx/STM32G4xx_HAL_Driver/Src/stm32g4xx_hal_smbus.c ****                              SMBUS_NO_STARTSTOP);
 1392              		.loc 1 1005 9 is_stmt 1 view .LVU475
1005:stm/stm32g4xx/STM32G4xx_HAL_Driver/Src/stm32g4xx_hal_smbus.c ****                              SMBUS_NO_STARTSTOP);
 1393              		.loc 1 1005 77 is_stmt 0 view .LVU476
 1394 010e E36B     		ldr	r3, [r4, #60]
 1395              	.LVL91:
1005:stm/stm32g4xx/STM32G4xx_HAL_Driver/Src/stm32g4xx_hal_smbus.c ****                              SMBUS_NO_STARTSTOP);
 1396              		.loc 1 1005 9 view .LVU477
 1397 0110 0022     		movs	r2, #0
 1398 0112 0092     		str	r2, [sp]
 1399 0114 F2B2     		uxtb	r2, r6
 1400 0116 2946     		mov	r1, r5
 1401 0118 2046     		mov	r0, r4
 1402 011a FFF7FEFF 		bl	SMBUS_TransferConfig
 1403              	.LVL92:
 1404 011e C9E7     		b	.L101
 1405              	.LVL93:
 1406              	.L102:
1048:stm/stm32g4xx/STM32G4xx_HAL_Driver/Src/stm32g4xx_hal_smbus.c ****   }
 1407              		.loc 1 1048 12 view .LVU478
 1408 0120 0220     		movs	r0, #2
 1409 0122 DEE7     		b	.L92
 1410              	.L103:
 937:stm/stm32g4xx/STM32G4xx_HAL_Driver/Src/stm32g4xx_hal_smbus.c **** 
 1411              		.loc 1 937 5 discriminator 1 view .LVU479
 1412 0124 0220     		movs	r0, #2
 1413 0126 DCE7     		b	.L92
 1414              	.LVL94:
 1415              	.L104:
 982:stm/stm32g4xx/STM32G4xx_HAL_Driver/Src/stm32g4xx_hal_smbus.c ****       }
 1416              		.loc 1 982 16 view .LVU480
 1417 0128 0120     		movs	r0, #1
 1418 012a DAE7     		b	.L92
 1419              	.LVL95:
 1420              	.L105:
1031:stm/stm32g4xx/STM32G4xx_HAL_Driver/Src/stm32g4xx_hal_smbus.c ****         }
 1421              		.loc 1 1031 18 view .LVU481
 1422 012c 0120     		movs	r0, #1
 1423 012e D8E7     		b	.L92
 1424              	.L111:
 1425              		.align	2
 1426              	.L110:
 1427 0130 00200080 		.word	-2147475456
 1428              		.cfi_endproc
 1429              	.LFE335:
 1431              		.section	.text.HAL_SMBUS_Master_Receive_IT,"ax",%progbits
 1432              		.align	1
 1433              		.global	HAL_SMBUS_Master_Receive_IT
 1434              		.syntax unified
 1435              		.thumb
ARM GAS  /tmp/ccPqrEja.s 			page 82


 1436              		.thumb_func
 1438              	HAL_SMBUS_Master_Receive_IT:
 1439              	.LVL96:
 1440              	.LFB336:
1065:stm/stm32g4xx/STM32G4xx_HAL_Driver/Src/stm32g4xx_hal_smbus.c ****   uint32_t tmp;
 1441              		.loc 1 1065 1 is_stmt 1 view -0
 1442              		.cfi_startproc
 1443              		@ args = 4, pretend = 0, frame = 0
 1444              		@ frame_needed = 0, uses_anonymous_args = 0
1065:stm/stm32g4xx/STM32G4xx_HAL_Driver/Src/stm32g4xx_hal_smbus.c ****   uint32_t tmp;
 1445              		.loc 1 1065 1 is_stmt 0 view .LVU483
 1446 0000 30B5     		push	{r4, r5, lr}
 1447              	.LCFI18:
 1448              		.cfi_def_cfa_offset 12
 1449              		.cfi_offset 4, -12
 1450              		.cfi_offset 5, -8
 1451              		.cfi_offset 14, -4
 1452 0002 83B0     		sub	sp, sp, #12
 1453              	.LCFI19:
 1454              		.cfi_def_cfa_offset 24
 1455 0004 0D46     		mov	r5, r1
1066:stm/stm32g4xx/STM32G4xx_HAL_Driver/Src/stm32g4xx_hal_smbus.c **** 
 1456              		.loc 1 1066 3 is_stmt 1 view .LVU484
1069:stm/stm32g4xx/STM32G4xx_HAL_Driver/Src/stm32g4xx_hal_smbus.c **** 
 1457              		.loc 1 1069 3 view .LVU485
1071:stm/stm32g4xx/STM32G4xx_HAL_Driver/Src/stm32g4xx_hal_smbus.c ****   {
 1458              		.loc 1 1071 3 view .LVU486
1071:stm/stm32g4xx/STM32G4xx_HAL_Driver/Src/stm32g4xx_hal_smbus.c ****   {
 1459              		.loc 1 1071 13 is_stmt 0 view .LVU487
 1460 0006 816C     		ldr	r1, [r0, #72]
 1461              	.LVL97:
1071:stm/stm32g4xx/STM32G4xx_HAL_Driver/Src/stm32g4xx_hal_smbus.c ****   {
 1462              		.loc 1 1071 6 view .LVU488
 1463 0008 0129     		cmp	r1, #1
 1464 000a 5DD1     		bne	.L120
 1465 000c 0446     		mov	r4, r0
1074:stm/stm32g4xx/STM32G4xx_HAL_Driver/Src/stm32g4xx_hal_smbus.c **** 
 1466              		.loc 1 1074 5 is_stmt 1 view .LVU489
1074:stm/stm32g4xx/STM32G4xx_HAL_Driver/Src/stm32g4xx_hal_smbus.c **** 
 1467              		.loc 1 1074 5 view .LVU490
 1468 000e 90F84410 		ldrb	r1, [r0, #68]	@ zero_extendqisi2
 1469 0012 0129     		cmp	r1, #1
 1470 0014 5AD0     		beq	.L121
1074:stm/stm32g4xx/STM32G4xx_HAL_Driver/Src/stm32g4xx_hal_smbus.c **** 
 1471              		.loc 1 1074 5 discriminator 2 view .LVU491
 1472 0016 0121     		movs	r1, #1
 1473 0018 80F84410 		strb	r1, [r0, #68]
1074:stm/stm32g4xx/STM32G4xx_HAL_Driver/Src/stm32g4xx_hal_smbus.c **** 
 1474              		.loc 1 1074 5 discriminator 2 view .LVU492
1076:stm/stm32g4xx/STM32G4xx_HAL_Driver/Src/stm32g4xx_hal_smbus.c ****     hsmbus->ErrorCode = HAL_SMBUS_ERROR_NONE;
 1475              		.loc 1 1076 5 view .LVU493
1076:stm/stm32g4xx/STM32G4xx_HAL_Driver/Src/stm32g4xx_hal_smbus.c ****     hsmbus->ErrorCode = HAL_SMBUS_ERROR_NONE;
 1476              		.loc 1 1076 19 is_stmt 0 view .LVU494
 1477 001c 2221     		movs	r1, #34
 1478 001e 8164     		str	r1, [r0, #72]
1077:stm/stm32g4xx/STM32G4xx_HAL_Driver/Src/stm32g4xx_hal_smbus.c **** 
 1479              		.loc 1 1077 5 is_stmt 1 view .LVU495
ARM GAS  /tmp/ccPqrEja.s 			page 83


1077:stm/stm32g4xx/STM32G4xx_HAL_Driver/Src/stm32g4xx_hal_smbus.c **** 
 1480              		.loc 1 1077 23 is_stmt 0 view .LVU496
 1481 0020 0021     		movs	r1, #0
 1482 0022 C164     		str	r1, [r0, #76]
1080:stm/stm32g4xx/STM32G4xx_HAL_Driver/Src/stm32g4xx_hal_smbus.c ****     hsmbus->XferCount = Size;
 1483              		.loc 1 1080 5 is_stmt 1 view .LVU497
1080:stm/stm32g4xx/STM32G4xx_HAL_Driver/Src/stm32g4xx_hal_smbus.c ****     hsmbus->XferCount = Size;
 1484              		.loc 1 1080 22 is_stmt 0 view .LVU498
 1485 0024 4263     		str	r2, [r0, #52]
1081:stm/stm32g4xx/STM32G4xx_HAL_Driver/Src/stm32g4xx_hal_smbus.c ****     hsmbus->XferOptions = XferOptions;
 1486              		.loc 1 1081 5 is_stmt 1 view .LVU499
1081:stm/stm32g4xx/STM32G4xx_HAL_Driver/Src/stm32g4xx_hal_smbus.c ****     hsmbus->XferOptions = XferOptions;
 1487              		.loc 1 1081 23 is_stmt 0 view .LVU500
 1488 0026 4387     		strh	r3, [r0, #58]	@ movhi
1082:stm/stm32g4xx/STM32G4xx_HAL_Driver/Src/stm32g4xx_hal_smbus.c **** 
 1489              		.loc 1 1082 5 is_stmt 1 view .LVU501
1082:stm/stm32g4xx/STM32G4xx_HAL_Driver/Src/stm32g4xx_hal_smbus.c **** 
 1490              		.loc 1 1082 25 is_stmt 0 view .LVU502
 1491 0028 0699     		ldr	r1, [sp, #24]
 1492 002a C163     		str	r1, [r0, #60]
1086:stm/stm32g4xx/STM32G4xx_HAL_Driver/Src/stm32g4xx_hal_smbus.c ****     {
 1493              		.loc 1 1086 5 is_stmt 1 view .LVU503
1086:stm/stm32g4xx/STM32G4xx_HAL_Driver/Src/stm32g4xx_hal_smbus.c ****     {
 1494              		.loc 1 1086 8 is_stmt 0 view .LVU504
 1495 002c 7AB3     		cbz	r2, .L123
 1496              	.LVL98:
 1497              	.L114:
1091:stm/stm32g4xx/STM32G4xx_HAL_Driver/Src/stm32g4xx_hal_smbus.c ****     {
 1498              		.loc 1 1091 5 is_stmt 1 view .LVU505
1091:stm/stm32g4xx/STM32G4xx_HAL_Driver/Src/stm32g4xx_hal_smbus.c ****     {
 1499              		.loc 1 1091 8 is_stmt 0 view .LVU506
 1500 002e FF2B     		cmp	r3, #255
 1501 0030 32D9     		bls	.L115
1093:stm/stm32g4xx/STM32G4xx_HAL_Driver/Src/stm32g4xx_hal_smbus.c ****     }
 1502              		.loc 1 1093 7 is_stmt 1 view .LVU507
1093:stm/stm32g4xx/STM32G4xx_HAL_Driver/Src/stm32g4xx_hal_smbus.c ****     }
 1503              		.loc 1 1093 24 is_stmt 0 view .LVU508
 1504 0032 FF23     		movs	r3, #255
 1505              	.LVL99:
1093:stm/stm32g4xx/STM32G4xx_HAL_Driver/Src/stm32g4xx_hal_smbus.c ****     }
 1506              		.loc 1 1093 24 view .LVU509
 1507 0034 2387     		strh	r3, [r4, #56]	@ movhi
 1508              	.L116:
1102:stm/stm32g4xx/STM32G4xx_HAL_Driver/Src/stm32g4xx_hal_smbus.c ****     {
 1509              		.loc 1 1102 5 is_stmt 1 view .LVU510
1102:stm/stm32g4xx/STM32G4xx_HAL_Driver/Src/stm32g4xx_hal_smbus.c ****     {
 1510              		.loc 1 1102 16 is_stmt 0 view .LVU511
 1511 0036 228F     		ldrh	r2, [r4, #56]
1102:stm/stm32g4xx/STM32G4xx_HAL_Driver/Src/stm32g4xx_hal_smbus.c ****     {
 1512              		.loc 1 1102 35 view .LVU512
 1513 0038 638F     		ldrh	r3, [r4, #58]
 1514 003a 9BB2     		uxth	r3, r3
1102:stm/stm32g4xx/STM32G4xx_HAL_Driver/Src/stm32g4xx_hal_smbus.c ****     {
 1515              		.loc 1 1102 8 view .LVU513
 1516 003c 9A42     		cmp	r2, r3
 1517 003e 01D2     		bcs	.L117
1102:stm/stm32g4xx/STM32G4xx_HAL_Driver/Src/stm32g4xx_hal_smbus.c ****     {
ARM GAS  /tmp/ccPqrEja.s 			page 84


 1518              		.loc 1 1102 48 discriminator 1 view .LVU514
 1519 0040 FF2A     		cmp	r2, #255
 1520 0042 2BD0     		beq	.L124
 1521              	.L117:
1114:stm/stm32g4xx/STM32G4xx_HAL_Driver/Src/stm32g4xx_hal_smbus.c **** 
 1522              		.loc 1 1114 7 is_stmt 1 view .LVU515
1114:stm/stm32g4xx/STM32G4xx_HAL_Driver/Src/stm32g4xx_hal_smbus.c **** 
 1523              		.loc 1 1114 11 is_stmt 0 view .LVU516
 1524 0044 E36B     		ldr	r3, [r4, #60]
 1525              	.LVL100:
1116:stm/stm32g4xx/STM32G4xx_HAL_Driver/Src/stm32g4xx_hal_smbus.c ****           (IS_SMBUS_TRANSFER_OTHER_OPTIONS_REQUEST(tmp) == 0))
 1526              		.loc 1 1116 7 is_stmt 1 view .LVU517
1116:stm/stm32g4xx/STM32G4xx_HAL_Driver/Src/stm32g4xx_hal_smbus.c ****           (IS_SMBUS_TRANSFER_OTHER_OPTIONS_REQUEST(tmp) == 0))
 1527              		.loc 1 1116 18 is_stmt 0 view .LVU518
 1528 0046 216C     		ldr	r1, [r4, #64]
1116:stm/stm32g4xx/STM32G4xx_HAL_Driver/Src/stm32g4xx_hal_smbus.c ****           (IS_SMBUS_TRANSFER_OTHER_OPTIONS_REQUEST(tmp) == 0))
 1529              		.loc 1 1116 10 view .LVU519
 1530 0048 2229     		cmp	r1, #34
 1531 004a 0AD1     		bne	.L119
1117:stm/stm32g4xx/STM32G4xx_HAL_Driver/Src/stm32g4xx_hal_smbus.c ****       {
 1532              		.loc 1 1117 12 view .LVU520
 1533 004c AA2B     		cmp	r3, #170
 1534 004e 08D0     		beq	.L119
1117:stm/stm32g4xx/STM32G4xx_HAL_Driver/Src/stm32g4xx_hal_smbus.c ****       {
 1535              		.loc 1 1117 12 discriminator 2 view .LVU521
 1536 0050 B3F52A0F 		cmp	r3, #11141120
 1537 0054 05D0     		beq	.L119
1117:stm/stm32g4xx/STM32G4xx_HAL_Driver/Src/stm32g4xx_hal_smbus.c ****       {
 1538              		.loc 1 1117 12 discriminator 4 view .LVU522
 1539 0056 B3F52A4F 		cmp	r3, #43520
 1540 005a 02D0     		beq	.L119
1117:stm/stm32g4xx/STM32G4xx_HAL_Driver/Src/stm32g4xx_hal_smbus.c ****       {
 1541              		.loc 1 1117 12 discriminator 6 view .LVU523
 1542 005c B3F12A4F 		cmp	r3, #-1442840576
 1543 0060 29D1     		bne	.L125
 1544              	.L119:
1126:stm/stm32g4xx/STM32G4xx_HAL_Driver/Src/stm32g4xx_hal_smbus.c **** 
 1545              		.loc 1 1126 9 is_stmt 1 view .LVU524
 1546 0062 2046     		mov	r0, r4
 1547              	.LVL101:
1126:stm/stm32g4xx/STM32G4xx_HAL_Driver/Src/stm32g4xx_hal_smbus.c **** 
 1548              		.loc 1 1126 9 is_stmt 0 view .LVU525
 1549 0064 FFF7FEFF 		bl	SMBUS_ConvertOtherXferOptions
 1550              	.LVL102:
1129:stm/stm32g4xx/STM32G4xx_HAL_Driver/Src/stm32g4xx_hal_smbus.c ****                              hsmbus->XferOptions,
 1551              		.loc 1 1129 9 is_stmt 1 view .LVU526
1130:stm/stm32g4xx/STM32G4xx_HAL_Driver/Src/stm32g4xx_hal_smbus.c ****                              SMBUS_GENERATE_START_READ);
 1552              		.loc 1 1130 36 is_stmt 0 view .LVU527
 1553 0068 E36B     		ldr	r3, [r4, #60]
1129:stm/stm32g4xx/STM32G4xx_HAL_Driver/Src/stm32g4xx_hal_smbus.c ****                              hsmbus->XferOptions,
 1554              		.loc 1 1129 9 view .LVU528
 1555 006a 194A     		ldr	r2, .L126
 1556 006c 0092     		str	r2, [sp]
 1557 006e 94F83820 		ldrb	r2, [r4, #56]	@ zero_extendqisi2
 1558 0072 2946     		mov	r1, r5
 1559 0074 2046     		mov	r0, r4
 1560 0076 FFF7FEFF 		bl	SMBUS_TransferConfig
ARM GAS  /tmp/ccPqrEja.s 			page 85


 1561              	.LVL103:
 1562              	.L118:
1136:stm/stm32g4xx/STM32G4xx_HAL_Driver/Src/stm32g4xx_hal_smbus.c **** 
 1563              		.loc 1 1136 5 is_stmt 1 view .LVU529
1136:stm/stm32g4xx/STM32G4xx_HAL_Driver/Src/stm32g4xx_hal_smbus.c **** 
 1564              		.loc 1 1136 5 view .LVU530
 1565 007a 0025     		movs	r5, #0
 1566              	.LVL104:
1136:stm/stm32g4xx/STM32G4xx_HAL_Driver/Src/stm32g4xx_hal_smbus.c **** 
 1567              		.loc 1 1136 5 is_stmt 0 view .LVU531
 1568 007c 84F84450 		strb	r5, [r4, #68]
1136:stm/stm32g4xx/STM32G4xx_HAL_Driver/Src/stm32g4xx_hal_smbus.c **** 
 1569              		.loc 1 1136 5 is_stmt 1 view .LVU532
1141:stm/stm32g4xx/STM32G4xx_HAL_Driver/Src/stm32g4xx_hal_smbus.c **** 
 1570              		.loc 1 1141 5 view .LVU533
 1571 0080 D421     		movs	r1, #212
 1572 0082 2046     		mov	r0, r4
 1573 0084 FFF7FEFF 		bl	SMBUS_Enable_IRQ
 1574              	.LVL105:
1143:stm/stm32g4xx/STM32G4xx_HAL_Driver/Src/stm32g4xx_hal_smbus.c ****   }
 1575              		.loc 1 1143 5 view .LVU534
1143:stm/stm32g4xx/STM32G4xx_HAL_Driver/Src/stm32g4xx_hal_smbus.c ****   }
 1576              		.loc 1 1143 12 is_stmt 0 view .LVU535
 1577 0088 2846     		mov	r0, r5
 1578              	.LVL106:
 1579              	.L113:
1149:stm/stm32g4xx/STM32G4xx_HAL_Driver/Src/stm32g4xx_hal_smbus.c **** 
 1580              		.loc 1 1149 1 view .LVU536
 1581 008a 03B0     		add	sp, sp, #12
 1582              	.LCFI20:
 1583              		.cfi_remember_state
 1584              		.cfi_def_cfa_offset 12
 1585              		@ sp needed
 1586 008c 30BD     		pop	{r4, r5, pc}
 1587              	.LVL107:
 1588              	.L123:
 1589              	.LCFI21:
 1590              		.cfi_restore_state
1088:stm/stm32g4xx/STM32G4xx_HAL_Driver/Src/stm32g4xx_hal_smbus.c ****     }
 1591              		.loc 1 1088 7 is_stmt 1 view .LVU537
1088:stm/stm32g4xx/STM32G4xx_HAL_Driver/Src/stm32g4xx_hal_smbus.c ****     }
 1592              		.loc 1 1088 13 is_stmt 0 view .LVU538
 1593 008e C26B     		ldr	r2, [r0, #60]
 1594              	.LVL108:
1088:stm/stm32g4xx/STM32G4xx_HAL_Driver/Src/stm32g4xx_hal_smbus.c ****     }
 1595              		.loc 1 1088 27 view .LVU539
 1596 0090 22F00072 		bic	r2, r2, #33554432
 1597 0094 C263     		str	r2, [r0, #60]
 1598 0096 CAE7     		b	.L114
 1599              	.L115:
1097:stm/stm32g4xx/STM32G4xx_HAL_Driver/Src/stm32g4xx_hal_smbus.c ****     }
 1600              		.loc 1 1097 7 is_stmt 1 view .LVU540
1097:stm/stm32g4xx/STM32G4xx_HAL_Driver/Src/stm32g4xx_hal_smbus.c ****     }
 1601              		.loc 1 1097 24 is_stmt 0 view .LVU541
 1602 0098 2387     		strh	r3, [r4, #56]	@ movhi
 1603 009a CCE7     		b	.L116
 1604              	.LVL109:
ARM GAS  /tmp/ccPqrEja.s 			page 86


 1605              	.L124:
1104:stm/stm32g4xx/STM32G4xx_HAL_Driver/Src/stm32g4xx_hal_smbus.c ****                            SMBUS_RELOAD_MODE  | (hsmbus->XferOptions & SMBUS_SENDPEC_MODE),
 1606              		.loc 1 1104 7 is_stmt 1 view .LVU542
1105:stm/stm32g4xx/STM32G4xx_HAL_Driver/Src/stm32g4xx_hal_smbus.c ****                            SMBUS_GENERATE_START_READ);
 1607              		.loc 1 1105 56 is_stmt 0 view .LVU543
 1608 009c E36B     		ldr	r3, [r4, #60]
1105:stm/stm32g4xx/STM32G4xx_HAL_Driver/Src/stm32g4xx_hal_smbus.c ****                            SMBUS_GENERATE_START_READ);
 1609              		.loc 1 1105 70 view .LVU544
 1610 009e 03F08063 		and	r3, r3, #67108864
1104:stm/stm32g4xx/STM32G4xx_HAL_Driver/Src/stm32g4xx_hal_smbus.c ****                            SMBUS_RELOAD_MODE  | (hsmbus->XferOptions & SMBUS_SENDPEC_MODE),
 1611              		.loc 1 1104 7 view .LVU545
 1612 00a2 0B49     		ldr	r1, .L126
 1613 00a4 0091     		str	r1, [sp]
 1614              	.LVL110:
1104:stm/stm32g4xx/STM32G4xx_HAL_Driver/Src/stm32g4xx_hal_smbus.c ****                            SMBUS_RELOAD_MODE  | (hsmbus->XferOptions & SMBUS_SENDPEC_MODE),
 1615              		.loc 1 1104 7 view .LVU546
 1616 00a6 43F08073 		orr	r3, r3, #16777216
 1617 00aa D2B2     		uxtb	r2, r2
 1618 00ac 2946     		mov	r1, r5
 1619 00ae 2046     		mov	r0, r4
 1620              	.LVL111:
1104:stm/stm32g4xx/STM32G4xx_HAL_Driver/Src/stm32g4xx_hal_smbus.c ****                            SMBUS_RELOAD_MODE  | (hsmbus->XferOptions & SMBUS_SENDPEC_MODE),
 1621              		.loc 1 1104 7 view .LVU547
 1622 00b0 FFF7FEFF 		bl	SMBUS_TransferConfig
 1623              	.LVL112:
 1624 00b4 E1E7     		b	.L118
 1625              	.LVL113:
 1626              	.L125:
1119:stm/stm32g4xx/STM32G4xx_HAL_Driver/Src/stm32g4xx_hal_smbus.c ****                              SMBUS_NO_STARTSTOP);
 1627              		.loc 1 1119 9 is_stmt 1 view .LVU548
1119:stm/stm32g4xx/STM32G4xx_HAL_Driver/Src/stm32g4xx_hal_smbus.c ****                              SMBUS_NO_STARTSTOP);
 1628              		.loc 1 1119 83 is_stmt 0 view .LVU549
 1629 00b6 E36B     		ldr	r3, [r4, #60]
 1630              	.LVL114:
1119:stm/stm32g4xx/STM32G4xx_HAL_Driver/Src/stm32g4xx_hal_smbus.c ****                              SMBUS_NO_STARTSTOP);
 1631              		.loc 1 1119 9 view .LVU550
 1632 00b8 0021     		movs	r1, #0
 1633 00ba 0091     		str	r1, [sp]
 1634              	.LVL115:
1119:stm/stm32g4xx/STM32G4xx_HAL_Driver/Src/stm32g4xx_hal_smbus.c ****                              SMBUS_NO_STARTSTOP);
 1635              		.loc 1 1119 9 view .LVU551
 1636 00bc D2B2     		uxtb	r2, r2
 1637 00be 2946     		mov	r1, r5
 1638 00c0 2046     		mov	r0, r4
 1639              	.LVL116:
1119:stm/stm32g4xx/STM32G4xx_HAL_Driver/Src/stm32g4xx_hal_smbus.c ****                              SMBUS_NO_STARTSTOP);
 1640              		.loc 1 1119 9 view .LVU552
 1641 00c2 FFF7FEFF 		bl	SMBUS_TransferConfig
 1642              	.LVL117:
 1643 00c6 D8E7     		b	.L118
 1644              	.LVL118:
 1645              	.L120:
1147:stm/stm32g4xx/STM32G4xx_HAL_Driver/Src/stm32g4xx_hal_smbus.c ****   }
 1646              		.loc 1 1147 12 view .LVU553
 1647 00c8 0220     		movs	r0, #2
 1648              	.LVL119:
1147:stm/stm32g4xx/STM32G4xx_HAL_Driver/Src/stm32g4xx_hal_smbus.c ****   }
ARM GAS  /tmp/ccPqrEja.s 			page 87


 1649              		.loc 1 1147 12 view .LVU554
 1650 00ca DEE7     		b	.L113
 1651              	.LVL120:
 1652              	.L121:
1074:stm/stm32g4xx/STM32G4xx_HAL_Driver/Src/stm32g4xx_hal_smbus.c **** 
 1653              		.loc 1 1074 5 discriminator 1 view .LVU555
 1654 00cc 0220     		movs	r0, #2
 1655              	.LVL121:
1074:stm/stm32g4xx/STM32G4xx_HAL_Driver/Src/stm32g4xx_hal_smbus.c **** 
 1656              		.loc 1 1074 5 discriminator 1 view .LVU556
 1657 00ce DCE7     		b	.L113
 1658              	.L127:
 1659              		.align	2
 1660              	.L126:
 1661 00d0 00240080 		.word	-2147474432
 1662              		.cfi_endproc
 1663              	.LFE336:
 1665              		.section	.text.HAL_SMBUS_Master_Abort_IT,"ax",%progbits
 1666              		.align	1
 1667              		.global	HAL_SMBUS_Master_Abort_IT
 1668              		.syntax unified
 1669              		.thumb
 1670              		.thumb_func
 1672              	HAL_SMBUS_Master_Abort_IT:
 1673              	.LVL122:
 1674              	.LFB337:
1161:stm/stm32g4xx/STM32G4xx_HAL_Driver/Src/stm32g4xx_hal_smbus.c ****   if (hsmbus->State == HAL_SMBUS_STATE_READY)
 1675              		.loc 1 1161 1 is_stmt 1 view -0
 1676              		.cfi_startproc
 1677              		@ args = 0, pretend = 0, frame = 0
 1678              		@ frame_needed = 0, uses_anonymous_args = 0
1162:stm/stm32g4xx/STM32G4xx_HAL_Driver/Src/stm32g4xx_hal_smbus.c ****   {
 1679              		.loc 1 1162 3 view .LVU558
1162:stm/stm32g4xx/STM32G4xx_HAL_Driver/Src/stm32g4xx_hal_smbus.c ****   {
 1680              		.loc 1 1162 13 is_stmt 0 view .LVU559
 1681 0000 836C     		ldr	r3, [r0, #72]
1162:stm/stm32g4xx/STM32G4xx_HAL_Driver/Src/stm32g4xx_hal_smbus.c ****   {
 1682              		.loc 1 1162 6 view .LVU560
 1683 0002 012B     		cmp	r3, #1
 1684 0004 32D1     		bne	.L134
1161:stm/stm32g4xx/STM32G4xx_HAL_Driver/Src/stm32g4xx_hal_smbus.c ****   if (hsmbus->State == HAL_SMBUS_STATE_READY)
 1685              		.loc 1 1161 1 view .LVU561
 1686 0006 30B5     		push	{r4, r5, lr}
 1687              	.LCFI22:
 1688              		.cfi_def_cfa_offset 12
 1689              		.cfi_offset 4, -12
 1690              		.cfi_offset 5, -8
 1691              		.cfi_offset 14, -4
 1692 0008 83B0     		sub	sp, sp, #12
 1693              	.LCFI23:
 1694              		.cfi_def_cfa_offset 24
 1695 000a 0446     		mov	r4, r0
1165:stm/stm32g4xx/STM32G4xx_HAL_Driver/Src/stm32g4xx_hal_smbus.c **** 
 1696              		.loc 1 1165 5 is_stmt 1 view .LVU562
1165:stm/stm32g4xx/STM32G4xx_HAL_Driver/Src/stm32g4xx_hal_smbus.c **** 
 1697              		.loc 1 1165 5 view .LVU563
 1698 000c 90F84430 		ldrb	r3, [r0, #68]	@ zero_extendqisi2
ARM GAS  /tmp/ccPqrEja.s 			page 88


 1699 0010 012B     		cmp	r3, #1
 1700 0012 2DD0     		beq	.L135
1165:stm/stm32g4xx/STM32G4xx_HAL_Driver/Src/stm32g4xx_hal_smbus.c **** 
 1701              		.loc 1 1165 5 discriminator 2 view .LVU564
 1702 0014 0123     		movs	r3, #1
 1703 0016 80F84430 		strb	r3, [r0, #68]
1165:stm/stm32g4xx/STM32G4xx_HAL_Driver/Src/stm32g4xx_hal_smbus.c **** 
 1704              		.loc 1 1165 5 discriminator 2 view .LVU565
1169:stm/stm32g4xx/STM32G4xx_HAL_Driver/Src/stm32g4xx_hal_smbus.c ****     {
 1705              		.loc 1 1169 5 view .LVU566
1169:stm/stm32g4xx/STM32G4xx_HAL_Driver/Src/stm32g4xx_hal_smbus.c ****     {
 1706              		.loc 1 1169 15 is_stmt 0 view .LVU567
 1707 001a 036C     		ldr	r3, [r0, #64]
1169:stm/stm32g4xx/STM32G4xx_HAL_Driver/Src/stm32g4xx_hal_smbus.c ****     {
 1708              		.loc 1 1169 8 view .LVU568
 1709 001c 122B     		cmp	r3, #18
 1710 001e 05D0     		beq	.L141
1173:stm/stm32g4xx/STM32G4xx_HAL_Driver/Src/stm32g4xx_hal_smbus.c ****     {
 1711              		.loc 1 1173 10 is_stmt 1 view .LVU569
1173:stm/stm32g4xx/STM32G4xx_HAL_Driver/Src/stm32g4xx_hal_smbus.c ****     {
 1712              		.loc 1 1173 20 is_stmt 0 view .LVU570
 1713 0020 036C     		ldr	r3, [r0, #64]
1173:stm/stm32g4xx/STM32G4xx_HAL_Driver/Src/stm32g4xx_hal_smbus.c ****     {
 1714              		.loc 1 1173 13 view .LVU571
 1715 0022 222B     		cmp	r3, #34
 1716 0024 04D0     		beq	.L142
1181:stm/stm32g4xx/STM32G4xx_HAL_Driver/Src/stm32g4xx_hal_smbus.c ****     }
 1717              		.loc 1 1181 14 view .LVU572
 1718 0026 0120     		movs	r0, #1
 1719              	.LVL123:
 1720              	.L129:
1214:stm/stm32g4xx/STM32G4xx_HAL_Driver/Src/stm32g4xx_hal_smbus.c **** 
 1721              		.loc 1 1214 1 view .LVU573
 1722 0028 03B0     		add	sp, sp, #12
 1723              	.LCFI24:
 1724              		.cfi_remember_state
 1725              		.cfi_def_cfa_offset 12
 1726              		@ sp needed
 1727 002a 30BD     		pop	{r4, r5, pc}
 1728              	.LVL124:
 1729              	.L141:
 1730              	.LCFI25:
 1731              		.cfi_restore_state
1171:stm/stm32g4xx/STM32G4xx_HAL_Driver/Src/stm32g4xx_hal_smbus.c ****     }
 1732              		.loc 1 1171 7 is_stmt 1 view .LVU574
1171:stm/stm32g4xx/STM32G4xx_HAL_Driver/Src/stm32g4xx_hal_smbus.c ****     }
 1733              		.loc 1 1171 21 is_stmt 0 view .LVU575
 1734 002c 8364     		str	r3, [r0, #72]
 1735 002e 00E0     		b	.L131
 1736              	.L142:
1175:stm/stm32g4xx/STM32G4xx_HAL_Driver/Src/stm32g4xx_hal_smbus.c ****     }
 1737              		.loc 1 1175 7 is_stmt 1 view .LVU576
1175:stm/stm32g4xx/STM32G4xx_HAL_Driver/Src/stm32g4xx_hal_smbus.c ****     }
 1738              		.loc 1 1175 21 is_stmt 0 view .LVU577
 1739 0030 8364     		str	r3, [r0, #72]
 1740              	.L131:
1183:stm/stm32g4xx/STM32G4xx_HAL_Driver/Src/stm32g4xx_hal_smbus.c **** 
ARM GAS  /tmp/ccPqrEja.s 			page 89


 1741              		.loc 1 1183 5 is_stmt 1 view .LVU578
1183:stm/stm32g4xx/STM32G4xx_HAL_Driver/Src/stm32g4xx_hal_smbus.c **** 
 1742              		.loc 1 1183 23 is_stmt 0 view .LVU579
 1743 0032 0025     		movs	r5, #0
 1744 0034 E564     		str	r5, [r4, #76]
1187:stm/stm32g4xx/STM32G4xx_HAL_Driver/Src/stm32g4xx_hal_smbus.c **** 
 1745              		.loc 1 1187 5 is_stmt 1 view .LVU580
 1746 0036 0095     		str	r5, [sp]
 1747 0038 4FF00073 		mov	r3, #33554432
 1748 003c 0122     		movs	r2, #1
 1749 003e 2046     		mov	r0, r4
 1750              	.LVL125:
1187:stm/stm32g4xx/STM32G4xx_HAL_Driver/Src/stm32g4xx_hal_smbus.c **** 
 1751              		.loc 1 1187 5 is_stmt 0 view .LVU581
 1752 0040 FFF7FEFF 		bl	SMBUS_TransferConfig
 1753              	.LVL126:
1190:stm/stm32g4xx/STM32G4xx_HAL_Driver/Src/stm32g4xx_hal_smbus.c **** 
 1754              		.loc 1 1190 5 is_stmt 1 view .LVU582
1190:stm/stm32g4xx/STM32G4xx_HAL_Driver/Src/stm32g4xx_hal_smbus.c **** 
 1755              		.loc 1 1190 5 view .LVU583
 1756 0044 84F84450 		strb	r5, [r4, #68]
1190:stm/stm32g4xx/STM32G4xx_HAL_Driver/Src/stm32g4xx_hal_smbus.c **** 
 1757              		.loc 1 1190 5 view .LVU584
1195:stm/stm32g4xx/STM32G4xx_HAL_Driver/Src/stm32g4xx_hal_smbus.c ****     {
 1758              		.loc 1 1195 5 view .LVU585
1195:stm/stm32g4xx/STM32G4xx_HAL_Driver/Src/stm32g4xx_hal_smbus.c ****     {
 1759              		.loc 1 1195 15 is_stmt 0 view .LVU586
 1760 0048 A36C     		ldr	r3, [r4, #72]
1195:stm/stm32g4xx/STM32G4xx_HAL_Driver/Src/stm32g4xx_hal_smbus.c ****     {
 1761              		.loc 1 1195 8 view .LVU587
 1762 004a 122B     		cmp	r3, #18
 1763 004c 04D0     		beq	.L143
1199:stm/stm32g4xx/STM32G4xx_HAL_Driver/Src/stm32g4xx_hal_smbus.c ****     {
 1764              		.loc 1 1199 10 is_stmt 1 view .LVU588
1199:stm/stm32g4xx/STM32G4xx_HAL_Driver/Src/stm32g4xx_hal_smbus.c ****     {
 1765              		.loc 1 1199 20 is_stmt 0 view .LVU589
 1766 004e A36C     		ldr	r3, [r4, #72]
1199:stm/stm32g4xx/STM32G4xx_HAL_Driver/Src/stm32g4xx_hal_smbus.c ****     {
 1767              		.loc 1 1199 13 view .LVU590
 1768 0050 222B     		cmp	r3, #34
 1769 0052 06D0     		beq	.L144
 1770              	.L133:
1206:stm/stm32g4xx/STM32G4xx_HAL_Driver/Src/stm32g4xx_hal_smbus.c **** 
 1771              		.loc 1 1206 5 is_stmt 1 view .LVU591
1208:stm/stm32g4xx/STM32G4xx_HAL_Driver/Src/stm32g4xx_hal_smbus.c ****   }
 1772              		.loc 1 1208 5 view .LVU592
1208:stm/stm32g4xx/STM32G4xx_HAL_Driver/Src/stm32g4xx_hal_smbus.c ****   }
 1773              		.loc 1 1208 12 is_stmt 0 view .LVU593
 1774 0054 0020     		movs	r0, #0
 1775 0056 E7E7     		b	.L129
 1776              	.L143:
1197:stm/stm32g4xx/STM32G4xx_HAL_Driver/Src/stm32g4xx_hal_smbus.c ****     }
 1777              		.loc 1 1197 7 is_stmt 1 view .LVU594
 1778 0058 F221     		movs	r1, #242
 1779 005a 2046     		mov	r0, r4
 1780 005c FFF7FEFF 		bl	SMBUS_Enable_IRQ
 1781              	.LVL127:
ARM GAS  /tmp/ccPqrEja.s 			page 90


 1782 0060 F8E7     		b	.L133
 1783              	.L144:
1201:stm/stm32g4xx/STM32G4xx_HAL_Driver/Src/stm32g4xx_hal_smbus.c ****     }
 1784              		.loc 1 1201 7 view .LVU595
 1785 0062 D421     		movs	r1, #212
 1786 0064 2046     		mov	r0, r4
 1787 0066 FFF7FEFF 		bl	SMBUS_Enable_IRQ
 1788              	.LVL128:
 1789 006a F3E7     		b	.L133
 1790              	.LVL129:
 1791              	.L134:
 1792              	.LCFI26:
 1793              		.cfi_def_cfa_offset 0
 1794              		.cfi_restore 4
 1795              		.cfi_restore 5
 1796              		.cfi_restore 14
1212:stm/stm32g4xx/STM32G4xx_HAL_Driver/Src/stm32g4xx_hal_smbus.c ****   }
 1797              		.loc 1 1212 12 is_stmt 0 view .LVU596
 1798 006c 0220     		movs	r0, #2
 1799              	.LVL130:
1214:stm/stm32g4xx/STM32G4xx_HAL_Driver/Src/stm32g4xx_hal_smbus.c **** 
 1800              		.loc 1 1214 1 view .LVU597
 1801 006e 7047     		bx	lr
 1802              	.LVL131:
 1803              	.L135:
 1804              	.LCFI27:
 1805              		.cfi_def_cfa_offset 24
 1806              		.cfi_offset 4, -12
 1807              		.cfi_offset 5, -8
 1808              		.cfi_offset 14, -4
1165:stm/stm32g4xx/STM32G4xx_HAL_Driver/Src/stm32g4xx_hal_smbus.c **** 
 1809              		.loc 1 1165 5 discriminator 1 view .LVU598
 1810 0070 0220     		movs	r0, #2
 1811              	.LVL132:
1165:stm/stm32g4xx/STM32G4xx_HAL_Driver/Src/stm32g4xx_hal_smbus.c **** 
 1812              		.loc 1 1165 5 discriminator 1 view .LVU599
 1813 0072 D9E7     		b	.L129
 1814              		.cfi_endproc
 1815              	.LFE337:
 1817              		.section	.text.HAL_SMBUS_Slave_Transmit_IT,"ax",%progbits
 1818              		.align	1
 1819              		.global	HAL_SMBUS_Slave_Transmit_IT
 1820              		.syntax unified
 1821              		.thumb
 1822              		.thumb_func
 1824              	HAL_SMBUS_Slave_Transmit_IT:
 1825              	.LVL133:
 1826              	.LFB338:
1227:stm/stm32g4xx/STM32G4xx_HAL_Driver/Src/stm32g4xx_hal_smbus.c ****   /* Check the parameters */
 1827              		.loc 1 1227 1 is_stmt 1 view -0
 1828              		.cfi_startproc
 1829              		@ args = 0, pretend = 0, frame = 0
 1830              		@ frame_needed = 0, uses_anonymous_args = 0
1227:stm/stm32g4xx/STM32G4xx_HAL_Driver/Src/stm32g4xx_hal_smbus.c ****   /* Check the parameters */
 1831              		.loc 1 1227 1 is_stmt 0 view .LVU601
 1832 0000 F0B5     		push	{r4, r5, r6, r7, lr}
 1833              	.LCFI28:
ARM GAS  /tmp/ccPqrEja.s 			page 91


 1834              		.cfi_def_cfa_offset 20
 1835              		.cfi_offset 4, -20
 1836              		.cfi_offset 5, -16
 1837              		.cfi_offset 6, -12
 1838              		.cfi_offset 7, -8
 1839              		.cfi_offset 14, -4
 1840 0002 83B0     		sub	sp, sp, #12
 1841              	.LCFI29:
 1842              		.cfi_def_cfa_offset 32
 1843 0004 1546     		mov	r5, r2
1229:stm/stm32g4xx/STM32G4xx_HAL_Driver/Src/stm32g4xx_hal_smbus.c **** 
 1844              		.loc 1 1229 3 is_stmt 1 view .LVU602
1231:stm/stm32g4xx/STM32G4xx_HAL_Driver/Src/stm32g4xx_hal_smbus.c ****   {
 1845              		.loc 1 1231 3 view .LVU603
1231:stm/stm32g4xx/STM32G4xx_HAL_Driver/Src/stm32g4xx_hal_smbus.c ****   {
 1846              		.loc 1 1231 14 is_stmt 0 view .LVU604
 1847 0006 826C     		ldr	r2, [r0, #72]
 1848              	.LVL134:
1231:stm/stm32g4xx/STM32G4xx_HAL_Driver/Src/stm32g4xx_hal_smbus.c ****   {
 1849              		.loc 1 1231 6 view .LVU605
 1850 0008 12F0080F 		tst	r2, #8
 1851 000c 61D0     		beq	.L153
 1852 000e 0446     		mov	r4, r0
 1853 0010 0F46     		mov	r7, r1
 1854 0012 1E46     		mov	r6, r3
1233:stm/stm32g4xx/STM32G4xx_HAL_Driver/Src/stm32g4xx_hal_smbus.c ****     {
 1855              		.loc 1 1233 5 is_stmt 1 view .LVU606
1233:stm/stm32g4xx/STM32G4xx_HAL_Driver/Src/stm32g4xx_hal_smbus.c ****     {
 1856              		.loc 1 1233 8 is_stmt 0 view .LVU607
 1857 0014 01B1     		cbz	r1, .L147
1233:stm/stm32g4xx/STM32G4xx_HAL_Driver/Src/stm32g4xx_hal_smbus.c ****     {
 1858              		.loc 1 1233 25 discriminator 1 view .LVU608
 1859 0016 2DB9     		cbnz	r5, .L148
 1860              	.L147:
1235:stm/stm32g4xx/STM32G4xx_HAL_Driver/Src/stm32g4xx_hal_smbus.c ****       return HAL_ERROR;
 1861              		.loc 1 1235 7 is_stmt 1 view .LVU609
1235:stm/stm32g4xx/STM32G4xx_HAL_Driver/Src/stm32g4xx_hal_smbus.c ****       return HAL_ERROR;
 1862              		.loc 1 1235 25 is_stmt 0 view .LVU610
 1863 0018 4FF40073 		mov	r3, #512
 1864              	.LVL135:
1235:stm/stm32g4xx/STM32G4xx_HAL_Driver/Src/stm32g4xx_hal_smbus.c ****       return HAL_ERROR;
 1865              		.loc 1 1235 25 view .LVU611
 1866 001c E364     		str	r3, [r4, #76]
1236:stm/stm32g4xx/STM32G4xx_HAL_Driver/Src/stm32g4xx_hal_smbus.c ****     }
 1867              		.loc 1 1236 7 is_stmt 1 view .LVU612
1236:stm/stm32g4xx/STM32G4xx_HAL_Driver/Src/stm32g4xx_hal_smbus.c ****     }
 1868              		.loc 1 1236 14 is_stmt 0 view .LVU613
 1869 001e 0120     		movs	r0, #1
 1870              	.LVL136:
 1871              	.L146:
1312:stm/stm32g4xx/STM32G4xx_HAL_Driver/Src/stm32g4xx_hal_smbus.c **** 
 1872              		.loc 1 1312 1 view .LVU614
 1873 0020 03B0     		add	sp, sp, #12
 1874              	.LCFI30:
 1875              		.cfi_remember_state
 1876              		.cfi_def_cfa_offset 20
 1877              		@ sp needed
ARM GAS  /tmp/ccPqrEja.s 			page 92


 1878 0022 F0BD     		pop	{r4, r5, r6, r7, pc}
 1879              	.LVL137:
 1880              	.L148:
 1881              	.LCFI31:
 1882              		.cfi_restore_state
1240:stm/stm32g4xx/STM32G4xx_HAL_Driver/Src/stm32g4xx_hal_smbus.c **** 
 1883              		.loc 1 1240 5 is_stmt 1 view .LVU615
 1884 0024 FA21     		movs	r1, #250
 1885              	.LVL138:
1240:stm/stm32g4xx/STM32G4xx_HAL_Driver/Src/stm32g4xx_hal_smbus.c **** 
 1886              		.loc 1 1240 5 is_stmt 0 view .LVU616
 1887 0026 FFF7FEFF 		bl	SMBUS_Disable_IRQ
 1888              	.LVL139:
1243:stm/stm32g4xx/STM32G4xx_HAL_Driver/Src/stm32g4xx_hal_smbus.c **** 
 1889              		.loc 1 1243 5 is_stmt 1 view .LVU617
1243:stm/stm32g4xx/STM32G4xx_HAL_Driver/Src/stm32g4xx_hal_smbus.c **** 
 1890              		.loc 1 1243 5 view .LVU618
 1891 002a 94F84430 		ldrb	r3, [r4, #68]	@ zero_extendqisi2
 1892 002e 012B     		cmp	r3, #1
 1893 0030 51D0     		beq	.L154
1243:stm/stm32g4xx/STM32G4xx_HAL_Driver/Src/stm32g4xx_hal_smbus.c **** 
 1894              		.loc 1 1243 5 discriminator 2 view .LVU619
 1895 0032 0123     		movs	r3, #1
 1896 0034 84F84430 		strb	r3, [r4, #68]
1243:stm/stm32g4xx/STM32G4xx_HAL_Driver/Src/stm32g4xx_hal_smbus.c **** 
 1897              		.loc 1 1243 5 discriminator 2 view .LVU620
1245:stm/stm32g4xx/STM32G4xx_HAL_Driver/Src/stm32g4xx_hal_smbus.c ****     hsmbus->ErrorCode = HAL_SMBUS_ERROR_NONE;
 1898              		.loc 1 1245 5 view .LVU621
1245:stm/stm32g4xx/STM32G4xx_HAL_Driver/Src/stm32g4xx_hal_smbus.c ****     hsmbus->ErrorCode = HAL_SMBUS_ERROR_NONE;
 1899              		.loc 1 1245 19 is_stmt 0 view .LVU622
 1900 0038 3A23     		movs	r3, #58
 1901 003a A364     		str	r3, [r4, #72]
1246:stm/stm32g4xx/STM32G4xx_HAL_Driver/Src/stm32g4xx_hal_smbus.c **** 
 1902              		.loc 1 1246 5 is_stmt 1 view .LVU623
1246:stm/stm32g4xx/STM32G4xx_HAL_Driver/Src/stm32g4xx_hal_smbus.c **** 
 1903              		.loc 1 1246 23 is_stmt 0 view .LVU624
 1904 003c 0023     		movs	r3, #0
 1905 003e E364     		str	r3, [r4, #76]
1249:stm/stm32g4xx/STM32G4xx_HAL_Driver/Src/stm32g4xx_hal_smbus.c **** 
 1906              		.loc 1 1249 5 is_stmt 1 view .LVU625
1249:stm/stm32g4xx/STM32G4xx_HAL_Driver/Src/stm32g4xx_hal_smbus.c **** 
 1907              		.loc 1 1249 11 is_stmt 0 view .LVU626
 1908 0040 2268     		ldr	r2, [r4]
1249:stm/stm32g4xx/STM32G4xx_HAL_Driver/Src/stm32g4xx_hal_smbus.c **** 
 1909              		.loc 1 1249 21 view .LVU627
 1910 0042 1368     		ldr	r3, [r2]
1249:stm/stm32g4xx/STM32G4xx_HAL_Driver/Src/stm32g4xx_hal_smbus.c **** 
 1911              		.loc 1 1249 27 view .LVU628
 1912 0044 43F48033 		orr	r3, r3, #65536
 1913 0048 1360     		str	r3, [r2]
1252:stm/stm32g4xx/STM32G4xx_HAL_Driver/Src/stm32g4xx_hal_smbus.c **** 
 1914              		.loc 1 1252 5 is_stmt 1 view .LVU629
1252:stm/stm32g4xx/STM32G4xx_HAL_Driver/Src/stm32g4xx_hal_smbus.c **** 
 1915              		.loc 1 1252 11 is_stmt 0 view .LVU630
 1916 004a 2268     		ldr	r2, [r4]
1252:stm/stm32g4xx/STM32G4xx_HAL_Driver/Src/stm32g4xx_hal_smbus.c **** 
 1917              		.loc 1 1252 21 view .LVU631
ARM GAS  /tmp/ccPqrEja.s 			page 93


 1918 004c 5368     		ldr	r3, [r2, #4]
1252:stm/stm32g4xx/STM32G4xx_HAL_Driver/Src/stm32g4xx_hal_smbus.c **** 
 1919              		.loc 1 1252 27 view .LVU632
 1920 004e 23F40043 		bic	r3, r3, #32768
 1921 0052 5360     		str	r3, [r2, #4]
1255:stm/stm32g4xx/STM32G4xx_HAL_Driver/Src/stm32g4xx_hal_smbus.c ****     hsmbus->XferCount = Size;
 1922              		.loc 1 1255 5 is_stmt 1 view .LVU633
1255:stm/stm32g4xx/STM32G4xx_HAL_Driver/Src/stm32g4xx_hal_smbus.c ****     hsmbus->XferCount = Size;
 1923              		.loc 1 1255 22 is_stmt 0 view .LVU634
 1924 0054 6763     		str	r7, [r4, #52]
1256:stm/stm32g4xx/STM32G4xx_HAL_Driver/Src/stm32g4xx_hal_smbus.c ****     hsmbus->XferOptions = XferOptions;
 1925              		.loc 1 1256 5 is_stmt 1 view .LVU635
1256:stm/stm32g4xx/STM32G4xx_HAL_Driver/Src/stm32g4xx_hal_smbus.c ****     hsmbus->XferOptions = XferOptions;
 1926              		.loc 1 1256 23 is_stmt 0 view .LVU636
 1927 0056 6587     		strh	r5, [r4, #58]	@ movhi
1257:stm/stm32g4xx/STM32G4xx_HAL_Driver/Src/stm32g4xx_hal_smbus.c **** 
 1928              		.loc 1 1257 5 is_stmt 1 view .LVU637
1257:stm/stm32g4xx/STM32G4xx_HAL_Driver/Src/stm32g4xx_hal_smbus.c **** 
 1929              		.loc 1 1257 25 is_stmt 0 view .LVU638
 1930 0058 E663     		str	r6, [r4, #60]
1260:stm/stm32g4xx/STM32G4xx_HAL_Driver/Src/stm32g4xx_hal_smbus.c **** 
 1931              		.loc 1 1260 5 is_stmt 1 view .LVU639
 1932 005a 2046     		mov	r0, r4
 1933 005c FFF7FEFF 		bl	SMBUS_ConvertOtherXferOptions
 1934              	.LVL140:
1262:stm/stm32g4xx/STM32G4xx_HAL_Driver/Src/stm32g4xx_hal_smbus.c ****     {
 1935              		.loc 1 1262 5 view .LVU640
1262:stm/stm32g4xx/STM32G4xx_HAL_Driver/Src/stm32g4xx_hal_smbus.c ****     {
 1936              		.loc 1 1262 8 is_stmt 0 view .LVU641
 1937 0060 FF2D     		cmp	r5, #255
 1938 0062 28D9     		bls	.L149
1264:stm/stm32g4xx/STM32G4xx_HAL_Driver/Src/stm32g4xx_hal_smbus.c ****     }
 1939              		.loc 1 1264 7 is_stmt 1 view .LVU642
1264:stm/stm32g4xx/STM32G4xx_HAL_Driver/Src/stm32g4xx_hal_smbus.c ****     }
 1940              		.loc 1 1264 24 is_stmt 0 view .LVU643
 1941 0064 FF23     		movs	r3, #255
 1942 0066 2387     		strh	r3, [r4, #56]	@ movhi
 1943              	.L150:
1272:stm/stm32g4xx/STM32G4xx_HAL_Driver/Src/stm32g4xx_hal_smbus.c ****     {
 1944              		.loc 1 1272 5 is_stmt 1 view .LVU644
1272:stm/stm32g4xx/STM32G4xx_HAL_Driver/Src/stm32g4xx_hal_smbus.c ****     {
 1945              		.loc 1 1272 16 is_stmt 0 view .LVU645
 1946 0068 228F     		ldrh	r2, [r4, #56]
1272:stm/stm32g4xx/STM32G4xx_HAL_Driver/Src/stm32g4xx_hal_smbus.c ****     {
 1947              		.loc 1 1272 35 view .LVU646
 1948 006a 638F     		ldrh	r3, [r4, #58]
 1949 006c 9BB2     		uxth	r3, r3
1272:stm/stm32g4xx/STM32G4xx_HAL_Driver/Src/stm32g4xx_hal_smbus.c ****     {
 1950              		.loc 1 1272 8 view .LVU647
 1951 006e 9A42     		cmp	r2, r3
 1952 0070 01D2     		bcs	.L151
1272:stm/stm32g4xx/STM32G4xx_HAL_Driver/Src/stm32g4xx_hal_smbus.c ****     {
 1953              		.loc 1 1272 48 discriminator 1 view .LVU648
 1954 0072 FF2A     		cmp	r2, #255
 1955 0074 21D0     		beq	.L156
 1956              	.L151:
1281:stm/stm32g4xx/STM32G4xx_HAL_Driver/Src/stm32g4xx_hal_smbus.c ****                            SMBUS_NO_STARTSTOP);
ARM GAS  /tmp/ccPqrEja.s 			page 94


 1957              		.loc 1 1281 7 is_stmt 1 view .LVU649
1281:stm/stm32g4xx/STM32G4xx_HAL_Driver/Src/stm32g4xx_hal_smbus.c ****                            SMBUS_NO_STARTSTOP);
 1958              		.loc 1 1281 72 is_stmt 0 view .LVU650
 1959 0076 E36B     		ldr	r3, [r4, #60]
1281:stm/stm32g4xx/STM32G4xx_HAL_Driver/Src/stm32g4xx_hal_smbus.c ****                            SMBUS_NO_STARTSTOP);
 1960              		.loc 1 1281 7 view .LVU651
 1961 0078 0021     		movs	r1, #0
 1962 007a 0091     		str	r1, [sp]
 1963 007c D2B2     		uxtb	r2, r2
 1964 007e 2046     		mov	r0, r4
 1965 0080 FFF7FEFF 		bl	SMBUS_TransferConfig
 1966              	.LVL141:
1286:stm/stm32g4xx/STM32G4xx_HAL_Driver/Src/stm32g4xx_hal_smbus.c ****       {
 1967              		.loc 1 1286 7 is_stmt 1 view .LVU652
1286:stm/stm32g4xx/STM32G4xx_HAL_Driver/Src/stm32g4xx_hal_smbus.c ****       {
 1968              		.loc 1 1286 11 is_stmt 0 view .LVU653
 1969 0084 2368     		ldr	r3, [r4]
 1970 0086 5B68     		ldr	r3, [r3, #4]
1286:stm/stm32g4xx/STM32G4xx_HAL_Driver/Src/stm32g4xx_hal_smbus.c ****       {
 1971              		.loc 1 1286 10 view .LVU654
 1972 0088 13F0806F 		tst	r3, #67108864
 1973 008c 07D0     		beq	.L152
1288:stm/stm32g4xx/STM32G4xx_HAL_Driver/Src/stm32g4xx_hal_smbus.c ****         hsmbus->XferCount--;
 1974              		.loc 1 1288 9 is_stmt 1 view .LVU655
1288:stm/stm32g4xx/STM32G4xx_HAL_Driver/Src/stm32g4xx_hal_smbus.c ****         hsmbus->XferCount--;
 1975              		.loc 1 1288 15 is_stmt 0 view .LVU656
 1976 008e 238F     		ldrh	r3, [r4, #56]
1288:stm/stm32g4xx/STM32G4xx_HAL_Driver/Src/stm32g4xx_hal_smbus.c ****         hsmbus->XferCount--;
 1977              		.loc 1 1288 25 view .LVU657
 1978 0090 013B     		subs	r3, r3, #1
 1979 0092 2387     		strh	r3, [r4, #56]	@ movhi
1289:stm/stm32g4xx/STM32G4xx_HAL_Driver/Src/stm32g4xx_hal_smbus.c ****       }
 1980              		.loc 1 1289 9 is_stmt 1 view .LVU658
1289:stm/stm32g4xx/STM32G4xx_HAL_Driver/Src/stm32g4xx_hal_smbus.c ****       }
 1981              		.loc 1 1289 15 is_stmt 0 view .LVU659
 1982 0094 638F     		ldrh	r3, [r4, #58]
 1983 0096 9BB2     		uxth	r3, r3
1289:stm/stm32g4xx/STM32G4xx_HAL_Driver/Src/stm32g4xx_hal_smbus.c ****       }
 1984              		.loc 1 1289 26 view .LVU660
 1985 0098 013B     		subs	r3, r3, #1
 1986 009a 9BB2     		uxth	r3, r3
 1987 009c 6387     		strh	r3, [r4, #58]	@ movhi
 1988              	.L152:
1295:stm/stm32g4xx/STM32G4xx_HAL_Driver/Src/stm32g4xx_hal_smbus.c **** 
 1989              		.loc 1 1295 5 is_stmt 1 view .LVU661
 1990 009e 2368     		ldr	r3, [r4]
 1991 00a0 0822     		movs	r2, #8
 1992 00a2 DA61     		str	r2, [r3, #28]
1298:stm/stm32g4xx/STM32G4xx_HAL_Driver/Src/stm32g4xx_hal_smbus.c **** 
 1993              		.loc 1 1298 5 view .LVU662
1298:stm/stm32g4xx/STM32G4xx_HAL_Driver/Src/stm32g4xx_hal_smbus.c **** 
 1994              		.loc 1 1298 5 view .LVU663
 1995 00a4 0025     		movs	r5, #0
 1996 00a6 84F84450 		strb	r5, [r4, #68]
1298:stm/stm32g4xx/STM32G4xx_HAL_Driver/Src/stm32g4xx_hal_smbus.c **** 
 1997              		.loc 1 1298 5 view .LVU664
1304:stm/stm32g4xx/STM32G4xx_HAL_Driver/Src/stm32g4xx_hal_smbus.c **** 
ARM GAS  /tmp/ccPqrEja.s 			page 95


 1998              		.loc 1 1304 5 view .LVU665
 1999 00aa FA21     		movs	r1, #250
 2000 00ac 2046     		mov	r0, r4
 2001 00ae FFF7FEFF 		bl	SMBUS_Enable_IRQ
 2002              	.LVL142:
1306:stm/stm32g4xx/STM32G4xx_HAL_Driver/Src/stm32g4xx_hal_smbus.c ****   }
 2003              		.loc 1 1306 5 view .LVU666
1306:stm/stm32g4xx/STM32G4xx_HAL_Driver/Src/stm32g4xx_hal_smbus.c ****   }
 2004              		.loc 1 1306 12 is_stmt 0 view .LVU667
 2005 00b2 2846     		mov	r0, r5
 2006 00b4 B4E7     		b	.L146
 2007              	.L149:
1268:stm/stm32g4xx/STM32G4xx_HAL_Driver/Src/stm32g4xx_hal_smbus.c ****     }
 2008              		.loc 1 1268 7 is_stmt 1 view .LVU668
1268:stm/stm32g4xx/STM32G4xx_HAL_Driver/Src/stm32g4xx_hal_smbus.c ****     }
 2009              		.loc 1 1268 24 is_stmt 0 view .LVU669
 2010 00b6 2587     		strh	r5, [r4, #56]	@ movhi
 2011 00b8 D6E7     		b	.L150
 2012              	.L156:
1274:stm/stm32g4xx/STM32G4xx_HAL_Driver/Src/stm32g4xx_hal_smbus.c ****                            SMBUS_RELOAD_MODE | (hsmbus->XferOptions & SMBUS_SENDPEC_MODE),
 2013              		.loc 1 1274 7 is_stmt 1 view .LVU670
1275:stm/stm32g4xx/STM32G4xx_HAL_Driver/Src/stm32g4xx_hal_smbus.c ****                            SMBUS_NO_STARTSTOP);
 2014              		.loc 1 1275 55 is_stmt 0 view .LVU671
 2015 00ba E36B     		ldr	r3, [r4, #60]
1275:stm/stm32g4xx/STM32G4xx_HAL_Driver/Src/stm32g4xx_hal_smbus.c ****                            SMBUS_NO_STARTSTOP);
 2016              		.loc 1 1275 69 view .LVU672
 2017 00bc 03F08063 		and	r3, r3, #67108864
1274:stm/stm32g4xx/STM32G4xx_HAL_Driver/Src/stm32g4xx_hal_smbus.c ****                            SMBUS_RELOAD_MODE | (hsmbus->XferOptions & SMBUS_SENDPEC_MODE),
 2018              		.loc 1 1274 7 view .LVU673
 2019 00c0 0021     		movs	r1, #0
 2020 00c2 0091     		str	r1, [sp]
 2021 00c4 43F08073 		orr	r3, r3, #16777216
 2022 00c8 D2B2     		uxtb	r2, r2
 2023 00ca 2046     		mov	r0, r4
 2024 00cc FFF7FEFF 		bl	SMBUS_TransferConfig
 2025              	.LVL143:
 2026 00d0 E5E7     		b	.L152
 2027              	.LVL144:
 2028              	.L153:
1310:stm/stm32g4xx/STM32G4xx_HAL_Driver/Src/stm32g4xx_hal_smbus.c ****   }
 2029              		.loc 1 1310 12 view .LVU674
 2030 00d2 0220     		movs	r0, #2
 2031              	.LVL145:
1310:stm/stm32g4xx/STM32G4xx_HAL_Driver/Src/stm32g4xx_hal_smbus.c ****   }
 2032              		.loc 1 1310 12 view .LVU675
 2033 00d4 A4E7     		b	.L146
 2034              	.LVL146:
 2035              	.L154:
1243:stm/stm32g4xx/STM32G4xx_HAL_Driver/Src/stm32g4xx_hal_smbus.c **** 
 2036              		.loc 1 1243 5 discriminator 1 view .LVU676
 2037 00d6 0220     		movs	r0, #2
 2038 00d8 A2E7     		b	.L146
 2039              		.cfi_endproc
 2040              	.LFE338:
 2042              		.section	.text.HAL_SMBUS_Slave_Receive_IT,"ax",%progbits
 2043              		.align	1
 2044              		.global	HAL_SMBUS_Slave_Receive_IT
ARM GAS  /tmp/ccPqrEja.s 			page 96


 2045              		.syntax unified
 2046              		.thumb
 2047              		.thumb_func
 2049              	HAL_SMBUS_Slave_Receive_IT:
 2050              	.LVL147:
 2051              	.LFB339:
1325:stm/stm32g4xx/STM32G4xx_HAL_Driver/Src/stm32g4xx_hal_smbus.c ****   /* Check the parameters */
 2052              		.loc 1 1325 1 is_stmt 1 view -0
 2053              		.cfi_startproc
 2054              		@ args = 0, pretend = 0, frame = 0
 2055              		@ frame_needed = 0, uses_anonymous_args = 0
1325:stm/stm32g4xx/STM32G4xx_HAL_Driver/Src/stm32g4xx_hal_smbus.c ****   /* Check the parameters */
 2056              		.loc 1 1325 1 is_stmt 0 view .LVU678
 2057 0000 F0B5     		push	{r4, r5, r6, r7, lr}
 2058              	.LCFI32:
 2059              		.cfi_def_cfa_offset 20
 2060              		.cfi_offset 4, -20
 2061              		.cfi_offset 5, -16
 2062              		.cfi_offset 6, -12
 2063              		.cfi_offset 7, -8
 2064              		.cfi_offset 14, -4
 2065 0002 83B0     		sub	sp, sp, #12
 2066              	.LCFI33:
 2067              		.cfi_def_cfa_offset 32
 2068 0004 1546     		mov	r5, r2
1327:stm/stm32g4xx/STM32G4xx_HAL_Driver/Src/stm32g4xx_hal_smbus.c **** 
 2069              		.loc 1 1327 3 is_stmt 1 view .LVU679
1329:stm/stm32g4xx/STM32G4xx_HAL_Driver/Src/stm32g4xx_hal_smbus.c ****   {
 2070              		.loc 1 1329 3 view .LVU680
1329:stm/stm32g4xx/STM32G4xx_HAL_Driver/Src/stm32g4xx_hal_smbus.c ****   {
 2071              		.loc 1 1329 14 is_stmt 0 view .LVU681
 2072 0006 826C     		ldr	r2, [r0, #72]
 2073              	.LVL148:
1329:stm/stm32g4xx/STM32G4xx_HAL_Driver/Src/stm32g4xx_hal_smbus.c ****   {
 2074              		.loc 1 1329 6 view .LVU682
 2075 0008 12F0080F 		tst	r2, #8
 2076 000c 52D0     		beq	.L165
 2077 000e 0446     		mov	r4, r0
 2078 0010 0F46     		mov	r7, r1
 2079 0012 1E46     		mov	r6, r3
1331:stm/stm32g4xx/STM32G4xx_HAL_Driver/Src/stm32g4xx_hal_smbus.c ****     {
 2080              		.loc 1 1331 5 is_stmt 1 view .LVU683
1331:stm/stm32g4xx/STM32G4xx_HAL_Driver/Src/stm32g4xx_hal_smbus.c ****     {
 2081              		.loc 1 1331 8 is_stmt 0 view .LVU684
 2082 0014 01B1     		cbz	r1, .L159
1331:stm/stm32g4xx/STM32G4xx_HAL_Driver/Src/stm32g4xx_hal_smbus.c ****     {
 2083              		.loc 1 1331 25 discriminator 1 view .LVU685
 2084 0016 2DB9     		cbnz	r5, .L160
 2085              	.L159:
1333:stm/stm32g4xx/STM32G4xx_HAL_Driver/Src/stm32g4xx_hal_smbus.c ****       return HAL_ERROR;
 2086              		.loc 1 1333 7 is_stmt 1 view .LVU686
1333:stm/stm32g4xx/STM32G4xx_HAL_Driver/Src/stm32g4xx_hal_smbus.c ****       return HAL_ERROR;
 2087              		.loc 1 1333 25 is_stmt 0 view .LVU687
 2088 0018 4FF40073 		mov	r3, #512
 2089              	.LVL149:
1333:stm/stm32g4xx/STM32G4xx_HAL_Driver/Src/stm32g4xx_hal_smbus.c ****       return HAL_ERROR;
 2090              		.loc 1 1333 25 view .LVU688
ARM GAS  /tmp/ccPqrEja.s 			page 97


 2091 001c E364     		str	r3, [r4, #76]
1334:stm/stm32g4xx/STM32G4xx_HAL_Driver/Src/stm32g4xx_hal_smbus.c ****     }
 2092              		.loc 1 1334 7 is_stmt 1 view .LVU689
1334:stm/stm32g4xx/STM32G4xx_HAL_Driver/Src/stm32g4xx_hal_smbus.c ****     }
 2093              		.loc 1 1334 14 is_stmt 0 view .LVU690
 2094 001e 0120     		movs	r0, #1
 2095              	.LVL150:
 2096              	.L158:
1395:stm/stm32g4xx/STM32G4xx_HAL_Driver/Src/stm32g4xx_hal_smbus.c **** 
 2097              		.loc 1 1395 1 view .LVU691
 2098 0020 03B0     		add	sp, sp, #12
 2099              	.LCFI34:
 2100              		.cfi_remember_state
 2101              		.cfi_def_cfa_offset 20
 2102              		@ sp needed
 2103 0022 F0BD     		pop	{r4, r5, r6, r7, pc}
 2104              	.LVL151:
 2105              	.L160:
 2106              	.LCFI35:
 2107              		.cfi_restore_state
1338:stm/stm32g4xx/STM32G4xx_HAL_Driver/Src/stm32g4xx_hal_smbus.c **** 
 2108              		.loc 1 1338 5 is_stmt 1 view .LVU692
 2109 0024 FC21     		movs	r1, #252
 2110              	.LVL152:
1338:stm/stm32g4xx/STM32G4xx_HAL_Driver/Src/stm32g4xx_hal_smbus.c **** 
 2111              		.loc 1 1338 5 is_stmt 0 view .LVU693
 2112 0026 FFF7FEFF 		bl	SMBUS_Disable_IRQ
 2113              	.LVL153:
1341:stm/stm32g4xx/STM32G4xx_HAL_Driver/Src/stm32g4xx_hal_smbus.c **** 
 2114              		.loc 1 1341 5 is_stmt 1 view .LVU694
1341:stm/stm32g4xx/STM32G4xx_HAL_Driver/Src/stm32g4xx_hal_smbus.c **** 
 2115              		.loc 1 1341 5 view .LVU695
 2116 002a 94F84430 		ldrb	r3, [r4, #68]	@ zero_extendqisi2
 2117 002e 012B     		cmp	r3, #1
 2118 0030 42D0     		beq	.L166
1341:stm/stm32g4xx/STM32G4xx_HAL_Driver/Src/stm32g4xx_hal_smbus.c **** 
 2119              		.loc 1 1341 5 discriminator 2 view .LVU696
 2120 0032 0123     		movs	r3, #1
 2121 0034 84F84430 		strb	r3, [r4, #68]
1341:stm/stm32g4xx/STM32G4xx_HAL_Driver/Src/stm32g4xx_hal_smbus.c **** 
 2122              		.loc 1 1341 5 discriminator 2 view .LVU697
1343:stm/stm32g4xx/STM32G4xx_HAL_Driver/Src/stm32g4xx_hal_smbus.c ****     hsmbus->ErrorCode = HAL_SMBUS_ERROR_NONE;
 2123              		.loc 1 1343 5 view .LVU698
1343:stm/stm32g4xx/STM32G4xx_HAL_Driver/Src/stm32g4xx_hal_smbus.c ****     hsmbus->ErrorCode = HAL_SMBUS_ERROR_NONE;
 2124              		.loc 1 1343 19 is_stmt 0 view .LVU699
 2125 0038 4A23     		movs	r3, #74
 2126 003a A364     		str	r3, [r4, #72]
1344:stm/stm32g4xx/STM32G4xx_HAL_Driver/Src/stm32g4xx_hal_smbus.c **** 
 2127              		.loc 1 1344 5 is_stmt 1 view .LVU700
1344:stm/stm32g4xx/STM32G4xx_HAL_Driver/Src/stm32g4xx_hal_smbus.c **** 
 2128              		.loc 1 1344 23 is_stmt 0 view .LVU701
 2129 003c 0023     		movs	r3, #0
 2130 003e E364     		str	r3, [r4, #76]
1347:stm/stm32g4xx/STM32G4xx_HAL_Driver/Src/stm32g4xx_hal_smbus.c **** 
 2131              		.loc 1 1347 5 is_stmt 1 view .LVU702
1347:stm/stm32g4xx/STM32G4xx_HAL_Driver/Src/stm32g4xx_hal_smbus.c **** 
 2132              		.loc 1 1347 11 is_stmt 0 view .LVU703
ARM GAS  /tmp/ccPqrEja.s 			page 98


 2133 0040 2268     		ldr	r2, [r4]
1347:stm/stm32g4xx/STM32G4xx_HAL_Driver/Src/stm32g4xx_hal_smbus.c **** 
 2134              		.loc 1 1347 21 view .LVU704
 2135 0042 1368     		ldr	r3, [r2]
1347:stm/stm32g4xx/STM32G4xx_HAL_Driver/Src/stm32g4xx_hal_smbus.c **** 
 2136              		.loc 1 1347 27 view .LVU705
 2137 0044 43F48033 		orr	r3, r3, #65536
 2138 0048 1360     		str	r3, [r2]
1350:stm/stm32g4xx/STM32G4xx_HAL_Driver/Src/stm32g4xx_hal_smbus.c **** 
 2139              		.loc 1 1350 5 is_stmt 1 view .LVU706
1350:stm/stm32g4xx/STM32G4xx_HAL_Driver/Src/stm32g4xx_hal_smbus.c **** 
 2140              		.loc 1 1350 11 is_stmt 0 view .LVU707
 2141 004a 2268     		ldr	r2, [r4]
1350:stm/stm32g4xx/STM32G4xx_HAL_Driver/Src/stm32g4xx_hal_smbus.c **** 
 2142              		.loc 1 1350 21 view .LVU708
 2143 004c 5368     		ldr	r3, [r2, #4]
1350:stm/stm32g4xx/STM32G4xx_HAL_Driver/Src/stm32g4xx_hal_smbus.c **** 
 2144              		.loc 1 1350 27 view .LVU709
 2145 004e 23F40043 		bic	r3, r3, #32768
 2146 0052 5360     		str	r3, [r2, #4]
1353:stm/stm32g4xx/STM32G4xx_HAL_Driver/Src/stm32g4xx_hal_smbus.c ****     hsmbus->XferSize = Size;
 2147              		.loc 1 1353 5 is_stmt 1 view .LVU710
1353:stm/stm32g4xx/STM32G4xx_HAL_Driver/Src/stm32g4xx_hal_smbus.c ****     hsmbus->XferSize = Size;
 2148              		.loc 1 1353 22 is_stmt 0 view .LVU711
 2149 0054 6763     		str	r7, [r4, #52]
1354:stm/stm32g4xx/STM32G4xx_HAL_Driver/Src/stm32g4xx_hal_smbus.c ****     hsmbus->XferCount = Size;
 2150              		.loc 1 1354 5 is_stmt 1 view .LVU712
1354:stm/stm32g4xx/STM32G4xx_HAL_Driver/Src/stm32g4xx_hal_smbus.c ****     hsmbus->XferCount = Size;
 2151              		.loc 1 1354 22 is_stmt 0 view .LVU713
 2152 0056 2587     		strh	r5, [r4, #56]	@ movhi
1355:stm/stm32g4xx/STM32G4xx_HAL_Driver/Src/stm32g4xx_hal_smbus.c ****     hsmbus->XferOptions = XferOptions;
 2153              		.loc 1 1355 5 is_stmt 1 view .LVU714
1355:stm/stm32g4xx/STM32G4xx_HAL_Driver/Src/stm32g4xx_hal_smbus.c ****     hsmbus->XferOptions = XferOptions;
 2154              		.loc 1 1355 23 is_stmt 0 view .LVU715
 2155 0058 6587     		strh	r5, [r4, #58]	@ movhi
1356:stm/stm32g4xx/STM32G4xx_HAL_Driver/Src/stm32g4xx_hal_smbus.c **** 
 2156              		.loc 1 1356 5 is_stmt 1 view .LVU716
1356:stm/stm32g4xx/STM32G4xx_HAL_Driver/Src/stm32g4xx_hal_smbus.c **** 
 2157              		.loc 1 1356 25 is_stmt 0 view .LVU717
 2158 005a E663     		str	r6, [r4, #60]
1359:stm/stm32g4xx/STM32G4xx_HAL_Driver/Src/stm32g4xx_hal_smbus.c **** 
 2159              		.loc 1 1359 5 is_stmt 1 view .LVU718
 2160 005c 2046     		mov	r0, r4
 2161 005e FFF7FEFF 		bl	SMBUS_ConvertOtherXferOptions
 2162              	.LVL154:
1366:stm/stm32g4xx/STM32G4xx_HAL_Driver/Src/stm32g4xx_hal_smbus.c ****     {
 2163              		.loc 1 1366 5 view .LVU719
1366:stm/stm32g4xx/STM32G4xx_HAL_Driver/Src/stm32g4xx_hal_smbus.c ****     {
 2164              		.loc 1 1366 11 is_stmt 0 view .LVU720
 2165 0062 2368     		ldr	r3, [r4]
 2166 0064 5B68     		ldr	r3, [r3, #4]
1366:stm/stm32g4xx/STM32G4xx_HAL_Driver/Src/stm32g4xx_hal_smbus.c ****     {
 2167              		.loc 1 1366 8 view .LVU721
 2168 0066 13F0806F 		tst	r3, #67108864
 2169 006a 02D0     		beq	.L161
1366:stm/stm32g4xx/STM32G4xx_HAL_Driver/Src/stm32g4xx_hal_smbus.c ****     {
 2170              		.loc 1 1366 56 discriminator 1 view .LVU722
ARM GAS  /tmp/ccPqrEja.s 			page 99


 2171 006c 238F     		ldrh	r3, [r4, #56]
1366:stm/stm32g4xx/STM32G4xx_HAL_Driver/Src/stm32g4xx_hal_smbus.c ****     {
 2172              		.loc 1 1366 46 discriminator 1 view .LVU723
 2173 006e 022B     		cmp	r3, #2
 2174 0070 02D0     		beq	.L162
 2175              	.L161:
1366:stm/stm32g4xx/STM32G4xx_HAL_Driver/Src/stm32g4xx_hal_smbus.c ****     {
 2176              		.loc 1 1366 85 discriminator 3 view .LVU724
 2177 0072 238F     		ldrh	r3, [r4, #56]
1366:stm/stm32g4xx/STM32G4xx_HAL_Driver/Src/stm32g4xx_hal_smbus.c ****     {
 2178              		.loc 1 1366 75 discriminator 3 view .LVU725
 2179 0074 012B     		cmp	r3, #1
 2180 0076 13D1     		bne	.L163
 2181              	.L162:
1368:stm/stm32g4xx/STM32G4xx_HAL_Driver/Src/stm32g4xx_hal_smbus.c ****                            SMBUS_NO_STARTSTOP);
 2182              		.loc 1 1368 7 is_stmt 1 view .LVU726
1368:stm/stm32g4xx/STM32G4xx_HAL_Driver/Src/stm32g4xx_hal_smbus.c ****                            SMBUS_NO_STARTSTOP);
 2183              		.loc 1 1368 72 is_stmt 0 view .LVU727
 2184 0078 E36B     		ldr	r3, [r4, #60]
1368:stm/stm32g4xx/STM32G4xx_HAL_Driver/Src/stm32g4xx_hal_smbus.c ****                            SMBUS_NO_STARTSTOP);
 2185              		.loc 1 1368 7 view .LVU728
 2186 007a 0021     		movs	r1, #0
 2187 007c 0091     		str	r1, [sp]
 2188 007e 94F83820 		ldrb	r2, [r4, #56]	@ zero_extendqisi2
 2189 0082 2046     		mov	r0, r4
 2190 0084 FFF7FEFF 		bl	SMBUS_TransferConfig
 2191              	.LVL155:
 2192              	.L164:
1378:stm/stm32g4xx/STM32G4xx_HAL_Driver/Src/stm32g4xx_hal_smbus.c **** 
 2193              		.loc 1 1378 5 is_stmt 1 view .LVU729
 2194 0088 2368     		ldr	r3, [r4]
 2195 008a 0822     		movs	r2, #8
 2196 008c DA61     		str	r2, [r3, #28]
1381:stm/stm32g4xx/STM32G4xx_HAL_Driver/Src/stm32g4xx_hal_smbus.c **** 
 2197              		.loc 1 1381 5 view .LVU730
1381:stm/stm32g4xx/STM32G4xx_HAL_Driver/Src/stm32g4xx_hal_smbus.c **** 
 2198              		.loc 1 1381 5 view .LVU731
 2199 008e 0025     		movs	r5, #0
 2200 0090 84F84450 		strb	r5, [r4, #68]
1381:stm/stm32g4xx/STM32G4xx_HAL_Driver/Src/stm32g4xx_hal_smbus.c **** 
 2201              		.loc 1 1381 5 view .LVU732
1387:stm/stm32g4xx/STM32G4xx_HAL_Driver/Src/stm32g4xx_hal_smbus.c **** 
 2202              		.loc 1 1387 5 view .LVU733
 2203 0094 FC21     		movs	r1, #252
 2204 0096 2046     		mov	r0, r4
 2205 0098 FFF7FEFF 		bl	SMBUS_Enable_IRQ
 2206              	.LVL156:
1389:stm/stm32g4xx/STM32G4xx_HAL_Driver/Src/stm32g4xx_hal_smbus.c ****   }
 2207              		.loc 1 1389 5 view .LVU734
1389:stm/stm32g4xx/STM32G4xx_HAL_Driver/Src/stm32g4xx_hal_smbus.c ****   }
 2208              		.loc 1 1389 12 is_stmt 0 view .LVU735
 2209 009c 2846     		mov	r0, r5
 2210 009e BFE7     		b	.L158
 2211              	.L163:
1373:stm/stm32g4xx/STM32G4xx_HAL_Driver/Src/stm32g4xx_hal_smbus.c ****     }
 2212              		.loc 1 1373 7 is_stmt 1 view .LVU736
1373:stm/stm32g4xx/STM32G4xx_HAL_Driver/Src/stm32g4xx_hal_smbus.c ****     }
ARM GAS  /tmp/ccPqrEja.s 			page 100


 2213              		.loc 1 1373 48 is_stmt 0 view .LVU737
 2214 00a0 E36B     		ldr	r3, [r4, #60]
1373:stm/stm32g4xx/STM32G4xx_HAL_Driver/Src/stm32g4xx_hal_smbus.c ****     }
 2215              		.loc 1 1373 7 view .LVU738
 2216 00a2 0021     		movs	r1, #0
 2217 00a4 0091     		str	r1, [sp]
 2218 00a6 43F08073 		orr	r3, r3, #16777216
 2219 00aa 0122     		movs	r2, #1
 2220 00ac 2046     		mov	r0, r4
 2221 00ae FFF7FEFF 		bl	SMBUS_TransferConfig
 2222              	.LVL157:
 2223 00b2 E9E7     		b	.L164
 2224              	.LVL158:
 2225              	.L165:
1393:stm/stm32g4xx/STM32G4xx_HAL_Driver/Src/stm32g4xx_hal_smbus.c ****   }
 2226              		.loc 1 1393 12 view .LVU739
 2227 00b4 0220     		movs	r0, #2
 2228              	.LVL159:
1393:stm/stm32g4xx/STM32G4xx_HAL_Driver/Src/stm32g4xx_hal_smbus.c ****   }
 2229              		.loc 1 1393 12 view .LVU740
 2230 00b6 B3E7     		b	.L158
 2231              	.LVL160:
 2232              	.L166:
1341:stm/stm32g4xx/STM32G4xx_HAL_Driver/Src/stm32g4xx_hal_smbus.c **** 
 2233              		.loc 1 1341 5 discriminator 1 view .LVU741
 2234 00b8 0220     		movs	r0, #2
 2235 00ba B1E7     		b	.L158
 2236              		.cfi_endproc
 2237              	.LFE339:
 2239              		.section	.text.HAL_SMBUS_EnableListen_IT,"ax",%progbits
 2240              		.align	1
 2241              		.global	HAL_SMBUS_EnableListen_IT
 2242              		.syntax unified
 2243              		.thumb
 2244              		.thumb_func
 2246              	HAL_SMBUS_EnableListen_IT:
 2247              	.LVL161:
 2248              	.LFB340:
1404:stm/stm32g4xx/STM32G4xx_HAL_Driver/Src/stm32g4xx_hal_smbus.c ****   hsmbus->State = HAL_SMBUS_STATE_LISTEN;
 2249              		.loc 1 1404 1 is_stmt 1 view -0
 2250              		.cfi_startproc
 2251              		@ args = 0, pretend = 0, frame = 0
 2252              		@ frame_needed = 0, uses_anonymous_args = 0
1404:stm/stm32g4xx/STM32G4xx_HAL_Driver/Src/stm32g4xx_hal_smbus.c ****   hsmbus->State = HAL_SMBUS_STATE_LISTEN;
 2253              		.loc 1 1404 1 is_stmt 0 view .LVU743
 2254 0000 08B5     		push	{r3, lr}
 2255              	.LCFI36:
 2256              		.cfi_def_cfa_offset 8
 2257              		.cfi_offset 3, -8
 2258              		.cfi_offset 14, -4
1405:stm/stm32g4xx/STM32G4xx_HAL_Driver/Src/stm32g4xx_hal_smbus.c **** 
 2259              		.loc 1 1405 3 is_stmt 1 view .LVU744
1405:stm/stm32g4xx/STM32G4xx_HAL_Driver/Src/stm32g4xx_hal_smbus.c **** 
 2260              		.loc 1 1405 17 is_stmt 0 view .LVU745
 2261 0002 0822     		movs	r2, #8
 2262 0004 8264     		str	r2, [r0, #72]
1408:stm/stm32g4xx/STM32G4xx_HAL_Driver/Src/stm32g4xx_hal_smbus.c **** 
ARM GAS  /tmp/ccPqrEja.s 			page 101


 2263              		.loc 1 1408 3 is_stmt 1 view .LVU746
 2264 0006 3821     		movs	r1, #56
 2265 0008 FFF7FEFF 		bl	SMBUS_Enable_IRQ
 2266              	.LVL162:
1410:stm/stm32g4xx/STM32G4xx_HAL_Driver/Src/stm32g4xx_hal_smbus.c **** }
 2267              		.loc 1 1410 3 view .LVU747
1411:stm/stm32g4xx/STM32G4xx_HAL_Driver/Src/stm32g4xx_hal_smbus.c **** 
 2268              		.loc 1 1411 1 is_stmt 0 view .LVU748
 2269 000c 0020     		movs	r0, #0
 2270 000e 08BD     		pop	{r3, pc}
 2271              		.cfi_endproc
 2272              	.LFE340:
 2274              		.section	.text.HAL_SMBUS_DisableListen_IT,"ax",%progbits
 2275              		.align	1
 2276              		.global	HAL_SMBUS_DisableListen_IT
 2277              		.syntax unified
 2278              		.thumb
 2279              		.thumb_func
 2281              	HAL_SMBUS_DisableListen_IT:
 2282              	.LVL163:
 2283              	.LFB341:
1420:stm/stm32g4xx/STM32G4xx_HAL_Driver/Src/stm32g4xx_hal_smbus.c ****   /* Disable Address listen mode only if a transfer is not ongoing */
 2284              		.loc 1 1420 1 is_stmt 1 view -0
 2285              		.cfi_startproc
 2286              		@ args = 0, pretend = 0, frame = 0
 2287              		@ frame_needed = 0, uses_anonymous_args = 0
1420:stm/stm32g4xx/STM32G4xx_HAL_Driver/Src/stm32g4xx_hal_smbus.c ****   /* Disable Address listen mode only if a transfer is not ongoing */
 2288              		.loc 1 1420 1 is_stmt 0 view .LVU750
 2289 0000 08B5     		push	{r3, lr}
 2290              	.LCFI37:
 2291              		.cfi_def_cfa_offset 8
 2292              		.cfi_offset 3, -8
 2293              		.cfi_offset 14, -4
1422:stm/stm32g4xx/STM32G4xx_HAL_Driver/Src/stm32g4xx_hal_smbus.c ****   {
 2294              		.loc 1 1422 3 is_stmt 1 view .LVU751
1422:stm/stm32g4xx/STM32G4xx_HAL_Driver/Src/stm32g4xx_hal_smbus.c ****   {
 2295              		.loc 1 1422 13 is_stmt 0 view .LVU752
 2296 0002 836C     		ldr	r3, [r0, #72]
1422:stm/stm32g4xx/STM32G4xx_HAL_Driver/Src/stm32g4xx_hal_smbus.c ****   {
 2297              		.loc 1 1422 6 view .LVU753
 2298 0004 082B     		cmp	r3, #8
 2299 0006 01D0     		beq	.L174
1433:stm/stm32g4xx/STM32G4xx_HAL_Driver/Src/stm32g4xx_hal_smbus.c ****   }
 2300              		.loc 1 1433 12 view .LVU754
 2301 0008 0220     		movs	r0, #2
 2302              	.LVL164:
 2303              	.L171:
1435:stm/stm32g4xx/STM32G4xx_HAL_Driver/Src/stm32g4xx_hal_smbus.c **** 
 2304              		.loc 1 1435 1 view .LVU755
 2305 000a 08BD     		pop	{r3, pc}
 2306              	.LVL165:
 2307              	.L174:
1424:stm/stm32g4xx/STM32G4xx_HAL_Driver/Src/stm32g4xx_hal_smbus.c **** 
 2308              		.loc 1 1424 5 is_stmt 1 view .LVU756
1424:stm/stm32g4xx/STM32G4xx_HAL_Driver/Src/stm32g4xx_hal_smbus.c **** 
 2309              		.loc 1 1424 19 is_stmt 0 view .LVU757
 2310 000c 0123     		movs	r3, #1
ARM GAS  /tmp/ccPqrEja.s 			page 102


 2311 000e 8364     		str	r3, [r0, #72]
1427:stm/stm32g4xx/STM32G4xx_HAL_Driver/Src/stm32g4xx_hal_smbus.c **** 
 2312              		.loc 1 1427 5 is_stmt 1 view .LVU758
 2313 0010 3821     		movs	r1, #56
 2314 0012 FFF7FEFF 		bl	SMBUS_Disable_IRQ
 2315              	.LVL166:
1429:stm/stm32g4xx/STM32G4xx_HAL_Driver/Src/stm32g4xx_hal_smbus.c ****   }
 2316              		.loc 1 1429 5 view .LVU759
1429:stm/stm32g4xx/STM32G4xx_HAL_Driver/Src/stm32g4xx_hal_smbus.c ****   }
 2317              		.loc 1 1429 12 is_stmt 0 view .LVU760
 2318 0016 0020     		movs	r0, #0
 2319 0018 F7E7     		b	.L171
 2320              		.cfi_endproc
 2321              	.LFE341:
 2323              		.section	.text.HAL_SMBUS_EnableAlert_IT,"ax",%progbits
 2324              		.align	1
 2325              		.global	HAL_SMBUS_EnableAlert_IT
 2326              		.syntax unified
 2327              		.thumb
 2328              		.thumb_func
 2330              	HAL_SMBUS_EnableAlert_IT:
 2331              	.LVL167:
 2332              	.LFB342:
1444:stm/stm32g4xx/STM32G4xx_HAL_Driver/Src/stm32g4xx_hal_smbus.c ****   /* Enable SMBus alert */
 2333              		.loc 1 1444 1 is_stmt 1 view -0
 2334              		.cfi_startproc
 2335              		@ args = 0, pretend = 0, frame = 0
 2336              		@ frame_needed = 0, uses_anonymous_args = 0
1444:stm/stm32g4xx/STM32G4xx_HAL_Driver/Src/stm32g4xx_hal_smbus.c ****   /* Enable SMBus alert */
 2337              		.loc 1 1444 1 is_stmt 0 view .LVU762
 2338 0000 08B5     		push	{r3, lr}
 2339              	.LCFI38:
 2340              		.cfi_def_cfa_offset 8
 2341              		.cfi_offset 3, -8
 2342              		.cfi_offset 14, -4
1446:stm/stm32g4xx/STM32G4xx_HAL_Driver/Src/stm32g4xx_hal_smbus.c **** 
 2343              		.loc 1 1446 3 is_stmt 1 view .LVU763
1446:stm/stm32g4xx/STM32G4xx_HAL_Driver/Src/stm32g4xx_hal_smbus.c **** 
 2344              		.loc 1 1446 9 is_stmt 0 view .LVU764
 2345 0002 0168     		ldr	r1, [r0]
1446:stm/stm32g4xx/STM32G4xx_HAL_Driver/Src/stm32g4xx_hal_smbus.c **** 
 2346              		.loc 1 1446 19 view .LVU765
 2347 0004 0A68     		ldr	r2, [r1]
1446:stm/stm32g4xx/STM32G4xx_HAL_Driver/Src/stm32g4xx_hal_smbus.c **** 
 2348              		.loc 1 1446 25 view .LVU766
 2349 0006 42F48002 		orr	r2, r2, #4194304
 2350 000a 0A60     		str	r2, [r1]
1449:stm/stm32g4xx/STM32G4xx_HAL_Driver/Src/stm32g4xx_hal_smbus.c **** 
 2351              		.loc 1 1449 3 is_stmt 1 view .LVU767
 2352 000c 0368     		ldr	r3, [r0]
 2353 000e 4FF40052 		mov	r2, #8192
 2354 0012 DA61     		str	r2, [r3, #28]
1452:stm/stm32g4xx/STM32G4xx_HAL_Driver/Src/stm32g4xx_hal_smbus.c **** 
 2355              		.loc 1 1452 3 view .LVU768
 2356 0014 8021     		movs	r1, #128
 2357 0016 FFF7FEFF 		bl	SMBUS_Enable_IRQ
 2358              	.LVL168:
ARM GAS  /tmp/ccPqrEja.s 			page 103


1454:stm/stm32g4xx/STM32G4xx_HAL_Driver/Src/stm32g4xx_hal_smbus.c **** }
 2359              		.loc 1 1454 3 view .LVU769
1455:stm/stm32g4xx/STM32G4xx_HAL_Driver/Src/stm32g4xx_hal_smbus.c **** /**
 2360              		.loc 1 1455 1 is_stmt 0 view .LVU770
 2361 001a 0020     		movs	r0, #0
 2362 001c 08BD     		pop	{r3, pc}
 2363              		.cfi_endproc
 2364              	.LFE342:
 2366              		.section	.text.HAL_SMBUS_DisableAlert_IT,"ax",%progbits
 2367              		.align	1
 2368              		.global	HAL_SMBUS_DisableAlert_IT
 2369              		.syntax unified
 2370              		.thumb
 2371              		.thumb_func
 2373              	HAL_SMBUS_DisableAlert_IT:
 2374              	.LVL169:
 2375              	.LFB343:
1463:stm/stm32g4xx/STM32G4xx_HAL_Driver/Src/stm32g4xx_hal_smbus.c ****   /* Enable SMBus alert */
 2376              		.loc 1 1463 1 is_stmt 1 view -0
 2377              		.cfi_startproc
 2378              		@ args = 0, pretend = 0, frame = 0
 2379              		@ frame_needed = 0, uses_anonymous_args = 0
1463:stm/stm32g4xx/STM32G4xx_HAL_Driver/Src/stm32g4xx_hal_smbus.c ****   /* Enable SMBus alert */
 2380              		.loc 1 1463 1 is_stmt 0 view .LVU772
 2381 0000 08B5     		push	{r3, lr}
 2382              	.LCFI39:
 2383              		.cfi_def_cfa_offset 8
 2384              		.cfi_offset 3, -8
 2385              		.cfi_offset 14, -4
1465:stm/stm32g4xx/STM32G4xx_HAL_Driver/Src/stm32g4xx_hal_smbus.c **** 
 2386              		.loc 1 1465 3 is_stmt 1 view .LVU773
1465:stm/stm32g4xx/STM32G4xx_HAL_Driver/Src/stm32g4xx_hal_smbus.c **** 
 2387              		.loc 1 1465 9 is_stmt 0 view .LVU774
 2388 0002 0268     		ldr	r2, [r0]
1465:stm/stm32g4xx/STM32G4xx_HAL_Driver/Src/stm32g4xx_hal_smbus.c **** 
 2389              		.loc 1 1465 19 view .LVU775
 2390 0004 1368     		ldr	r3, [r2]
1465:stm/stm32g4xx/STM32G4xx_HAL_Driver/Src/stm32g4xx_hal_smbus.c **** 
 2391              		.loc 1 1465 25 view .LVU776
 2392 0006 23F48003 		bic	r3, r3, #4194304
 2393 000a 1360     		str	r3, [r2]
1468:stm/stm32g4xx/STM32G4xx_HAL_Driver/Src/stm32g4xx_hal_smbus.c **** 
 2394              		.loc 1 1468 3 is_stmt 1 view .LVU777
 2395 000c 8021     		movs	r1, #128
 2396 000e FFF7FEFF 		bl	SMBUS_Disable_IRQ
 2397              	.LVL170:
1470:stm/stm32g4xx/STM32G4xx_HAL_Driver/Src/stm32g4xx_hal_smbus.c **** }
 2398              		.loc 1 1470 3 view .LVU778
1471:stm/stm32g4xx/STM32G4xx_HAL_Driver/Src/stm32g4xx_hal_smbus.c **** 
 2399              		.loc 1 1471 1 is_stmt 0 view .LVU779
 2400 0012 0020     		movs	r0, #0
 2401 0014 08BD     		pop	{r3, pc}
 2402              		.cfi_endproc
 2403              	.LFE343:
 2405              		.section	.text.HAL_SMBUS_IsDeviceReady,"ax",%progbits
 2406              		.align	1
 2407              		.global	HAL_SMBUS_IsDeviceReady
ARM GAS  /tmp/ccPqrEja.s 			page 104


 2408              		.syntax unified
 2409              		.thumb
 2410              		.thumb_func
 2412              	HAL_SMBUS_IsDeviceReady:
 2413              	.LVL171:
 2414              	.LFB344:
1485:stm/stm32g4xx/STM32G4xx_HAL_Driver/Src/stm32g4xx_hal_smbus.c ****   uint32_t tickstart;
 2415              		.loc 1 1485 1 is_stmt 1 view -0
 2416              		.cfi_startproc
 2417              		@ args = 0, pretend = 0, frame = 8
 2418              		@ frame_needed = 0, uses_anonymous_args = 0
1485:stm/stm32g4xx/STM32G4xx_HAL_Driver/Src/stm32g4xx_hal_smbus.c ****   uint32_t tickstart;
 2419              		.loc 1 1485 1 is_stmt 0 view .LVU781
 2420 0000 2DE9F043 		push	{r4, r5, r6, r7, r8, r9, lr}
 2421              	.LCFI40:
 2422              		.cfi_def_cfa_offset 28
 2423              		.cfi_offset 4, -28
 2424              		.cfi_offset 5, -24
 2425              		.cfi_offset 6, -20
 2426              		.cfi_offset 7, -16
 2427              		.cfi_offset 8, -12
 2428              		.cfi_offset 9, -8
 2429              		.cfi_offset 14, -4
 2430 0004 83B0     		sub	sp, sp, #12
 2431              	.LCFI41:
 2432              		.cfi_def_cfa_offset 40
 2433 0006 1D46     		mov	r5, r3
1486:stm/stm32g4xx/STM32G4xx_HAL_Driver/Src/stm32g4xx_hal_smbus.c **** 
 2434              		.loc 1 1486 3 is_stmt 1 view .LVU782
1488:stm/stm32g4xx/STM32G4xx_HAL_Driver/Src/stm32g4xx_hal_smbus.c **** 
 2435              		.loc 1 1488 3 view .LVU783
1488:stm/stm32g4xx/STM32G4xx_HAL_Driver/Src/stm32g4xx_hal_smbus.c **** 
 2436              		.loc 1 1488 17 is_stmt 0 view .LVU784
 2437 0008 0023     		movs	r3, #0
 2438              	.LVL172:
1488:stm/stm32g4xx/STM32G4xx_HAL_Driver/Src/stm32g4xx_hal_smbus.c **** 
 2439              		.loc 1 1488 17 view .LVU785
 2440 000a 0193     		str	r3, [sp, #4]
1490:stm/stm32g4xx/STM32G4xx_HAL_Driver/Src/stm32g4xx_hal_smbus.c ****   FlagStatus tmp2;
 2441              		.loc 1 1490 3 is_stmt 1 view .LVU786
1491:stm/stm32g4xx/STM32G4xx_HAL_Driver/Src/stm32g4xx_hal_smbus.c **** 
 2442              		.loc 1 1491 3 view .LVU787
1493:stm/stm32g4xx/STM32G4xx_HAL_Driver/Src/stm32g4xx_hal_smbus.c ****   {
 2443              		.loc 1 1493 3 view .LVU788
1493:stm/stm32g4xx/STM32G4xx_HAL_Driver/Src/stm32g4xx_hal_smbus.c ****   {
 2444              		.loc 1 1493 13 is_stmt 0 view .LVU789
 2445 000c 836C     		ldr	r3, [r0, #72]
1493:stm/stm32g4xx/STM32G4xx_HAL_Driver/Src/stm32g4xx_hal_smbus.c ****   {
 2446              		.loc 1 1493 6 view .LVU790
 2447 000e 012B     		cmp	r3, #1
 2448 0010 40F09680 		bne	.L191
 2449 0014 0646     		mov	r6, r0
 2450 0016 8946     		mov	r9, r1
 2451 0018 9046     		mov	r8, r2
1495:stm/stm32g4xx/STM32G4xx_HAL_Driver/Src/stm32g4xx_hal_smbus.c ****     {
 2452              		.loc 1 1495 5 is_stmt 1 view .LVU791
1495:stm/stm32g4xx/STM32G4xx_HAL_Driver/Src/stm32g4xx_hal_smbus.c ****     {
ARM GAS  /tmp/ccPqrEja.s 			page 105


 2453              		.loc 1 1495 9 is_stmt 0 view .LVU792
 2454 001a 0368     		ldr	r3, [r0]
 2455 001c 9B69     		ldr	r3, [r3, #24]
1495:stm/stm32g4xx/STM32G4xx_HAL_Driver/Src/stm32g4xx_hal_smbus.c ****     {
 2456              		.loc 1 1495 8 view .LVU793
 2457 001e 13F4004F 		tst	r3, #32768
 2458 0022 40F08F80 		bne	.L192
1501:stm/stm32g4xx/STM32G4xx_HAL_Driver/Src/stm32g4xx_hal_smbus.c **** 
 2459              		.loc 1 1501 5 is_stmt 1 view .LVU794
1501:stm/stm32g4xx/STM32G4xx_HAL_Driver/Src/stm32g4xx_hal_smbus.c **** 
 2460              		.loc 1 1501 5 view .LVU795
 2461 0026 90F84430 		ldrb	r3, [r0, #68]	@ zero_extendqisi2
 2462 002a 012B     		cmp	r3, #1
 2463 002c 00F08C80 		beq	.L193
1501:stm/stm32g4xx/STM32G4xx_HAL_Driver/Src/stm32g4xx_hal_smbus.c **** 
 2464              		.loc 1 1501 5 discriminator 2 view .LVU796
 2465 0030 0123     		movs	r3, #1
 2466 0032 80F84430 		strb	r3, [r0, #68]
1501:stm/stm32g4xx/STM32G4xx_HAL_Driver/Src/stm32g4xx_hal_smbus.c **** 
 2467              		.loc 1 1501 5 discriminator 2 view .LVU797
1503:stm/stm32g4xx/STM32G4xx_HAL_Driver/Src/stm32g4xx_hal_smbus.c ****     hsmbus->ErrorCode = HAL_SMBUS_ERROR_NONE;
 2468              		.loc 1 1503 5 view .LVU798
1503:stm/stm32g4xx/STM32G4xx_HAL_Driver/Src/stm32g4xx_hal_smbus.c ****     hsmbus->ErrorCode = HAL_SMBUS_ERROR_NONE;
 2469              		.loc 1 1503 19 is_stmt 0 view .LVU799
 2470 0036 0223     		movs	r3, #2
 2471 0038 8364     		str	r3, [r0, #72]
1504:stm/stm32g4xx/STM32G4xx_HAL_Driver/Src/stm32g4xx_hal_smbus.c **** 
 2472              		.loc 1 1504 5 is_stmt 1 view .LVU800
1504:stm/stm32g4xx/STM32G4xx_HAL_Driver/Src/stm32g4xx_hal_smbus.c **** 
 2473              		.loc 1 1504 23 is_stmt 0 view .LVU801
 2474 003a 0023     		movs	r3, #0
 2475 003c C364     		str	r3, [r0, #76]
 2476 003e 41E0     		b	.L190
 2477              	.LVL173:
 2478              	.L201:
1509:stm/stm32g4xx/STM32G4xx_HAL_Driver/Src/stm32g4xx_hal_smbus.c **** 
 2479              		.loc 1 1509 31 discriminator 1 view .LVU802
 2480 0040 C9F30903 		ubfx	r3, r9, #0, #10
 2481 0044 43F00073 		orr	r3, r3, #33554432
 2482 0048 43F40053 		orr	r3, r3, #8192
 2483 004c 41E0     		b	.L182
 2484              	.LVL174:
 2485              	.L184:
1536:stm/stm32g4xx/STM32G4xx_HAL_Driver/Src/stm32g4xx_hal_smbus.c ****         tmp2 = __HAL_SMBUS_GET_FLAG(hsmbus, SMBUS_FLAG_AF);
 2486              		.loc 1 1536 9 is_stmt 1 view .LVU803
1536:stm/stm32g4xx/STM32G4xx_HAL_Driver/Src/stm32g4xx_hal_smbus.c ****         tmp2 = __HAL_SMBUS_GET_FLAG(hsmbus, SMBUS_FLAG_AF);
 2487              		.loc 1 1536 16 is_stmt 0 view .LVU804
 2488 004e 3368     		ldr	r3, [r6]
 2489 0050 9C69     		ldr	r4, [r3, #24]
 2490              	.LVL175:
1536:stm/stm32g4xx/STM32G4xx_HAL_Driver/Src/stm32g4xx_hal_smbus.c ****         tmp2 = __HAL_SMBUS_GET_FLAG(hsmbus, SMBUS_FLAG_AF);
 2491              		.loc 1 1536 16 view .LVU805
 2492 0052 C4F34014 		ubfx	r4, r4, #5, #1
 2493              	.LVL176:
1537:stm/stm32g4xx/STM32G4xx_HAL_Driver/Src/stm32g4xx_hal_smbus.c ****       }
 2494              		.loc 1 1537 9 is_stmt 1 view .LVU806
1537:stm/stm32g4xx/STM32G4xx_HAL_Driver/Src/stm32g4xx_hal_smbus.c ****       }
ARM GAS  /tmp/ccPqrEja.s 			page 106


 2495              		.loc 1 1537 16 is_stmt 0 view .LVU807
 2496 0056 9B69     		ldr	r3, [r3, #24]
 2497 0058 C3F30013 		ubfx	r3, r3, #4, #1
 2498              	.LVL177:
 2499              	.L183:
1518:stm/stm32g4xx/STM32G4xx_HAL_Driver/Src/stm32g4xx_hal_smbus.c ****       {
 2500              		.loc 1 1518 30 is_stmt 1 view .LVU808
 2501 005c B4B9     		cbnz	r4, .L186
1518:stm/stm32g4xx/STM32G4xx_HAL_Driver/Src/stm32g4xx_hal_smbus.c ****       {
 2502              		.loc 1 1518 30 is_stmt 0 discriminator 1 view .LVU809
 2503 005e ABB9     		cbnz	r3, .L186
1520:stm/stm32g4xx/STM32G4xx_HAL_Driver/Src/stm32g4xx_hal_smbus.c ****         {
 2504              		.loc 1 1520 9 is_stmt 1 view .LVU810
1520:stm/stm32g4xx/STM32G4xx_HAL_Driver/Src/stm32g4xx_hal_smbus.c ****         {
 2505              		.loc 1 1520 12 is_stmt 0 view .LVU811
 2506 0060 B5F1FF3F 		cmp	r5, #-1
 2507 0064 F3D0     		beq	.L184
1522:stm/stm32g4xx/STM32G4xx_HAL_Driver/Src/stm32g4xx_hal_smbus.c ****           {
 2508              		.loc 1 1522 11 is_stmt 1 view .LVU812
1522:stm/stm32g4xx/STM32G4xx_HAL_Driver/Src/stm32g4xx_hal_smbus.c ****           {
 2509              		.loc 1 1522 17 is_stmt 0 view .LVU813
 2510 0066 FFF7FEFF 		bl	HAL_GetTick
 2511              	.LVL178:
1522:stm/stm32g4xx/STM32G4xx_HAL_Driver/Src/stm32g4xx_hal_smbus.c ****           {
 2512              		.loc 1 1522 31 discriminator 1 view .LVU814
 2513 006a C01B     		subs	r0, r0, r7
1522:stm/stm32g4xx/STM32G4xx_HAL_Driver/Src/stm32g4xx_hal_smbus.c ****           {
 2514              		.loc 1 1522 14 discriminator 1 view .LVU815
 2515 006c A842     		cmp	r0, r5
 2516 006e 01D8     		bhi	.L185
1522:stm/stm32g4xx/STM32G4xx_HAL_Driver/Src/stm32g4xx_hal_smbus.c ****           {
 2517              		.loc 1 1522 55 discriminator 1 view .LVU816
 2518 0070 002D     		cmp	r5, #0
 2519 0072 ECD1     		bne	.L184
 2520              	.L185:
1525:stm/stm32g4xx/STM32G4xx_HAL_Driver/Src/stm32g4xx_hal_smbus.c **** 
 2521              		.loc 1 1525 13 is_stmt 1 view .LVU817
1525:stm/stm32g4xx/STM32G4xx_HAL_Driver/Src/stm32g4xx_hal_smbus.c **** 
 2522              		.loc 1 1525 27 is_stmt 0 view .LVU818
 2523 0074 0120     		movs	r0, #1
 2524 0076 B064     		str	r0, [r6, #72]
1528:stm/stm32g4xx/STM32G4xx_HAL_Driver/Src/stm32g4xx_hal_smbus.c **** 
 2525              		.loc 1 1528 13 is_stmt 1 view .LVU819
1528:stm/stm32g4xx/STM32G4xx_HAL_Driver/Src/stm32g4xx_hal_smbus.c **** 
 2526              		.loc 1 1528 19 is_stmt 0 view .LVU820
 2527 0078 F36C     		ldr	r3, [r6, #76]
1528:stm/stm32g4xx/STM32G4xx_HAL_Driver/Src/stm32g4xx_hal_smbus.c **** 
 2528              		.loc 1 1528 31 view .LVU821
 2529 007a 43F01003 		orr	r3, r3, #16
 2530 007e F364     		str	r3, [r6, #76]
1531:stm/stm32g4xx/STM32G4xx_HAL_Driver/Src/stm32g4xx_hal_smbus.c ****             return HAL_ERROR;
 2531              		.loc 1 1531 13 is_stmt 1 view .LVU822
1531:stm/stm32g4xx/STM32G4xx_HAL_Driver/Src/stm32g4xx_hal_smbus.c ****             return HAL_ERROR;
 2532              		.loc 1 1531 13 view .LVU823
 2533 0080 0023     		movs	r3, #0
 2534 0082 86F84430 		strb	r3, [r6, #68]
1531:stm/stm32g4xx/STM32G4xx_HAL_Driver/Src/stm32g4xx_hal_smbus.c ****             return HAL_ERROR;
ARM GAS  /tmp/ccPqrEja.s 			page 107


 2535              		.loc 1 1531 13 view .LVU824
1532:stm/stm32g4xx/STM32G4xx_HAL_Driver/Src/stm32g4xx_hal_smbus.c ****           }
 2536              		.loc 1 1532 13 view .LVU825
 2537              	.LVL179:
 2538              	.L180:
1609:stm/stm32g4xx/STM32G4xx_HAL_Driver/Src/stm32g4xx_hal_smbus.c **** /**
 2539              		.loc 1 1609 1 is_stmt 0 view .LVU826
 2540 0086 03B0     		add	sp, sp, #12
 2541              	.LCFI42:
 2542              		.cfi_remember_state
 2543              		.cfi_def_cfa_offset 28
 2544              		@ sp needed
 2545 0088 BDE8F083 		pop	{r4, r5, r6, r7, r8, r9, pc}
 2546              	.LVL180:
 2547              	.L186:
 2548              	.LCFI43:
 2549              		.cfi_restore_state
1541:stm/stm32g4xx/STM32G4xx_HAL_Driver/Src/stm32g4xx_hal_smbus.c ****       {
 2550              		.loc 1 1541 7 is_stmt 1 view .LVU827
1541:stm/stm32g4xx/STM32G4xx_HAL_Driver/Src/stm32g4xx_hal_smbus.c ****       {
 2551              		.loc 1 1541 11 is_stmt 0 view .LVU828
 2552 008c 3368     		ldr	r3, [r6]
 2553              	.LVL181:
1541:stm/stm32g4xx/STM32G4xx_HAL_Driver/Src/stm32g4xx_hal_smbus.c ****       {
 2554              		.loc 1 1541 11 view .LVU829
 2555 008e 9B69     		ldr	r3, [r3, #24]
1541:stm/stm32g4xx/STM32G4xx_HAL_Driver/Src/stm32g4xx_hal_smbus.c ****       {
 2556              		.loc 1 1541 10 view .LVU830
 2557 0090 13F0100F 		tst	r3, #16
 2558 0094 2AD0     		beq	.L198
1563:stm/stm32g4xx/STM32G4xx_HAL_Driver/Src/stm32g4xx_hal_smbus.c ****         {
 2559              		.loc 1 1563 9 is_stmt 1 view .LVU831
1563:stm/stm32g4xx/STM32G4xx_HAL_Driver/Src/stm32g4xx_hal_smbus.c ****         {
 2560              		.loc 1 1563 13 is_stmt 0 view .LVU832
 2561 0096 2B46     		mov	r3, r5
 2562 0098 0022     		movs	r2, #0
 2563 009a 2021     		movs	r1, #32
 2564 009c 3046     		mov	r0, r6
 2565 009e FFF7FEFF 		bl	SMBUS_WaitOnFlagUntilTimeout
 2566              	.LVL182:
1563:stm/stm32g4xx/STM32G4xx_HAL_Driver/Src/stm32g4xx_hal_smbus.c ****         {
 2567              		.loc 1 1563 12 discriminator 1 view .LVU833
 2568 00a2 0028     		cmp	r0, #0
 2569 00a4 54D1     		bne	.L195
1569:stm/stm32g4xx/STM32G4xx_HAL_Driver/Src/stm32g4xx_hal_smbus.c **** 
 2570              		.loc 1 1569 9 is_stmt 1 view .LVU834
 2571 00a6 3368     		ldr	r3, [r6]
 2572 00a8 1022     		movs	r2, #16
 2573 00aa DA61     		str	r2, [r3, #28]
1572:stm/stm32g4xx/STM32G4xx_HAL_Driver/Src/stm32g4xx_hal_smbus.c ****       }
 2574              		.loc 1 1572 9 view .LVU835
 2575 00ac 3368     		ldr	r3, [r6]
 2576 00ae 2022     		movs	r2, #32
 2577 00b0 DA61     		str	r2, [r3, #28]
1576:stm/stm32g4xx/STM32G4xx_HAL_Driver/Src/stm32g4xx_hal_smbus.c ****       {
 2578              		.loc 1 1576 7 view .LVU836
1576:stm/stm32g4xx/STM32G4xx_HAL_Driver/Src/stm32g4xx_hal_smbus.c ****       {
ARM GAS  /tmp/ccPqrEja.s 			page 108


 2579              		.loc 1 1576 24 is_stmt 0 view .LVU837
 2580 00b2 019B     		ldr	r3, [sp, #4]
1576:stm/stm32g4xx/STM32G4xx_HAL_Driver/Src/stm32g4xx_hal_smbus.c ****       {
 2581              		.loc 1 1576 10 view .LVU838
 2582 00b4 4345     		cmp	r3, r8
 2583 00b6 29D0     		beq	.L199
 2584              	.L189:
1592:stm/stm32g4xx/STM32G4xx_HAL_Driver/Src/stm32g4xx_hal_smbus.c ****     } while (SMBUS_Trials < Trials);
 2585              		.loc 1 1592 7 is_stmt 1 view .LVU839
1592:stm/stm32g4xx/STM32G4xx_HAL_Driver/Src/stm32g4xx_hal_smbus.c ****     } while (SMBUS_Trials < Trials);
 2586              		.loc 1 1592 19 is_stmt 0 view .LVU840
 2587 00b8 019B     		ldr	r3, [sp, #4]
 2588 00ba 0133     		adds	r3, r3, #1
 2589 00bc 0193     		str	r3, [sp, #4]
1593:stm/stm32g4xx/STM32G4xx_HAL_Driver/Src/stm32g4xx_hal_smbus.c **** 
 2590              		.loc 1 1593 27 is_stmt 1 view .LVU841
 2591 00be 019B     		ldr	r3, [sp, #4]
 2592 00c0 4345     		cmp	r3, r8
 2593 00c2 33D2     		bcs	.L200
 2594              	.LVL183:
 2595              	.L190:
1506:stm/stm32g4xx/STM32G4xx_HAL_Driver/Src/stm32g4xx_hal_smbus.c ****     {
 2596              		.loc 1 1506 5 view .LVU842
1509:stm/stm32g4xx/STM32G4xx_HAL_Driver/Src/stm32g4xx_hal_smbus.c **** 
 2597              		.loc 1 1509 7 view .LVU843
1509:stm/stm32g4xx/STM32G4xx_HAL_Driver/Src/stm32g4xx_hal_smbus.c **** 
 2598              		.loc 1 1509 31 is_stmt 0 view .LVU844
 2599 00c4 3369     		ldr	r3, [r6, #16]
 2600 00c6 012B     		cmp	r3, #1
 2601 00c8 BAD0     		beq	.L201
1509:stm/stm32g4xx/STM32G4xx_HAL_Driver/Src/stm32g4xx_hal_smbus.c **** 
 2602              		.loc 1 1509 31 discriminator 2 view .LVU845
 2603 00ca C9F30903 		ubfx	r3, r9, #0, #10
 2604 00ce 43F42053 		orr	r3, r3, #10240
 2605              	.L182:
1509:stm/stm32g4xx/STM32G4xx_HAL_Driver/Src/stm32g4xx_hal_smbus.c **** 
 2606              		.loc 1 1509 13 discriminator 4 view .LVU846
 2607 00d2 3268     		ldr	r2, [r6]
1509:stm/stm32g4xx/STM32G4xx_HAL_Driver/Src/stm32g4xx_hal_smbus.c **** 
 2608              		.loc 1 1509 29 discriminator 4 view .LVU847
 2609 00d4 5360     		str	r3, [r2, #4]
1513:stm/stm32g4xx/STM32G4xx_HAL_Driver/Src/stm32g4xx_hal_smbus.c **** 
 2610              		.loc 1 1513 7 is_stmt 1 view .LVU848
1513:stm/stm32g4xx/STM32G4xx_HAL_Driver/Src/stm32g4xx_hal_smbus.c **** 
 2611              		.loc 1 1513 19 is_stmt 0 view .LVU849
 2612 00d6 FFF7FEFF 		bl	HAL_GetTick
 2613              	.LVL184:
 2614 00da 0746     		mov	r7, r0
 2615              	.LVL185:
1515:stm/stm32g4xx/STM32G4xx_HAL_Driver/Src/stm32g4xx_hal_smbus.c ****       tmp2 = __HAL_SMBUS_GET_FLAG(hsmbus, SMBUS_FLAG_AF);
 2616              		.loc 1 1515 7 is_stmt 1 view .LVU850
1515:stm/stm32g4xx/STM32G4xx_HAL_Driver/Src/stm32g4xx_hal_smbus.c ****       tmp2 = __HAL_SMBUS_GET_FLAG(hsmbus, SMBUS_FLAG_AF);
 2617              		.loc 1 1515 14 is_stmt 0 view .LVU851
 2618 00dc 3368     		ldr	r3, [r6]
 2619 00de 9C69     		ldr	r4, [r3, #24]
 2620 00e0 C4F34014 		ubfx	r4, r4, #5, #1
 2621              	.LVL186:
ARM GAS  /tmp/ccPqrEja.s 			page 109


1516:stm/stm32g4xx/STM32G4xx_HAL_Driver/Src/stm32g4xx_hal_smbus.c **** 
 2622              		.loc 1 1516 7 is_stmt 1 view .LVU852
1516:stm/stm32g4xx/STM32G4xx_HAL_Driver/Src/stm32g4xx_hal_smbus.c **** 
 2623              		.loc 1 1516 14 is_stmt 0 view .LVU853
 2624 00e4 9B69     		ldr	r3, [r3, #24]
 2625 00e6 C3F30013 		ubfx	r3, r3, #4, #1
 2626              	.LVL187:
1518:stm/stm32g4xx/STM32G4xx_HAL_Driver/Src/stm32g4xx_hal_smbus.c ****       {
 2627              		.loc 1 1518 7 is_stmt 1 view .LVU854
1518:stm/stm32g4xx/STM32G4xx_HAL_Driver/Src/stm32g4xx_hal_smbus.c ****       {
 2628              		.loc 1 1518 13 is_stmt 0 view .LVU855
 2629 00ea B7E7     		b	.L183
 2630              	.LVL188:
 2631              	.L198:
1544:stm/stm32g4xx/STM32G4xx_HAL_Driver/Src/stm32g4xx_hal_smbus.c ****         {
 2632              		.loc 1 1544 9 is_stmt 1 view .LVU856
1544:stm/stm32g4xx/STM32G4xx_HAL_Driver/Src/stm32g4xx_hal_smbus.c ****         {
 2633              		.loc 1 1544 13 is_stmt 0 view .LVU857
 2634 00ec 2B46     		mov	r3, r5
 2635 00ee 0022     		movs	r2, #0
 2636 00f0 2021     		movs	r1, #32
 2637 00f2 3046     		mov	r0, r6
 2638 00f4 FFF7FEFF 		bl	SMBUS_WaitOnFlagUntilTimeout
 2639              	.LVL189:
1544:stm/stm32g4xx/STM32G4xx_HAL_Driver/Src/stm32g4xx_hal_smbus.c ****         {
 2640              		.loc 1 1544 12 discriminator 1 view .LVU858
 2641 00f8 40BB     		cbnz	r0, .L194
1550:stm/stm32g4xx/STM32G4xx_HAL_Driver/Src/stm32g4xx_hal_smbus.c **** 
 2642              		.loc 1 1550 9 is_stmt 1 view .LVU859
 2643 00fa 3368     		ldr	r3, [r6]
 2644 00fc 2022     		movs	r2, #32
 2645 00fe DA61     		str	r2, [r3, #28]
1553:stm/stm32g4xx/STM32G4xx_HAL_Driver/Src/stm32g4xx_hal_smbus.c **** 
 2646              		.loc 1 1553 9 view .LVU860
1553:stm/stm32g4xx/STM32G4xx_HAL_Driver/Src/stm32g4xx_hal_smbus.c **** 
 2647              		.loc 1 1553 23 is_stmt 0 view .LVU861
 2648 0100 0123     		movs	r3, #1
 2649 0102 B364     		str	r3, [r6, #72]
1556:stm/stm32g4xx/STM32G4xx_HAL_Driver/Src/stm32g4xx_hal_smbus.c **** 
 2650              		.loc 1 1556 9 is_stmt 1 view .LVU862
1556:stm/stm32g4xx/STM32G4xx_HAL_Driver/Src/stm32g4xx_hal_smbus.c **** 
 2651              		.loc 1 1556 9 view .LVU863
 2652 0104 0023     		movs	r3, #0
 2653 0106 86F84430 		strb	r3, [r6, #68]
1556:stm/stm32g4xx/STM32G4xx_HAL_Driver/Src/stm32g4xx_hal_smbus.c **** 
 2654              		.loc 1 1556 9 view .LVU864
1558:stm/stm32g4xx/STM32G4xx_HAL_Driver/Src/stm32g4xx_hal_smbus.c ****       }
 2655              		.loc 1 1558 9 view .LVU865
1558:stm/stm32g4xx/STM32G4xx_HAL_Driver/Src/stm32g4xx_hal_smbus.c ****       }
 2656              		.loc 1 1558 16 is_stmt 0 view .LVU866
 2657 010a BCE7     		b	.L180
 2658              	.L199:
1579:stm/stm32g4xx/STM32G4xx_HAL_Driver/Src/stm32g4xx_hal_smbus.c **** 
 2659              		.loc 1 1579 9 is_stmt 1 view .LVU867
1579:stm/stm32g4xx/STM32G4xx_HAL_Driver/Src/stm32g4xx_hal_smbus.c **** 
 2660              		.loc 1 1579 15 is_stmt 0 view .LVU868
 2661 010c 3268     		ldr	r2, [r6]
ARM GAS  /tmp/ccPqrEja.s 			page 110


1579:stm/stm32g4xx/STM32G4xx_HAL_Driver/Src/stm32g4xx_hal_smbus.c **** 
 2662              		.loc 1 1579 25 view .LVU869
 2663 010e 5368     		ldr	r3, [r2, #4]
1579:stm/stm32g4xx/STM32G4xx_HAL_Driver/Src/stm32g4xx_hal_smbus.c **** 
 2664              		.loc 1 1579 31 view .LVU870
 2665 0110 43F48043 		orr	r3, r3, #16384
 2666 0114 5360     		str	r3, [r2, #4]
1582:stm/stm32g4xx/STM32G4xx_HAL_Driver/Src/stm32g4xx_hal_smbus.c ****         {
 2667              		.loc 1 1582 9 is_stmt 1 view .LVU871
1582:stm/stm32g4xx/STM32G4xx_HAL_Driver/Src/stm32g4xx_hal_smbus.c ****         {
 2668              		.loc 1 1582 13 is_stmt 0 view .LVU872
 2669 0116 2B46     		mov	r3, r5
 2670 0118 0022     		movs	r2, #0
 2671 011a 2021     		movs	r1, #32
 2672 011c 3046     		mov	r0, r6
 2673 011e FFF7FEFF 		bl	SMBUS_WaitOnFlagUntilTimeout
 2674              	.LVL190:
1582:stm/stm32g4xx/STM32G4xx_HAL_Driver/Src/stm32g4xx_hal_smbus.c ****         {
 2675              		.loc 1 1582 12 discriminator 1 view .LVU873
 2676 0122 B8B9     		cbnz	r0, .L196
1588:stm/stm32g4xx/STM32G4xx_HAL_Driver/Src/stm32g4xx_hal_smbus.c ****       }
 2677              		.loc 1 1588 9 is_stmt 1 view .LVU874
 2678 0124 3368     		ldr	r3, [r6]
 2679 0126 2022     		movs	r2, #32
 2680 0128 DA61     		str	r2, [r3, #28]
 2681 012a C5E7     		b	.L189
 2682              	.L200:
1595:stm/stm32g4xx/STM32G4xx_HAL_Driver/Src/stm32g4xx_hal_smbus.c **** 
 2683              		.loc 1 1595 5 view .LVU875
1595:stm/stm32g4xx/STM32G4xx_HAL_Driver/Src/stm32g4xx_hal_smbus.c **** 
 2684              		.loc 1 1595 19 is_stmt 0 view .LVU876
 2685 012c 0120     		movs	r0, #1
 2686 012e B064     		str	r0, [r6, #72]
1598:stm/stm32g4xx/STM32G4xx_HAL_Driver/Src/stm32g4xx_hal_smbus.c **** 
 2687              		.loc 1 1598 5 is_stmt 1 view .LVU877
1598:stm/stm32g4xx/STM32G4xx_HAL_Driver/Src/stm32g4xx_hal_smbus.c **** 
 2688              		.loc 1 1598 11 is_stmt 0 view .LVU878
 2689 0130 F36C     		ldr	r3, [r6, #76]
1598:stm/stm32g4xx/STM32G4xx_HAL_Driver/Src/stm32g4xx_hal_smbus.c **** 
 2690              		.loc 1 1598 23 view .LVU879
 2691 0132 43F01003 		orr	r3, r3, #16
 2692 0136 F364     		str	r3, [r6, #76]
1601:stm/stm32g4xx/STM32G4xx_HAL_Driver/Src/stm32g4xx_hal_smbus.c **** 
 2693              		.loc 1 1601 5 is_stmt 1 view .LVU880
1601:stm/stm32g4xx/STM32G4xx_HAL_Driver/Src/stm32g4xx_hal_smbus.c **** 
 2694              		.loc 1 1601 5 view .LVU881
 2695 0138 0023     		movs	r3, #0
 2696 013a 86F84430 		strb	r3, [r6, #68]
1601:stm/stm32g4xx/STM32G4xx_HAL_Driver/Src/stm32g4xx_hal_smbus.c **** 
 2697              		.loc 1 1601 5 view .LVU882
1603:stm/stm32g4xx/STM32G4xx_HAL_Driver/Src/stm32g4xx_hal_smbus.c ****   }
 2698              		.loc 1 1603 5 view .LVU883
1603:stm/stm32g4xx/STM32G4xx_HAL_Driver/Src/stm32g4xx_hal_smbus.c ****   }
 2699              		.loc 1 1603 12 is_stmt 0 view .LVU884
 2700 013e A2E7     		b	.L180
 2701              	.LVL191:
 2702              	.L191:
ARM GAS  /tmp/ccPqrEja.s 			page 111


1607:stm/stm32g4xx/STM32G4xx_HAL_Driver/Src/stm32g4xx_hal_smbus.c ****   }
 2703              		.loc 1 1607 12 view .LVU885
 2704 0140 0220     		movs	r0, #2
 2705              	.LVL192:
1607:stm/stm32g4xx/STM32G4xx_HAL_Driver/Src/stm32g4xx_hal_smbus.c ****   }
 2706              		.loc 1 1607 12 view .LVU886
 2707 0142 A0E7     		b	.L180
 2708              	.LVL193:
 2709              	.L192:
1497:stm/stm32g4xx/STM32G4xx_HAL_Driver/Src/stm32g4xx_hal_smbus.c ****     }
 2710              		.loc 1 1497 14 view .LVU887
 2711 0144 0220     		movs	r0, #2
 2712              	.LVL194:
1497:stm/stm32g4xx/STM32G4xx_HAL_Driver/Src/stm32g4xx_hal_smbus.c ****     }
 2713              		.loc 1 1497 14 view .LVU888
 2714 0146 9EE7     		b	.L180
 2715              	.LVL195:
 2716              	.L193:
1501:stm/stm32g4xx/STM32G4xx_HAL_Driver/Src/stm32g4xx_hal_smbus.c **** 
 2717              		.loc 1 1501 5 discriminator 1 view .LVU889
 2718 0148 0220     		movs	r0, #2
 2719              	.LVL196:
1501:stm/stm32g4xx/STM32G4xx_HAL_Driver/Src/stm32g4xx_hal_smbus.c **** 
 2720              		.loc 1 1501 5 discriminator 1 view .LVU890
 2721 014a 9CE7     		b	.L180
 2722              	.LVL197:
 2723              	.L194:
1546:stm/stm32g4xx/STM32G4xx_HAL_Driver/Src/stm32g4xx_hal_smbus.c ****         }
 2724              		.loc 1 1546 18 view .LVU891
 2725 014c 0120     		movs	r0, #1
 2726 014e 9AE7     		b	.L180
 2727              	.L195:
1565:stm/stm32g4xx/STM32G4xx_HAL_Driver/Src/stm32g4xx_hal_smbus.c ****         }
 2728              		.loc 1 1565 18 view .LVU892
 2729 0150 0120     		movs	r0, #1
 2730 0152 98E7     		b	.L180
 2731              	.L196:
1584:stm/stm32g4xx/STM32G4xx_HAL_Driver/Src/stm32g4xx_hal_smbus.c ****         }
 2732              		.loc 1 1584 18 view .LVU893
 2733 0154 0120     		movs	r0, #1
 2734 0156 96E7     		b	.L180
 2735              		.cfi_endproc
 2736              	.LFE344:
 2738              		.section	.text.HAL_SMBUS_MasterTxCpltCallback,"ax",%progbits
 2739              		.align	1
 2740              		.weak	HAL_SMBUS_MasterTxCpltCallback
 2741              		.syntax unified
 2742              		.thumb
 2743              		.thumb_func
 2745              	HAL_SMBUS_MasterTxCpltCallback:
 2746              	.LVL198:
 2747              	.LFB347:
1714:stm/stm32g4xx/STM32G4xx_HAL_Driver/Src/stm32g4xx_hal_smbus.c ****   /* Prevent unused argument(s) compilation warning */
 2748              		.loc 1 1714 1 is_stmt 1 view -0
 2749              		.cfi_startproc
 2750              		@ args = 0, pretend = 0, frame = 0
 2751              		@ frame_needed = 0, uses_anonymous_args = 0
ARM GAS  /tmp/ccPqrEja.s 			page 112


 2752              		@ link register save eliminated.
1716:stm/stm32g4xx/STM32G4xx_HAL_Driver/Src/stm32g4xx_hal_smbus.c **** 
 2753              		.loc 1 1716 3 view .LVU895
1721:stm/stm32g4xx/STM32G4xx_HAL_Driver/Src/stm32g4xx_hal_smbus.c **** 
 2754              		.loc 1 1721 1 is_stmt 0 view .LVU896
 2755 0000 7047     		bx	lr
 2756              		.cfi_endproc
 2757              	.LFE347:
 2759              		.section	.text.HAL_SMBUS_MasterRxCpltCallback,"ax",%progbits
 2760              		.align	1
 2761              		.weak	HAL_SMBUS_MasterRxCpltCallback
 2762              		.syntax unified
 2763              		.thumb
 2764              		.thumb_func
 2766              	HAL_SMBUS_MasterRxCpltCallback:
 2767              	.LVL199:
 2768              	.LFB348:
1730:stm/stm32g4xx/STM32G4xx_HAL_Driver/Src/stm32g4xx_hal_smbus.c ****   /* Prevent unused argument(s) compilation warning */
 2769              		.loc 1 1730 1 is_stmt 1 view -0
 2770              		.cfi_startproc
 2771              		@ args = 0, pretend = 0, frame = 0
 2772              		@ frame_needed = 0, uses_anonymous_args = 0
 2773              		@ link register save eliminated.
1732:stm/stm32g4xx/STM32G4xx_HAL_Driver/Src/stm32g4xx_hal_smbus.c **** 
 2774              		.loc 1 1732 3 view .LVU898
1737:stm/stm32g4xx/STM32G4xx_HAL_Driver/Src/stm32g4xx_hal_smbus.c **** 
 2775              		.loc 1 1737 1 is_stmt 0 view .LVU899
 2776 0000 7047     		bx	lr
 2777              		.cfi_endproc
 2778              	.LFE348:
 2780              		.section	.text.HAL_SMBUS_SlaveTxCpltCallback,"ax",%progbits
 2781              		.align	1
 2782              		.weak	HAL_SMBUS_SlaveTxCpltCallback
 2783              		.syntax unified
 2784              		.thumb
 2785              		.thumb_func
 2787              	HAL_SMBUS_SlaveTxCpltCallback:
 2788              	.LVL200:
 2789              	.LFB349:
1745:stm/stm32g4xx/STM32G4xx_HAL_Driver/Src/stm32g4xx_hal_smbus.c ****   /* Prevent unused argument(s) compilation warning */
 2790              		.loc 1 1745 1 is_stmt 1 view -0
 2791              		.cfi_startproc
 2792              		@ args = 0, pretend = 0, frame = 0
 2793              		@ frame_needed = 0, uses_anonymous_args = 0
 2794              		@ link register save eliminated.
1747:stm/stm32g4xx/STM32G4xx_HAL_Driver/Src/stm32g4xx_hal_smbus.c **** 
 2795              		.loc 1 1747 3 view .LVU901
1752:stm/stm32g4xx/STM32G4xx_HAL_Driver/Src/stm32g4xx_hal_smbus.c **** 
 2796              		.loc 1 1752 1 is_stmt 0 view .LVU902
 2797 0000 7047     		bx	lr
 2798              		.cfi_endproc
 2799              	.LFE349:
 2801              		.section	.text.HAL_SMBUS_SlaveRxCpltCallback,"ax",%progbits
 2802              		.align	1
 2803              		.weak	HAL_SMBUS_SlaveRxCpltCallback
 2804              		.syntax unified
 2805              		.thumb
ARM GAS  /tmp/ccPqrEja.s 			page 113


 2806              		.thumb_func
 2808              	HAL_SMBUS_SlaveRxCpltCallback:
 2809              	.LVL201:
 2810              	.LFB350:
1761:stm/stm32g4xx/STM32G4xx_HAL_Driver/Src/stm32g4xx_hal_smbus.c ****   /* Prevent unused argument(s) compilation warning */
 2811              		.loc 1 1761 1 is_stmt 1 view -0
 2812              		.cfi_startproc
 2813              		@ args = 0, pretend = 0, frame = 0
 2814              		@ frame_needed = 0, uses_anonymous_args = 0
 2815              		@ link register save eliminated.
1763:stm/stm32g4xx/STM32G4xx_HAL_Driver/Src/stm32g4xx_hal_smbus.c **** 
 2816              		.loc 1 1763 3 view .LVU904
1768:stm/stm32g4xx/STM32G4xx_HAL_Driver/Src/stm32g4xx_hal_smbus.c **** 
 2817              		.loc 1 1768 1 is_stmt 0 view .LVU905
 2818 0000 7047     		bx	lr
 2819              		.cfi_endproc
 2820              	.LFE350:
 2822              		.section	.text.HAL_SMBUS_AddrCallback,"ax",%progbits
 2823              		.align	1
 2824              		.weak	HAL_SMBUS_AddrCallback
 2825              		.syntax unified
 2826              		.thumb
 2827              		.thumb_func
 2829              	HAL_SMBUS_AddrCallback:
 2830              	.LVL202:
 2831              	.LFB351:
1780:stm/stm32g4xx/STM32G4xx_HAL_Driver/Src/stm32g4xx_hal_smbus.c ****   /* Prevent unused argument(s) compilation warning */
 2832              		.loc 1 1780 1 is_stmt 1 view -0
 2833              		.cfi_startproc
 2834              		@ args = 0, pretend = 0, frame = 0
 2835              		@ frame_needed = 0, uses_anonymous_args = 0
 2836              		@ link register save eliminated.
1782:stm/stm32g4xx/STM32G4xx_HAL_Driver/Src/stm32g4xx_hal_smbus.c ****   UNUSED(TransferDirection);
 2837              		.loc 1 1782 3 view .LVU907
1783:stm/stm32g4xx/STM32G4xx_HAL_Driver/Src/stm32g4xx_hal_smbus.c ****   UNUSED(AddrMatchCode);
 2838              		.loc 1 1783 3 view .LVU908
1784:stm/stm32g4xx/STM32G4xx_HAL_Driver/Src/stm32g4xx_hal_smbus.c **** 
 2839              		.loc 1 1784 3 view .LVU909
1789:stm/stm32g4xx/STM32G4xx_HAL_Driver/Src/stm32g4xx_hal_smbus.c **** 
 2840              		.loc 1 1789 1 is_stmt 0 view .LVU910
 2841 0000 7047     		bx	lr
 2842              		.cfi_endproc
 2843              	.LFE351:
 2845              		.section	.text.HAL_SMBUS_ListenCpltCallback,"ax",%progbits
 2846              		.align	1
 2847              		.weak	HAL_SMBUS_ListenCpltCallback
 2848              		.syntax unified
 2849              		.thumb
 2850              		.thumb_func
 2852              	HAL_SMBUS_ListenCpltCallback:
 2853              	.LVL203:
 2854              	.LFB352:
1798:stm/stm32g4xx/STM32G4xx_HAL_Driver/Src/stm32g4xx_hal_smbus.c ****   /* Prevent unused argument(s) compilation warning */
 2855              		.loc 1 1798 1 is_stmt 1 view -0
 2856              		.cfi_startproc
 2857              		@ args = 0, pretend = 0, frame = 0
 2858              		@ frame_needed = 0, uses_anonymous_args = 0
ARM GAS  /tmp/ccPqrEja.s 			page 114


 2859              		@ link register save eliminated.
1800:stm/stm32g4xx/STM32G4xx_HAL_Driver/Src/stm32g4xx_hal_smbus.c **** 
 2860              		.loc 1 1800 3 view .LVU912
1805:stm/stm32g4xx/STM32G4xx_HAL_Driver/Src/stm32g4xx_hal_smbus.c **** 
 2861              		.loc 1 1805 1 is_stmt 0 view .LVU913
 2862 0000 7047     		bx	lr
 2863              		.cfi_endproc
 2864              	.LFE352:
 2866              		.section	.text.HAL_SMBUS_ErrorCallback,"ax",%progbits
 2867              		.align	1
 2868              		.weak	HAL_SMBUS_ErrorCallback
 2869              		.syntax unified
 2870              		.thumb
 2871              		.thumb_func
 2873              	HAL_SMBUS_ErrorCallback:
 2874              	.LVL204:
 2875              	.LFB353:
1814:stm/stm32g4xx/STM32G4xx_HAL_Driver/Src/stm32g4xx_hal_smbus.c ****   /* Prevent unused argument(s) compilation warning */
 2876              		.loc 1 1814 1 is_stmt 1 view -0
 2877              		.cfi_startproc
 2878              		@ args = 0, pretend = 0, frame = 0
 2879              		@ frame_needed = 0, uses_anonymous_args = 0
 2880              		@ link register save eliminated.
1816:stm/stm32g4xx/STM32G4xx_HAL_Driver/Src/stm32g4xx_hal_smbus.c **** 
 2881              		.loc 1 1816 3 view .LVU915
1821:stm/stm32g4xx/STM32G4xx_HAL_Driver/Src/stm32g4xx_hal_smbus.c **** 
 2882              		.loc 1 1821 1 is_stmt 0 view .LVU916
 2883 0000 7047     		bx	lr
 2884              		.cfi_endproc
 2885              	.LFE353:
 2887              		.section	.text.SMBUS_ITErrorHandler,"ax",%progbits
 2888              		.align	1
 2889              		.syntax unified
 2890              		.thumb
 2891              		.thumb_func
 2893              	SMBUS_ITErrorHandler:
 2894              	.LVL205:
 2895              	.LFB360:
2556:stm/stm32g4xx/STM32G4xx_HAL_Driver/Src/stm32g4xx_hal_smbus.c ****   uint32_t itflags   = READ_REG(hsmbus->Instance->ISR);
 2896              		.loc 1 2556 1 is_stmt 1 view -0
 2897              		.cfi_startproc
 2898              		@ args = 0, pretend = 0, frame = 0
 2899              		@ frame_needed = 0, uses_anonymous_args = 0
2556:stm/stm32g4xx/STM32G4xx_HAL_Driver/Src/stm32g4xx_hal_smbus.c ****   uint32_t itflags   = READ_REG(hsmbus->Instance->ISR);
 2900              		.loc 1 2556 1 is_stmt 0 view .LVU918
 2901 0000 10B5     		push	{r4, lr}
 2902              	.LCFI44:
 2903              		.cfi_def_cfa_offset 8
 2904              		.cfi_offset 4, -8
 2905              		.cfi_offset 14, -4
 2906 0002 0446     		mov	r4, r0
2557:stm/stm32g4xx/STM32G4xx_HAL_Driver/Src/stm32g4xx_hal_smbus.c ****   uint32_t itsources = READ_REG(hsmbus->Instance->CR1);
 2907              		.loc 1 2557 3 is_stmt 1 view .LVU919
2557:stm/stm32g4xx/STM32G4xx_HAL_Driver/Src/stm32g4xx_hal_smbus.c ****   uint32_t itsources = READ_REG(hsmbus->Instance->CR1);
 2908              		.loc 1 2557 24 is_stmt 0 view .LVU920
 2909 0004 0168     		ldr	r1, [r0]
2557:stm/stm32g4xx/STM32G4xx_HAL_Driver/Src/stm32g4xx_hal_smbus.c ****   uint32_t itsources = READ_REG(hsmbus->Instance->CR1);
ARM GAS  /tmp/ccPqrEja.s 			page 115


 2910              		.loc 1 2557 12 view .LVU921
 2911 0006 8B69     		ldr	r3, [r1, #24]
 2912              	.LVL206:
2558:stm/stm32g4xx/STM32G4xx_HAL_Driver/Src/stm32g4xx_hal_smbus.c ****   uint32_t tmpstate;
 2913              		.loc 1 2558 3 is_stmt 1 view .LVU922
2558:stm/stm32g4xx/STM32G4xx_HAL_Driver/Src/stm32g4xx_hal_smbus.c ****   uint32_t tmpstate;
 2914              		.loc 1 2558 12 is_stmt 0 view .LVU923
 2915 0008 0A68     		ldr	r2, [r1]
 2916              	.LVL207:
2559:stm/stm32g4xx/STM32G4xx_HAL_Driver/Src/stm32g4xx_hal_smbus.c ****   uint32_t tmperror;
 2917              		.loc 1 2559 3 is_stmt 1 view .LVU924
2560:stm/stm32g4xx/STM32G4xx_HAL_Driver/Src/stm32g4xx_hal_smbus.c **** 
 2918              		.loc 1 2560 3 view .LVU925
2563:stm/stm32g4xx/STM32G4xx_HAL_Driver/Src/stm32g4xx_hal_smbus.c ****       ((itsources & SMBUS_IT_ERRI) == SMBUS_IT_ERRI))
 2919              		.loc 1 2563 3 view .LVU926
2563:stm/stm32g4xx/STM32G4xx_HAL_Driver/Src/stm32g4xx_hal_smbus.c ****       ((itsources & SMBUS_IT_ERRI) == SMBUS_IT_ERRI))
 2920              		.loc 1 2563 6 is_stmt 0 view .LVU927
 2921 000a 13F4807F 		tst	r3, #256
 2922 000e 09D0     		beq	.L210
2563:stm/stm32g4xx/STM32G4xx_HAL_Driver/Src/stm32g4xx_hal_smbus.c ****       ((itsources & SMBUS_IT_ERRI) == SMBUS_IT_ERRI))
 2923              		.loc 1 2563 56 discriminator 1 view .LVU928
 2924 0010 12F0800F 		tst	r2, #128
 2925 0014 06D0     		beq	.L210
2566:stm/stm32g4xx/STM32G4xx_HAL_Driver/Src/stm32g4xx_hal_smbus.c **** 
 2926              		.loc 1 2566 5 is_stmt 1 view .LVU929
2566:stm/stm32g4xx/STM32G4xx_HAL_Driver/Src/stm32g4xx_hal_smbus.c **** 
 2927              		.loc 1 2566 11 is_stmt 0 view .LVU930
 2928 0016 C06C     		ldr	r0, [r0, #76]
 2929              	.LVL208:
2566:stm/stm32g4xx/STM32G4xx_HAL_Driver/Src/stm32g4xx_hal_smbus.c **** 
 2930              		.loc 1 2566 23 view .LVU931
 2931 0018 40F00100 		orr	r0, r0, #1
 2932 001c E064     		str	r0, [r4, #76]
2569:stm/stm32g4xx/STM32G4xx_HAL_Driver/Src/stm32g4xx_hal_smbus.c ****   }
 2933              		.loc 1 2569 5 is_stmt 1 view .LVU932
 2934 001e 4FF48070 		mov	r0, #256
 2935 0022 C861     		str	r0, [r1, #28]
 2936              	.L210:
2573:stm/stm32g4xx/STM32G4xx_HAL_Driver/Src/stm32g4xx_hal_smbus.c ****       ((itsources & SMBUS_IT_ERRI) == SMBUS_IT_ERRI))
 2937              		.loc 1 2573 3 view .LVU933
2573:stm/stm32g4xx/STM32G4xx_HAL_Driver/Src/stm32g4xx_hal_smbus.c ****       ((itsources & SMBUS_IT_ERRI) == SMBUS_IT_ERRI))
 2938              		.loc 1 2573 6 is_stmt 0 view .LVU934
 2939 0024 13F4806F 		tst	r3, #1024
 2940 0028 0AD0     		beq	.L211
2573:stm/stm32g4xx/STM32G4xx_HAL_Driver/Src/stm32g4xx_hal_smbus.c ****       ((itsources & SMBUS_IT_ERRI) == SMBUS_IT_ERRI))
 2941              		.loc 1 2573 54 discriminator 1 view .LVU935
 2942 002a 12F0800F 		tst	r2, #128
 2943 002e 07D0     		beq	.L211
2576:stm/stm32g4xx/STM32G4xx_HAL_Driver/Src/stm32g4xx_hal_smbus.c **** 
 2944              		.loc 1 2576 5 is_stmt 1 view .LVU936
2576:stm/stm32g4xx/STM32G4xx_HAL_Driver/Src/stm32g4xx_hal_smbus.c **** 
 2945              		.loc 1 2576 11 is_stmt 0 view .LVU937
 2946 0030 E16C     		ldr	r1, [r4, #76]
2576:stm/stm32g4xx/STM32G4xx_HAL_Driver/Src/stm32g4xx_hal_smbus.c **** 
 2947              		.loc 1 2576 23 view .LVU938
 2948 0032 41F00801 		orr	r1, r1, #8
 2949 0036 E164     		str	r1, [r4, #76]
ARM GAS  /tmp/ccPqrEja.s 			page 116


2579:stm/stm32g4xx/STM32G4xx_HAL_Driver/Src/stm32g4xx_hal_smbus.c ****   }
 2950              		.loc 1 2579 5 is_stmt 1 view .LVU939
 2951 0038 2168     		ldr	r1, [r4]
 2952 003a 4FF48060 		mov	r0, #1024
 2953 003e C861     		str	r0, [r1, #28]
 2954              	.L211:
2583:stm/stm32g4xx/STM32G4xx_HAL_Driver/Src/stm32g4xx_hal_smbus.c ****       ((itsources & SMBUS_IT_ERRI) == SMBUS_IT_ERRI))
 2955              		.loc 1 2583 3 view .LVU940
2583:stm/stm32g4xx/STM32G4xx_HAL_Driver/Src/stm32g4xx_hal_smbus.c ****       ((itsources & SMBUS_IT_ERRI) == SMBUS_IT_ERRI))
 2956              		.loc 1 2583 6 is_stmt 0 view .LVU941
 2957 0040 13F4007F 		tst	r3, #512
 2958 0044 0AD0     		beq	.L212
2583:stm/stm32g4xx/STM32G4xx_HAL_Driver/Src/stm32g4xx_hal_smbus.c ****       ((itsources & SMBUS_IT_ERRI) == SMBUS_IT_ERRI))
 2959              		.loc 1 2583 56 discriminator 1 view .LVU942
 2960 0046 12F0800F 		tst	r2, #128
 2961 004a 07D0     		beq	.L212
2586:stm/stm32g4xx/STM32G4xx_HAL_Driver/Src/stm32g4xx_hal_smbus.c **** 
 2962              		.loc 1 2586 5 is_stmt 1 view .LVU943
2586:stm/stm32g4xx/STM32G4xx_HAL_Driver/Src/stm32g4xx_hal_smbus.c **** 
 2963              		.loc 1 2586 11 is_stmt 0 view .LVU944
 2964 004c E16C     		ldr	r1, [r4, #76]
2586:stm/stm32g4xx/STM32G4xx_HAL_Driver/Src/stm32g4xx_hal_smbus.c **** 
 2965              		.loc 1 2586 23 view .LVU945
 2966 004e 41F00201 		orr	r1, r1, #2
 2967 0052 E164     		str	r1, [r4, #76]
2589:stm/stm32g4xx/STM32G4xx_HAL_Driver/Src/stm32g4xx_hal_smbus.c ****   }
 2968              		.loc 1 2589 5 is_stmt 1 view .LVU946
 2969 0054 2168     		ldr	r1, [r4]
 2970 0056 4FF40070 		mov	r0, #512
 2971 005a C861     		str	r0, [r1, #28]
 2972              	.L212:
2593:stm/stm32g4xx/STM32G4xx_HAL_Driver/Src/stm32g4xx_hal_smbus.c ****       ((itsources & SMBUS_IT_ERRI) == SMBUS_IT_ERRI))
 2973              		.loc 1 2593 3 view .LVU947
2593:stm/stm32g4xx/STM32G4xx_HAL_Driver/Src/stm32g4xx_hal_smbus.c ****       ((itsources & SMBUS_IT_ERRI) == SMBUS_IT_ERRI))
 2974              		.loc 1 2593 6 is_stmt 0 view .LVU948
 2975 005c 13F4805F 		tst	r3, #4096
 2976 0060 0AD0     		beq	.L213
2593:stm/stm32g4xx/STM32G4xx_HAL_Driver/Src/stm32g4xx_hal_smbus.c ****       ((itsources & SMBUS_IT_ERRI) == SMBUS_IT_ERRI))
 2977              		.loc 1 2593 62 discriminator 1 view .LVU949
 2978 0062 12F0800F 		tst	r2, #128
 2979 0066 07D0     		beq	.L213
2596:stm/stm32g4xx/STM32G4xx_HAL_Driver/Src/stm32g4xx_hal_smbus.c **** 
 2980              		.loc 1 2596 5 is_stmt 1 view .LVU950
2596:stm/stm32g4xx/STM32G4xx_HAL_Driver/Src/stm32g4xx_hal_smbus.c **** 
 2981              		.loc 1 2596 11 is_stmt 0 view .LVU951
 2982 0068 E16C     		ldr	r1, [r4, #76]
2596:stm/stm32g4xx/STM32G4xx_HAL_Driver/Src/stm32g4xx_hal_smbus.c **** 
 2983              		.loc 1 2596 23 view .LVU952
 2984 006a 41F02001 		orr	r1, r1, #32
 2985 006e E164     		str	r1, [r4, #76]
2599:stm/stm32g4xx/STM32G4xx_HAL_Driver/Src/stm32g4xx_hal_smbus.c ****   }
 2986              		.loc 1 2599 5 is_stmt 1 view .LVU953
 2987 0070 2168     		ldr	r1, [r4]
 2988 0072 4FF48050 		mov	r0, #4096
 2989 0076 C861     		str	r0, [r1, #28]
 2990              	.L213:
2603:stm/stm32g4xx/STM32G4xx_HAL_Driver/Src/stm32g4xx_hal_smbus.c ****       ((itsources & SMBUS_IT_ERRI) == SMBUS_IT_ERRI))
ARM GAS  /tmp/ccPqrEja.s 			page 117


 2991              		.loc 1 2603 3 view .LVU954
2603:stm/stm32g4xx/STM32G4xx_HAL_Driver/Src/stm32g4xx_hal_smbus.c ****       ((itsources & SMBUS_IT_ERRI) == SMBUS_IT_ERRI))
 2992              		.loc 1 2603 6 is_stmt 0 view .LVU955
 2993 0078 13F4005F 		tst	r3, #8192
 2994 007c 0AD0     		beq	.L214
2603:stm/stm32g4xx/STM32G4xx_HAL_Driver/Src/stm32g4xx_hal_smbus.c ****       ((itsources & SMBUS_IT_ERRI) == SMBUS_IT_ERRI))
 2995              		.loc 1 2603 58 discriminator 1 view .LVU956
 2996 007e 12F0800F 		tst	r2, #128
 2997 0082 07D0     		beq	.L214
2606:stm/stm32g4xx/STM32G4xx_HAL_Driver/Src/stm32g4xx_hal_smbus.c **** 
 2998              		.loc 1 2606 5 is_stmt 1 view .LVU957
2606:stm/stm32g4xx/STM32G4xx_HAL_Driver/Src/stm32g4xx_hal_smbus.c **** 
 2999              		.loc 1 2606 11 is_stmt 0 view .LVU958
 3000 0084 E16C     		ldr	r1, [r4, #76]
2606:stm/stm32g4xx/STM32G4xx_HAL_Driver/Src/stm32g4xx_hal_smbus.c **** 
 3001              		.loc 1 2606 23 view .LVU959
 3002 0086 41F04001 		orr	r1, r1, #64
 3003 008a E164     		str	r1, [r4, #76]
2609:stm/stm32g4xx/STM32G4xx_HAL_Driver/Src/stm32g4xx_hal_smbus.c ****   }
 3004              		.loc 1 2609 5 is_stmt 1 view .LVU960
 3005 008c 2168     		ldr	r1, [r4]
 3006 008e 4FF40050 		mov	r0, #8192
 3007 0092 C861     		str	r0, [r1, #28]
 3008              	.L214:
2613:stm/stm32g4xx/STM32G4xx_HAL_Driver/Src/stm32g4xx_hal_smbus.c ****       ((itsources & SMBUS_IT_ERRI) == SMBUS_IT_ERRI))
 3009              		.loc 1 2613 3 view .LVU961
2613:stm/stm32g4xx/STM32G4xx_HAL_Driver/Src/stm32g4xx_hal_smbus.c ****       ((itsources & SMBUS_IT_ERRI) == SMBUS_IT_ERRI))
 3010              		.loc 1 2613 6 is_stmt 0 view .LVU962
 3011 0094 13F4006F 		tst	r3, #2048
 3012 0098 0AD0     		beq	.L215
2613:stm/stm32g4xx/STM32G4xx_HAL_Driver/Src/stm32g4xx_hal_smbus.c ****       ((itsources & SMBUS_IT_ERRI) == SMBUS_IT_ERRI))
 3013              		.loc 1 2613 60 discriminator 1 view .LVU963
 3014 009a 12F0800F 		tst	r2, #128
 3015 009e 07D0     		beq	.L215
2616:stm/stm32g4xx/STM32G4xx_HAL_Driver/Src/stm32g4xx_hal_smbus.c **** 
 3016              		.loc 1 2616 5 is_stmt 1 view .LVU964
2616:stm/stm32g4xx/STM32G4xx_HAL_Driver/Src/stm32g4xx_hal_smbus.c **** 
 3017              		.loc 1 2616 11 is_stmt 0 view .LVU965
 3018 00a0 E36C     		ldr	r3, [r4, #76]
 3019              	.LVL209:
2616:stm/stm32g4xx/STM32G4xx_HAL_Driver/Src/stm32g4xx_hal_smbus.c **** 
 3020              		.loc 1 2616 23 view .LVU966
 3021 00a2 43F08003 		orr	r3, r3, #128
 3022 00a6 E364     		str	r3, [r4, #76]
2619:stm/stm32g4xx/STM32G4xx_HAL_Driver/Src/stm32g4xx_hal_smbus.c ****   }
 3023              		.loc 1 2619 5 is_stmt 1 view .LVU967
 3024 00a8 2368     		ldr	r3, [r4]
 3025 00aa 4FF40062 		mov	r2, #2048
 3026              	.LVL210:
2619:stm/stm32g4xx/STM32G4xx_HAL_Driver/Src/stm32g4xx_hal_smbus.c ****   }
 3027              		.loc 1 2619 5 is_stmt 0 view .LVU968
 3028 00ae DA61     		str	r2, [r3, #28]
 3029              	.L215:
2622:stm/stm32g4xx/STM32G4xx_HAL_Driver/Src/stm32g4xx_hal_smbus.c ****   {
 3030              		.loc 1 2622 3 is_stmt 1 view .LVU969
2622:stm/stm32g4xx/STM32G4xx_HAL_Driver/Src/stm32g4xx_hal_smbus.c ****   {
 3031              		.loc 1 2622 13 is_stmt 0 view .LVU970
ARM GAS  /tmp/ccPqrEja.s 			page 118


 3032 00b0 E36C     		ldr	r3, [r4, #76]
2622:stm/stm32g4xx/STM32G4xx_HAL_Driver/Src/stm32g4xx_hal_smbus.c ****   {
 3033              		.loc 1 2622 6 view .LVU971
 3034 00b2 BBB9     		cbnz	r3, .L221
 3035              	.L216:
2629:stm/stm32g4xx/STM32G4xx_HAL_Driver/Src/stm32g4xx_hal_smbus.c **** 
 3036              		.loc 1 2629 3 is_stmt 1 view .LVU972
2629:stm/stm32g4xx/STM32G4xx_HAL_Driver/Src/stm32g4xx_hal_smbus.c **** 
 3037              		.loc 1 2629 12 is_stmt 0 view .LVU973
 3038 00b4 E36C     		ldr	r3, [r4, #76]
 3039              	.LVL211:
2632:stm/stm32g4xx/STM32G4xx_HAL_Driver/Src/stm32g4xx_hal_smbus.c ****   {
 3040              		.loc 1 2632 3 is_stmt 1 view .LVU974
2632:stm/stm32g4xx/STM32G4xx_HAL_Driver/Src/stm32g4xx_hal_smbus.c ****   {
 3041              		.loc 1 2632 6 is_stmt 0 view .LVU975
 3042 00b6 A3B1     		cbz	r3, .L209
2632:stm/stm32g4xx/STM32G4xx_HAL_Driver/Src/stm32g4xx_hal_smbus.c ****   {
 3043              		.loc 1 2632 42 discriminator 1 view .LVU976
 3044 00b8 042B     		cmp	r3, #4
 3045 00ba 12D0     		beq	.L209
2635:stm/stm32g4xx/STM32G4xx_HAL_Driver/Src/stm32g4xx_hal_smbus.c ****     {
 3046              		.loc 1 2635 5 is_stmt 1 view .LVU977
2635:stm/stm32g4xx/STM32G4xx_HAL_Driver/Src/stm32g4xx_hal_smbus.c ****     {
 3047              		.loc 1 2635 8 is_stmt 0 view .LVU978
 3048 00bc 13F0400F 		tst	r3, #64
 3049 00c0 0CD1     		bne	.L218
2638:stm/stm32g4xx/STM32G4xx_HAL_Driver/Src/stm32g4xx_hal_smbus.c **** 
 3050              		.loc 1 2638 7 is_stmt 1 view .LVU979
2638:stm/stm32g4xx/STM32G4xx_HAL_Driver/Src/stm32g4xx_hal_smbus.c **** 
 3051              		.loc 1 2638 16 is_stmt 0 view .LVU980
 3052 00c2 A36C     		ldr	r3, [r4, #72]
 3053              	.LVL212:
2640:stm/stm32g4xx/STM32G4xx_HAL_Driver/Src/stm32g4xx_hal_smbus.c ****           || ((tmpstate & HAL_SMBUS_STATE_SLAVE_BUSY_RX) == HAL_SMBUS_STATE_SLAVE_BUSY_RX))
 3054              		.loc 1 2640 7 is_stmt 1 view .LVU981
2640:stm/stm32g4xx/STM32G4xx_HAL_Driver/Src/stm32g4xx_hal_smbus.c ****           || ((tmpstate & HAL_SMBUS_STATE_SLAVE_BUSY_RX) == HAL_SMBUS_STATE_SLAVE_BUSY_RX))
 3055              		.loc 1 2640 22 is_stmt 0 view .LVU982
 3056 00c4 03F03202 		and	r2, r3, #50
2640:stm/stm32g4xx/STM32G4xx_HAL_Driver/Src/stm32g4xx_hal_smbus.c ****           || ((tmpstate & HAL_SMBUS_STATE_SLAVE_BUSY_RX) == HAL_SMBUS_STATE_SLAVE_BUSY_RX))
 3057              		.loc 1 2640 10 view .LVU983
 3058 00c8 322A     		cmp	r2, #50
 3059 00ca 03D0     		beq	.L219
2641:stm/stm32g4xx/STM32G4xx_HAL_Driver/Src/stm32g4xx_hal_smbus.c ****       {
 3060              		.loc 1 2641 25 view .LVU984
 3061 00cc 03F04203 		and	r3, r3, #66
 3062              	.LVL213:
2641:stm/stm32g4xx/STM32G4xx_HAL_Driver/Src/stm32g4xx_hal_smbus.c ****       {
 3063              		.loc 1 2641 11 view .LVU985
 3064 00d0 422B     		cmp	r3, #66
 3065 00d2 03D1     		bne	.L218
 3066              	.L219:
2645:stm/stm32g4xx/STM32G4xx_HAL_Driver/Src/stm32g4xx_hal_smbus.c ****         hsmbus->State = HAL_SMBUS_STATE_LISTEN;
 3067              		.loc 1 2645 9 is_stmt 1 view .LVU986
2645:stm/stm32g4xx/STM32G4xx_HAL_Driver/Src/stm32g4xx_hal_smbus.c ****         hsmbus->State = HAL_SMBUS_STATE_LISTEN;
 3068              		.loc 1 2645 31 is_stmt 0 view .LVU987
 3069 00d4 0123     		movs	r3, #1
 3070 00d6 2364     		str	r3, [r4, #64]
2646:stm/stm32g4xx/STM32G4xx_HAL_Driver/Src/stm32g4xx_hal_smbus.c ****       }
ARM GAS  /tmp/ccPqrEja.s 			page 119


 3071              		.loc 1 2646 9 is_stmt 1 view .LVU988
2646:stm/stm32g4xx/STM32G4xx_HAL_Driver/Src/stm32g4xx_hal_smbus.c ****       }
 3072              		.loc 1 2646 23 is_stmt 0 view .LVU989
 3073 00d8 0823     		movs	r3, #8
 3074 00da A364     		str	r3, [r4, #72]
 3075              	.LVL214:
 3076              	.L218:
2654:stm/stm32g4xx/STM32G4xx_HAL_Driver/Src/stm32g4xx_hal_smbus.c **** #endif /* USE_HAL_SMBUS_REGISTER_CALLBACKS */
 3077              		.loc 1 2654 5 is_stmt 1 view .LVU990
 3078 00dc 2046     		mov	r0, r4
 3079 00de FFF7FEFF 		bl	HAL_SMBUS_ErrorCallback
 3080              	.LVL215:
 3081              	.L209:
2657:stm/stm32g4xx/STM32G4xx_HAL_Driver/Src/stm32g4xx_hal_smbus.c **** 
 3082              		.loc 1 2657 1 is_stmt 0 view .LVU991
 3083 00e2 10BD     		pop	{r4, pc}
 3084              	.LVL216:
 3085              	.L221:
2625:stm/stm32g4xx/STM32G4xx_HAL_Driver/Src/stm32g4xx_hal_smbus.c ****   }
 3086              		.loc 1 2625 5 is_stmt 1 view .LVU992
 3087 00e4 2046     		mov	r0, r4
 3088 00e6 FFF7FEFF 		bl	SMBUS_Flush_TXDR
 3089              	.LVL217:
 3090 00ea E3E7     		b	.L216
 3091              		.cfi_endproc
 3092              	.LFE360:
 3094              		.section	.text.HAL_SMBUS_ER_IRQHandler,"ax",%progbits
 3095              		.align	1
 3096              		.global	HAL_SMBUS_ER_IRQHandler
 3097              		.syntax unified
 3098              		.thumb
 3099              		.thumb_func
 3101              	HAL_SMBUS_ER_IRQHandler:
 3102              	.LVL218:
 3103              	.LFB346:
1703:stm/stm32g4xx/STM32G4xx_HAL_Driver/Src/stm32g4xx_hal_smbus.c ****   SMBUS_ITErrorHandler(hsmbus);
 3104              		.loc 1 1703 1 view -0
 3105              		.cfi_startproc
 3106              		@ args = 0, pretend = 0, frame = 0
 3107              		@ frame_needed = 0, uses_anonymous_args = 0
1703:stm/stm32g4xx/STM32G4xx_HAL_Driver/Src/stm32g4xx_hal_smbus.c ****   SMBUS_ITErrorHandler(hsmbus);
 3108              		.loc 1 1703 1 is_stmt 0 view .LVU994
 3109 0000 08B5     		push	{r3, lr}
 3110              	.LCFI45:
 3111              		.cfi_def_cfa_offset 8
 3112              		.cfi_offset 3, -8
 3113              		.cfi_offset 14, -4
1704:stm/stm32g4xx/STM32G4xx_HAL_Driver/Src/stm32g4xx_hal_smbus.c **** }
 3114              		.loc 1 1704 3 is_stmt 1 view .LVU995
 3115 0002 FFF7FEFF 		bl	SMBUS_ITErrorHandler
 3116              	.LVL219:
1705:stm/stm32g4xx/STM32G4xx_HAL_Driver/Src/stm32g4xx_hal_smbus.c **** 
 3117              		.loc 1 1705 1 is_stmt 0 view .LVU996
 3118 0006 08BD     		pop	{r3, pc}
 3119              		.cfi_endproc
 3120              	.LFE346:
 3122              		.section	.text.SMBUS_Master_ISR,"ax",%progbits
ARM GAS  /tmp/ccPqrEja.s 			page 120


 3123              		.align	1
 3124              		.syntax unified
 3125              		.thumb
 3126              		.thumb_func
 3128              	SMBUS_Master_ISR:
 3129              	.LVL220:
 3130              	.LFB356:
1886:stm/stm32g4xx/STM32G4xx_HAL_Driver/Src/stm32g4xx_hal_smbus.c ****   uint16_t DevAddress;
 3131              		.loc 1 1886 1 is_stmt 1 view -0
 3132              		.cfi_startproc
 3133              		@ args = 0, pretend = 0, frame = 0
 3134              		@ frame_needed = 0, uses_anonymous_args = 0
1887:stm/stm32g4xx/STM32G4xx_HAL_Driver/Src/stm32g4xx_hal_smbus.c **** 
 3135              		.loc 1 1887 3 view .LVU998
1890:stm/stm32g4xx/STM32G4xx_HAL_Driver/Src/stm32g4xx_hal_smbus.c **** 
 3136              		.loc 1 1890 3 view .LVU999
1890:stm/stm32g4xx/STM32G4xx_HAL_Driver/Src/stm32g4xx_hal_smbus.c **** 
 3137              		.loc 1 1890 3 view .LVU1000
 3138 0000 90F84430 		ldrb	r3, [r0, #68]	@ zero_extendqisi2
 3139 0004 012B     		cmp	r3, #1
 3140 0006 00F04B81 		beq	.L239
1886:stm/stm32g4xx/STM32G4xx_HAL_Driver/Src/stm32g4xx_hal_smbus.c ****   uint16_t DevAddress;
 3141              		.loc 1 1886 1 is_stmt 0 view .LVU1001
 3142 000a 30B5     		push	{r4, r5, lr}
 3143              	.LCFI46:
 3144              		.cfi_def_cfa_offset 12
 3145              		.cfi_offset 4, -12
 3146              		.cfi_offset 5, -8
 3147              		.cfi_offset 14, -4
 3148 000c 83B0     		sub	sp, sp, #12
 3149              	.LCFI47:
 3150              		.cfi_def_cfa_offset 24
 3151 000e 0446     		mov	r4, r0
 3152 0010 0D46     		mov	r5, r1
1890:stm/stm32g4xx/STM32G4xx_HAL_Driver/Src/stm32g4xx_hal_smbus.c **** 
 3153              		.loc 1 1890 3 is_stmt 1 discriminator 2 view .LVU1002
 3154 0012 0123     		movs	r3, #1
 3155 0014 80F84430 		strb	r3, [r0, #68]
1890:stm/stm32g4xx/STM32G4xx_HAL_Driver/Src/stm32g4xx_hal_smbus.c **** 
 3156              		.loc 1 1890 3 discriminator 2 view .LVU1003
1892:stm/stm32g4xx/STM32G4xx_HAL_Driver/Src/stm32g4xx_hal_smbus.c ****   {
 3157              		.loc 1 1892 3 view .LVU1004
1892:stm/stm32g4xx/STM32G4xx_HAL_Driver/Src/stm32g4xx_hal_smbus.c ****   {
 3158              		.loc 1 1892 6 is_stmt 0 view .LVU1005
 3159 0018 11F0100F 		tst	r1, #16
 3160 001c 16D1     		bne	.L244
1914:stm/stm32g4xx/STM32G4xx_HAL_Driver/Src/stm32g4xx_hal_smbus.c ****   {
 3161              		.loc 1 1914 8 is_stmt 1 view .LVU1006
1914:stm/stm32g4xx/STM32G4xx_HAL_Driver/Src/stm32g4xx_hal_smbus.c ****   {
 3162              		.loc 1 1914 11 is_stmt 0 view .LVU1007
 3163 001e 11F0200F 		tst	r1, #32
 3164 0022 27D1     		bne	.L245
1996:stm/stm32g4xx/STM32G4xx_HAL_Driver/Src/stm32g4xx_hal_smbus.c ****   {
 3165              		.loc 1 1996 8 is_stmt 1 view .LVU1008
1996:stm/stm32g4xx/STM32G4xx_HAL_Driver/Src/stm32g4xx_hal_smbus.c ****   {
 3166              		.loc 1 1996 11 is_stmt 0 view .LVU1009
 3167 0024 11F0040F 		tst	r1, #4
ARM GAS  /tmp/ccPqrEja.s 			page 121


 3168 0028 00F08180 		beq	.L231
1999:stm/stm32g4xx/STM32G4xx_HAL_Driver/Src/stm32g4xx_hal_smbus.c **** 
 3169              		.loc 1 1999 5 is_stmt 1 view .LVU1010
1999:stm/stm32g4xx/STM32G4xx_HAL_Driver/Src/stm32g4xx_hal_smbus.c **** 
 3170              		.loc 1 1999 41 is_stmt 0 view .LVU1011
 3171 002c 0368     		ldr	r3, [r0]
1999:stm/stm32g4xx/STM32G4xx_HAL_Driver/Src/stm32g4xx_hal_smbus.c **** 
 3172              		.loc 1 1999 51 view .LVU1012
 3173 002e 5A6A     		ldr	r2, [r3, #36]
1999:stm/stm32g4xx/STM32G4xx_HAL_Driver/Src/stm32g4xx_hal_smbus.c **** 
 3174              		.loc 1 1999 12 view .LVU1013
 3175 0030 436B     		ldr	r3, [r0, #52]
1999:stm/stm32g4xx/STM32G4xx_HAL_Driver/Src/stm32g4xx_hal_smbus.c **** 
 3176              		.loc 1 1999 23 view .LVU1014
 3177 0032 1A70     		strb	r2, [r3]
2002:stm/stm32g4xx/STM32G4xx_HAL_Driver/Src/stm32g4xx_hal_smbus.c **** 
 3178              		.loc 1 2002 5 is_stmt 1 view .LVU1015
2002:stm/stm32g4xx/STM32G4xx_HAL_Driver/Src/stm32g4xx_hal_smbus.c **** 
 3179              		.loc 1 2002 11 is_stmt 0 view .LVU1016
 3180 0034 436B     		ldr	r3, [r0, #52]
2002:stm/stm32g4xx/STM32G4xx_HAL_Driver/Src/stm32g4xx_hal_smbus.c **** 
 3181              		.loc 1 2002 21 view .LVU1017
 3182 0036 0133     		adds	r3, r3, #1
 3183 0038 4363     		str	r3, [r0, #52]
2005:stm/stm32g4xx/STM32G4xx_HAL_Driver/Src/stm32g4xx_hal_smbus.c ****     hsmbus->XferCount--;
 3184              		.loc 1 2005 5 is_stmt 1 view .LVU1018
2005:stm/stm32g4xx/STM32G4xx_HAL_Driver/Src/stm32g4xx_hal_smbus.c ****     hsmbus->XferCount--;
 3185              		.loc 1 2005 11 is_stmt 0 view .LVU1019
 3186 003a 038F     		ldrh	r3, [r0, #56]
2005:stm/stm32g4xx/STM32G4xx_HAL_Driver/Src/stm32g4xx_hal_smbus.c ****     hsmbus->XferCount--;
 3187              		.loc 1 2005 21 view .LVU1020
 3188 003c 013B     		subs	r3, r3, #1
 3189 003e 0387     		strh	r3, [r0, #56]	@ movhi
2006:stm/stm32g4xx/STM32G4xx_HAL_Driver/Src/stm32g4xx_hal_smbus.c ****   }
 3190              		.loc 1 2006 5 is_stmt 1 view .LVU1021
2006:stm/stm32g4xx/STM32G4xx_HAL_Driver/Src/stm32g4xx_hal_smbus.c ****   }
 3191              		.loc 1 2006 11 is_stmt 0 view .LVU1022
 3192 0040 438F     		ldrh	r3, [r0, #58]
 3193 0042 9BB2     		uxth	r3, r3
2006:stm/stm32g4xx/STM32G4xx_HAL_Driver/Src/stm32g4xx_hal_smbus.c ****   }
 3194              		.loc 1 2006 22 view .LVU1023
 3195 0044 013B     		subs	r3, r3, #1
 3196 0046 9BB2     		uxth	r3, r3
 3197 0048 4387     		strh	r3, [r0, #58]	@ movhi
 3198 004a 0EE0     		b	.L227
 3199              	.L244:
1895:stm/stm32g4xx/STM32G4xx_HAL_Driver/Src/stm32g4xx_hal_smbus.c **** 
 3200              		.loc 1 1895 5 is_stmt 1 view .LVU1024
 3201 004c 0368     		ldr	r3, [r0]
 3202 004e 1022     		movs	r2, #16
 3203 0050 DA61     		str	r2, [r3, #28]
1899:stm/stm32g4xx/STM32G4xx_HAL_Driver/Src/stm32g4xx_hal_smbus.c **** 
 3204              		.loc 1 1899 5 view .LVU1025
1899:stm/stm32g4xx/STM32G4xx_HAL_Driver/Src/stm32g4xx_hal_smbus.c **** 
 3205              		.loc 1 1899 11 is_stmt 0 view .LVU1026
 3206 0052 C36C     		ldr	r3, [r0, #76]
1899:stm/stm32g4xx/STM32G4xx_HAL_Driver/Src/stm32g4xx_hal_smbus.c **** 
ARM GAS  /tmp/ccPqrEja.s 			page 122


 3207              		.loc 1 1899 23 view .LVU1027
 3208 0054 43F00403 		orr	r3, r3, #4
 3209 0058 C364     		str	r3, [r0, #76]
1902:stm/stm32g4xx/STM32G4xx_HAL_Driver/Src/stm32g4xx_hal_smbus.c **** 
 3210              		.loc 1 1902 5 is_stmt 1 view .LVU1028
 3211 005a FFF7FEFF 		bl	SMBUS_Flush_TXDR
 3212              	.LVL221:
1905:stm/stm32g4xx/STM32G4xx_HAL_Driver/Src/stm32g4xx_hal_smbus.c **** 
 3213              		.loc 1 1905 5 view .LVU1029
1905:stm/stm32g4xx/STM32G4xx_HAL_Driver/Src/stm32g4xx_hal_smbus.c **** 
 3214              		.loc 1 1905 5 view .LVU1030
 3215 005e 0023     		movs	r3, #0
 3216 0060 84F84430 		strb	r3, [r4, #68]
1905:stm/stm32g4xx/STM32G4xx_HAL_Driver/Src/stm32g4xx_hal_smbus.c **** 
 3217              		.loc 1 1905 5 view .LVU1031
1911:stm/stm32g4xx/STM32G4xx_HAL_Driver/Src/stm32g4xx_hal_smbus.c **** #endif /* USE_HAL_SMBUS_REGISTER_CALLBACKS */
 3218              		.loc 1 1911 5 view .LVU1032
 3219 0064 2046     		mov	r0, r4
 3220 0066 FFF7FEFF 		bl	HAL_SMBUS_ErrorCallback
 3221              	.LVL222:
 3222              	.L227:
2161:stm/stm32g4xx/STM32G4xx_HAL_Driver/Src/stm32g4xx_hal_smbus.c **** 
 3223              		.loc 1 2161 3 view .LVU1033
2164:stm/stm32g4xx/STM32G4xx_HAL_Driver/Src/stm32g4xx_hal_smbus.c **** 
 3224              		.loc 1 2164 3 view .LVU1034
2164:stm/stm32g4xx/STM32G4xx_HAL_Driver/Src/stm32g4xx_hal_smbus.c **** 
 3225              		.loc 1 2164 3 view .LVU1035
 3226 006a 0020     		movs	r0, #0
 3227 006c 84F84400 		strb	r0, [r4, #68]
2164:stm/stm32g4xx/STM32G4xx_HAL_Driver/Src/stm32g4xx_hal_smbus.c **** 
 3228              		.loc 1 2164 3 view .LVU1036
2166:stm/stm32g4xx/STM32G4xx_HAL_Driver/Src/stm32g4xx_hal_smbus.c **** }
 3229              		.loc 1 2166 3 view .LVU1037
2167:stm/stm32g4xx/STM32G4xx_HAL_Driver/Src/stm32g4xx_hal_smbus.c **** /**
 3230              		.loc 1 2167 1 is_stmt 0 view .LVU1038
 3231 0070 03B0     		add	sp, sp, #12
 3232              	.LCFI48:
 3233              		.cfi_remember_state
 3234              		.cfi_def_cfa_offset 12
 3235              		@ sp needed
 3236 0072 30BD     		pop	{r4, r5, pc}
 3237              	.LVL223:
 3238              	.L245:
 3239              	.LCFI49:
 3240              		.cfi_restore_state
1917:stm/stm32g4xx/STM32G4xx_HAL_Driver/Src/stm32g4xx_hal_smbus.c **** 
 3241              		.loc 1 1917 5 is_stmt 1 view .LVU1039
 3242 0074 FFF7FEFF 		bl	SMBUS_ITErrorHandler
 3243              	.LVL224:
1920:stm/stm32g4xx/STM32G4xx_HAL_Driver/Src/stm32g4xx_hal_smbus.c ****     {
 3244              		.loc 1 1920 5 view .LVU1040
1920:stm/stm32g4xx/STM32G4xx_HAL_Driver/Src/stm32g4xx_hal_smbus.c ****     {
 3245              		.loc 1 1920 15 is_stmt 0 view .LVU1041
 3246 0078 A36C     		ldr	r3, [r4, #72]
1920:stm/stm32g4xx/STM32G4xx_HAL_Driver/Src/stm32g4xx_hal_smbus.c ****     {
 3247              		.loc 1 1920 8 view .LVU1042
 3248 007a 122B     		cmp	r3, #18
ARM GAS  /tmp/ccPqrEja.s 			page 123


 3249 007c 31D0     		beq	.L246
1951:stm/stm32g4xx/STM32G4xx_HAL_Driver/Src/stm32g4xx_hal_smbus.c ****     {
 3250              		.loc 1 1951 10 is_stmt 1 view .LVU1043
1951:stm/stm32g4xx/STM32G4xx_HAL_Driver/Src/stm32g4xx_hal_smbus.c ****     {
 3251              		.loc 1 1951 20 is_stmt 0 view .LVU1044
 3252 007e A36C     		ldr	r3, [r4, #72]
1951:stm/stm32g4xx/STM32G4xx_HAL_Driver/Src/stm32g4xx_hal_smbus.c ****     {
 3253              		.loc 1 1951 13 view .LVU1045
 3254 0080 222B     		cmp	r3, #34
 3255 0082 F2D1     		bne	.L227
1954:stm/stm32g4xx/STM32G4xx_HAL_Driver/Src/stm32g4xx_hal_smbus.c ****       {
 3256              		.loc 1 1954 7 is_stmt 1 view .LVU1046
1954:stm/stm32g4xx/STM32G4xx_HAL_Driver/Src/stm32g4xx_hal_smbus.c ****       {
 3257              		.loc 1 1954 10 is_stmt 0 view .LVU1047
 3258 0084 15F0040F 		tst	r5, #4
 3259 0088 0FD0     		beq	.L230
1957:stm/stm32g4xx/STM32G4xx_HAL_Driver/Src/stm32g4xx_hal_smbus.c **** 
 3260              		.loc 1 1957 9 is_stmt 1 view .LVU1048
1957:stm/stm32g4xx/STM32G4xx_HAL_Driver/Src/stm32g4xx_hal_smbus.c **** 
 3261              		.loc 1 1957 45 is_stmt 0 view .LVU1049
 3262 008a 2368     		ldr	r3, [r4]
1957:stm/stm32g4xx/STM32G4xx_HAL_Driver/Src/stm32g4xx_hal_smbus.c **** 
 3263              		.loc 1 1957 55 view .LVU1050
 3264 008c 5A6A     		ldr	r2, [r3, #36]
1957:stm/stm32g4xx/STM32G4xx_HAL_Driver/Src/stm32g4xx_hal_smbus.c **** 
 3265              		.loc 1 1957 16 view .LVU1051
 3266 008e 636B     		ldr	r3, [r4, #52]
1957:stm/stm32g4xx/STM32G4xx_HAL_Driver/Src/stm32g4xx_hal_smbus.c **** 
 3267              		.loc 1 1957 27 view .LVU1052
 3268 0090 1A70     		strb	r2, [r3]
1960:stm/stm32g4xx/STM32G4xx_HAL_Driver/Src/stm32g4xx_hal_smbus.c **** 
 3269              		.loc 1 1960 9 is_stmt 1 view .LVU1053
1960:stm/stm32g4xx/STM32G4xx_HAL_Driver/Src/stm32g4xx_hal_smbus.c **** 
 3270              		.loc 1 1960 15 is_stmt 0 view .LVU1054
 3271 0092 636B     		ldr	r3, [r4, #52]
1960:stm/stm32g4xx/STM32G4xx_HAL_Driver/Src/stm32g4xx_hal_smbus.c **** 
 3272              		.loc 1 1960 25 view .LVU1055
 3273 0094 0133     		adds	r3, r3, #1
 3274 0096 6363     		str	r3, [r4, #52]
1962:stm/stm32g4xx/STM32G4xx_HAL_Driver/Src/stm32g4xx_hal_smbus.c ****         {
 3275              		.loc 1 1962 9 is_stmt 1 view .LVU1056
1962:stm/stm32g4xx/STM32G4xx_HAL_Driver/Src/stm32g4xx_hal_smbus.c ****         {
 3276              		.loc 1 1962 20 is_stmt 0 view .LVU1057
 3277 0098 238F     		ldrh	r3, [r4, #56]
1962:stm/stm32g4xx/STM32G4xx_HAL_Driver/Src/stm32g4xx_hal_smbus.c ****         {
 3278              		.loc 1 1962 12 view .LVU1058
 3279 009a 33B1     		cbz	r3, .L230
1964:stm/stm32g4xx/STM32G4xx_HAL_Driver/Src/stm32g4xx_hal_smbus.c ****           hsmbus->XferCount--;
 3280              		.loc 1 1964 11 is_stmt 1 view .LVU1059
1964:stm/stm32g4xx/STM32G4xx_HAL_Driver/Src/stm32g4xx_hal_smbus.c ****           hsmbus->XferCount--;
 3281              		.loc 1 1964 27 is_stmt 0 view .LVU1060
 3282 009c 013B     		subs	r3, r3, #1
 3283 009e 2387     		strh	r3, [r4, #56]	@ movhi
1965:stm/stm32g4xx/STM32G4xx_HAL_Driver/Src/stm32g4xx_hal_smbus.c ****         }
 3284              		.loc 1 1965 11 is_stmt 1 view .LVU1061
1965:stm/stm32g4xx/STM32G4xx_HAL_Driver/Src/stm32g4xx_hal_smbus.c ****         }
 3285              		.loc 1 1965 17 is_stmt 0 view .LVU1062
ARM GAS  /tmp/ccPqrEja.s 			page 124


 3286 00a0 638F     		ldrh	r3, [r4, #58]
 3287 00a2 9BB2     		uxth	r3, r3
1965:stm/stm32g4xx/STM32G4xx_HAL_Driver/Src/stm32g4xx_hal_smbus.c ****         }
 3288              		.loc 1 1965 28 view .LVU1063
 3289 00a4 013B     		subs	r3, r3, #1
 3290 00a6 9BB2     		uxth	r3, r3
 3291 00a8 6387     		strh	r3, [r4, #58]	@ movhi
 3292              	.L230:
1970:stm/stm32g4xx/STM32G4xx_HAL_Driver/Src/stm32g4xx_hal_smbus.c **** 
 3293              		.loc 1 1970 7 is_stmt 1 view .LVU1064
 3294 00aa D421     		movs	r1, #212
 3295 00ac 2046     		mov	r0, r4
 3296 00ae FFF7FEFF 		bl	SMBUS_Disable_IRQ
 3297              	.LVL225:
1973:stm/stm32g4xx/STM32G4xx_HAL_Driver/Src/stm32g4xx_hal_smbus.c **** 
 3298              		.loc 1 1973 7 view .LVU1065
 3299 00b2 2368     		ldr	r3, [r4]
 3300 00b4 2022     		movs	r2, #32
 3301 00b6 DA61     		str	r2, [r3, #28]
1976:stm/stm32g4xx/STM32G4xx_HAL_Driver/Src/stm32g4xx_hal_smbus.c **** 
 3302              		.loc 1 1976 7 view .LVU1066
 3303 00b8 2268     		ldr	r2, [r4]
 3304 00ba 5368     		ldr	r3, [r2, #4]
 3305 00bc 23F0FF73 		bic	r3, r3, #33423360
 3306 00c0 23F48B33 		bic	r3, r3, #71168
 3307 00c4 23F4FF73 		bic	r3, r3, #510
 3308 00c8 23F00103 		bic	r3, r3, #1
 3309 00cc 5360     		str	r3, [r2, #4]
1978:stm/stm32g4xx/STM32G4xx_HAL_Driver/Src/stm32g4xx_hal_smbus.c ****       hsmbus->State = HAL_SMBUS_STATE_READY;
 3310              		.loc 1 1978 7 view .LVU1067
1978:stm/stm32g4xx/STM32G4xx_HAL_Driver/Src/stm32g4xx_hal_smbus.c ****       hsmbus->State = HAL_SMBUS_STATE_READY;
 3311              		.loc 1 1978 29 is_stmt 0 view .LVU1068
 3312 00ce 0123     		movs	r3, #1
 3313 00d0 2364     		str	r3, [r4, #64]
1979:stm/stm32g4xx/STM32G4xx_HAL_Driver/Src/stm32g4xx_hal_smbus.c **** 
 3314              		.loc 1 1979 7 is_stmt 1 view .LVU1069
1979:stm/stm32g4xx/STM32G4xx_HAL_Driver/Src/stm32g4xx_hal_smbus.c **** 
 3315              		.loc 1 1979 21 is_stmt 0 view .LVU1070
 3316 00d2 A364     		str	r3, [r4, #72]
1982:stm/stm32g4xx/STM32G4xx_HAL_Driver/Src/stm32g4xx_hal_smbus.c **** 
 3317              		.loc 1 1982 7 is_stmt 1 view .LVU1071
1982:stm/stm32g4xx/STM32G4xx_HAL_Driver/Src/stm32g4xx_hal_smbus.c **** 
 3318              		.loc 1 1982 7 view .LVU1072
 3319 00d4 0023     		movs	r3, #0
 3320 00d6 84F84430 		strb	r3, [r4, #68]
1982:stm/stm32g4xx/STM32G4xx_HAL_Driver/Src/stm32g4xx_hal_smbus.c **** 
 3321              		.loc 1 1982 7 view .LVU1073
1988:stm/stm32g4xx/STM32G4xx_HAL_Driver/Src/stm32g4xx_hal_smbus.c **** #endif /* USE_HAL_SMBUS_REGISTER_CALLBACKS */
 3322              		.loc 1 1988 7 view .LVU1074
 3323 00da 2046     		mov	r0, r4
 3324 00dc FFF7FEFF 		bl	HAL_SMBUS_MasterRxCpltCallback
 3325              	.LVL226:
 3326 00e0 C3E7     		b	.L227
 3327              	.L246:
1923:stm/stm32g4xx/STM32G4xx_HAL_Driver/Src/stm32g4xx_hal_smbus.c **** 
 3328              		.loc 1 1923 7 view .LVU1075
 3329 00e2 F221     		movs	r1, #242
ARM GAS  /tmp/ccPqrEja.s 			page 125


 3330 00e4 2046     		mov	r0, r4
 3331 00e6 FFF7FEFF 		bl	SMBUS_Disable_IRQ
 3332              	.LVL227:
1926:stm/stm32g4xx/STM32G4xx_HAL_Driver/Src/stm32g4xx_hal_smbus.c **** 
 3333              		.loc 1 1926 7 view .LVU1076
 3334 00ea 2368     		ldr	r3, [r4]
 3335 00ec 2022     		movs	r2, #32
 3336 00ee DA61     		str	r2, [r3, #28]
1929:stm/stm32g4xx/STM32G4xx_HAL_Driver/Src/stm32g4xx_hal_smbus.c **** 
 3337              		.loc 1 1929 7 view .LVU1077
 3338 00f0 2268     		ldr	r2, [r4]
 3339 00f2 5368     		ldr	r3, [r2, #4]
 3340 00f4 23F0FF73 		bic	r3, r3, #33423360
 3341 00f8 23F48B33 		bic	r3, r3, #71168
 3342 00fc 23F4FF73 		bic	r3, r3, #510
 3343 0100 23F00103 		bic	r3, r3, #1
 3344 0104 5360     		str	r3, [r2, #4]
1933:stm/stm32g4xx/STM32G4xx_HAL_Driver/Src/stm32g4xx_hal_smbus.c **** 
 3345              		.loc 1 1933 7 view .LVU1078
 3346 0106 2268     		ldr	r2, [r4]
 3347 0108 1368     		ldr	r3, [r2]
 3348 010a 23F00103 		bic	r3, r3, #1
 3349 010e 1360     		str	r3, [r2]
1935:stm/stm32g4xx/STM32G4xx_HAL_Driver/Src/stm32g4xx_hal_smbus.c ****       hsmbus->State = HAL_SMBUS_STATE_READY;
 3350              		.loc 1 1935 7 view .LVU1079
1935:stm/stm32g4xx/STM32G4xx_HAL_Driver/Src/stm32g4xx_hal_smbus.c ****       hsmbus->State = HAL_SMBUS_STATE_READY;
 3351              		.loc 1 1935 29 is_stmt 0 view .LVU1080
 3352 0110 0123     		movs	r3, #1
 3353 0112 2364     		str	r3, [r4, #64]
1936:stm/stm32g4xx/STM32G4xx_HAL_Driver/Src/stm32g4xx_hal_smbus.c **** 
 3354              		.loc 1 1936 7 is_stmt 1 view .LVU1081
1936:stm/stm32g4xx/STM32G4xx_HAL_Driver/Src/stm32g4xx_hal_smbus.c **** 
 3355              		.loc 1 1936 21 is_stmt 0 view .LVU1082
 3356 0114 A364     		str	r3, [r4, #72]
1939:stm/stm32g4xx/STM32G4xx_HAL_Driver/Src/stm32g4xx_hal_smbus.c **** 
 3357              		.loc 1 1939 7 is_stmt 1 view .LVU1083
1939:stm/stm32g4xx/STM32G4xx_HAL_Driver/Src/stm32g4xx_hal_smbus.c **** 
 3358              		.loc 1 1939 7 view .LVU1084
 3359 0116 0023     		movs	r3, #0
 3360 0118 84F84430 		strb	r3, [r4, #68]
1939:stm/stm32g4xx/STM32G4xx_HAL_Driver/Src/stm32g4xx_hal_smbus.c **** 
 3361              		.loc 1 1939 7 view .LVU1085
1942:stm/stm32g4xx/STM32G4xx_HAL_Driver/Src/stm32g4xx_hal_smbus.c **** 
 3362              		.loc 1 1942 7 view .LVU1086
 3363 011c 2268     		ldr	r2, [r4]
 3364 011e 1368     		ldr	r3, [r2]
 3365 0120 43F00103 		orr	r3, r3, #1
 3366 0124 1360     		str	r3, [r2]
1948:stm/stm32g4xx/STM32G4xx_HAL_Driver/Src/stm32g4xx_hal_smbus.c **** #endif /* USE_HAL_SMBUS_REGISTER_CALLBACKS */
 3367              		.loc 1 1948 7 view .LVU1087
 3368 0126 2046     		mov	r0, r4
 3369 0128 FFF7FEFF 		bl	HAL_SMBUS_MasterTxCpltCallback
 3370              	.LVL228:
 3371 012c 9DE7     		b	.L227
 3372              	.LVL229:
 3373              	.L231:
2008:stm/stm32g4xx/STM32G4xx_HAL_Driver/Src/stm32g4xx_hal_smbus.c ****   {
ARM GAS  /tmp/ccPqrEja.s 			page 126


 3374              		.loc 1 2008 8 view .LVU1088
2008:stm/stm32g4xx/STM32G4xx_HAL_Driver/Src/stm32g4xx_hal_smbus.c ****   {
 3375              		.loc 1 2008 11 is_stmt 0 view .LVU1089
 3376 012e 11F0020F 		tst	r1, #2
 3377 0132 0FD0     		beq	.L232
2011:stm/stm32g4xx/STM32G4xx_HAL_Driver/Src/stm32g4xx_hal_smbus.c **** 
 3378              		.loc 1 2011 5 is_stmt 1 view .LVU1090
2011:stm/stm32g4xx/STM32G4xx_HAL_Driver/Src/stm32g4xx_hal_smbus.c **** 
 3379              		.loc 1 2011 37 is_stmt 0 view .LVU1091
 3380 0134 426B     		ldr	r2, [r0, #52]
2011:stm/stm32g4xx/STM32G4xx_HAL_Driver/Src/stm32g4xx_hal_smbus.c **** 
 3381              		.loc 1 2011 11 view .LVU1092
 3382 0136 0368     		ldr	r3, [r0]
2011:stm/stm32g4xx/STM32G4xx_HAL_Driver/Src/stm32g4xx_hal_smbus.c **** 
 3383              		.loc 1 2011 30 view .LVU1093
 3384 0138 1278     		ldrb	r2, [r2]	@ zero_extendqisi2
2011:stm/stm32g4xx/STM32G4xx_HAL_Driver/Src/stm32g4xx_hal_smbus.c **** 
 3385              		.loc 1 2011 28 view .LVU1094
 3386 013a 9A62     		str	r2, [r3, #40]
2014:stm/stm32g4xx/STM32G4xx_HAL_Driver/Src/stm32g4xx_hal_smbus.c **** 
 3387              		.loc 1 2014 5 is_stmt 1 view .LVU1095
2014:stm/stm32g4xx/STM32G4xx_HAL_Driver/Src/stm32g4xx_hal_smbus.c **** 
 3388              		.loc 1 2014 11 is_stmt 0 view .LVU1096
 3389 013c 436B     		ldr	r3, [r0, #52]
2014:stm/stm32g4xx/STM32G4xx_HAL_Driver/Src/stm32g4xx_hal_smbus.c **** 
 3390              		.loc 1 2014 21 view .LVU1097
 3391 013e 0133     		adds	r3, r3, #1
 3392 0140 4363     		str	r3, [r0, #52]
2017:stm/stm32g4xx/STM32G4xx_HAL_Driver/Src/stm32g4xx_hal_smbus.c ****     hsmbus->XferCount--;
 3393              		.loc 1 2017 5 is_stmt 1 view .LVU1098
2017:stm/stm32g4xx/STM32G4xx_HAL_Driver/Src/stm32g4xx_hal_smbus.c ****     hsmbus->XferCount--;
 3394              		.loc 1 2017 11 is_stmt 0 view .LVU1099
 3395 0142 038F     		ldrh	r3, [r0, #56]
2017:stm/stm32g4xx/STM32G4xx_HAL_Driver/Src/stm32g4xx_hal_smbus.c ****     hsmbus->XferCount--;
 3396              		.loc 1 2017 21 view .LVU1100
 3397 0144 013B     		subs	r3, r3, #1
 3398 0146 0387     		strh	r3, [r0, #56]	@ movhi
2018:stm/stm32g4xx/STM32G4xx_HAL_Driver/Src/stm32g4xx_hal_smbus.c ****   }
 3399              		.loc 1 2018 5 is_stmt 1 view .LVU1101
2018:stm/stm32g4xx/STM32G4xx_HAL_Driver/Src/stm32g4xx_hal_smbus.c ****   }
 3400              		.loc 1 2018 11 is_stmt 0 view .LVU1102
 3401 0148 438F     		ldrh	r3, [r0, #58]
 3402 014a 9BB2     		uxth	r3, r3
2018:stm/stm32g4xx/STM32G4xx_HAL_Driver/Src/stm32g4xx_hal_smbus.c ****   }
 3403              		.loc 1 2018 22 view .LVU1103
 3404 014c 013B     		subs	r3, r3, #1
 3405 014e 9BB2     		uxth	r3, r3
 3406 0150 4387     		strh	r3, [r0, #58]	@ movhi
 3407 0152 8AE7     		b	.L227
 3408              	.L232:
2020:stm/stm32g4xx/STM32G4xx_HAL_Driver/Src/stm32g4xx_hal_smbus.c ****   {
 3409              		.loc 1 2020 8 is_stmt 1 view .LVU1104
2020:stm/stm32g4xx/STM32G4xx_HAL_Driver/Src/stm32g4xx_hal_smbus.c ****   {
 3410              		.loc 1 2020 11 is_stmt 0 view .LVU1105
 3411 0154 11F0800F 		tst	r1, #128
 3412 0158 68D0     		beq	.L233
2022:stm/stm32g4xx/STM32G4xx_HAL_Driver/Src/stm32g4xx_hal_smbus.c ****     {
ARM GAS  /tmp/ccPqrEja.s 			page 127


 3413              		.loc 1 2022 5 is_stmt 1 view .LVU1106
2022:stm/stm32g4xx/STM32G4xx_HAL_Driver/Src/stm32g4xx_hal_smbus.c ****     {
 3414              		.loc 1 2022 16 is_stmt 0 view .LVU1107
 3415 015a 438F     		ldrh	r3, [r0, #58]
 3416 015c 9BB2     		uxth	r3, r3
2022:stm/stm32g4xx/STM32G4xx_HAL_Driver/Src/stm32g4xx_hal_smbus.c ****     {
 3417              		.loc 1 2022 8 view .LVU1108
 3418 015e 002B     		cmp	r3, #0
 3419 0160 30D0     		beq	.L234
2022:stm/stm32g4xx/STM32G4xx_HAL_Driver/Src/stm32g4xx_hal_smbus.c ****     {
 3420              		.loc 1 2022 45 discriminator 1 view .LVU1109
 3421 0162 038F     		ldrh	r3, [r0, #56]
2022:stm/stm32g4xx/STM32G4xx_HAL_Driver/Src/stm32g4xx_hal_smbus.c ****     {
 3422              		.loc 1 2022 35 discriminator 1 view .LVU1110
 3423 0164 002B     		cmp	r3, #0
 3424 0166 2DD1     		bne	.L234
2024:stm/stm32g4xx/STM32G4xx_HAL_Driver/Src/stm32g4xx_hal_smbus.c **** 
 3425              		.loc 1 2024 7 is_stmt 1 view .LVU1111
2024:stm/stm32g4xx/STM32G4xx_HAL_Driver/Src/stm32g4xx_hal_smbus.c **** 
 3426              		.loc 1 2024 37 is_stmt 0 view .LVU1112
 3427 0168 0368     		ldr	r3, [r0]
2024:stm/stm32g4xx/STM32G4xx_HAL_Driver/Src/stm32g4xx_hal_smbus.c **** 
 3428              		.loc 1 2024 47 view .LVU1113
 3429 016a 5968     		ldr	r1, [r3, #4]
 3430              	.LVL230:
2024:stm/stm32g4xx/STM32G4xx_HAL_Driver/Src/stm32g4xx_hal_smbus.c **** 
 3431              		.loc 1 2024 18 view .LVU1114
 3432 016c C1F30901 		ubfx	r1, r1, #0, #10
 3433              	.LVL231:
2026:stm/stm32g4xx/STM32G4xx_HAL_Driver/Src/stm32g4xx_hal_smbus.c ****       {
 3434              		.loc 1 2026 7 is_stmt 1 view .LVU1115
2026:stm/stm32g4xx/STM32G4xx_HAL_Driver/Src/stm32g4xx_hal_smbus.c ****       {
 3435              		.loc 1 2026 17 is_stmt 0 view .LVU1116
 3436 0170 438F     		ldrh	r3, [r0, #58]
 3437 0172 9BB2     		uxth	r3, r3
2026:stm/stm32g4xx/STM32G4xx_HAL_Driver/Src/stm32g4xx_hal_smbus.c ****       {
 3438              		.loc 1 2026 10 view .LVU1117
 3439 0174 FF2B     		cmp	r3, #255
 3440 0176 0CD9     		bls	.L235
2028:stm/stm32g4xx/STM32G4xx_HAL_Driver/Src/stm32g4xx_hal_smbus.c ****                              (SMBUS_RELOAD_MODE | (hsmbus->XferOptions & SMBUS_SENDPEC_MODE)),
 3441              		.loc 1 2028 9 is_stmt 1 view .LVU1118
2029:stm/stm32g4xx/STM32G4xx_HAL_Driver/Src/stm32g4xx_hal_smbus.c ****                              SMBUS_NO_STARTSTOP);
 3442              		.loc 1 2029 58 is_stmt 0 view .LVU1119
 3443 0178 C36B     		ldr	r3, [r0, #60]
2029:stm/stm32g4xx/STM32G4xx_HAL_Driver/Src/stm32g4xx_hal_smbus.c ****                              SMBUS_NO_STARTSTOP);
 3444              		.loc 1 2029 72 view .LVU1120
 3445 017a 03F08063 		and	r3, r3, #67108864
2028:stm/stm32g4xx/STM32G4xx_HAL_Driver/Src/stm32g4xx_hal_smbus.c ****                              (SMBUS_RELOAD_MODE | (hsmbus->XferOptions & SMBUS_SENDPEC_MODE)),
 3446              		.loc 1 2028 9 view .LVU1121
 3447 017e 0022     		movs	r2, #0
 3448 0180 0092     		str	r2, [sp]
 3449 0182 43F08073 		orr	r3, r3, #16777216
 3450 0186 FF22     		movs	r2, #255
 3451 0188 FFF7FEFF 		bl	SMBUS_TransferConfig
 3452              	.LVL232:
2031:stm/stm32g4xx/STM32G4xx_HAL_Driver/Src/stm32g4xx_hal_smbus.c ****       }
 3453              		.loc 1 2031 9 is_stmt 1 view .LVU1122
ARM GAS  /tmp/ccPqrEja.s 			page 128


2031:stm/stm32g4xx/STM32G4xx_HAL_Driver/Src/stm32g4xx_hal_smbus.c ****       }
 3454              		.loc 1 2031 26 is_stmt 0 view .LVU1123
 3455 018c FF23     		movs	r3, #255
 3456 018e 2387     		strh	r3, [r4, #56]	@ movhi
 3457 0190 6BE7     		b	.L227
 3458              	.LVL233:
 3459              	.L235:
2035:stm/stm32g4xx/STM32G4xx_HAL_Driver/Src/stm32g4xx_hal_smbus.c ****         SMBUS_TransferConfig(hsmbus, DevAddress, (uint8_t)hsmbus->XferSize, hsmbus->XferOptions,
 3460              		.loc 1 2035 9 is_stmt 1 view .LVU1124
2035:stm/stm32g4xx/STM32G4xx_HAL_Driver/Src/stm32g4xx_hal_smbus.c ****         SMBUS_TransferConfig(hsmbus, DevAddress, (uint8_t)hsmbus->XferSize, hsmbus->XferOptions,
 3461              		.loc 1 2035 34 is_stmt 0 view .LVU1125
 3462 0192 428F     		ldrh	r2, [r0, #58]
 3463 0194 92B2     		uxth	r2, r2
2035:stm/stm32g4xx/STM32G4xx_HAL_Driver/Src/stm32g4xx_hal_smbus.c ****         SMBUS_TransferConfig(hsmbus, DevAddress, (uint8_t)hsmbus->XferSize, hsmbus->XferOptions,
 3464              		.loc 1 2035 26 view .LVU1126
 3465 0196 0287     		strh	r2, [r0, #56]	@ movhi
2036:stm/stm32g4xx/STM32G4xx_HAL_Driver/Src/stm32g4xx_hal_smbus.c ****                              SMBUS_NO_STARTSTOP);
 3466              		.loc 1 2036 9 is_stmt 1 view .LVU1127
2036:stm/stm32g4xx/STM32G4xx_HAL_Driver/Src/stm32g4xx_hal_smbus.c ****                              SMBUS_NO_STARTSTOP);
 3467              		.loc 1 2036 83 is_stmt 0 view .LVU1128
 3468 0198 C36B     		ldr	r3, [r0, #60]
2036:stm/stm32g4xx/STM32G4xx_HAL_Driver/Src/stm32g4xx_hal_smbus.c ****                              SMBUS_NO_STARTSTOP);
 3469              		.loc 1 2036 9 view .LVU1129
 3470 019a 0020     		movs	r0, #0
 3471              	.LVL234:
2036:stm/stm32g4xx/STM32G4xx_HAL_Driver/Src/stm32g4xx_hal_smbus.c ****                              SMBUS_NO_STARTSTOP);
 3472              		.loc 1 2036 9 view .LVU1130
 3473 019c 0090     		str	r0, [sp]
 3474 019e D2B2     		uxtb	r2, r2
 3475 01a0 2046     		mov	r0, r4
 3476 01a2 FFF7FEFF 		bl	SMBUS_TransferConfig
 3477              	.LVL235:
2040:stm/stm32g4xx/STM32G4xx_HAL_Driver/Src/stm32g4xx_hal_smbus.c ****         {
 3478              		.loc 1 2040 9 is_stmt 1 view .LVU1131
2040:stm/stm32g4xx/STM32G4xx_HAL_Driver/Src/stm32g4xx_hal_smbus.c ****         {
 3479              		.loc 1 2040 13 is_stmt 0 view .LVU1132
 3480 01a6 2368     		ldr	r3, [r4]
 3481 01a8 5B68     		ldr	r3, [r3, #4]
2040:stm/stm32g4xx/STM32G4xx_HAL_Driver/Src/stm32g4xx_hal_smbus.c ****         {
 3482              		.loc 1 2040 12 view .LVU1133
 3483 01aa 13F0806F 		tst	r3, #67108864
 3484 01ae 3FF45CAF 		beq	.L227
2042:stm/stm32g4xx/STM32G4xx_HAL_Driver/Src/stm32g4xx_hal_smbus.c ****           hsmbus->XferCount--;
 3485              		.loc 1 2042 11 is_stmt 1 view .LVU1134
2042:stm/stm32g4xx/STM32G4xx_HAL_Driver/Src/stm32g4xx_hal_smbus.c ****           hsmbus->XferCount--;
 3486              		.loc 1 2042 17 is_stmt 0 view .LVU1135
 3487 01b2 238F     		ldrh	r3, [r4, #56]
2042:stm/stm32g4xx/STM32G4xx_HAL_Driver/Src/stm32g4xx_hal_smbus.c ****           hsmbus->XferCount--;
 3488              		.loc 1 2042 27 view .LVU1136
 3489 01b4 013B     		subs	r3, r3, #1
 3490 01b6 2387     		strh	r3, [r4, #56]	@ movhi
2043:stm/stm32g4xx/STM32G4xx_HAL_Driver/Src/stm32g4xx_hal_smbus.c ****         }
 3491              		.loc 1 2043 11 is_stmt 1 view .LVU1137
2043:stm/stm32g4xx/STM32G4xx_HAL_Driver/Src/stm32g4xx_hal_smbus.c ****         }
 3492              		.loc 1 2043 17 is_stmt 0 view .LVU1138
 3493 01b8 638F     		ldrh	r3, [r4, #58]
 3494 01ba 9BB2     		uxth	r3, r3
ARM GAS  /tmp/ccPqrEja.s 			page 129


2043:stm/stm32g4xx/STM32G4xx_HAL_Driver/Src/stm32g4xx_hal_smbus.c ****         }
 3495              		.loc 1 2043 28 view .LVU1139
 3496 01bc 013B     		subs	r3, r3, #1
 3497 01be 9BB2     		uxth	r3, r3
 3498 01c0 6387     		strh	r3, [r4, #58]	@ movhi
 3499 01c2 52E7     		b	.L227
 3500              	.LVL236:
 3501              	.L234:
2047:stm/stm32g4xx/STM32G4xx_HAL_Driver/Src/stm32g4xx_hal_smbus.c ****     {
 3502              		.loc 1 2047 10 is_stmt 1 view .LVU1140
2047:stm/stm32g4xx/STM32G4xx_HAL_Driver/Src/stm32g4xx_hal_smbus.c ****     {
 3503              		.loc 1 2047 21 is_stmt 0 view .LVU1141
 3504 01c4 638F     		ldrh	r3, [r4, #58]
 3505 01c6 9BB2     		uxth	r3, r3
2047:stm/stm32g4xx/STM32G4xx_HAL_Driver/Src/stm32g4xx_hal_smbus.c ****     {
 3506              		.loc 1 2047 13 view .LVU1142
 3507 01c8 002B     		cmp	r3, #0
 3508 01ca 7FF44EAF 		bne	.L227
2047:stm/stm32g4xx/STM32G4xx_HAL_Driver/Src/stm32g4xx_hal_smbus.c ****     {
 3509              		.loc 1 2047 50 discriminator 1 view .LVU1143
 3510 01ce 238F     		ldrh	r3, [r4, #56]
2047:stm/stm32g4xx/STM32G4xx_HAL_Driver/Src/stm32g4xx_hal_smbus.c ****     {
 3511              		.loc 1 2047 40 discriminator 1 view .LVU1144
 3512 01d0 002B     		cmp	r3, #0
 3513 01d2 7FF44AAF 		bne	.L227
2050:stm/stm32g4xx/STM32G4xx_HAL_Driver/Src/stm32g4xx_hal_smbus.c ****       {
 3514              		.loc 1 2050 7 is_stmt 1 view .LVU1145
2050:stm/stm32g4xx/STM32G4xx_HAL_Driver/Src/stm32g4xx_hal_smbus.c ****       {
 3515              		.loc 1 2050 11 is_stmt 0 view .LVU1146
 3516 01d6 2368     		ldr	r3, [r4]
 3517 01d8 5B68     		ldr	r3, [r3, #4]
2050:stm/stm32g4xx/STM32G4xx_HAL_Driver/Src/stm32g4xx_hal_smbus.c ****       {
 3518              		.loc 1 2050 10 view .LVU1147
 3519 01da 13F0007F 		tst	r3, #33554432
 3520 01de 7FF444AF 		bne	.L227
2053:stm/stm32g4xx/STM32G4xx_HAL_Driver/Src/stm32g4xx_hal_smbus.c ****         {
 3521              		.loc 1 2053 9 is_stmt 1 view .LVU1148
2053:stm/stm32g4xx/STM32G4xx_HAL_Driver/Src/stm32g4xx_hal_smbus.c ****         {
 3522              		.loc 1 2053 19 is_stmt 0 view .LVU1149
 3523 01e2 A36C     		ldr	r3, [r4, #72]
2053:stm/stm32g4xx/STM32G4xx_HAL_Driver/Src/stm32g4xx_hal_smbus.c ****         {
 3524              		.loc 1 2053 12 view .LVU1150
 3525 01e4 122B     		cmp	r3, #18
 3526 01e6 12D0     		beq	.L247
2070:stm/stm32g4xx/STM32G4xx_HAL_Driver/Src/stm32g4xx_hal_smbus.c ****         {
 3527              		.loc 1 2070 14 is_stmt 1 view .LVU1151
2070:stm/stm32g4xx/STM32G4xx_HAL_Driver/Src/stm32g4xx_hal_smbus.c ****         {
 3528              		.loc 1 2070 24 is_stmt 0 view .LVU1152
 3529 01e8 A36C     		ldr	r3, [r4, #72]
2070:stm/stm32g4xx/STM32G4xx_HAL_Driver/Src/stm32g4xx_hal_smbus.c ****         {
 3530              		.loc 1 2070 17 view .LVU1153
 3531 01ea 222B     		cmp	r3, #34
 3532 01ec 7FF43DAF 		bne	.L227
2072:stm/stm32g4xx/STM32G4xx_HAL_Driver/Src/stm32g4xx_hal_smbus.c ****           hsmbus->PreviousState = hsmbus->State;
 3533              		.loc 1 2072 11 is_stmt 1 view .LVU1154
 3534 01f0 D421     		movs	r1, #212
 3535              	.LVL237:
ARM GAS  /tmp/ccPqrEja.s 			page 130


2072:stm/stm32g4xx/STM32G4xx_HAL_Driver/Src/stm32g4xx_hal_smbus.c ****           hsmbus->PreviousState = hsmbus->State;
 3536              		.loc 1 2072 11 is_stmt 0 view .LVU1155
 3537 01f2 2046     		mov	r0, r4
 3538              	.LVL238:
2072:stm/stm32g4xx/STM32G4xx_HAL_Driver/Src/stm32g4xx_hal_smbus.c ****           hsmbus->PreviousState = hsmbus->State;
 3539              		.loc 1 2072 11 view .LVU1156
 3540 01f4 FFF7FEFF 		bl	SMBUS_Disable_IRQ
 3541              	.LVL239:
2073:stm/stm32g4xx/STM32G4xx_HAL_Driver/Src/stm32g4xx_hal_smbus.c ****           hsmbus->State = HAL_SMBUS_STATE_READY;
 3542              		.loc 1 2073 11 is_stmt 1 view .LVU1157
2073:stm/stm32g4xx/STM32G4xx_HAL_Driver/Src/stm32g4xx_hal_smbus.c ****           hsmbus->State = HAL_SMBUS_STATE_READY;
 3543              		.loc 1 2073 41 is_stmt 0 view .LVU1158
 3544 01f8 A36C     		ldr	r3, [r4, #72]
2073:stm/stm32g4xx/STM32G4xx_HAL_Driver/Src/stm32g4xx_hal_smbus.c ****           hsmbus->State = HAL_SMBUS_STATE_READY;
 3545              		.loc 1 2073 33 view .LVU1159
 3546 01fa 2364     		str	r3, [r4, #64]
2074:stm/stm32g4xx/STM32G4xx_HAL_Driver/Src/stm32g4xx_hal_smbus.c **** 
 3547              		.loc 1 2074 11 is_stmt 1 view .LVU1160
2074:stm/stm32g4xx/STM32G4xx_HAL_Driver/Src/stm32g4xx_hal_smbus.c **** 
 3548              		.loc 1 2074 25 is_stmt 0 view .LVU1161
 3549 01fc 0123     		movs	r3, #1
 3550 01fe A364     		str	r3, [r4, #72]
2077:stm/stm32g4xx/STM32G4xx_HAL_Driver/Src/stm32g4xx_hal_smbus.c **** 
 3551              		.loc 1 2077 11 is_stmt 1 view .LVU1162
2077:stm/stm32g4xx/STM32G4xx_HAL_Driver/Src/stm32g4xx_hal_smbus.c **** 
 3552              		.loc 1 2077 11 view .LVU1163
 3553 0200 0023     		movs	r3, #0
 3554 0202 84F84430 		strb	r3, [r4, #68]
2077:stm/stm32g4xx/STM32G4xx_HAL_Driver/Src/stm32g4xx_hal_smbus.c **** 
 3555              		.loc 1 2077 11 view .LVU1164
2083:stm/stm32g4xx/STM32G4xx_HAL_Driver/Src/stm32g4xx_hal_smbus.c **** #endif /* USE_HAL_SMBUS_REGISTER_CALLBACKS */
 3556              		.loc 1 2083 11 view .LVU1165
 3557 0206 2046     		mov	r0, r4
 3558 0208 FFF7FEFF 		bl	HAL_SMBUS_MasterRxCpltCallback
 3559              	.LVL240:
 3560 020c 2DE7     		b	.L227
 3561              	.LVL241:
 3562              	.L247:
2056:stm/stm32g4xx/STM32G4xx_HAL_Driver/Src/stm32g4xx_hal_smbus.c ****           hsmbus->PreviousState = hsmbus->State;
 3563              		.loc 1 2056 11 view .LVU1166
 3564 020e F221     		movs	r1, #242
 3565              	.LVL242:
2056:stm/stm32g4xx/STM32G4xx_HAL_Driver/Src/stm32g4xx_hal_smbus.c ****           hsmbus->PreviousState = hsmbus->State;
 3566              		.loc 1 2056 11 is_stmt 0 view .LVU1167
 3567 0210 2046     		mov	r0, r4
 3568              	.LVL243:
2056:stm/stm32g4xx/STM32G4xx_HAL_Driver/Src/stm32g4xx_hal_smbus.c ****           hsmbus->PreviousState = hsmbus->State;
 3569              		.loc 1 2056 11 view .LVU1168
 3570 0212 FFF7FEFF 		bl	SMBUS_Disable_IRQ
 3571              	.LVL244:
2057:stm/stm32g4xx/STM32G4xx_HAL_Driver/Src/stm32g4xx_hal_smbus.c ****           hsmbus->State = HAL_SMBUS_STATE_READY;
 3572              		.loc 1 2057 11 is_stmt 1 view .LVU1169
2057:stm/stm32g4xx/STM32G4xx_HAL_Driver/Src/stm32g4xx_hal_smbus.c ****           hsmbus->State = HAL_SMBUS_STATE_READY;
 3573              		.loc 1 2057 41 is_stmt 0 view .LVU1170
 3574 0216 A36C     		ldr	r3, [r4, #72]
2057:stm/stm32g4xx/STM32G4xx_HAL_Driver/Src/stm32g4xx_hal_smbus.c ****           hsmbus->State = HAL_SMBUS_STATE_READY;
 3575              		.loc 1 2057 33 view .LVU1171
ARM GAS  /tmp/ccPqrEja.s 			page 131


 3576 0218 2364     		str	r3, [r4, #64]
2058:stm/stm32g4xx/STM32G4xx_HAL_Driver/Src/stm32g4xx_hal_smbus.c **** 
 3577              		.loc 1 2058 11 is_stmt 1 view .LVU1172
2058:stm/stm32g4xx/STM32G4xx_HAL_Driver/Src/stm32g4xx_hal_smbus.c **** 
 3578              		.loc 1 2058 25 is_stmt 0 view .LVU1173
 3579 021a 0123     		movs	r3, #1
 3580 021c A364     		str	r3, [r4, #72]
2061:stm/stm32g4xx/STM32G4xx_HAL_Driver/Src/stm32g4xx_hal_smbus.c **** 
 3581              		.loc 1 2061 11 is_stmt 1 view .LVU1174
2061:stm/stm32g4xx/STM32G4xx_HAL_Driver/Src/stm32g4xx_hal_smbus.c **** 
 3582              		.loc 1 2061 11 view .LVU1175
 3583 021e 0023     		movs	r3, #0
 3584 0220 84F84430 		strb	r3, [r4, #68]
2061:stm/stm32g4xx/STM32G4xx_HAL_Driver/Src/stm32g4xx_hal_smbus.c **** 
 3585              		.loc 1 2061 11 view .LVU1176
2067:stm/stm32g4xx/STM32G4xx_HAL_Driver/Src/stm32g4xx_hal_smbus.c **** #endif /* USE_HAL_SMBUS_REGISTER_CALLBACKS */
 3586              		.loc 1 2067 11 view .LVU1177
 3587 0224 2046     		mov	r0, r4
 3588 0226 FFF7FEFF 		bl	HAL_SMBUS_MasterTxCpltCallback
 3589              	.LVL245:
 3590 022a 1EE7     		b	.L227
 3591              	.LVL246:
 3592              	.L233:
2097:stm/stm32g4xx/STM32G4xx_HAL_Driver/Src/stm32g4xx_hal_smbus.c ****   {
 3593              		.loc 1 2097 8 view .LVU1178
2097:stm/stm32g4xx/STM32G4xx_HAL_Driver/Src/stm32g4xx_hal_smbus.c ****   {
 3594              		.loc 1 2097 11 is_stmt 0 view .LVU1179
 3595 022c 11F0400F 		tst	r1, #64
 3596 0230 3FF41BAF 		beq	.L227
2099:stm/stm32g4xx/STM32G4xx_HAL_Driver/Src/stm32g4xx_hal_smbus.c ****     {
 3597              		.loc 1 2099 5 is_stmt 1 view .LVU1180
2099:stm/stm32g4xx/STM32G4xx_HAL_Driver/Src/stm32g4xx_hal_smbus.c ****     {
 3598              		.loc 1 2099 15 is_stmt 0 view .LVU1181
 3599 0234 438F     		ldrh	r3, [r0, #58]
 3600 0236 9BB2     		uxth	r3, r3
2099:stm/stm32g4xx/STM32G4xx_HAL_Driver/Src/stm32g4xx_hal_smbus.c ****     {
 3601              		.loc 1 2099 8 view .LVU1182
 3602 0238 002B     		cmp	r3, #0
 3603 023a 7FF416AF 		bne	.L227
2102:stm/stm32g4xx/STM32G4xx_HAL_Driver/Src/stm32g4xx_hal_smbus.c ****       {
 3604              		.loc 1 2102 7 is_stmt 1 view .LVU1183
2102:stm/stm32g4xx/STM32G4xx_HAL_Driver/Src/stm32g4xx_hal_smbus.c ****       {
 3605              		.loc 1 2102 17 is_stmt 0 view .LVU1184
 3606 023e 436B     		ldr	r3, [r0, #52]
2102:stm/stm32g4xx/STM32G4xx_HAL_Driver/Src/stm32g4xx_hal_smbus.c ****       {
 3607              		.loc 1 2102 10 view .LVU1185
 3608 0240 D3B1     		cbz	r3, .L248
2108:stm/stm32g4xx/STM32G4xx_HAL_Driver/Src/stm32g4xx_hal_smbus.c ****       {
 3609              		.loc 1 2108 12 is_stmt 1 view .LVU1186
2108:stm/stm32g4xx/STM32G4xx_HAL_Driver/Src/stm32g4xx_hal_smbus.c ****       {
 3610              		.loc 1 2108 16 is_stmt 0 view .LVU1187
 3611 0242 0368     		ldr	r3, [r0]
 3612 0244 5B68     		ldr	r3, [r3, #4]
2108:stm/stm32g4xx/STM32G4xx_HAL_Driver/Src/stm32g4xx_hal_smbus.c ****       {
 3613              		.loc 1 2108 15 view .LVU1188
 3614 0246 13F0007F 		tst	r3, #33554432
 3615 024a 7FF40EAF 		bne	.L227
ARM GAS  /tmp/ccPqrEja.s 			page 132


2114:stm/stm32g4xx/STM32G4xx_HAL_Driver/Src/stm32g4xx_hal_smbus.c ****         {
 3616              		.loc 1 2114 9 is_stmt 1 view .LVU1189
2114:stm/stm32g4xx/STM32G4xx_HAL_Driver/Src/stm32g4xx_hal_smbus.c ****         {
 3617              		.loc 1 2114 19 is_stmt 0 view .LVU1190
 3618 024e 836C     		ldr	r3, [r0, #72]
2114:stm/stm32g4xx/STM32G4xx_HAL_Driver/Src/stm32g4xx_hal_smbus.c ****         {
 3619              		.loc 1 2114 12 view .LVU1191
 3620 0250 122B     		cmp	r3, #18
 3621 0252 17D0     		beq	.L249
2131:stm/stm32g4xx/STM32G4xx_HAL_Driver/Src/stm32g4xx_hal_smbus.c ****         {
 3622              		.loc 1 2131 14 is_stmt 1 view .LVU1192
2131:stm/stm32g4xx/STM32G4xx_HAL_Driver/Src/stm32g4xx_hal_smbus.c ****         {
 3623              		.loc 1 2131 24 is_stmt 0 view .LVU1193
 3624 0254 836C     		ldr	r3, [r0, #72]
2131:stm/stm32g4xx/STM32G4xx_HAL_Driver/Src/stm32g4xx_hal_smbus.c ****         {
 3625              		.loc 1 2131 17 view .LVU1194
 3626 0256 222B     		cmp	r3, #34
 3627 0258 7FF407AF 		bne	.L227
2133:stm/stm32g4xx/STM32G4xx_HAL_Driver/Src/stm32g4xx_hal_smbus.c ****           hsmbus->PreviousState = hsmbus->State;
 3628              		.loc 1 2133 11 is_stmt 1 view .LVU1195
 3629 025c D421     		movs	r1, #212
 3630              	.LVL247:
2133:stm/stm32g4xx/STM32G4xx_HAL_Driver/Src/stm32g4xx_hal_smbus.c ****           hsmbus->PreviousState = hsmbus->State;
 3631              		.loc 1 2133 11 is_stmt 0 view .LVU1196
 3632 025e FFF7FEFF 		bl	SMBUS_Disable_IRQ
 3633              	.LVL248:
2134:stm/stm32g4xx/STM32G4xx_HAL_Driver/Src/stm32g4xx_hal_smbus.c ****           hsmbus->State = HAL_SMBUS_STATE_READY;
 3634              		.loc 1 2134 11 is_stmt 1 view .LVU1197
2134:stm/stm32g4xx/STM32G4xx_HAL_Driver/Src/stm32g4xx_hal_smbus.c ****           hsmbus->State = HAL_SMBUS_STATE_READY;
 3635              		.loc 1 2134 41 is_stmt 0 view .LVU1198
 3636 0262 A36C     		ldr	r3, [r4, #72]
2134:stm/stm32g4xx/STM32G4xx_HAL_Driver/Src/stm32g4xx_hal_smbus.c ****           hsmbus->State = HAL_SMBUS_STATE_READY;
 3637              		.loc 1 2134 33 view .LVU1199
 3638 0264 2364     		str	r3, [r4, #64]
2135:stm/stm32g4xx/STM32G4xx_HAL_Driver/Src/stm32g4xx_hal_smbus.c **** 
 3639              		.loc 1 2135 11 is_stmt 1 view .LVU1200
2135:stm/stm32g4xx/STM32G4xx_HAL_Driver/Src/stm32g4xx_hal_smbus.c **** 
 3640              		.loc 1 2135 25 is_stmt 0 view .LVU1201
 3641 0266 0123     		movs	r3, #1
 3642 0268 A364     		str	r3, [r4, #72]
2138:stm/stm32g4xx/STM32G4xx_HAL_Driver/Src/stm32g4xx_hal_smbus.c **** 
 3643              		.loc 1 2138 11 is_stmt 1 view .LVU1202
2138:stm/stm32g4xx/STM32G4xx_HAL_Driver/Src/stm32g4xx_hal_smbus.c **** 
 3644              		.loc 1 2138 11 view .LVU1203
 3645 026a 0023     		movs	r3, #0
 3646 026c 84F84430 		strb	r3, [r4, #68]
2138:stm/stm32g4xx/STM32G4xx_HAL_Driver/Src/stm32g4xx_hal_smbus.c **** 
 3647              		.loc 1 2138 11 view .LVU1204
2144:stm/stm32g4xx/STM32G4xx_HAL_Driver/Src/stm32g4xx_hal_smbus.c **** #endif /* USE_HAL_SMBUS_REGISTER_CALLBACKS */
 3648              		.loc 1 2144 11 view .LVU1205
 3649 0270 2046     		mov	r0, r4
 3650 0272 FFF7FEFF 		bl	HAL_SMBUS_MasterRxCpltCallback
 3651              	.LVL249:
 3652 0276 F8E6     		b	.L227
 3653              	.LVL250:
 3654              	.L248:
2105:stm/stm32g4xx/STM32G4xx_HAL_Driver/Src/stm32g4xx_hal_smbus.c ****       }
ARM GAS  /tmp/ccPqrEja.s 			page 133


 3655              		.loc 1 2105 9 view .LVU1206
2105:stm/stm32g4xx/STM32G4xx_HAL_Driver/Src/stm32g4xx_hal_smbus.c ****       }
 3656              		.loc 1 2105 15 is_stmt 0 view .LVU1207
 3657 0278 0268     		ldr	r2, [r0]
2105:stm/stm32g4xx/STM32G4xx_HAL_Driver/Src/stm32g4xx_hal_smbus.c ****       }
 3658              		.loc 1 2105 25 view .LVU1208
 3659 027a 5368     		ldr	r3, [r2, #4]
2105:stm/stm32g4xx/STM32G4xx_HAL_Driver/Src/stm32g4xx_hal_smbus.c ****       }
 3660              		.loc 1 2105 31 view .LVU1209
 3661 027c 43F48043 		orr	r3, r3, #16384
 3662 0280 5360     		str	r3, [r2, #4]
 3663 0282 F2E6     		b	.L227
 3664              	.L249:
2117:stm/stm32g4xx/STM32G4xx_HAL_Driver/Src/stm32g4xx_hal_smbus.c ****           hsmbus->PreviousState = hsmbus->State;
 3665              		.loc 1 2117 11 is_stmt 1 view .LVU1210
 3666 0284 F221     		movs	r1, #242
 3667              	.LVL251:
2117:stm/stm32g4xx/STM32G4xx_HAL_Driver/Src/stm32g4xx_hal_smbus.c ****           hsmbus->PreviousState = hsmbus->State;
 3668              		.loc 1 2117 11 is_stmt 0 view .LVU1211
 3669 0286 FFF7FEFF 		bl	SMBUS_Disable_IRQ
 3670              	.LVL252:
2118:stm/stm32g4xx/STM32G4xx_HAL_Driver/Src/stm32g4xx_hal_smbus.c ****           hsmbus->State = HAL_SMBUS_STATE_READY;
 3671              		.loc 1 2118 11 is_stmt 1 view .LVU1212
2118:stm/stm32g4xx/STM32G4xx_HAL_Driver/Src/stm32g4xx_hal_smbus.c ****           hsmbus->State = HAL_SMBUS_STATE_READY;
 3672              		.loc 1 2118 41 is_stmt 0 view .LVU1213
 3673 028a A36C     		ldr	r3, [r4, #72]
2118:stm/stm32g4xx/STM32G4xx_HAL_Driver/Src/stm32g4xx_hal_smbus.c ****           hsmbus->State = HAL_SMBUS_STATE_READY;
 3674              		.loc 1 2118 33 view .LVU1214
 3675 028c 2364     		str	r3, [r4, #64]
2119:stm/stm32g4xx/STM32G4xx_HAL_Driver/Src/stm32g4xx_hal_smbus.c **** 
 3676              		.loc 1 2119 11 is_stmt 1 view .LVU1215
2119:stm/stm32g4xx/STM32G4xx_HAL_Driver/Src/stm32g4xx_hal_smbus.c **** 
 3677              		.loc 1 2119 25 is_stmt 0 view .LVU1216
 3678 028e 0123     		movs	r3, #1
 3679 0290 A364     		str	r3, [r4, #72]
2122:stm/stm32g4xx/STM32G4xx_HAL_Driver/Src/stm32g4xx_hal_smbus.c **** 
 3680              		.loc 1 2122 11 is_stmt 1 view .LVU1217
2122:stm/stm32g4xx/STM32G4xx_HAL_Driver/Src/stm32g4xx_hal_smbus.c **** 
 3681              		.loc 1 2122 11 view .LVU1218
 3682 0292 0023     		movs	r3, #0
 3683 0294 84F84430 		strb	r3, [r4, #68]
2122:stm/stm32g4xx/STM32G4xx_HAL_Driver/Src/stm32g4xx_hal_smbus.c **** 
 3684              		.loc 1 2122 11 view .LVU1219
2128:stm/stm32g4xx/STM32G4xx_HAL_Driver/Src/stm32g4xx_hal_smbus.c **** #endif /* USE_HAL_SMBUS_REGISTER_CALLBACKS */
 3685              		.loc 1 2128 11 view .LVU1220
 3686 0298 2046     		mov	r0, r4
 3687 029a FFF7FEFF 		bl	HAL_SMBUS_MasterTxCpltCallback
 3688              	.LVL253:
 3689 029e E4E6     		b	.L227
 3690              	.LVL254:
 3691              	.L239:
 3692              	.LCFI50:
 3693              		.cfi_def_cfa_offset 0
 3694              		.cfi_restore 4
 3695              		.cfi_restore 5
 3696              		.cfi_restore 14
1890:stm/stm32g4xx/STM32G4xx_HAL_Driver/Src/stm32g4xx_hal_smbus.c **** 
ARM GAS  /tmp/ccPqrEja.s 			page 134


 3697              		.loc 1 1890 3 is_stmt 0 discriminator 1 view .LVU1221
 3698 02a0 0220     		movs	r0, #2
 3699              	.LVL255:
2167:stm/stm32g4xx/STM32G4xx_HAL_Driver/Src/stm32g4xx_hal_smbus.c **** /**
 3700              		.loc 1 2167 1 view .LVU1222
 3701 02a2 7047     		bx	lr
 3702              		.cfi_endproc
 3703              	.LFE356:
 3705              		.section	.text.SMBUS_Slave_ISR,"ax",%progbits
 3706              		.align	1
 3707              		.syntax unified
 3708              		.thumb
 3709              		.thumb_func
 3711              	SMBUS_Slave_ISR:
 3712              	.LVL256:
 3713              	.LFB357:
2176:stm/stm32g4xx/STM32G4xx_HAL_Driver/Src/stm32g4xx_hal_smbus.c ****   uint8_t TransferDirection;
 3714              		.loc 1 2176 1 is_stmt 1 view -0
 3715              		.cfi_startproc
 3716              		@ args = 0, pretend = 0, frame = 0
 3717              		@ frame_needed = 0, uses_anonymous_args = 0
2177:stm/stm32g4xx/STM32G4xx_HAL_Driver/Src/stm32g4xx_hal_smbus.c ****   uint16_t SlaveAddrCode;
 3718              		.loc 1 2177 3 view .LVU1224
2178:stm/stm32g4xx/STM32G4xx_HAL_Driver/Src/stm32g4xx_hal_smbus.c **** 
 3719              		.loc 1 2178 3 view .LVU1225
2181:stm/stm32g4xx/STM32G4xx_HAL_Driver/Src/stm32g4xx_hal_smbus.c **** 
 3720              		.loc 1 2181 3 view .LVU1226
2181:stm/stm32g4xx/STM32G4xx_HAL_Driver/Src/stm32g4xx_hal_smbus.c **** 
 3721              		.loc 1 2181 3 view .LVU1227
 3722 0000 90F84430 		ldrb	r3, [r0, #68]	@ zero_extendqisi2
 3723 0004 012B     		cmp	r3, #1
 3724 0006 00F04681 		beq	.L265
2176:stm/stm32g4xx/STM32G4xx_HAL_Driver/Src/stm32g4xx_hal_smbus.c ****   uint8_t TransferDirection;
 3725              		.loc 1 2176 1 is_stmt 0 view .LVU1228
 3726 000a 30B5     		push	{r4, r5, lr}
 3727              	.LCFI51:
 3728              		.cfi_def_cfa_offset 12
 3729              		.cfi_offset 4, -12
 3730              		.cfi_offset 5, -8
 3731              		.cfi_offset 14, -4
 3732 000c 83B0     		sub	sp, sp, #12
 3733              	.LCFI52:
 3734              		.cfi_def_cfa_offset 24
 3735 000e 0446     		mov	r4, r0
 3736 0010 0D46     		mov	r5, r1
2181:stm/stm32g4xx/STM32G4xx_HAL_Driver/Src/stm32g4xx_hal_smbus.c **** 
 3737              		.loc 1 2181 3 is_stmt 1 discriminator 2 view .LVU1229
 3738 0012 0123     		movs	r3, #1
 3739 0014 80F84430 		strb	r3, [r0, #68]
2181:stm/stm32g4xx/STM32G4xx_HAL_Driver/Src/stm32g4xx_hal_smbus.c **** 
 3740              		.loc 1 2181 3 discriminator 2 view .LVU1230
2183:stm/stm32g4xx/STM32G4xx_HAL_Driver/Src/stm32g4xx_hal_smbus.c ****   {
 3741              		.loc 1 2183 3 view .LVU1231
2183:stm/stm32g4xx/STM32G4xx_HAL_Driver/Src/stm32g4xx_hal_smbus.c ****   {
 3742              		.loc 1 2183 6 is_stmt 0 view .LVU1232
 3743 0018 11F0100F 		tst	r1, #16
 3744 001c 72D0     		beq	.L252
ARM GAS  /tmp/ccPqrEja.s 			page 135


2189:stm/stm32g4xx/STM32G4xx_HAL_Driver/Src/stm32g4xx_hal_smbus.c ****     {
 3745              		.loc 1 2189 5 is_stmt 1 view .LVU1233
2189:stm/stm32g4xx/STM32G4xx_HAL_Driver/Src/stm32g4xx_hal_smbus.c ****     {
 3746              		.loc 1 2189 15 is_stmt 0 view .LVU1234
 3747 001e 438F     		ldrh	r3, [r0, #58]
 3748 0020 9BB2     		uxth	r3, r3
2189:stm/stm32g4xx/STM32G4xx_HAL_Driver/Src/stm32g4xx_hal_smbus.c ****     {
 3749              		.loc 1 2189 8 view .LVU1235
 3750 0022 002B     		cmp	r3, #0
 3751 0024 50D1     		bne	.L253
2192:stm/stm32g4xx/STM32G4xx_HAL_Driver/Src/stm32g4xx_hal_smbus.c **** 
 3752              		.loc 1 2192 7 is_stmt 1 view .LVU1236
 3753 0026 0368     		ldr	r3, [r0]
 3754 0028 1022     		movs	r2, #16
 3755 002a DA61     		str	r2, [r3, #28]
2195:stm/stm32g4xx/STM32G4xx_HAL_Driver/Src/stm32g4xx_hal_smbus.c **** 
 3756              		.loc 1 2195 7 view .LVU1237
 3757 002c FFF7FEFF 		bl	SMBUS_Flush_TXDR
 3758              	.LVL257:
2198:stm/stm32g4xx/STM32G4xx_HAL_Driver/Src/stm32g4xx_hal_smbus.c ****     }
 3759              		.loc 1 2198 7 view .LVU1238
2198:stm/stm32g4xx/STM32G4xx_HAL_Driver/Src/stm32g4xx_hal_smbus.c ****     }
 3760              		.loc 1 2198 7 view .LVU1239
 3761 0030 0023     		movs	r3, #0
 3762 0032 84F84430 		strb	r3, [r4, #68]
2198:stm/stm32g4xx/STM32G4xx_HAL_Driver/Src/stm32g4xx_hal_smbus.c ****     }
 3763              		.loc 1 2198 7 view .LVU1240
 3764              	.L254:
2374:stm/stm32g4xx/STM32G4xx_HAL_Driver/Src/stm32g4xx_hal_smbus.c **** 
 3765              		.loc 1 2374 3 view .LVU1241
2377:stm/stm32g4xx/STM32G4xx_HAL_Driver/Src/stm32g4xx_hal_smbus.c ****   {
 3766              		.loc 1 2377 3 view .LVU1242
2377:stm/stm32g4xx/STM32G4xx_HAL_Driver/Src/stm32g4xx_hal_smbus.c ****   {
 3767              		.loc 1 2377 6 is_stmt 0 view .LVU1243
 3768 0036 15F0200F 		tst	r5, #32
 3769 003a 40D0     		beq	.L263
2379:stm/stm32g4xx/STM32G4xx_HAL_Driver/Src/stm32g4xx_hal_smbus.c ****     {
 3770              		.loc 1 2379 5 is_stmt 1 view .LVU1244
2379:stm/stm32g4xx/STM32G4xx_HAL_Driver/Src/stm32g4xx_hal_smbus.c ****     {
 3771              		.loc 1 2379 16 is_stmt 0 view .LVU1245
 3772 003c A36C     		ldr	r3, [r4, #72]
2379:stm/stm32g4xx/STM32G4xx_HAL_Driver/Src/stm32g4xx_hal_smbus.c ****     {
 3773              		.loc 1 2379 8 view .LVU1246
 3774 003e 13F0080F 		tst	r3, #8
 3775 0042 3CD0     		beq	.L263
2382:stm/stm32g4xx/STM32G4xx_HAL_Driver/Src/stm32g4xx_hal_smbus.c ****       {
 3776              		.loc 1 2382 7 is_stmt 1 view .LVU1247
2382:stm/stm32g4xx/STM32G4xx_HAL_Driver/Src/stm32g4xx_hal_smbus.c ****       {
 3777              		.loc 1 2382 11 is_stmt 0 view .LVU1248
 3778 0044 2368     		ldr	r3, [r4]
 3779 0046 9A69     		ldr	r2, [r3, #24]
2382:stm/stm32g4xx/STM32G4xx_HAL_Driver/Src/stm32g4xx_hal_smbus.c ****       {
 3780              		.loc 1 2382 10 view .LVU1249
 3781 0048 12F0040F 		tst	r2, #4
 3782 004c 0ED0     		beq	.L264
2385:stm/stm32g4xx/STM32G4xx_HAL_Driver/Src/stm32g4xx_hal_smbus.c **** 
 3783              		.loc 1 2385 9 is_stmt 1 view .LVU1250
ARM GAS  /tmp/ccPqrEja.s 			page 136


2385:stm/stm32g4xx/STM32G4xx_HAL_Driver/Src/stm32g4xx_hal_smbus.c **** 
 3784              		.loc 1 2385 55 is_stmt 0 view .LVU1251
 3785 004e 5A6A     		ldr	r2, [r3, #36]
2385:stm/stm32g4xx/STM32G4xx_HAL_Driver/Src/stm32g4xx_hal_smbus.c **** 
 3786              		.loc 1 2385 16 view .LVU1252
 3787 0050 636B     		ldr	r3, [r4, #52]
2385:stm/stm32g4xx/STM32G4xx_HAL_Driver/Src/stm32g4xx_hal_smbus.c **** 
 3788              		.loc 1 2385 27 view .LVU1253
 3789 0052 1A70     		strb	r2, [r3]
2388:stm/stm32g4xx/STM32G4xx_HAL_Driver/Src/stm32g4xx_hal_smbus.c **** 
 3790              		.loc 1 2388 9 is_stmt 1 view .LVU1254
2388:stm/stm32g4xx/STM32G4xx_HAL_Driver/Src/stm32g4xx_hal_smbus.c **** 
 3791              		.loc 1 2388 15 is_stmt 0 view .LVU1255
 3792 0054 636B     		ldr	r3, [r4, #52]
2388:stm/stm32g4xx/STM32G4xx_HAL_Driver/Src/stm32g4xx_hal_smbus.c **** 
 3793              		.loc 1 2388 25 view .LVU1256
 3794 0056 0133     		adds	r3, r3, #1
 3795 0058 6363     		str	r3, [r4, #52]
2390:stm/stm32g4xx/STM32G4xx_HAL_Driver/Src/stm32g4xx_hal_smbus.c ****         {
 3796              		.loc 1 2390 9 is_stmt 1 view .LVU1257
2390:stm/stm32g4xx/STM32G4xx_HAL_Driver/Src/stm32g4xx_hal_smbus.c ****         {
 3797              		.loc 1 2390 20 is_stmt 0 view .LVU1258
 3798 005a 238F     		ldrh	r3, [r4, #56]
2390:stm/stm32g4xx/STM32G4xx_HAL_Driver/Src/stm32g4xx_hal_smbus.c ****         {
 3799              		.loc 1 2390 12 view .LVU1259
 3800 005c 33B1     		cbz	r3, .L264
2392:stm/stm32g4xx/STM32G4xx_HAL_Driver/Src/stm32g4xx_hal_smbus.c ****           hsmbus->XferCount--;
 3801              		.loc 1 2392 11 is_stmt 1 view .LVU1260
2392:stm/stm32g4xx/STM32G4xx_HAL_Driver/Src/stm32g4xx_hal_smbus.c ****           hsmbus->XferCount--;
 3802              		.loc 1 2392 27 is_stmt 0 view .LVU1261
 3803 005e 013B     		subs	r3, r3, #1
 3804 0060 2387     		strh	r3, [r4, #56]	@ movhi
2393:stm/stm32g4xx/STM32G4xx_HAL_Driver/Src/stm32g4xx_hal_smbus.c ****         }
 3805              		.loc 1 2393 11 is_stmt 1 view .LVU1262
2393:stm/stm32g4xx/STM32G4xx_HAL_Driver/Src/stm32g4xx_hal_smbus.c ****         }
 3806              		.loc 1 2393 17 is_stmt 0 view .LVU1263
 3807 0062 638F     		ldrh	r3, [r4, #58]
 3808 0064 9BB2     		uxth	r3, r3
2393:stm/stm32g4xx/STM32G4xx_HAL_Driver/Src/stm32g4xx_hal_smbus.c ****         }
 3809              		.loc 1 2393 28 view .LVU1264
 3810 0066 013B     		subs	r3, r3, #1
 3811 0068 9BB2     		uxth	r3, r3
 3812 006a 6387     		strh	r3, [r4, #58]	@ movhi
 3813              	.L264:
2398:stm/stm32g4xx/STM32G4xx_HAL_Driver/Src/stm32g4xx_hal_smbus.c **** 
 3814              		.loc 1 2398 7 is_stmt 1 view .LVU1265
 3815 006c F621     		movs	r1, #246
 3816 006e 2046     		mov	r0, r4
 3817 0070 FFF7FEFF 		bl	SMBUS_Disable_IRQ
 3818              	.LVL258:
2401:stm/stm32g4xx/STM32G4xx_HAL_Driver/Src/stm32g4xx_hal_smbus.c **** 
 3819              		.loc 1 2401 7 view .LVU1266
 3820 0074 3821     		movs	r1, #56
 3821 0076 2046     		mov	r0, r4
 3822 0078 FFF7FEFF 		bl	SMBUS_Disable_IRQ
 3823              	.LVL259:
2404:stm/stm32g4xx/STM32G4xx_HAL_Driver/Src/stm32g4xx_hal_smbus.c **** 
ARM GAS  /tmp/ccPqrEja.s 			page 137


 3824              		.loc 1 2404 7 view .LVU1267
2404:stm/stm32g4xx/STM32G4xx_HAL_Driver/Src/stm32g4xx_hal_smbus.c **** 
 3825              		.loc 1 2404 13 is_stmt 0 view .LVU1268
 3826 007c 2268     		ldr	r2, [r4]
2404:stm/stm32g4xx/STM32G4xx_HAL_Driver/Src/stm32g4xx_hal_smbus.c **** 
 3827              		.loc 1 2404 23 view .LVU1269
 3828 007e 5368     		ldr	r3, [r2, #4]
2404:stm/stm32g4xx/STM32G4xx_HAL_Driver/Src/stm32g4xx_hal_smbus.c **** 
 3829              		.loc 1 2404 29 view .LVU1270
 3830 0080 43F40043 		orr	r3, r3, #32768
 3831 0084 5360     		str	r3, [r2, #4]
2407:stm/stm32g4xx/STM32G4xx_HAL_Driver/Src/stm32g4xx_hal_smbus.c **** 
 3832              		.loc 1 2407 7 is_stmt 1 view .LVU1271
 3833 0086 2268     		ldr	r2, [r4]
 3834 0088 5368     		ldr	r3, [r2, #4]
 3835 008a 23F0FF73 		bic	r3, r3, #33423360
 3836 008e 23F48B33 		bic	r3, r3, #71168
 3837 0092 23F4FF73 		bic	r3, r3, #510
 3838 0096 23F00103 		bic	r3, r3, #1
 3839 009a 5360     		str	r3, [r2, #4]
2410:stm/stm32g4xx/STM32G4xx_HAL_Driver/Src/stm32g4xx_hal_smbus.c **** 
 3840              		.loc 1 2410 7 view .LVU1272
 3841 009c 2368     		ldr	r3, [r4]
 3842 009e 2022     		movs	r2, #32
 3843 00a0 DA61     		str	r2, [r3, #28]
2413:stm/stm32g4xx/STM32G4xx_HAL_Driver/Src/stm32g4xx_hal_smbus.c **** 
 3844              		.loc 1 2413 7 view .LVU1273
 3845 00a2 2368     		ldr	r3, [r4]
 3846 00a4 0822     		movs	r2, #8
 3847 00a6 DA61     		str	r2, [r3, #28]
2415:stm/stm32g4xx/STM32G4xx_HAL_Driver/Src/stm32g4xx_hal_smbus.c ****       hsmbus->PreviousState = hsmbus->State;
 3848              		.loc 1 2415 7 view .LVU1274
2415:stm/stm32g4xx/STM32G4xx_HAL_Driver/Src/stm32g4xx_hal_smbus.c ****       hsmbus->PreviousState = hsmbus->State;
 3849              		.loc 1 2415 27 is_stmt 0 view .LVU1275
 3850 00a8 0023     		movs	r3, #0
 3851 00aa E363     		str	r3, [r4, #60]
2416:stm/stm32g4xx/STM32G4xx_HAL_Driver/Src/stm32g4xx_hal_smbus.c ****       hsmbus->State = HAL_SMBUS_STATE_READY;
 3852              		.loc 1 2416 7 is_stmt 1 view .LVU1276
2416:stm/stm32g4xx/STM32G4xx_HAL_Driver/Src/stm32g4xx_hal_smbus.c ****       hsmbus->State = HAL_SMBUS_STATE_READY;
 3853              		.loc 1 2416 37 is_stmt 0 view .LVU1277
 3854 00ac A26C     		ldr	r2, [r4, #72]
2416:stm/stm32g4xx/STM32G4xx_HAL_Driver/Src/stm32g4xx_hal_smbus.c ****       hsmbus->State = HAL_SMBUS_STATE_READY;
 3855              		.loc 1 2416 29 view .LVU1278
 3856 00ae 2264     		str	r2, [r4, #64]
2417:stm/stm32g4xx/STM32G4xx_HAL_Driver/Src/stm32g4xx_hal_smbus.c **** 
 3857              		.loc 1 2417 7 is_stmt 1 view .LVU1279
2417:stm/stm32g4xx/STM32G4xx_HAL_Driver/Src/stm32g4xx_hal_smbus.c **** 
 3858              		.loc 1 2417 21 is_stmt 0 view .LVU1280
 3859 00b0 0122     		movs	r2, #1
 3860 00b2 A264     		str	r2, [r4, #72]
2420:stm/stm32g4xx/STM32G4xx_HAL_Driver/Src/stm32g4xx_hal_smbus.c **** 
 3861              		.loc 1 2420 7 is_stmt 1 view .LVU1281
2420:stm/stm32g4xx/STM32G4xx_HAL_Driver/Src/stm32g4xx_hal_smbus.c **** 
 3862              		.loc 1 2420 7 view .LVU1282
 3863 00b4 84F84430 		strb	r3, [r4, #68]
2420:stm/stm32g4xx/STM32G4xx_HAL_Driver/Src/stm32g4xx_hal_smbus.c **** 
 3864              		.loc 1 2420 7 view .LVU1283
ARM GAS  /tmp/ccPqrEja.s 			page 138


2426:stm/stm32g4xx/STM32G4xx_HAL_Driver/Src/stm32g4xx_hal_smbus.c **** #endif /* USE_HAL_SMBUS_REGISTER_CALLBACKS */
 3865              		.loc 1 2426 7 view .LVU1284
 3866 00b8 2046     		mov	r0, r4
 3867 00ba FFF7FEFF 		bl	HAL_SMBUS_ListenCpltCallback
 3868              	.LVL260:
 3869              	.L263:
2432:stm/stm32g4xx/STM32G4xx_HAL_Driver/Src/stm32g4xx_hal_smbus.c **** 
 3870              		.loc 1 2432 3 view .LVU1285
2432:stm/stm32g4xx/STM32G4xx_HAL_Driver/Src/stm32g4xx_hal_smbus.c **** 
 3871              		.loc 1 2432 3 view .LVU1286
 3872 00be 0020     		movs	r0, #0
 3873 00c0 84F84400 		strb	r0, [r4, #68]
2432:stm/stm32g4xx/STM32G4xx_HAL_Driver/Src/stm32g4xx_hal_smbus.c **** 
 3874              		.loc 1 2432 3 view .LVU1287
2434:stm/stm32g4xx/STM32G4xx_HAL_Driver/Src/stm32g4xx_hal_smbus.c **** }
 3875              		.loc 1 2434 3 view .LVU1288
2435:stm/stm32g4xx/STM32G4xx_HAL_Driver/Src/stm32g4xx_hal_smbus.c **** /**
 3876              		.loc 1 2435 1 is_stmt 0 view .LVU1289
 3877 00c4 03B0     		add	sp, sp, #12
 3878              	.LCFI53:
 3879              		.cfi_remember_state
 3880              		.cfi_def_cfa_offset 12
 3881              		@ sp needed
 3882 00c6 30BD     		pop	{r4, r5, pc}
 3883              	.LVL261:
 3884              	.L253:
 3885              	.LCFI54:
 3886              		.cfi_restore_state
2204:stm/stm32g4xx/STM32G4xx_HAL_Driver/Src/stm32g4xx_hal_smbus.c **** 
 3887              		.loc 1 2204 7 is_stmt 1 view .LVU1290
 3888 00c8 0368     		ldr	r3, [r0]
 3889 00ca 1022     		movs	r2, #16
 3890 00cc DA61     		str	r2, [r3, #28]
2208:stm/stm32g4xx/STM32G4xx_HAL_Driver/Src/stm32g4xx_hal_smbus.c ****       hsmbus->State &= ~((uint32_t)HAL_SMBUS_STATE_SLAVE_BUSY_TX);
 3891              		.loc 1 2208 7 view .LVU1291
2208:stm/stm32g4xx/STM32G4xx_HAL_Driver/Src/stm32g4xx_hal_smbus.c ****       hsmbus->State &= ~((uint32_t)HAL_SMBUS_STATE_SLAVE_BUSY_TX);
 3892              		.loc 1 2208 37 is_stmt 0 view .LVU1292
 3893 00ce 836C     		ldr	r3, [r0, #72]
2208:stm/stm32g4xx/STM32G4xx_HAL_Driver/Src/stm32g4xx_hal_smbus.c ****       hsmbus->State &= ~((uint32_t)HAL_SMBUS_STATE_SLAVE_BUSY_TX);
 3894              		.loc 1 2208 29 view .LVU1293
 3895 00d0 0364     		str	r3, [r0, #64]
2209:stm/stm32g4xx/STM32G4xx_HAL_Driver/Src/stm32g4xx_hal_smbus.c ****       hsmbus->State &= ~((uint32_t)HAL_SMBUS_STATE_SLAVE_BUSY_RX);
 3896              		.loc 1 2209 7 is_stmt 1 view .LVU1294
2209:stm/stm32g4xx/STM32G4xx_HAL_Driver/Src/stm32g4xx_hal_smbus.c ****       hsmbus->State &= ~((uint32_t)HAL_SMBUS_STATE_SLAVE_BUSY_RX);
 3897              		.loc 1 2209 13 is_stmt 0 view .LVU1295
 3898 00d2 836C     		ldr	r3, [r0, #72]
2209:stm/stm32g4xx/STM32G4xx_HAL_Driver/Src/stm32g4xx_hal_smbus.c ****       hsmbus->State &= ~((uint32_t)HAL_SMBUS_STATE_SLAVE_BUSY_RX);
 3899              		.loc 1 2209 21 view .LVU1296
 3900 00d4 23F03203 		bic	r3, r3, #50
 3901 00d8 8364     		str	r3, [r0, #72]
2210:stm/stm32g4xx/STM32G4xx_HAL_Driver/Src/stm32g4xx_hal_smbus.c **** 
 3902              		.loc 1 2210 7 is_stmt 1 view .LVU1297
2210:stm/stm32g4xx/STM32G4xx_HAL_Driver/Src/stm32g4xx_hal_smbus.c **** 
 3903              		.loc 1 2210 13 is_stmt 0 view .LVU1298
 3904 00da 836C     		ldr	r3, [r0, #72]
2210:stm/stm32g4xx/STM32G4xx_HAL_Driver/Src/stm32g4xx_hal_smbus.c **** 
 3905              		.loc 1 2210 21 view .LVU1299
ARM GAS  /tmp/ccPqrEja.s 			page 139


 3906 00dc 23F04203 		bic	r3, r3, #66
 3907 00e0 8364     		str	r3, [r0, #72]
2213:stm/stm32g4xx/STM32G4xx_HAL_Driver/Src/stm32g4xx_hal_smbus.c **** 
 3908              		.loc 1 2213 7 is_stmt 1 view .LVU1300
 3909 00e2 F621     		movs	r1, #246
 3910              	.LVL262:
2213:stm/stm32g4xx/STM32G4xx_HAL_Driver/Src/stm32g4xx_hal_smbus.c **** 
 3911              		.loc 1 2213 7 is_stmt 0 view .LVU1301
 3912 00e4 FFF7FEFF 		bl	SMBUS_Disable_IRQ
 3913              	.LVL263:
2216:stm/stm32g4xx/STM32G4xx_HAL_Driver/Src/stm32g4xx_hal_smbus.c **** 
 3914              		.loc 1 2216 7 is_stmt 1 view .LVU1302
2216:stm/stm32g4xx/STM32G4xx_HAL_Driver/Src/stm32g4xx_hal_smbus.c **** 
 3915              		.loc 1 2216 13 is_stmt 0 view .LVU1303
 3916 00e8 E36C     		ldr	r3, [r4, #76]
2216:stm/stm32g4xx/STM32G4xx_HAL_Driver/Src/stm32g4xx_hal_smbus.c **** 
 3917              		.loc 1 2216 25 view .LVU1304
 3918 00ea 43F00403 		orr	r3, r3, #4
 3919 00ee E364     		str	r3, [r4, #76]
2219:stm/stm32g4xx/STM32G4xx_HAL_Driver/Src/stm32g4xx_hal_smbus.c **** 
 3920              		.loc 1 2219 7 is_stmt 1 view .LVU1305
 3921 00f0 2046     		mov	r0, r4
 3922 00f2 FFF7FEFF 		bl	SMBUS_Flush_TXDR
 3923              	.LVL264:
2222:stm/stm32g4xx/STM32G4xx_HAL_Driver/Src/stm32g4xx_hal_smbus.c **** 
 3924              		.loc 1 2222 7 view .LVU1306
2222:stm/stm32g4xx/STM32G4xx_HAL_Driver/Src/stm32g4xx_hal_smbus.c **** 
 3925              		.loc 1 2222 7 view .LVU1307
 3926 00f6 0023     		movs	r3, #0
 3927 00f8 84F84430 		strb	r3, [r4, #68]
2222:stm/stm32g4xx/STM32G4xx_HAL_Driver/Src/stm32g4xx_hal_smbus.c **** 
 3928              		.loc 1 2222 7 view .LVU1308
2228:stm/stm32g4xx/STM32G4xx_HAL_Driver/Src/stm32g4xx_hal_smbus.c **** #endif /* USE_HAL_SMBUS_REGISTER_CALLBACKS */
 3929              		.loc 1 2228 7 view .LVU1309
 3930 00fc 2046     		mov	r0, r4
 3931 00fe FFF7FEFF 		bl	HAL_SMBUS_ErrorCallback
 3932              	.LVL265:
 3933 0102 98E7     		b	.L254
 3934              	.LVL266:
 3935              	.L252:
2232:stm/stm32g4xx/STM32G4xx_HAL_Driver/Src/stm32g4xx_hal_smbus.c ****   {
 3936              		.loc 1 2232 8 view .LVU1310
2232:stm/stm32g4xx/STM32G4xx_HAL_Driver/Src/stm32g4xx_hal_smbus.c ****   {
 3937              		.loc 1 2232 11 is_stmt 0 view .LVU1311
 3938 0104 11F0080F 		tst	r1, #8
 3939 0108 2AD1     		bne	.L270
2251:stm/stm32g4xx/STM32G4xx_HAL_Driver/Src/stm32g4xx_hal_smbus.c ****            (SMBUS_CHECK_FLAG(StatusFlags, SMBUS_FLAG_TCR) != RESET))
 3940              		.loc 1 2251 8 is_stmt 1 view .LVU1312
2251:stm/stm32g4xx/STM32G4xx_HAL_Driver/Src/stm32g4xx_hal_smbus.c ****            (SMBUS_CHECK_FLAG(StatusFlags, SMBUS_FLAG_TCR) != RESET))
 3941              		.loc 1 2251 11 is_stmt 0 view .LVU1313
 3942 010a 11F0040F 		tst	r1, #4
 3943 010e 03D1     		bne	.L256
2251:stm/stm32g4xx/STM32G4xx_HAL_Driver/Src/stm32g4xx_hal_smbus.c ****            (SMBUS_CHECK_FLAG(StatusFlags, SMBUS_FLAG_TCR) != RESET))
 3944              		.loc 1 2251 70 discriminator 1 view .LVU1314
 3945 0110 11F0800F 		tst	r1, #128
 3946 0114 00F09380 		beq	.L257
 3947              	.L256:
ARM GAS  /tmp/ccPqrEja.s 			page 140


2254:stm/stm32g4xx/STM32G4xx_HAL_Driver/Src/stm32g4xx_hal_smbus.c ****     {
 3948              		.loc 1 2254 5 is_stmt 1 view .LVU1315
2254:stm/stm32g4xx/STM32G4xx_HAL_Driver/Src/stm32g4xx_hal_smbus.c ****     {
 3949              		.loc 1 2254 16 is_stmt 0 view .LVU1316
 3950 0118 A36C     		ldr	r3, [r4, #72]
2254:stm/stm32g4xx/STM32G4xx_HAL_Driver/Src/stm32g4xx_hal_smbus.c ****     {
 3951              		.loc 1 2254 24 view .LVU1317
 3952 011a 03F04203 		and	r3, r3, #66
2254:stm/stm32g4xx/STM32G4xx_HAL_Driver/Src/stm32g4xx_hal_smbus.c ****     {
 3953              		.loc 1 2254 8 view .LVU1318
 3954 011e 422B     		cmp	r3, #66
 3955 0120 30D0     		beq	.L271
2303:stm/stm32g4xx/STM32G4xx_HAL_Driver/Src/stm32g4xx_hal_smbus.c ****     {
 3956              		.loc 1 2303 10 is_stmt 1 view .LVU1319
2303:stm/stm32g4xx/STM32G4xx_HAL_Driver/Src/stm32g4xx_hal_smbus.c ****     {
 3957              		.loc 1 2303 21 is_stmt 0 view .LVU1320
 3958 0122 A36C     		ldr	r3, [r4, #72]
2303:stm/stm32g4xx/STM32G4xx_HAL_Driver/Src/stm32g4xx_hal_smbus.c ****     {
 3959              		.loc 1 2303 29 view .LVU1321
 3960 0124 03F03203 		and	r3, r3, #50
2303:stm/stm32g4xx/STM32G4xx_HAL_Driver/Src/stm32g4xx_hal_smbus.c ****     {
 3961              		.loc 1 2303 13 view .LVU1322
 3962 0128 322B     		cmp	r3, #50
 3963 012a 84D1     		bne	.L254
2305:stm/stm32g4xx/STM32G4xx_HAL_Driver/Src/stm32g4xx_hal_smbus.c ****       {
 3964              		.loc 1 2305 7 is_stmt 1 view .LVU1323
2305:stm/stm32g4xx/STM32G4xx_HAL_Driver/Src/stm32g4xx_hal_smbus.c ****       {
 3965              		.loc 1 2305 18 is_stmt 0 view .LVU1324
 3966 012c 638F     		ldrh	r3, [r4, #58]
 3967 012e 9BB2     		uxth	r3, r3
2305:stm/stm32g4xx/STM32G4xx_HAL_Driver/Src/stm32g4xx_hal_smbus.c ****       {
 3968              		.loc 1 2305 10 view .LVU1325
 3969 0130 002B     		cmp	r3, #0
 3970 0132 80D0     		beq	.L254
2305:stm/stm32g4xx/STM32G4xx_HAL_Driver/Src/stm32g4xx_hal_smbus.c ****       {
 3971              		.loc 1 2305 47 discriminator 1 view .LVU1326
 3972 0134 238F     		ldrh	r3, [r4, #56]
2305:stm/stm32g4xx/STM32G4xx_HAL_Driver/Src/stm32g4xx_hal_smbus.c ****       {
 3973              		.loc 1 2305 37 discriminator 1 view .LVU1327
 3974 0136 002B     		cmp	r3, #0
 3975 0138 7FF47DAF 		bne	.L254
2307:stm/stm32g4xx/STM32G4xx_HAL_Driver/Src/stm32g4xx_hal_smbus.c ****         {
 3976              		.loc 1 2307 9 is_stmt 1 view .LVU1328
2307:stm/stm32g4xx/STM32G4xx_HAL_Driver/Src/stm32g4xx_hal_smbus.c ****         {
 3977              		.loc 1 2307 19 is_stmt 0 view .LVU1329
 3978 013c 638F     		ldrh	r3, [r4, #58]
 3979 013e 9BB2     		uxth	r3, r3
2307:stm/stm32g4xx/STM32G4xx_HAL_Driver/Src/stm32g4xx_hal_smbus.c ****         {
 3980              		.loc 1 2307 12 view .LVU1330
 3981 0140 FF2B     		cmp	r3, #255
 3982 0142 63D9     		bls	.L261
2309:stm/stm32g4xx/STM32G4xx_HAL_Driver/Src/stm32g4xx_hal_smbus.c ****                                (SMBUS_RELOAD_MODE | (hsmbus->XferOptions & SMBUS_SENDPEC_MODE)),
 3983              		.loc 1 2309 11 is_stmt 1 view .LVU1331
2310:stm/stm32g4xx/STM32G4xx_HAL_Driver/Src/stm32g4xx_hal_smbus.c ****                                SMBUS_NO_STARTSTOP);
 3984              		.loc 1 2310 60 is_stmt 0 view .LVU1332
 3985 0144 E36B     		ldr	r3, [r4, #60]
2310:stm/stm32g4xx/STM32G4xx_HAL_Driver/Src/stm32g4xx_hal_smbus.c ****                                SMBUS_NO_STARTSTOP);
ARM GAS  /tmp/ccPqrEja.s 			page 141


 3986              		.loc 1 2310 74 view .LVU1333
 3987 0146 03F08063 		and	r3, r3, #67108864
2309:stm/stm32g4xx/STM32G4xx_HAL_Driver/Src/stm32g4xx_hal_smbus.c ****                                (SMBUS_RELOAD_MODE | (hsmbus->XferOptions & SMBUS_SENDPEC_MODE)),
 3988              		.loc 1 2309 11 view .LVU1334
 3989 014a 0021     		movs	r1, #0
 3990              	.LVL267:
2309:stm/stm32g4xx/STM32G4xx_HAL_Driver/Src/stm32g4xx_hal_smbus.c ****                                (SMBUS_RELOAD_MODE | (hsmbus->XferOptions & SMBUS_SENDPEC_MODE)),
 3991              		.loc 1 2309 11 view .LVU1335
 3992 014c 0091     		str	r1, [sp]
 3993 014e 43F08073 		orr	r3, r3, #16777216
 3994 0152 FF22     		movs	r2, #255
 3995 0154 2046     		mov	r0, r4
 3996              	.LVL268:
2309:stm/stm32g4xx/STM32G4xx_HAL_Driver/Src/stm32g4xx_hal_smbus.c ****                                (SMBUS_RELOAD_MODE | (hsmbus->XferOptions & SMBUS_SENDPEC_MODE)),
 3997              		.loc 1 2309 11 view .LVU1336
 3998 0156 FFF7FEFF 		bl	SMBUS_TransferConfig
 3999              	.LVL269:
2312:stm/stm32g4xx/STM32G4xx_HAL_Driver/Src/stm32g4xx_hal_smbus.c ****         }
 4000              		.loc 1 2312 11 is_stmt 1 view .LVU1337
2312:stm/stm32g4xx/STM32G4xx_HAL_Driver/Src/stm32g4xx_hal_smbus.c ****         }
 4001              		.loc 1 2312 28 is_stmt 0 view .LVU1338
 4002 015a FF23     		movs	r3, #255
 4003 015c 2387     		strh	r3, [r4, #56]	@ movhi
 4004 015e 6AE7     		b	.L254
 4005              	.LVL270:
 4006              	.L270:
2234:stm/stm32g4xx/STM32G4xx_HAL_Driver/Src/stm32g4xx_hal_smbus.c ****     SlaveAddrCode = (uint16_t)(SMBUS_GET_ADDR_MATCH(hsmbus));
 4007              		.loc 1 2234 5 is_stmt 1 view .LVU1339
2234:stm/stm32g4xx/STM32G4xx_HAL_Driver/Src/stm32g4xx_hal_smbus.c ****     SlaveAddrCode = (uint16_t)(SMBUS_GET_ADDR_MATCH(hsmbus));
 4008              		.loc 1 2234 35 is_stmt 0 view .LVU1340
 4009 0160 0368     		ldr	r3, [r0]
 4010 0162 9969     		ldr	r1, [r3, #24]
 4011              	.LVL271:
2235:stm/stm32g4xx/STM32G4xx_HAL_Driver/Src/stm32g4xx_hal_smbus.c **** 
 4012              		.loc 1 2235 5 is_stmt 1 view .LVU1341
2235:stm/stm32g4xx/STM32G4xx_HAL_Driver/Src/stm32g4xx_hal_smbus.c **** 
 4013              		.loc 1 2235 32 is_stmt 0 view .LVU1342
 4014 0164 9A69     		ldr	r2, [r3, #24]
 4015              	.LVL272:
2239:stm/stm32g4xx/STM32G4xx_HAL_Driver/Src/stm32g4xx_hal_smbus.c **** 
 4016              		.loc 1 2239 5 is_stmt 1 view .LVU1343
 4017 0166 1868     		ldr	r0, [r3]
 4018              	.LVL273:
2239:stm/stm32g4xx/STM32G4xx_HAL_Driver/Src/stm32g4xx_hal_smbus.c **** 
 4019              		.loc 1 2239 5 is_stmt 0 view .LVU1344
 4020 0168 20F00800 		bic	r0, r0, #8
 4021 016c 1860     		str	r0, [r3]
2242:stm/stm32g4xx/STM32G4xx_HAL_Driver/Src/stm32g4xx_hal_smbus.c **** 
 4022              		.loc 1 2242 5 is_stmt 1 view .LVU1345
2242:stm/stm32g4xx/STM32G4xx_HAL_Driver/Src/stm32g4xx_hal_smbus.c **** 
 4023              		.loc 1 2242 5 view .LVU1346
 4024 016e 0023     		movs	r3, #0
 4025 0170 84F84430 		strb	r3, [r4, #68]
2242:stm/stm32g4xx/STM32G4xx_HAL_Driver/Src/stm32g4xx_hal_smbus.c **** 
 4026              		.loc 1 2242 5 view .LVU1347
2248:stm/stm32g4xx/STM32G4xx_HAL_Driver/Src/stm32g4xx_hal_smbus.c **** #endif /* USE_HAL_SMBUS_REGISTER_CALLBACKS */
 4027              		.loc 1 2248 5 view .LVU1348
ARM GAS  /tmp/ccPqrEja.s 			page 142


 4028 0174 C2F34642 		ubfx	r2, r2, #17, #7
 4029              	.LVL274:
2248:stm/stm32g4xx/STM32G4xx_HAL_Driver/Src/stm32g4xx_hal_smbus.c **** #endif /* USE_HAL_SMBUS_REGISTER_CALLBACKS */
 4030              		.loc 1 2248 5 is_stmt 0 view .LVU1349
 4031 0178 C1F30041 		ubfx	r1, r1, #16, #1
 4032              	.LVL275:
2248:stm/stm32g4xx/STM32G4xx_HAL_Driver/Src/stm32g4xx_hal_smbus.c **** #endif /* USE_HAL_SMBUS_REGISTER_CALLBACKS */
 4033              		.loc 1 2248 5 view .LVU1350
 4034 017c 2046     		mov	r0, r4
 4035 017e FFF7FEFF 		bl	HAL_SMBUS_AddrCallback
 4036              	.LVL276:
 4037 0182 58E7     		b	.L254
 4038              	.LVL277:
 4039              	.L271:
2257:stm/stm32g4xx/STM32G4xx_HAL_Driver/Src/stm32g4xx_hal_smbus.c **** 
 4040              		.loc 1 2257 7 is_stmt 1 view .LVU1351
2257:stm/stm32g4xx/STM32G4xx_HAL_Driver/Src/stm32g4xx_hal_smbus.c **** 
 4041              		.loc 1 2257 43 is_stmt 0 view .LVU1352
 4042 0184 2368     		ldr	r3, [r4]
2257:stm/stm32g4xx/STM32G4xx_HAL_Driver/Src/stm32g4xx_hal_smbus.c **** 
 4043              		.loc 1 2257 53 view .LVU1353
 4044 0186 5A6A     		ldr	r2, [r3, #36]
2257:stm/stm32g4xx/STM32G4xx_HAL_Driver/Src/stm32g4xx_hal_smbus.c **** 
 4045              		.loc 1 2257 14 view .LVU1354
 4046 0188 636B     		ldr	r3, [r4, #52]
2257:stm/stm32g4xx/STM32G4xx_HAL_Driver/Src/stm32g4xx_hal_smbus.c **** 
 4047              		.loc 1 2257 25 view .LVU1355
 4048 018a 1A70     		strb	r2, [r3]
2260:stm/stm32g4xx/STM32G4xx_HAL_Driver/Src/stm32g4xx_hal_smbus.c **** 
 4049              		.loc 1 2260 7 is_stmt 1 view .LVU1356
2260:stm/stm32g4xx/STM32G4xx_HAL_Driver/Src/stm32g4xx_hal_smbus.c **** 
 4050              		.loc 1 2260 13 is_stmt 0 view .LVU1357
 4051 018c 636B     		ldr	r3, [r4, #52]
2260:stm/stm32g4xx/STM32G4xx_HAL_Driver/Src/stm32g4xx_hal_smbus.c **** 
 4052              		.loc 1 2260 23 view .LVU1358
 4053 018e 0133     		adds	r3, r3, #1
 4054 0190 6363     		str	r3, [r4, #52]
2262:stm/stm32g4xx/STM32G4xx_HAL_Driver/Src/stm32g4xx_hal_smbus.c ****       hsmbus->XferCount--;
 4055              		.loc 1 2262 7 is_stmt 1 view .LVU1359
2262:stm/stm32g4xx/STM32G4xx_HAL_Driver/Src/stm32g4xx_hal_smbus.c ****       hsmbus->XferCount--;
 4056              		.loc 1 2262 13 is_stmt 0 view .LVU1360
 4057 0192 238F     		ldrh	r3, [r4, #56]
2262:stm/stm32g4xx/STM32G4xx_HAL_Driver/Src/stm32g4xx_hal_smbus.c ****       hsmbus->XferCount--;
 4058              		.loc 1 2262 23 view .LVU1361
 4059 0194 013B     		subs	r3, r3, #1
 4060 0196 2387     		strh	r3, [r4, #56]	@ movhi
2263:stm/stm32g4xx/STM32G4xx_HAL_Driver/Src/stm32g4xx_hal_smbus.c **** 
 4061              		.loc 1 2263 7 is_stmt 1 view .LVU1362
2263:stm/stm32g4xx/STM32G4xx_HAL_Driver/Src/stm32g4xx_hal_smbus.c **** 
 4062              		.loc 1 2263 13 is_stmt 0 view .LVU1363
 4063 0198 638F     		ldrh	r3, [r4, #58]
 4064 019a 9BB2     		uxth	r3, r3
2263:stm/stm32g4xx/STM32G4xx_HAL_Driver/Src/stm32g4xx_hal_smbus.c **** 
 4065              		.loc 1 2263 24 view .LVU1364
 4066 019c 013B     		subs	r3, r3, #1
 4067 019e 9BB2     		uxth	r3, r3
 4068 01a0 6387     		strh	r3, [r4, #58]	@ movhi
ARM GAS  /tmp/ccPqrEja.s 			page 143


2265:stm/stm32g4xx/STM32G4xx_HAL_Driver/Src/stm32g4xx_hal_smbus.c ****       {
 4069              		.loc 1 2265 7 is_stmt 1 view .LVU1365
2265:stm/stm32g4xx/STM32G4xx_HAL_Driver/Src/stm32g4xx_hal_smbus.c ****       {
 4070              		.loc 1 2265 17 is_stmt 0 view .LVU1366
 4071 01a2 638F     		ldrh	r3, [r4, #58]
 4072 01a4 9BB2     		uxth	r3, r3
2265:stm/stm32g4xx/STM32G4xx_HAL_Driver/Src/stm32g4xx_hal_smbus.c ****       {
 4073              		.loc 1 2265 10 view .LVU1367
 4074 01a6 012B     		cmp	r3, #1
 4075 01a8 13D0     		beq	.L272
2273:stm/stm32g4xx/STM32G4xx_HAL_Driver/Src/stm32g4xx_hal_smbus.c ****       {
 4076              		.loc 1 2273 12 is_stmt 1 view .LVU1368
2273:stm/stm32g4xx/STM32G4xx_HAL_Driver/Src/stm32g4xx_hal_smbus.c ****       {
 4077              		.loc 1 2273 22 is_stmt 0 view .LVU1369
 4078 01aa 638F     		ldrh	r3, [r4, #58]
 4079 01ac 9BB2     		uxth	r3, r3
2273:stm/stm32g4xx/STM32G4xx_HAL_Driver/Src/stm32g4xx_hal_smbus.c ****       {
 4080              		.loc 1 2273 15 view .LVU1370
 4081 01ae E3B9     		cbnz	r3, .L260
2276:stm/stm32g4xx/STM32G4xx_HAL_Driver/Src/stm32g4xx_hal_smbus.c **** 
 4082              		.loc 1 2276 9 is_stmt 1 view .LVU1371
 4083 01b0 D421     		movs	r1, #212
 4084              	.LVL278:
2276:stm/stm32g4xx/STM32G4xx_HAL_Driver/Src/stm32g4xx_hal_smbus.c **** 
 4085              		.loc 1 2276 9 is_stmt 0 view .LVU1372
 4086 01b2 2046     		mov	r0, r4
 4087              	.LVL279:
2276:stm/stm32g4xx/STM32G4xx_HAL_Driver/Src/stm32g4xx_hal_smbus.c **** 
 4088              		.loc 1 2276 9 view .LVU1373
 4089 01b4 FFF7FEFF 		bl	SMBUS_Disable_IRQ
 4090              	.LVL280:
2279:stm/stm32g4xx/STM32G4xx_HAL_Driver/Src/stm32g4xx_hal_smbus.c ****         hsmbus->State &= ~((uint32_t)HAL_SMBUS_STATE_SLAVE_BUSY_RX);
 4091              		.loc 1 2279 9 is_stmt 1 view .LVU1374
2279:stm/stm32g4xx/STM32G4xx_HAL_Driver/Src/stm32g4xx_hal_smbus.c ****         hsmbus->State &= ~((uint32_t)HAL_SMBUS_STATE_SLAVE_BUSY_RX);
 4092              		.loc 1 2279 39 is_stmt 0 view .LVU1375
 4093 01b8 A36C     		ldr	r3, [r4, #72]
2279:stm/stm32g4xx/STM32G4xx_HAL_Driver/Src/stm32g4xx_hal_smbus.c ****         hsmbus->State &= ~((uint32_t)HAL_SMBUS_STATE_SLAVE_BUSY_RX);
 4094              		.loc 1 2279 31 view .LVU1376
 4095 01ba 2364     		str	r3, [r4, #64]
2280:stm/stm32g4xx/STM32G4xx_HAL_Driver/Src/stm32g4xx_hal_smbus.c **** 
 4096              		.loc 1 2280 9 is_stmt 1 view .LVU1377
2280:stm/stm32g4xx/STM32G4xx_HAL_Driver/Src/stm32g4xx_hal_smbus.c **** 
 4097              		.loc 1 2280 15 is_stmt 0 view .LVU1378
 4098 01bc A36C     		ldr	r3, [r4, #72]
2280:stm/stm32g4xx/STM32G4xx_HAL_Driver/Src/stm32g4xx_hal_smbus.c **** 
 4099              		.loc 1 2280 23 view .LVU1379
 4100 01be 23F04203 		bic	r3, r3, #66
 4101 01c2 A364     		str	r3, [r4, #72]
2283:stm/stm32g4xx/STM32G4xx_HAL_Driver/Src/stm32g4xx_hal_smbus.c **** 
 4102              		.loc 1 2283 9 is_stmt 1 view .LVU1380
2283:stm/stm32g4xx/STM32G4xx_HAL_Driver/Src/stm32g4xx_hal_smbus.c **** 
 4103              		.loc 1 2283 9 view .LVU1381
 4104 01c4 0023     		movs	r3, #0
 4105 01c6 84F84430 		strb	r3, [r4, #68]
2283:stm/stm32g4xx/STM32G4xx_HAL_Driver/Src/stm32g4xx_hal_smbus.c **** 
 4106              		.loc 1 2283 9 view .LVU1382
2289:stm/stm32g4xx/STM32G4xx_HAL_Driver/Src/stm32g4xx_hal_smbus.c **** #endif /* USE_HAL_SMBUS_REGISTER_CALLBACKS */
ARM GAS  /tmp/ccPqrEja.s 			page 144


 4107              		.loc 1 2289 9 view .LVU1383
 4108 01ca 2046     		mov	r0, r4
 4109 01cc FFF7FEFF 		bl	HAL_SMBUS_SlaveRxCpltCallback
 4110              	.LVL281:
 4111 01d0 31E7     		b	.L254
 4112              	.LVL282:
 4113              	.L272:
2270:stm/stm32g4xx/STM32G4xx_HAL_Driver/Src/stm32g4xx_hal_smbus.c ****         SMBUS_TransferConfig(hsmbus, 0, 1, hsmbus->XferOptions, SMBUS_NO_STARTSTOP);
 4114              		.loc 1 2270 9 view .LVU1384
2270:stm/stm32g4xx/STM32G4xx_HAL_Driver/Src/stm32g4xx_hal_smbus.c ****         SMBUS_TransferConfig(hsmbus, 0, 1, hsmbus->XferOptions, SMBUS_NO_STARTSTOP);
 4115              		.loc 1 2270 15 is_stmt 0 view .LVU1385
 4116 01d2 E36B     		ldr	r3, [r4, #60]
2270:stm/stm32g4xx/STM32G4xx_HAL_Driver/Src/stm32g4xx_hal_smbus.c ****         SMBUS_TransferConfig(hsmbus, 0, 1, hsmbus->XferOptions, SMBUS_NO_STARTSTOP);
 4117              		.loc 1 2270 29 view .LVU1386
 4118 01d4 23F08073 		bic	r3, r3, #16777216
 4119 01d8 E363     		str	r3, [r4, #60]
2271:stm/stm32g4xx/STM32G4xx_HAL_Driver/Src/stm32g4xx_hal_smbus.c ****       }
 4120              		.loc 1 2271 9 is_stmt 1 view .LVU1387
2271:stm/stm32g4xx/STM32G4xx_HAL_Driver/Src/stm32g4xx_hal_smbus.c ****       }
 4121              		.loc 1 2271 50 is_stmt 0 view .LVU1388
 4122 01da E36B     		ldr	r3, [r4, #60]
2271:stm/stm32g4xx/STM32G4xx_HAL_Driver/Src/stm32g4xx_hal_smbus.c ****       }
 4123              		.loc 1 2271 9 view .LVU1389
 4124 01dc 0021     		movs	r1, #0
 4125              	.LVL283:
2271:stm/stm32g4xx/STM32G4xx_HAL_Driver/Src/stm32g4xx_hal_smbus.c ****       }
 4126              		.loc 1 2271 9 view .LVU1390
 4127 01de 0091     		str	r1, [sp]
 4128 01e0 0122     		movs	r2, #1
 4129 01e2 2046     		mov	r0, r4
 4130              	.LVL284:
2271:stm/stm32g4xx/STM32G4xx_HAL_Driver/Src/stm32g4xx_hal_smbus.c ****       }
 4131              		.loc 1 2271 9 view .LVU1391
 4132 01e4 FFF7FEFF 		bl	SMBUS_TransferConfig
 4133              	.LVL285:
 4134 01e8 25E7     		b	.L254
 4135              	.LVL286:
 4136              	.L260:
2295:stm/stm32g4xx/STM32G4xx_HAL_Driver/Src/stm32g4xx_hal_smbus.c ****                              SMBUS_RELOAD_MODE  | (hsmbus->XferOptions & SMBUS_SENDPEC_MODE),
 4137              		.loc 1 2295 9 is_stmt 1 view .LVU1392
2296:stm/stm32g4xx/STM32G4xx_HAL_Driver/Src/stm32g4xx_hal_smbus.c ****                              SMBUS_NO_STARTSTOP);
 4138              		.loc 1 2296 58 is_stmt 0 view .LVU1393
 4139 01ea E36B     		ldr	r3, [r4, #60]
2296:stm/stm32g4xx/STM32G4xx_HAL_Driver/Src/stm32g4xx_hal_smbus.c ****                              SMBUS_NO_STARTSTOP);
 4140              		.loc 1 2296 72 view .LVU1394
 4141 01ec 03F08063 		and	r3, r3, #67108864
2295:stm/stm32g4xx/STM32G4xx_HAL_Driver/Src/stm32g4xx_hal_smbus.c ****                              SMBUS_RELOAD_MODE  | (hsmbus->XferOptions & SMBUS_SENDPEC_MODE),
 4142              		.loc 1 2295 9 view .LVU1395
 4143 01f0 0021     		movs	r1, #0
 4144              	.LVL287:
2295:stm/stm32g4xx/STM32G4xx_HAL_Driver/Src/stm32g4xx_hal_smbus.c ****                              SMBUS_RELOAD_MODE  | (hsmbus->XferOptions & SMBUS_SENDPEC_MODE),
 4145              		.loc 1 2295 9 view .LVU1396
 4146 01f2 0091     		str	r1, [sp]
 4147 01f4 43F08073 		orr	r3, r3, #16777216
 4148 01f8 0122     		movs	r2, #1
 4149 01fa 2046     		mov	r0, r4
 4150              	.LVL288:
ARM GAS  /tmp/ccPqrEja.s 			page 145


2295:stm/stm32g4xx/STM32G4xx_HAL_Driver/Src/stm32g4xx_hal_smbus.c ****                              SMBUS_RELOAD_MODE  | (hsmbus->XferOptions & SMBUS_SENDPEC_MODE),
 4151              		.loc 1 2295 9 view .LVU1397
 4152 01fc FFF7FEFF 		bl	SMBUS_TransferConfig
 4153              	.LVL289:
2300:stm/stm32g4xx/STM32G4xx_HAL_Driver/Src/stm32g4xx_hal_smbus.c ****       }
 4154              		.loc 1 2300 9 is_stmt 1 view .LVU1398
2300:stm/stm32g4xx/STM32G4xx_HAL_Driver/Src/stm32g4xx_hal_smbus.c ****       }
 4155              		.loc 1 2300 15 is_stmt 0 view .LVU1399
 4156 0200 2268     		ldr	r2, [r4]
2300:stm/stm32g4xx/STM32G4xx_HAL_Driver/Src/stm32g4xx_hal_smbus.c ****       }
 4157              		.loc 1 2300 25 view .LVU1400
 4158 0202 5368     		ldr	r3, [r2, #4]
2300:stm/stm32g4xx/STM32G4xx_HAL_Driver/Src/stm32g4xx_hal_smbus.c ****       }
 4159              		.loc 1 2300 31 view .LVU1401
 4160 0204 23F40043 		bic	r3, r3, #32768
 4161 0208 5360     		str	r3, [r2, #4]
 4162 020a 14E7     		b	.L254
 4163              	.LVL290:
 4164              	.L261:
2316:stm/stm32g4xx/STM32G4xx_HAL_Driver/Src/stm32g4xx_hal_smbus.c ****           SMBUS_TransferConfig(hsmbus, 0, (uint8_t)hsmbus->XferSize, hsmbus->XferOptions,
 4165              		.loc 1 2316 11 is_stmt 1 view .LVU1402
2316:stm/stm32g4xx/STM32G4xx_HAL_Driver/Src/stm32g4xx_hal_smbus.c ****           SMBUS_TransferConfig(hsmbus, 0, (uint8_t)hsmbus->XferSize, hsmbus->XferOptions,
 4166              		.loc 1 2316 36 is_stmt 0 view .LVU1403
 4167 020c 628F     		ldrh	r2, [r4, #58]
 4168 020e 92B2     		uxth	r2, r2
2316:stm/stm32g4xx/STM32G4xx_HAL_Driver/Src/stm32g4xx_hal_smbus.c ****           SMBUS_TransferConfig(hsmbus, 0, (uint8_t)hsmbus->XferSize, hsmbus->XferOptions,
 4169              		.loc 1 2316 28 view .LVU1404
 4170 0210 2287     		strh	r2, [r4, #56]	@ movhi
2317:stm/stm32g4xx/STM32G4xx_HAL_Driver/Src/stm32g4xx_hal_smbus.c ****                                SMBUS_NO_STARTSTOP);
 4171              		.loc 1 2317 11 is_stmt 1 view .LVU1405
2317:stm/stm32g4xx/STM32G4xx_HAL_Driver/Src/stm32g4xx_hal_smbus.c ****                                SMBUS_NO_STARTSTOP);
 4172              		.loc 1 2317 76 is_stmt 0 view .LVU1406
 4173 0212 E36B     		ldr	r3, [r4, #60]
2317:stm/stm32g4xx/STM32G4xx_HAL_Driver/Src/stm32g4xx_hal_smbus.c ****                                SMBUS_NO_STARTSTOP);
 4174              		.loc 1 2317 11 view .LVU1407
 4175 0214 0021     		movs	r1, #0
 4176              	.LVL291:
2317:stm/stm32g4xx/STM32G4xx_HAL_Driver/Src/stm32g4xx_hal_smbus.c ****                                SMBUS_NO_STARTSTOP);
 4177              		.loc 1 2317 11 view .LVU1408
 4178 0216 0091     		str	r1, [sp]
 4179 0218 D2B2     		uxtb	r2, r2
 4180 021a 2046     		mov	r0, r4
 4181              	.LVL292:
2317:stm/stm32g4xx/STM32G4xx_HAL_Driver/Src/stm32g4xx_hal_smbus.c ****                                SMBUS_NO_STARTSTOP);
 4182              		.loc 1 2317 11 view .LVU1409
 4183 021c FFF7FEFF 		bl	SMBUS_TransferConfig
 4184              	.LVL293:
2321:stm/stm32g4xx/STM32G4xx_HAL_Driver/Src/stm32g4xx_hal_smbus.c ****           {
 4185              		.loc 1 2321 11 is_stmt 1 view .LVU1410
2321:stm/stm32g4xx/STM32G4xx_HAL_Driver/Src/stm32g4xx_hal_smbus.c ****           {
 4186              		.loc 1 2321 15 is_stmt 0 view .LVU1411
 4187 0220 2368     		ldr	r3, [r4]
 4188 0222 5B68     		ldr	r3, [r3, #4]
2321:stm/stm32g4xx/STM32G4xx_HAL_Driver/Src/stm32g4xx_hal_smbus.c ****           {
 4189              		.loc 1 2321 14 view .LVU1412
 4190 0224 13F0806F 		tst	r3, #67108864
 4191 0228 3FF405AF 		beq	.L254
ARM GAS  /tmp/ccPqrEja.s 			page 146


2323:stm/stm32g4xx/STM32G4xx_HAL_Driver/Src/stm32g4xx_hal_smbus.c ****             hsmbus->XferCount--;
 4192              		.loc 1 2323 13 is_stmt 1 view .LVU1413
2323:stm/stm32g4xx/STM32G4xx_HAL_Driver/Src/stm32g4xx_hal_smbus.c ****             hsmbus->XferCount--;
 4193              		.loc 1 2323 19 is_stmt 0 view .LVU1414
 4194 022c 238F     		ldrh	r3, [r4, #56]
2323:stm/stm32g4xx/STM32G4xx_HAL_Driver/Src/stm32g4xx_hal_smbus.c ****             hsmbus->XferCount--;
 4195              		.loc 1 2323 29 view .LVU1415
 4196 022e 013B     		subs	r3, r3, #1
 4197 0230 2387     		strh	r3, [r4, #56]	@ movhi
2324:stm/stm32g4xx/STM32G4xx_HAL_Driver/Src/stm32g4xx_hal_smbus.c ****           }
 4198              		.loc 1 2324 13 is_stmt 1 view .LVU1416
2324:stm/stm32g4xx/STM32G4xx_HAL_Driver/Src/stm32g4xx_hal_smbus.c ****           }
 4199              		.loc 1 2324 19 is_stmt 0 view .LVU1417
 4200 0232 638F     		ldrh	r3, [r4, #58]
 4201 0234 9BB2     		uxth	r3, r3
2324:stm/stm32g4xx/STM32G4xx_HAL_Driver/Src/stm32g4xx_hal_smbus.c ****           }
 4202              		.loc 1 2324 30 view .LVU1418
 4203 0236 013B     		subs	r3, r3, #1
 4204 0238 9BB2     		uxth	r3, r3
 4205 023a 6387     		strh	r3, [r4, #58]	@ movhi
 4206 023c FBE6     		b	.L254
 4207              	.LVL294:
 4208              	.L257:
2334:stm/stm32g4xx/STM32G4xx_HAL_Driver/Src/stm32g4xx_hal_smbus.c ****   {
 4209              		.loc 1 2334 8 is_stmt 1 view .LVU1419
2334:stm/stm32g4xx/STM32G4xx_HAL_Driver/Src/stm32g4xx_hal_smbus.c ****   {
 4210              		.loc 1 2334 11 is_stmt 0 view .LVU1420
 4211 023e 11F0020F 		tst	r1, #2
 4212 0242 3FF4F8AE 		beq	.L254
2340:stm/stm32g4xx/STM32G4xx_HAL_Driver/Src/stm32g4xx_hal_smbus.c ****     {
 4213              		.loc 1 2340 5 is_stmt 1 view .LVU1421
2340:stm/stm32g4xx/STM32G4xx_HAL_Driver/Src/stm32g4xx_hal_smbus.c ****     {
 4214              		.loc 1 2340 15 is_stmt 0 view .LVU1422
 4215 0246 438F     		ldrh	r3, [r0, #58]
 4216 0248 9BB2     		uxth	r3, r3
2340:stm/stm32g4xx/STM32G4xx_HAL_Driver/Src/stm32g4xx_hal_smbus.c ****     {
 4217              		.loc 1 2340 8 view .LVU1423
 4218 024a 73B1     		cbz	r3, .L262
2343:stm/stm32g4xx/STM32G4xx_HAL_Driver/Src/stm32g4xx_hal_smbus.c **** 
 4219              		.loc 1 2343 7 is_stmt 1 view .LVU1424
2343:stm/stm32g4xx/STM32G4xx_HAL_Driver/Src/stm32g4xx_hal_smbus.c **** 
 4220              		.loc 1 2343 39 is_stmt 0 view .LVU1425
 4221 024c 426B     		ldr	r2, [r0, #52]
2343:stm/stm32g4xx/STM32G4xx_HAL_Driver/Src/stm32g4xx_hal_smbus.c **** 
 4222              		.loc 1 2343 13 view .LVU1426
 4223 024e 0368     		ldr	r3, [r0]
2343:stm/stm32g4xx/STM32G4xx_HAL_Driver/Src/stm32g4xx_hal_smbus.c **** 
 4224              		.loc 1 2343 32 view .LVU1427
 4225 0250 1278     		ldrb	r2, [r2]	@ zero_extendqisi2
2343:stm/stm32g4xx/STM32G4xx_HAL_Driver/Src/stm32g4xx_hal_smbus.c **** 
 4226              		.loc 1 2343 30 view .LVU1428
 4227 0252 9A62     		str	r2, [r3, #40]
2346:stm/stm32g4xx/STM32G4xx_HAL_Driver/Src/stm32g4xx_hal_smbus.c **** 
 4228              		.loc 1 2346 7 is_stmt 1 view .LVU1429
2346:stm/stm32g4xx/STM32G4xx_HAL_Driver/Src/stm32g4xx_hal_smbus.c **** 
 4229              		.loc 1 2346 13 is_stmt 0 view .LVU1430
 4230 0254 436B     		ldr	r3, [r0, #52]
ARM GAS  /tmp/ccPqrEja.s 			page 147


2346:stm/stm32g4xx/STM32G4xx_HAL_Driver/Src/stm32g4xx_hal_smbus.c **** 
 4231              		.loc 1 2346 23 view .LVU1431
 4232 0256 0133     		adds	r3, r3, #1
 4233 0258 4363     		str	r3, [r0, #52]
2348:stm/stm32g4xx/STM32G4xx_HAL_Driver/Src/stm32g4xx_hal_smbus.c ****       hsmbus->XferSize--;
 4234              		.loc 1 2348 7 is_stmt 1 view .LVU1432
2348:stm/stm32g4xx/STM32G4xx_HAL_Driver/Src/stm32g4xx_hal_smbus.c ****       hsmbus->XferSize--;
 4235              		.loc 1 2348 13 is_stmt 0 view .LVU1433
 4236 025a 438F     		ldrh	r3, [r0, #58]
 4237 025c 9BB2     		uxth	r3, r3
2348:stm/stm32g4xx/STM32G4xx_HAL_Driver/Src/stm32g4xx_hal_smbus.c ****       hsmbus->XferSize--;
 4238              		.loc 1 2348 24 view .LVU1434
 4239 025e 013B     		subs	r3, r3, #1
 4240 0260 9BB2     		uxth	r3, r3
 4241 0262 4387     		strh	r3, [r0, #58]	@ movhi
2349:stm/stm32g4xx/STM32G4xx_HAL_Driver/Src/stm32g4xx_hal_smbus.c ****     }
 4242              		.loc 1 2349 7 is_stmt 1 view .LVU1435
2349:stm/stm32g4xx/STM32G4xx_HAL_Driver/Src/stm32g4xx_hal_smbus.c ****     }
 4243              		.loc 1 2349 13 is_stmt 0 view .LVU1436
 4244 0264 038F     		ldrh	r3, [r0, #56]
2349:stm/stm32g4xx/STM32G4xx_HAL_Driver/Src/stm32g4xx_hal_smbus.c ****     }
 4245              		.loc 1 2349 23 view .LVU1437
 4246 0266 013B     		subs	r3, r3, #1
 4247 0268 0387     		strh	r3, [r0, #56]	@ movhi
 4248              	.L262:
2352:stm/stm32g4xx/STM32G4xx_HAL_Driver/Src/stm32g4xx_hal_smbus.c ****     {
 4249              		.loc 1 2352 5 is_stmt 1 view .LVU1438
2352:stm/stm32g4xx/STM32G4xx_HAL_Driver/Src/stm32g4xx_hal_smbus.c ****     {
 4250              		.loc 1 2352 15 is_stmt 0 view .LVU1439
 4251 026a 638F     		ldrh	r3, [r4, #58]
 4252 026c 9BB2     		uxth	r3, r3
2352:stm/stm32g4xx/STM32G4xx_HAL_Driver/Src/stm32g4xx_hal_smbus.c ****     {
 4253              		.loc 1 2352 8 view .LVU1440
 4254 026e 002B     		cmp	r3, #0
 4255 0270 7FF4E1AE 		bne	.L254
2356:stm/stm32g4xx/STM32G4xx_HAL_Driver/Src/stm32g4xx_hal_smbus.c ****       hsmbus->PreviousState = hsmbus->State;
 4256              		.loc 1 2356 7 is_stmt 1 view .LVU1441
 4257 0274 F221     		movs	r1, #242
 4258              	.LVL295:
2356:stm/stm32g4xx/STM32G4xx_HAL_Driver/Src/stm32g4xx_hal_smbus.c ****       hsmbus->PreviousState = hsmbus->State;
 4259              		.loc 1 2356 7 is_stmt 0 view .LVU1442
 4260 0276 2046     		mov	r0, r4
 4261              	.LVL296:
2356:stm/stm32g4xx/STM32G4xx_HAL_Driver/Src/stm32g4xx_hal_smbus.c ****       hsmbus->PreviousState = hsmbus->State;
 4262              		.loc 1 2356 7 view .LVU1443
 4263 0278 FFF7FEFF 		bl	SMBUS_Disable_IRQ
 4264              	.LVL297:
2357:stm/stm32g4xx/STM32G4xx_HAL_Driver/Src/stm32g4xx_hal_smbus.c ****       hsmbus->State &= ~((uint32_t)HAL_SMBUS_STATE_SLAVE_BUSY_TX);
 4265              		.loc 1 2357 7 is_stmt 1 view .LVU1444
2357:stm/stm32g4xx/STM32G4xx_HAL_Driver/Src/stm32g4xx_hal_smbus.c ****       hsmbus->State &= ~((uint32_t)HAL_SMBUS_STATE_SLAVE_BUSY_TX);
 4266              		.loc 1 2357 37 is_stmt 0 view .LVU1445
 4267 027c A36C     		ldr	r3, [r4, #72]
2357:stm/stm32g4xx/STM32G4xx_HAL_Driver/Src/stm32g4xx_hal_smbus.c ****       hsmbus->State &= ~((uint32_t)HAL_SMBUS_STATE_SLAVE_BUSY_TX);
 4268              		.loc 1 2357 29 view .LVU1446
 4269 027e 2364     		str	r3, [r4, #64]
2358:stm/stm32g4xx/STM32G4xx_HAL_Driver/Src/stm32g4xx_hal_smbus.c **** 
 4270              		.loc 1 2358 7 is_stmt 1 view .LVU1447
ARM GAS  /tmp/ccPqrEja.s 			page 148


2358:stm/stm32g4xx/STM32G4xx_HAL_Driver/Src/stm32g4xx_hal_smbus.c **** 
 4271              		.loc 1 2358 13 is_stmt 0 view .LVU1448
 4272 0280 A36C     		ldr	r3, [r4, #72]
2358:stm/stm32g4xx/STM32G4xx_HAL_Driver/Src/stm32g4xx_hal_smbus.c **** 
 4273              		.loc 1 2358 21 view .LVU1449
 4274 0282 23F03203 		bic	r3, r3, #50
 4275 0286 A364     		str	r3, [r4, #72]
2361:stm/stm32g4xx/STM32G4xx_HAL_Driver/Src/stm32g4xx_hal_smbus.c **** 
 4276              		.loc 1 2361 7 is_stmt 1 view .LVU1450
2361:stm/stm32g4xx/STM32G4xx_HAL_Driver/Src/stm32g4xx_hal_smbus.c **** 
 4277              		.loc 1 2361 7 view .LVU1451
 4278 0288 0023     		movs	r3, #0
 4279 028a 84F84430 		strb	r3, [r4, #68]
2361:stm/stm32g4xx/STM32G4xx_HAL_Driver/Src/stm32g4xx_hal_smbus.c **** 
 4280              		.loc 1 2361 7 view .LVU1452
2367:stm/stm32g4xx/STM32G4xx_HAL_Driver/Src/stm32g4xx_hal_smbus.c **** #endif /* USE_HAL_SMBUS_REGISTER_CALLBACKS */
 4281              		.loc 1 2367 7 view .LVU1453
 4282 028e 2046     		mov	r0, r4
 4283 0290 FFF7FEFF 		bl	HAL_SMBUS_SlaveTxCpltCallback
 4284              	.LVL298:
 4285 0294 CFE6     		b	.L254
 4286              	.LVL299:
 4287              	.L265:
 4288              	.LCFI55:
 4289              		.cfi_def_cfa_offset 0
 4290              		.cfi_restore 4
 4291              		.cfi_restore 5
 4292              		.cfi_restore 14
2181:stm/stm32g4xx/STM32G4xx_HAL_Driver/Src/stm32g4xx_hal_smbus.c **** 
 4293              		.loc 1 2181 3 is_stmt 0 discriminator 1 view .LVU1454
 4294 0296 0220     		movs	r0, #2
 4295              	.LVL300:
2435:stm/stm32g4xx/STM32G4xx_HAL_Driver/Src/stm32g4xx_hal_smbus.c **** /**
 4296              		.loc 1 2435 1 view .LVU1455
 4297 0298 7047     		bx	lr
 4298              		.cfi_endproc
 4299              	.LFE357:
 4301              		.section	.text.HAL_SMBUS_EV_IRQHandler,"ax",%progbits
 4302              		.align	1
 4303              		.global	HAL_SMBUS_EV_IRQHandler
 4304              		.syntax unified
 4305              		.thumb
 4306              		.thumb_func
 4308              	HAL_SMBUS_EV_IRQHandler:
 4309              	.LVL301:
 4310              	.LFB345:
1625:stm/stm32g4xx/STM32G4xx_HAL_Driver/Src/stm32g4xx_hal_smbus.c ****   /* Use a local variable to store the current ISR flags */
 4311              		.loc 1 1625 1 is_stmt 1 view -0
 4312              		.cfi_startproc
 4313              		@ args = 0, pretend = 0, frame = 0
 4314              		@ frame_needed = 0, uses_anonymous_args = 0
1625:stm/stm32g4xx/STM32G4xx_HAL_Driver/Src/stm32g4xx_hal_smbus.c ****   /* Use a local variable to store the current ISR flags */
 4315              		.loc 1 1625 1 is_stmt 0 view .LVU1457
 4316 0000 70B5     		push	{r4, r5, r6, lr}
 4317              	.LCFI56:
 4318              		.cfi_def_cfa_offset 16
 4319              		.cfi_offset 4, -16
ARM GAS  /tmp/ccPqrEja.s 			page 149


 4320              		.cfi_offset 5, -12
 4321              		.cfi_offset 6, -8
 4322              		.cfi_offset 14, -4
 4323 0002 0446     		mov	r4, r0
1628:stm/stm32g4xx/STM32G4xx_HAL_Driver/Src/stm32g4xx_hal_smbus.c ****   uint32_t tmpcr1value = READ_REG(hsmbus->Instance->CR1);
 4324              		.loc 1 1628 3 is_stmt 1 view .LVU1458
1628:stm/stm32g4xx/STM32G4xx_HAL_Driver/Src/stm32g4xx_hal_smbus.c ****   uint32_t tmpcr1value = READ_REG(hsmbus->Instance->CR1);
 4325              		.loc 1 1628 26 is_stmt 0 view .LVU1459
 4326 0004 0368     		ldr	r3, [r0]
1628:stm/stm32g4xx/STM32G4xx_HAL_Driver/Src/stm32g4xx_hal_smbus.c ****   uint32_t tmpcr1value = READ_REG(hsmbus->Instance->CR1);
 4327              		.loc 1 1628 12 view .LVU1460
 4328 0006 9E69     		ldr	r6, [r3, #24]
 4329              	.LVL302:
1629:stm/stm32g4xx/STM32G4xx_HAL_Driver/Src/stm32g4xx_hal_smbus.c **** 
 4330              		.loc 1 1629 3 is_stmt 1 view .LVU1461
1629:stm/stm32g4xx/STM32G4xx_HAL_Driver/Src/stm32g4xx_hal_smbus.c **** 
 4331              		.loc 1 1629 12 is_stmt 0 view .LVU1462
 4332 0008 1D68     		ldr	r5, [r3]
 4333              	.LVL303:
1632:stm/stm32g4xx/STM32G4xx_HAL_Driver/Src/stm32g4xx_hal_smbus.c ****                                            SMBUS_IT_NACKI | SMBUS_IT_TXI)) != RESET) &&
 4334              		.loc 1 1632 3 is_stmt 1 view .LVU1463
1632:stm/stm32g4xx/STM32G4xx_HAL_Driver/Src/stm32g4xx_hal_smbus.c ****                                            SMBUS_IT_NACKI | SMBUS_IT_TXI)) != RESET) &&
 4335              		.loc 1 1632 8 is_stmt 0 view .LVU1464
 4336 000a 05F07203 		and	r3, r5, #114
1632:stm/stm32g4xx/STM32G4xx_HAL_Driver/Src/stm32g4xx_hal_smbus.c ****                                            SMBUS_IT_NACKI | SMBUS_IT_TXI)) != RESET) &&
 4337              		.loc 1 1632 6 view .LVU1465
 4338 000e 722B     		cmp	r3, #114
 4339 0010 1AD0     		beq	.L284
 4340              	.LVL304:
 4341              	.L274:
1653:stm/stm32g4xx/STM32G4xx_HAL_Driver/Src/stm32g4xx_hal_smbus.c ****   }
 4342              		.loc 1 1653 5 is_stmt 1 view .LVU1466
1657:stm/stm32g4xx/STM32G4xx_HAL_Driver/Src/stm32g4xx_hal_smbus.c ****                                            SMBUS_IT_NACKI | SMBUS_IT_RXI)) != RESET) &&
 4343              		.loc 1 1657 3 view .LVU1467
1657:stm/stm32g4xx/STM32G4xx_HAL_Driver/Src/stm32g4xx_hal_smbus.c ****                                            SMBUS_IT_NACKI | SMBUS_IT_RXI)) != RESET) &&
 4344              		.loc 1 1657 8 is_stmt 0 view .LVU1468
 4345 0012 05F07403 		and	r3, r5, #116
1657:stm/stm32g4xx/STM32G4xx_HAL_Driver/Src/stm32g4xx_hal_smbus.c ****                                            SMBUS_IT_NACKI | SMBUS_IT_RXI)) != RESET) &&
 4346              		.loc 1 1657 6 view .LVU1469
 4347 0016 742B     		cmp	r3, #116
 4348 0018 39D0     		beq	.L285
 4349              	.L277:
1678:stm/stm32g4xx/STM32G4xx_HAL_Driver/Src/stm32g4xx_hal_smbus.c ****   }
 4350              		.loc 1 1678 5 is_stmt 1 view .LVU1470
1682:stm/stm32g4xx/STM32G4xx_HAL_Driver/Src/stm32g4xx_hal_smbus.c ****        (SMBUS_CHECK_IT_SOURCE(tmpcr1value, SMBUS_IT_STOPI) != RESET) ||
 4351              		.loc 1 1682 3 view .LVU1471
1682:stm/stm32g4xx/STM32G4xx_HAL_Driver/Src/stm32g4xx_hal_smbus.c ****        (SMBUS_CHECK_IT_SOURCE(tmpcr1value, SMBUS_IT_STOPI) != RESET) ||
 4352              		.loc 1 1682 6 is_stmt 0 view .LVU1472
 4353 001a 15F0080F 		tst	r5, #8
 4354 001e 05D1     		bne	.L280
1682:stm/stm32g4xx/STM32G4xx_HAL_Driver/Src/stm32g4xx_hal_smbus.c ****        (SMBUS_CHECK_IT_SOURCE(tmpcr1value, SMBUS_IT_STOPI) != RESET) ||
 4355              		.loc 1 1682 70 discriminator 1 view .LVU1473
 4356 0020 15F0200F 		tst	r5, #32
 4357 0024 02D1     		bne	.L280
1683:stm/stm32g4xx/STM32G4xx_HAL_Driver/Src/stm32g4xx_hal_smbus.c ****        (SMBUS_CHECK_IT_SOURCE(tmpcr1value, SMBUS_IT_NACKI) != RESET)) &&
 4358              		.loc 1 1683 70 view .LVU1474
 4359 0026 15F0100F 		tst	r5, #16
ARM GAS  /tmp/ccPqrEja.s 			page 150


 4360 002a 0CD0     		beq	.L273
 4361              	.L280:
1684:stm/stm32g4xx/STM32G4xx_HAL_Driver/Src/stm32g4xx_hal_smbus.c ****       ((SMBUS_CHECK_FLAG(tmpisrvalue, SMBUS_FLAG_ADDR) != RESET) ||
 4362              		.loc 1 1684 71 view .LVU1475
 4363 002c 16F0080F 		tst	r6, #8
 4364 0030 05D1     		bne	.L282
1685:stm/stm32g4xx/STM32G4xx_HAL_Driver/Src/stm32g4xx_hal_smbus.c ****        (SMBUS_CHECK_FLAG(tmpisrvalue, SMBUS_FLAG_STOPF) != RESET) ||
 4365              		.loc 1 1685 66 view .LVU1476
 4366 0032 16F0200F 		tst	r6, #32
 4367 0036 02D1     		bne	.L282
1686:stm/stm32g4xx/STM32G4xx_HAL_Driver/Src/stm32g4xx_hal_smbus.c ****        (SMBUS_CHECK_FLAG(tmpisrvalue, SMBUS_FLAG_AF) != RESET)))
 4368              		.loc 1 1686 67 view .LVU1477
 4369 0038 16F0100F 		tst	r6, #16
 4370 003c 03D0     		beq	.L273
 4371              	.L282:
1689:stm/stm32g4xx/STM32G4xx_HAL_Driver/Src/stm32g4xx_hal_smbus.c ****     {
 4372              		.loc 1 1689 5 is_stmt 1 view .LVU1478
1689:stm/stm32g4xx/STM32G4xx_HAL_Driver/Src/stm32g4xx_hal_smbus.c ****     {
 4373              		.loc 1 1689 16 is_stmt 0 view .LVU1479
 4374 003e A36C     		ldr	r3, [r4, #72]
1689:stm/stm32g4xx/STM32G4xx_HAL_Driver/Src/stm32g4xx_hal_smbus.c ****     {
 4375              		.loc 1 1689 8 view .LVU1480
 4376 0040 13F0080F 		tst	r3, #8
 4377 0044 46D1     		bne	.L286
 4378              	.L273:
1694:stm/stm32g4xx/STM32G4xx_HAL_Driver/Src/stm32g4xx_hal_smbus.c **** 
 4379              		.loc 1 1694 1 view .LVU1481
 4380 0046 70BD     		pop	{r4, r5, r6, pc}
 4381              	.LVL305:
 4382              	.L284:
1633:stm/stm32g4xx/STM32G4xx_HAL_Driver/Src/stm32g4xx_hal_smbus.c ****       ((SMBUS_CHECK_FLAG(tmpisrvalue, SMBUS_FLAG_TXIS) != RESET) ||
 4383              		.loc 1 1633 86 view .LVU1482
 4384 0048 16F0020F 		tst	r6, #2
 4385 004c 0BD1     		bne	.L275
1634:stm/stm32g4xx/STM32G4xx_HAL_Driver/Src/stm32g4xx_hal_smbus.c ****        (SMBUS_CHECK_FLAG(tmpisrvalue, SMBUS_FLAG_TCR) != RESET) ||
 4386              		.loc 1 1634 66 view .LVU1483
 4387 004e 16F0800F 		tst	r6, #128
 4388 0052 08D1     		bne	.L275
1635:stm/stm32g4xx/STM32G4xx_HAL_Driver/Src/stm32g4xx_hal_smbus.c ****        (SMBUS_CHECK_FLAG(tmpisrvalue, SMBUS_FLAG_TC) != RESET) ||
 4389              		.loc 1 1635 65 view .LVU1484
 4390 0054 16F0400F 		tst	r6, #64
 4391 0058 05D1     		bne	.L275
1636:stm/stm32g4xx/STM32G4xx_HAL_Driver/Src/stm32g4xx_hal_smbus.c ****        (SMBUS_CHECK_FLAG(tmpisrvalue, SMBUS_FLAG_STOPF) != RESET) ||
 4392              		.loc 1 1636 64 view .LVU1485
 4393 005a 16F0200F 		tst	r6, #32
 4394 005e 02D1     		bne	.L275
1637:stm/stm32g4xx/STM32G4xx_HAL_Driver/Src/stm32g4xx_hal_smbus.c ****        (SMBUS_CHECK_FLAG(tmpisrvalue, SMBUS_FLAG_AF) != RESET)))
 4395              		.loc 1 1637 67 view .LVU1486
 4396 0060 16F0100F 		tst	r6, #16
 4397 0064 D5D0     		beq	.L274
 4398              	.L275:
1641:stm/stm32g4xx/STM32G4xx_HAL_Driver/Src/stm32g4xx_hal_smbus.c ****     {
 4399              		.loc 1 1641 5 is_stmt 1 view .LVU1487
1641:stm/stm32g4xx/STM32G4xx_HAL_Driver/Src/stm32g4xx_hal_smbus.c ****     {
 4400              		.loc 1 1641 16 is_stmt 0 view .LVU1488
 4401 0066 A36C     		ldr	r3, [r4, #72]
1641:stm/stm32g4xx/STM32G4xx_HAL_Driver/Src/stm32g4xx_hal_smbus.c ****     {
ARM GAS  /tmp/ccPqrEja.s 			page 151


 4402              		.loc 1 1641 24 view .LVU1489
 4403 0068 03F03203 		and	r3, r3, #50
1641:stm/stm32g4xx/STM32G4xx_HAL_Driver/Src/stm32g4xx_hal_smbus.c ****     {
 4404              		.loc 1 1641 8 view .LVU1490
 4405 006c 322B     		cmp	r3, #50
 4406 006e 09D0     		beq	.L287
1646:stm/stm32g4xx/STM32G4xx_HAL_Driver/Src/stm32g4xx_hal_smbus.c ****     {
 4407              		.loc 1 1646 10 is_stmt 1 view .LVU1491
1646:stm/stm32g4xx/STM32G4xx_HAL_Driver/Src/stm32g4xx_hal_smbus.c ****     {
 4408              		.loc 1 1646 21 is_stmt 0 view .LVU1492
 4409 0070 A36C     		ldr	r3, [r4, #72]
1646:stm/stm32g4xx/STM32G4xx_HAL_Driver/Src/stm32g4xx_hal_smbus.c ****     {
 4410              		.loc 1 1646 29 view .LVU1493
 4411 0072 03F01203 		and	r3, r3, #18
1646:stm/stm32g4xx/STM32G4xx_HAL_Driver/Src/stm32g4xx_hal_smbus.c ****     {
 4412              		.loc 1 1646 13 view .LVU1494
 4413 0076 122B     		cmp	r3, #18
 4414 0078 CBD1     		bne	.L274
1648:stm/stm32g4xx/STM32G4xx_HAL_Driver/Src/stm32g4xx_hal_smbus.c ****     }
 4415              		.loc 1 1648 7 is_stmt 1 view .LVU1495
1648:stm/stm32g4xx/STM32G4xx_HAL_Driver/Src/stm32g4xx_hal_smbus.c ****     }
 4416              		.loc 1 1648 13 is_stmt 0 view .LVU1496
 4417 007a 3146     		mov	r1, r6
 4418 007c 2046     		mov	r0, r4
 4419              	.LVL306:
1648:stm/stm32g4xx/STM32G4xx_HAL_Driver/Src/stm32g4xx_hal_smbus.c ****     }
 4420              		.loc 1 1648 13 view .LVU1497
 4421 007e FFF7FEFF 		bl	SMBUS_Master_ISR
 4422              	.LVL307:
 4423 0082 C6E7     		b	.L274
 4424              	.LVL308:
 4425              	.L287:
1643:stm/stm32g4xx/STM32G4xx_HAL_Driver/Src/stm32g4xx_hal_smbus.c ****     }
 4426              		.loc 1 1643 7 is_stmt 1 view .LVU1498
1643:stm/stm32g4xx/STM32G4xx_HAL_Driver/Src/stm32g4xx_hal_smbus.c ****     }
 4427              		.loc 1 1643 13 is_stmt 0 view .LVU1499
 4428 0084 3146     		mov	r1, r6
 4429 0086 2046     		mov	r0, r4
 4430              	.LVL309:
1643:stm/stm32g4xx/STM32G4xx_HAL_Driver/Src/stm32g4xx_hal_smbus.c ****     }
 4431              		.loc 1 1643 13 view .LVU1500
 4432 0088 FFF7FEFF 		bl	SMBUS_Slave_ISR
 4433              	.LVL310:
 4434 008c C1E7     		b	.L274
 4435              	.L285:
1658:stm/stm32g4xx/STM32G4xx_HAL_Driver/Src/stm32g4xx_hal_smbus.c ****       ((SMBUS_CHECK_FLAG(tmpisrvalue, SMBUS_FLAG_RXNE) != RESET) ||
 4436              		.loc 1 1658 86 view .LVU1501
 4437 008e 16F0040F 		tst	r6, #4
 4438 0092 0BD1     		bne	.L278
1659:stm/stm32g4xx/STM32G4xx_HAL_Driver/Src/stm32g4xx_hal_smbus.c ****        (SMBUS_CHECK_FLAG(tmpisrvalue, SMBUS_FLAG_TCR) != RESET) ||
 4439              		.loc 1 1659 66 view .LVU1502
 4440 0094 16F0800F 		tst	r6, #128
 4441 0098 08D1     		bne	.L278
1660:stm/stm32g4xx/STM32G4xx_HAL_Driver/Src/stm32g4xx_hal_smbus.c ****        (SMBUS_CHECK_FLAG(tmpisrvalue, SMBUS_FLAG_TC) != RESET) ||
 4442              		.loc 1 1660 65 view .LVU1503
 4443 009a 16F0400F 		tst	r6, #64
 4444 009e 05D1     		bne	.L278
ARM GAS  /tmp/ccPqrEja.s 			page 152


1661:stm/stm32g4xx/STM32G4xx_HAL_Driver/Src/stm32g4xx_hal_smbus.c ****        (SMBUS_CHECK_FLAG(tmpisrvalue, SMBUS_FLAG_STOPF) != RESET) ||
 4445              		.loc 1 1661 64 view .LVU1504
 4446 00a0 16F0200F 		tst	r6, #32
 4447 00a4 02D1     		bne	.L278
1662:stm/stm32g4xx/STM32G4xx_HAL_Driver/Src/stm32g4xx_hal_smbus.c ****        (SMBUS_CHECK_FLAG(tmpisrvalue, SMBUS_FLAG_AF) != RESET)))
 4448              		.loc 1 1662 67 view .LVU1505
 4449 00a6 16F0100F 		tst	r6, #16
 4450 00aa B6D0     		beq	.L277
 4451              	.L278:
1666:stm/stm32g4xx/STM32G4xx_HAL_Driver/Src/stm32g4xx_hal_smbus.c ****     {
 4452              		.loc 1 1666 5 is_stmt 1 view .LVU1506
1666:stm/stm32g4xx/STM32G4xx_HAL_Driver/Src/stm32g4xx_hal_smbus.c ****     {
 4453              		.loc 1 1666 16 is_stmt 0 view .LVU1507
 4454 00ac A36C     		ldr	r3, [r4, #72]
1666:stm/stm32g4xx/STM32G4xx_HAL_Driver/Src/stm32g4xx_hal_smbus.c ****     {
 4455              		.loc 1 1666 24 view .LVU1508
 4456 00ae 03F04203 		and	r3, r3, #66
1666:stm/stm32g4xx/STM32G4xx_HAL_Driver/Src/stm32g4xx_hal_smbus.c ****     {
 4457              		.loc 1 1666 8 view .LVU1509
 4458 00b2 422B     		cmp	r3, #66
 4459 00b4 09D0     		beq	.L288
1671:stm/stm32g4xx/STM32G4xx_HAL_Driver/Src/stm32g4xx_hal_smbus.c ****     {
 4460              		.loc 1 1671 10 is_stmt 1 view .LVU1510
1671:stm/stm32g4xx/STM32G4xx_HAL_Driver/Src/stm32g4xx_hal_smbus.c ****     {
 4461              		.loc 1 1671 21 is_stmt 0 view .LVU1511
 4462 00b6 A36C     		ldr	r3, [r4, #72]
1671:stm/stm32g4xx/STM32G4xx_HAL_Driver/Src/stm32g4xx_hal_smbus.c ****     {
 4463              		.loc 1 1671 29 view .LVU1512
 4464 00b8 03F02203 		and	r3, r3, #34
1671:stm/stm32g4xx/STM32G4xx_HAL_Driver/Src/stm32g4xx_hal_smbus.c ****     {
 4465              		.loc 1 1671 13 view .LVU1513
 4466 00bc 222B     		cmp	r3, #34
 4467 00be ACD1     		bne	.L277
1673:stm/stm32g4xx/STM32G4xx_HAL_Driver/Src/stm32g4xx_hal_smbus.c ****     }
 4468              		.loc 1 1673 7 is_stmt 1 view .LVU1514
1673:stm/stm32g4xx/STM32G4xx_HAL_Driver/Src/stm32g4xx_hal_smbus.c ****     }
 4469              		.loc 1 1673 13 is_stmt 0 view .LVU1515
 4470 00c0 3146     		mov	r1, r6
 4471 00c2 2046     		mov	r0, r4
 4472 00c4 FFF7FEFF 		bl	SMBUS_Master_ISR
 4473              	.LVL311:
 4474 00c8 A7E7     		b	.L277
 4475              	.L288:
1668:stm/stm32g4xx/STM32G4xx_HAL_Driver/Src/stm32g4xx_hal_smbus.c ****     }
 4476              		.loc 1 1668 7 is_stmt 1 view .LVU1516
1668:stm/stm32g4xx/STM32G4xx_HAL_Driver/Src/stm32g4xx_hal_smbus.c ****     }
 4477              		.loc 1 1668 13 is_stmt 0 view .LVU1517
 4478 00ca 3146     		mov	r1, r6
 4479 00cc 2046     		mov	r0, r4
 4480 00ce FFF7FEFF 		bl	SMBUS_Slave_ISR
 4481              	.LVL312:
 4482 00d2 A2E7     		b	.L277
 4483              	.L286:
1691:stm/stm32g4xx/STM32G4xx_HAL_Driver/Src/stm32g4xx_hal_smbus.c ****     }
 4484              		.loc 1 1691 7 is_stmt 1 view .LVU1518
1691:stm/stm32g4xx/STM32G4xx_HAL_Driver/Src/stm32g4xx_hal_smbus.c ****     }
 4485              		.loc 1 1691 13 is_stmt 0 view .LVU1519
ARM GAS  /tmp/ccPqrEja.s 			page 153


 4486 00d4 3146     		mov	r1, r6
 4487 00d6 2046     		mov	r0, r4
 4488 00d8 FFF7FEFF 		bl	SMBUS_Slave_ISR
 4489              	.LVL313:
1694:stm/stm32g4xx/STM32G4xx_HAL_Driver/Src/stm32g4xx_hal_smbus.c **** 
 4490              		.loc 1 1694 1 view .LVU1520
 4491 00dc B3E7     		b	.L273
 4492              		.cfi_endproc
 4493              	.LFE345:
 4495              		.section	.text.HAL_SMBUS_GetState,"ax",%progbits
 4496              		.align	1
 4497              		.global	HAL_SMBUS_GetState
 4498              		.syntax unified
 4499              		.thumb
 4500              		.thumb_func
 4502              	HAL_SMBUS_GetState:
 4503              	.LVL314:
 4504              	.LFB354:
1849:stm/stm32g4xx/STM32G4xx_HAL_Driver/Src/stm32g4xx_hal_smbus.c ****   /* Return SMBUS handle state */
 4505              		.loc 1 1849 1 is_stmt 1 view -0
 4506              		.cfi_startproc
 4507              		@ args = 0, pretend = 0, frame = 0
 4508              		@ frame_needed = 0, uses_anonymous_args = 0
 4509              		@ link register save eliminated.
1851:stm/stm32g4xx/STM32G4xx_HAL_Driver/Src/stm32g4xx_hal_smbus.c **** }
 4510              		.loc 1 1851 3 view .LVU1522
1851:stm/stm32g4xx/STM32G4xx_HAL_Driver/Src/stm32g4xx_hal_smbus.c **** }
 4511              		.loc 1 1851 16 is_stmt 0 view .LVU1523
 4512 0000 806C     		ldr	r0, [r0, #72]
 4513              	.LVL315:
1852:stm/stm32g4xx/STM32G4xx_HAL_Driver/Src/stm32g4xx_hal_smbus.c **** 
 4514              		.loc 1 1852 1 view .LVU1524
 4515 0002 7047     		bx	lr
 4516              		.cfi_endproc
 4517              	.LFE354:
 4519              		.section	.text.HAL_SMBUS_GetError,"ax",%progbits
 4520              		.align	1
 4521              		.global	HAL_SMBUS_GetError
 4522              		.syntax unified
 4523              		.thumb
 4524              		.thumb_func
 4526              	HAL_SMBUS_GetError:
 4527              	.LVL316:
 4528              	.LFB355:
1861:stm/stm32g4xx/STM32G4xx_HAL_Driver/Src/stm32g4xx_hal_smbus.c ****   return hsmbus->ErrorCode;
 4529              		.loc 1 1861 1 is_stmt 1 view -0
 4530              		.cfi_startproc
 4531              		@ args = 0, pretend = 0, frame = 0
 4532              		@ frame_needed = 0, uses_anonymous_args = 0
 4533              		@ link register save eliminated.
1862:stm/stm32g4xx/STM32G4xx_HAL_Driver/Src/stm32g4xx_hal_smbus.c **** }
 4534              		.loc 1 1862 3 view .LVU1526
1862:stm/stm32g4xx/STM32G4xx_HAL_Driver/Src/stm32g4xx_hal_smbus.c **** }
 4535              		.loc 1 1862 16 is_stmt 0 view .LVU1527
 4536 0000 C06C     		ldr	r0, [r0, #76]
 4537              	.LVL317:
1863:stm/stm32g4xx/STM32G4xx_HAL_Driver/Src/stm32g4xx_hal_smbus.c **** 
ARM GAS  /tmp/ccPqrEja.s 			page 154


 4538              		.loc 1 1863 1 view .LVU1528
 4539 0002 7047     		bx	lr
 4540              		.cfi_endproc
 4541              	.LFE355:
 4543              		.text
 4544              	.Letext0:
 4545              		.file 2 "/usr/lib/gcc/arm-none-eabi/13.2.1/include/stdint.h"
 4546              		.file 3 "stm/stm32g4xx/CMSIS/Device/ST/STM32G4xx/Include/stm32g473xx.h"
 4547              		.file 4 "stm/stm32g4xx/CMSIS/Device/ST/STM32G4xx/Include/stm32g4xx.h"
 4548              		.file 5 "stm/stm32g4xx/STM32G4xx_HAL_Driver/Inc/stm32g4xx_hal_def.h"
 4549              		.file 6 "stm/stm32g4xx/STM32G4xx_HAL_Driver/Inc/stm32g4xx_hal_smbus.h"
 4550              		.file 7 "stm/stm32g4xx/STM32G4xx_HAL_Driver/Inc/stm32g4xx_hal.h"
ARM GAS  /tmp/ccPqrEja.s 			page 155


DEFINED SYMBOLS
                            *ABS*:00000000 stm32g4xx_hal_smbus.c
     /tmp/ccPqrEja.s:21     .text.SMBUS_Enable_IRQ:00000000 $t
     /tmp/ccPqrEja.s:26     .text.SMBUS_Enable_IRQ:00000000 SMBUS_Enable_IRQ
     /tmp/ccPqrEja.s:101    .text.SMBUS_Disable_IRQ:00000000 $t
     /tmp/ccPqrEja.s:106    .text.SMBUS_Disable_IRQ:00000000 SMBUS_Disable_IRQ
     /tmp/ccPqrEja.s:282    .text.SMBUS_Flush_TXDR:00000000 $t
     /tmp/ccPqrEja.s:287    .text.SMBUS_Flush_TXDR:00000000 SMBUS_Flush_TXDR
     /tmp/ccPqrEja.s:325    .text.SMBUS_TransferConfig:00000000 $t
     /tmp/ccPqrEja.s:330    .text.SMBUS_TransferConfig:00000000 SMBUS_TransferConfig
     /tmp/ccPqrEja.s:381    .text.SMBUS_ConvertOtherXferOptions:00000000 $t
     /tmp/ccPqrEja.s:386    .text.SMBUS_ConvertOtherXferOptions:00000000 SMBUS_ConvertOtherXferOptions
     /tmp/ccPqrEja.s:451    .text.SMBUS_WaitOnFlagUntilTimeout:00000000 $t
     /tmp/ccPqrEja.s:456    .text.SMBUS_WaitOnFlagUntilTimeout:00000000 SMBUS_WaitOnFlagUntilTimeout
     /tmp/ccPqrEja.s:549    .text.HAL_SMBUS_MspInit:00000000 $t
     /tmp/ccPqrEja.s:555    .text.HAL_SMBUS_MspInit:00000000 HAL_SMBUS_MspInit
     /tmp/ccPqrEja.s:570    .text.HAL_SMBUS_Init:00000000 $t
     /tmp/ccPqrEja.s:576    .text.HAL_SMBUS_Init:00000000 HAL_SMBUS_Init
     /tmp/ccPqrEja.s:821    .text.HAL_SMBUS_MspDeInit:00000000 $t
     /tmp/ccPqrEja.s:827    .text.HAL_SMBUS_MspDeInit:00000000 HAL_SMBUS_MspDeInit
     /tmp/ccPqrEja.s:842    .text.HAL_SMBUS_DeInit:00000000 $t
     /tmp/ccPqrEja.s:848    .text.HAL_SMBUS_DeInit:00000000 HAL_SMBUS_DeInit
     /tmp/ccPqrEja.s:910    .text.HAL_SMBUS_ConfigAnalogFilter:00000000 $t
     /tmp/ccPqrEja.s:916    .text.HAL_SMBUS_ConfigAnalogFilter:00000000 HAL_SMBUS_ConfigAnalogFilter
     /tmp/ccPqrEja.s:1014   .text.HAL_SMBUS_ConfigDigitalFilter:00000000 $t
     /tmp/ccPqrEja.s:1020   .text.HAL_SMBUS_ConfigDigitalFilter:00000000 HAL_SMBUS_ConfigDigitalFilter
     /tmp/ccPqrEja.s:1123   .text.HAL_SMBUS_Master_Transmit_IT:00000000 $t
     /tmp/ccPqrEja.s:1129   .text.HAL_SMBUS_Master_Transmit_IT:00000000 HAL_SMBUS_Master_Transmit_IT
     /tmp/ccPqrEja.s:1427   .text.HAL_SMBUS_Master_Transmit_IT:00000130 $d
     /tmp/ccPqrEja.s:1432   .text.HAL_SMBUS_Master_Receive_IT:00000000 $t
     /tmp/ccPqrEja.s:1438   .text.HAL_SMBUS_Master_Receive_IT:00000000 HAL_SMBUS_Master_Receive_IT
     /tmp/ccPqrEja.s:1661   .text.HAL_SMBUS_Master_Receive_IT:000000d0 $d
     /tmp/ccPqrEja.s:1666   .text.HAL_SMBUS_Master_Abort_IT:00000000 $t
     /tmp/ccPqrEja.s:1672   .text.HAL_SMBUS_Master_Abort_IT:00000000 HAL_SMBUS_Master_Abort_IT
     /tmp/ccPqrEja.s:1818   .text.HAL_SMBUS_Slave_Transmit_IT:00000000 $t
     /tmp/ccPqrEja.s:1824   .text.HAL_SMBUS_Slave_Transmit_IT:00000000 HAL_SMBUS_Slave_Transmit_IT
     /tmp/ccPqrEja.s:2043   .text.HAL_SMBUS_Slave_Receive_IT:00000000 $t
     /tmp/ccPqrEja.s:2049   .text.HAL_SMBUS_Slave_Receive_IT:00000000 HAL_SMBUS_Slave_Receive_IT
     /tmp/ccPqrEja.s:2240   .text.HAL_SMBUS_EnableListen_IT:00000000 $t
     /tmp/ccPqrEja.s:2246   .text.HAL_SMBUS_EnableListen_IT:00000000 HAL_SMBUS_EnableListen_IT
     /tmp/ccPqrEja.s:2275   .text.HAL_SMBUS_DisableListen_IT:00000000 $t
     /tmp/ccPqrEja.s:2281   .text.HAL_SMBUS_DisableListen_IT:00000000 HAL_SMBUS_DisableListen_IT
     /tmp/ccPqrEja.s:2324   .text.HAL_SMBUS_EnableAlert_IT:00000000 $t
     /tmp/ccPqrEja.s:2330   .text.HAL_SMBUS_EnableAlert_IT:00000000 HAL_SMBUS_EnableAlert_IT
     /tmp/ccPqrEja.s:2367   .text.HAL_SMBUS_DisableAlert_IT:00000000 $t
     /tmp/ccPqrEja.s:2373   .text.HAL_SMBUS_DisableAlert_IT:00000000 HAL_SMBUS_DisableAlert_IT
     /tmp/ccPqrEja.s:2406   .text.HAL_SMBUS_IsDeviceReady:00000000 $t
     /tmp/ccPqrEja.s:2412   .text.HAL_SMBUS_IsDeviceReady:00000000 HAL_SMBUS_IsDeviceReady
     /tmp/ccPqrEja.s:2739   .text.HAL_SMBUS_MasterTxCpltCallback:00000000 $t
     /tmp/ccPqrEja.s:2745   .text.HAL_SMBUS_MasterTxCpltCallback:00000000 HAL_SMBUS_MasterTxCpltCallback
     /tmp/ccPqrEja.s:2760   .text.HAL_SMBUS_MasterRxCpltCallback:00000000 $t
     /tmp/ccPqrEja.s:2766   .text.HAL_SMBUS_MasterRxCpltCallback:00000000 HAL_SMBUS_MasterRxCpltCallback
     /tmp/ccPqrEja.s:2781   .text.HAL_SMBUS_SlaveTxCpltCallback:00000000 $t
     /tmp/ccPqrEja.s:2787   .text.HAL_SMBUS_SlaveTxCpltCallback:00000000 HAL_SMBUS_SlaveTxCpltCallback
     /tmp/ccPqrEja.s:2802   .text.HAL_SMBUS_SlaveRxCpltCallback:00000000 $t
     /tmp/ccPqrEja.s:2808   .text.HAL_SMBUS_SlaveRxCpltCallback:00000000 HAL_SMBUS_SlaveRxCpltCallback
     /tmp/ccPqrEja.s:2823   .text.HAL_SMBUS_AddrCallback:00000000 $t
ARM GAS  /tmp/ccPqrEja.s 			page 156


     /tmp/ccPqrEja.s:2829   .text.HAL_SMBUS_AddrCallback:00000000 HAL_SMBUS_AddrCallback
     /tmp/ccPqrEja.s:2846   .text.HAL_SMBUS_ListenCpltCallback:00000000 $t
     /tmp/ccPqrEja.s:2852   .text.HAL_SMBUS_ListenCpltCallback:00000000 HAL_SMBUS_ListenCpltCallback
     /tmp/ccPqrEja.s:2867   .text.HAL_SMBUS_ErrorCallback:00000000 $t
     /tmp/ccPqrEja.s:2873   .text.HAL_SMBUS_ErrorCallback:00000000 HAL_SMBUS_ErrorCallback
     /tmp/ccPqrEja.s:2888   .text.SMBUS_ITErrorHandler:00000000 $t
     /tmp/ccPqrEja.s:2893   .text.SMBUS_ITErrorHandler:00000000 SMBUS_ITErrorHandler
     /tmp/ccPqrEja.s:3095   .text.HAL_SMBUS_ER_IRQHandler:00000000 $t
     /tmp/ccPqrEja.s:3101   .text.HAL_SMBUS_ER_IRQHandler:00000000 HAL_SMBUS_ER_IRQHandler
     /tmp/ccPqrEja.s:3123   .text.SMBUS_Master_ISR:00000000 $t
     /tmp/ccPqrEja.s:3128   .text.SMBUS_Master_ISR:00000000 SMBUS_Master_ISR
     /tmp/ccPqrEja.s:3706   .text.SMBUS_Slave_ISR:00000000 $t
     /tmp/ccPqrEja.s:3711   .text.SMBUS_Slave_ISR:00000000 SMBUS_Slave_ISR
     /tmp/ccPqrEja.s:4302   .text.HAL_SMBUS_EV_IRQHandler:00000000 $t
     /tmp/ccPqrEja.s:4308   .text.HAL_SMBUS_EV_IRQHandler:00000000 HAL_SMBUS_EV_IRQHandler
     /tmp/ccPqrEja.s:4496   .text.HAL_SMBUS_GetState:00000000 $t
     /tmp/ccPqrEja.s:4502   .text.HAL_SMBUS_GetState:00000000 HAL_SMBUS_GetState
     /tmp/ccPqrEja.s:4520   .text.HAL_SMBUS_GetError:00000000 $t
     /tmp/ccPqrEja.s:4526   .text.HAL_SMBUS_GetError:00000000 HAL_SMBUS_GetError

UNDEFINED SYMBOLS
HAL_GetTick
