ARM GAS  /tmp/ccZINekD.s 			page 1


   1              		.cpu cortex-m4
   2              		.arch armv7e-m
   3              		.fpu fpv4-sp-d16
   4              		.eabi_attribute 27, 1
   5              		.eabi_attribute 28, 1
   6              		.eabi_attribute 20, 1
   7              		.eabi_attribute 21, 1
   8              		.eabi_attribute 23, 3
   9              		.eabi_attribute 24, 1
  10              		.eabi_attribute 25, 1
  11              		.eabi_attribute 26, 1
  12              		.eabi_attribute 30, 1
  13              		.eabi_attribute 34, 1
  14              		.eabi_attribute 18, 4
  15              		.file	"timers.c"
  16              		.text
  17              	.Ltext0:
  18              		.cfi_sections	.debug_frame
  19              		.file 1 "middleware/FreeRTOS-Kernel/timers.c"
  20              		.section	.text.prvGetNextExpireTime,"ax",%progbits
  21              		.align	1
  22              		.syntax unified
  23              		.thumb
  24              		.thumb_func
  26              	prvGetNextExpireTime:
  27              	.LVL0:
  28              	.LFB22:
   1:middleware/FreeRTOS-Kernel/timers.c **** /*
   2:middleware/FreeRTOS-Kernel/timers.c ****  * FreeRTOS Kernel V11.1.0
   3:middleware/FreeRTOS-Kernel/timers.c ****  * Copyright (C) 2021 Amazon.com, Inc. or its affiliates. All Rights Reserved.
   4:middleware/FreeRTOS-Kernel/timers.c ****  *
   5:middleware/FreeRTOS-Kernel/timers.c ****  * SPDX-License-Identifier: MIT
   6:middleware/FreeRTOS-Kernel/timers.c ****  *
   7:middleware/FreeRTOS-Kernel/timers.c ****  * Permission is hereby granted, free of charge, to any person obtaining a copy of
   8:middleware/FreeRTOS-Kernel/timers.c ****  * this software and associated documentation files (the "Software"), to deal in
   9:middleware/FreeRTOS-Kernel/timers.c ****  * the Software without restriction, including without limitation the rights to
  10:middleware/FreeRTOS-Kernel/timers.c ****  * use, copy, modify, merge, publish, distribute, sublicense, and/or sell copies of
  11:middleware/FreeRTOS-Kernel/timers.c ****  * the Software, and to permit persons to whom the Software is furnished to do so,
  12:middleware/FreeRTOS-Kernel/timers.c ****  * subject to the following conditions:
  13:middleware/FreeRTOS-Kernel/timers.c ****  *
  14:middleware/FreeRTOS-Kernel/timers.c ****  * The above copyright notice and this permission notice shall be included in all
  15:middleware/FreeRTOS-Kernel/timers.c ****  * copies or substantial portions of the Software.
  16:middleware/FreeRTOS-Kernel/timers.c ****  *
  17:middleware/FreeRTOS-Kernel/timers.c ****  * THE SOFTWARE IS PROVIDED "AS IS", WITHOUT WARRANTY OF ANY KIND, EXPRESS OR
  18:middleware/FreeRTOS-Kernel/timers.c ****  * IMPLIED, INCLUDING BUT NOT LIMITED TO THE WARRANTIES OF MERCHANTABILITY, FITNESS
  19:middleware/FreeRTOS-Kernel/timers.c ****  * FOR A PARTICULAR PURPOSE AND NONINFRINGEMENT. IN NO EVENT SHALL THE AUTHORS OR
  20:middleware/FreeRTOS-Kernel/timers.c ****  * COPYRIGHT HOLDERS BE LIABLE FOR ANY CLAIM, DAMAGES OR OTHER LIABILITY, WHETHER
  21:middleware/FreeRTOS-Kernel/timers.c ****  * IN AN ACTION OF CONTRACT, TORT OR OTHERWISE, ARISING FROM, OUT OF OR IN
  22:middleware/FreeRTOS-Kernel/timers.c ****  * CONNECTION WITH THE SOFTWARE OR THE USE OR OTHER DEALINGS IN THE SOFTWARE.
  23:middleware/FreeRTOS-Kernel/timers.c ****  *
  24:middleware/FreeRTOS-Kernel/timers.c ****  * https://www.FreeRTOS.org
  25:middleware/FreeRTOS-Kernel/timers.c ****  * https://github.com/FreeRTOS
  26:middleware/FreeRTOS-Kernel/timers.c ****  *
  27:middleware/FreeRTOS-Kernel/timers.c ****  */
  28:middleware/FreeRTOS-Kernel/timers.c **** 
  29:middleware/FreeRTOS-Kernel/timers.c **** /* Standard includes. */
  30:middleware/FreeRTOS-Kernel/timers.c **** #include <stdlib.h>
ARM GAS  /tmp/ccZINekD.s 			page 2


  31:middleware/FreeRTOS-Kernel/timers.c **** 
  32:middleware/FreeRTOS-Kernel/timers.c **** /* Defining MPU_WRAPPERS_INCLUDED_FROM_API_FILE prevents task.h from redefining
  33:middleware/FreeRTOS-Kernel/timers.c ****  * all the API functions to use the MPU wrappers.  That should only be done when
  34:middleware/FreeRTOS-Kernel/timers.c ****  * task.h is included from an application file. */
  35:middleware/FreeRTOS-Kernel/timers.c **** #define MPU_WRAPPERS_INCLUDED_FROM_API_FILE
  36:middleware/FreeRTOS-Kernel/timers.c **** 
  37:middleware/FreeRTOS-Kernel/timers.c **** #include "FreeRTOS.h"
  38:middleware/FreeRTOS-Kernel/timers.c **** #include "task.h"
  39:middleware/FreeRTOS-Kernel/timers.c **** #include "queue.h"
  40:middleware/FreeRTOS-Kernel/timers.c **** #include "timers.h"
  41:middleware/FreeRTOS-Kernel/timers.c **** 
  42:middleware/FreeRTOS-Kernel/timers.c **** #if ( INCLUDE_xTimerPendFunctionCall == 1 ) && ( configUSE_TIMERS == 0 )
  43:middleware/FreeRTOS-Kernel/timers.c ****     #error configUSE_TIMERS must be set to 1 to make the xTimerPendFunctionCall() function availabl
  44:middleware/FreeRTOS-Kernel/timers.c **** #endif
  45:middleware/FreeRTOS-Kernel/timers.c **** 
  46:middleware/FreeRTOS-Kernel/timers.c **** /* The MPU ports require MPU_WRAPPERS_INCLUDED_FROM_API_FILE to be defined
  47:middleware/FreeRTOS-Kernel/timers.c ****  * for the header files above, but not in this file, in order to generate the
  48:middleware/FreeRTOS-Kernel/timers.c ****  * correct privileged Vs unprivileged linkage and placement. */
  49:middleware/FreeRTOS-Kernel/timers.c **** #undef MPU_WRAPPERS_INCLUDED_FROM_API_FILE
  50:middleware/FreeRTOS-Kernel/timers.c **** 
  51:middleware/FreeRTOS-Kernel/timers.c **** 
  52:middleware/FreeRTOS-Kernel/timers.c **** /* This entire source file will be skipped if the application is not configured
  53:middleware/FreeRTOS-Kernel/timers.c ****  * to include software timer functionality.  This #if is closed at the very bottom
  54:middleware/FreeRTOS-Kernel/timers.c ****  * of this file.  If you want to include software timer functionality then ensure
  55:middleware/FreeRTOS-Kernel/timers.c ****  * configUSE_TIMERS is set to 1 in FreeRTOSConfig.h. */
  56:middleware/FreeRTOS-Kernel/timers.c **** #if ( configUSE_TIMERS == 1 )
  57:middleware/FreeRTOS-Kernel/timers.c **** 
  58:middleware/FreeRTOS-Kernel/timers.c **** /* Misc definitions. */
  59:middleware/FreeRTOS-Kernel/timers.c ****     #define tmrNO_DELAY                    ( ( TickType_t ) 0U )
  60:middleware/FreeRTOS-Kernel/timers.c ****     #define tmrMAX_TIME_BEFORE_OVERFLOW    ( ( TickType_t ) -1 )
  61:middleware/FreeRTOS-Kernel/timers.c **** 
  62:middleware/FreeRTOS-Kernel/timers.c **** /* The name assigned to the timer service task. This can be overridden by
  63:middleware/FreeRTOS-Kernel/timers.c ****  * defining configTIMER_SERVICE_TASK_NAME in FreeRTOSConfig.h. */
  64:middleware/FreeRTOS-Kernel/timers.c ****     #ifndef configTIMER_SERVICE_TASK_NAME
  65:middleware/FreeRTOS-Kernel/timers.c ****         #define configTIMER_SERVICE_TASK_NAME    "Tmr Svc"
  66:middleware/FreeRTOS-Kernel/timers.c ****     #endif
  67:middleware/FreeRTOS-Kernel/timers.c **** 
  68:middleware/FreeRTOS-Kernel/timers.c ****     #if ( ( configNUMBER_OF_CORES > 1 ) && ( configUSE_CORE_AFFINITY == 1 ) )
  69:middleware/FreeRTOS-Kernel/timers.c **** 
  70:middleware/FreeRTOS-Kernel/timers.c **** /* The core affinity assigned to the timer service task on SMP systems.
  71:middleware/FreeRTOS-Kernel/timers.c ****  * This can be overridden by defining configTIMER_SERVICE_TASK_CORE_AFFINITY in FreeRTOSConfig.h. *
  72:middleware/FreeRTOS-Kernel/timers.c ****         #ifndef configTIMER_SERVICE_TASK_CORE_AFFINITY
  73:middleware/FreeRTOS-Kernel/timers.c ****             #define configTIMER_SERVICE_TASK_CORE_AFFINITY    tskNO_AFFINITY
  74:middleware/FreeRTOS-Kernel/timers.c ****         #endif
  75:middleware/FreeRTOS-Kernel/timers.c ****     #endif /* #if ( ( configNUMBER_OF_CORES > 1 ) && ( configUSE_CORE_AFFINITY == 1 ) ) */
  76:middleware/FreeRTOS-Kernel/timers.c **** 
  77:middleware/FreeRTOS-Kernel/timers.c **** /* Bit definitions used in the ucStatus member of a timer structure. */
  78:middleware/FreeRTOS-Kernel/timers.c ****     #define tmrSTATUS_IS_ACTIVE                  ( 0x01U )
  79:middleware/FreeRTOS-Kernel/timers.c ****     #define tmrSTATUS_IS_STATICALLY_ALLOCATED    ( 0x02U )
  80:middleware/FreeRTOS-Kernel/timers.c ****     #define tmrSTATUS_IS_AUTORELOAD              ( 0x04U )
  81:middleware/FreeRTOS-Kernel/timers.c **** 
  82:middleware/FreeRTOS-Kernel/timers.c **** /* The definition of the timers themselves. */
  83:middleware/FreeRTOS-Kernel/timers.c ****     typedef struct tmrTimerControl                                               /* The old naming 
  84:middleware/FreeRTOS-Kernel/timers.c ****     {
  85:middleware/FreeRTOS-Kernel/timers.c ****         const char * pcTimerName;                                                /**< Text name.  T
  86:middleware/FreeRTOS-Kernel/timers.c ****         ListItem_t xTimerListItem;                                               /**< Standard link
  87:middleware/FreeRTOS-Kernel/timers.c ****         TickType_t xTimerPeriodInTicks;                                          /**< How quickly a
ARM GAS  /tmp/ccZINekD.s 			page 3


  88:middleware/FreeRTOS-Kernel/timers.c ****         void * pvTimerID;                                                        /**< An ID to iden
  89:middleware/FreeRTOS-Kernel/timers.c ****         portTIMER_CALLBACK_ATTRIBUTE TimerCallbackFunction_t pxCallbackFunction; /**< The function 
  90:middleware/FreeRTOS-Kernel/timers.c ****         #if ( configUSE_TRACE_FACILITY == 1 )
  91:middleware/FreeRTOS-Kernel/timers.c ****             UBaseType_t uxTimerNumber;                                           /**< An ID assigne
  92:middleware/FreeRTOS-Kernel/timers.c ****         #endif
  93:middleware/FreeRTOS-Kernel/timers.c ****         uint8_t ucStatus;                                                        /**< Holds bits to
  94:middleware/FreeRTOS-Kernel/timers.c ****     } xTIMER;
  95:middleware/FreeRTOS-Kernel/timers.c **** 
  96:middleware/FreeRTOS-Kernel/timers.c **** /* The old xTIMER name is maintained above then typedefed to the new Timer_t
  97:middleware/FreeRTOS-Kernel/timers.c ****  * name below to enable the use of older kernel aware debuggers. */
  98:middleware/FreeRTOS-Kernel/timers.c ****     typedef xTIMER Timer_t;
  99:middleware/FreeRTOS-Kernel/timers.c **** 
 100:middleware/FreeRTOS-Kernel/timers.c **** /* The definition of messages that can be sent and received on the timer queue.
 101:middleware/FreeRTOS-Kernel/timers.c ****  * Two types of message can be queued - messages that manipulate a software timer,
 102:middleware/FreeRTOS-Kernel/timers.c ****  * and messages that request the execution of a non-timer related callback.  The
 103:middleware/FreeRTOS-Kernel/timers.c ****  * two message types are defined in two separate structures, xTimerParametersType
 104:middleware/FreeRTOS-Kernel/timers.c ****  * and xCallbackParametersType respectively. */
 105:middleware/FreeRTOS-Kernel/timers.c ****     typedef struct tmrTimerParameters
 106:middleware/FreeRTOS-Kernel/timers.c ****     {
 107:middleware/FreeRTOS-Kernel/timers.c ****         TickType_t xMessageValue; /**< An optional value used by a subset of commands, for example,
 108:middleware/FreeRTOS-Kernel/timers.c ****         Timer_t * pxTimer;        /**< The timer to which the command will be applied. */
 109:middleware/FreeRTOS-Kernel/timers.c ****     } TimerParameter_t;
 110:middleware/FreeRTOS-Kernel/timers.c **** 
 111:middleware/FreeRTOS-Kernel/timers.c **** 
 112:middleware/FreeRTOS-Kernel/timers.c ****     typedef struct tmrCallbackParameters
 113:middleware/FreeRTOS-Kernel/timers.c ****     {
 114:middleware/FreeRTOS-Kernel/timers.c ****         portTIMER_CALLBACK_ATTRIBUTE
 115:middleware/FreeRTOS-Kernel/timers.c ****         PendedFunction_t pxCallbackFunction; /* << The callback function to execute. */
 116:middleware/FreeRTOS-Kernel/timers.c ****         void * pvParameter1;                 /* << The value that will be used as the callback func
 117:middleware/FreeRTOS-Kernel/timers.c ****         uint32_t ulParameter2;               /* << The value that will be used as the callback func
 118:middleware/FreeRTOS-Kernel/timers.c ****     } CallbackParameters_t;
 119:middleware/FreeRTOS-Kernel/timers.c **** 
 120:middleware/FreeRTOS-Kernel/timers.c **** /* The structure that contains the two message types, along with an identifier
 121:middleware/FreeRTOS-Kernel/timers.c ****  * that is used to determine which message type is valid. */
 122:middleware/FreeRTOS-Kernel/timers.c ****     typedef struct tmrTimerQueueMessage
 123:middleware/FreeRTOS-Kernel/timers.c ****     {
 124:middleware/FreeRTOS-Kernel/timers.c ****         BaseType_t xMessageID; /**< The command being sent to the timer service task. */
 125:middleware/FreeRTOS-Kernel/timers.c ****         union
 126:middleware/FreeRTOS-Kernel/timers.c ****         {
 127:middleware/FreeRTOS-Kernel/timers.c ****             TimerParameter_t xTimerParameters;
 128:middleware/FreeRTOS-Kernel/timers.c **** 
 129:middleware/FreeRTOS-Kernel/timers.c ****             /* Don't include xCallbackParameters if it is not going to be used as
 130:middleware/FreeRTOS-Kernel/timers.c ****              * it makes the structure (and therefore the timer queue) larger. */
 131:middleware/FreeRTOS-Kernel/timers.c ****             #if ( INCLUDE_xTimerPendFunctionCall == 1 )
 132:middleware/FreeRTOS-Kernel/timers.c ****                 CallbackParameters_t xCallbackParameters;
 133:middleware/FreeRTOS-Kernel/timers.c ****             #endif /* INCLUDE_xTimerPendFunctionCall */
 134:middleware/FreeRTOS-Kernel/timers.c ****         } u;
 135:middleware/FreeRTOS-Kernel/timers.c ****     } DaemonTaskMessage_t;
 136:middleware/FreeRTOS-Kernel/timers.c **** 
 137:middleware/FreeRTOS-Kernel/timers.c **** /* The list in which active timers are stored.  Timers are referenced in expire
 138:middleware/FreeRTOS-Kernel/timers.c ****  * time order, with the nearest expiry time at the front of the list.  Only the
 139:middleware/FreeRTOS-Kernel/timers.c ****  * timer service task is allowed to access these lists.
 140:middleware/FreeRTOS-Kernel/timers.c ****  * xActiveTimerList1 and xActiveTimerList2 could be at function scope but that
 141:middleware/FreeRTOS-Kernel/timers.c ****  * breaks some kernel aware debuggers, and debuggers that reply on removing the
 142:middleware/FreeRTOS-Kernel/timers.c ****  * static qualifier. */
 143:middleware/FreeRTOS-Kernel/timers.c ****     PRIVILEGED_DATA static List_t xActiveTimerList1;
 144:middleware/FreeRTOS-Kernel/timers.c ****     PRIVILEGED_DATA static List_t xActiveTimerList2;
ARM GAS  /tmp/ccZINekD.s 			page 4


 145:middleware/FreeRTOS-Kernel/timers.c ****     PRIVILEGED_DATA static List_t * pxCurrentTimerList;
 146:middleware/FreeRTOS-Kernel/timers.c ****     PRIVILEGED_DATA static List_t * pxOverflowTimerList;
 147:middleware/FreeRTOS-Kernel/timers.c **** 
 148:middleware/FreeRTOS-Kernel/timers.c **** /* A queue that is used to send commands to the timer service task. */
 149:middleware/FreeRTOS-Kernel/timers.c ****     PRIVILEGED_DATA static QueueHandle_t xTimerQueue = NULL;
 150:middleware/FreeRTOS-Kernel/timers.c ****     PRIVILEGED_DATA static TaskHandle_t xTimerTaskHandle = NULL;
 151:middleware/FreeRTOS-Kernel/timers.c **** 
 152:middleware/FreeRTOS-Kernel/timers.c **** /*-----------------------------------------------------------*/
 153:middleware/FreeRTOS-Kernel/timers.c **** 
 154:middleware/FreeRTOS-Kernel/timers.c **** /*
 155:middleware/FreeRTOS-Kernel/timers.c ****  * Initialise the infrastructure used by the timer service task if it has not
 156:middleware/FreeRTOS-Kernel/timers.c ****  * been initialised already.
 157:middleware/FreeRTOS-Kernel/timers.c ****  */
 158:middleware/FreeRTOS-Kernel/timers.c ****     static void prvCheckForValidListAndQueue( void ) PRIVILEGED_FUNCTION;
 159:middleware/FreeRTOS-Kernel/timers.c **** 
 160:middleware/FreeRTOS-Kernel/timers.c **** /*
 161:middleware/FreeRTOS-Kernel/timers.c ****  * The timer service task (daemon).  Timer functionality is controlled by this
 162:middleware/FreeRTOS-Kernel/timers.c ****  * task.  Other tasks communicate with the timer service task using the
 163:middleware/FreeRTOS-Kernel/timers.c ****  * xTimerQueue queue.
 164:middleware/FreeRTOS-Kernel/timers.c ****  */
 165:middleware/FreeRTOS-Kernel/timers.c ****     static portTASK_FUNCTION_PROTO( prvTimerTask, pvParameters ) PRIVILEGED_FUNCTION;
 166:middleware/FreeRTOS-Kernel/timers.c **** 
 167:middleware/FreeRTOS-Kernel/timers.c **** /*
 168:middleware/FreeRTOS-Kernel/timers.c ****  * Called by the timer service task to interpret and process a command it
 169:middleware/FreeRTOS-Kernel/timers.c ****  * received on the timer queue.
 170:middleware/FreeRTOS-Kernel/timers.c ****  */
 171:middleware/FreeRTOS-Kernel/timers.c ****     static void prvProcessReceivedCommands( void ) PRIVILEGED_FUNCTION;
 172:middleware/FreeRTOS-Kernel/timers.c **** 
 173:middleware/FreeRTOS-Kernel/timers.c **** /*
 174:middleware/FreeRTOS-Kernel/timers.c ****  * Insert the timer into either xActiveTimerList1, or xActiveTimerList2,
 175:middleware/FreeRTOS-Kernel/timers.c ****  * depending on if the expire time causes a timer counter overflow.
 176:middleware/FreeRTOS-Kernel/timers.c ****  */
 177:middleware/FreeRTOS-Kernel/timers.c ****     static BaseType_t prvInsertTimerInActiveList( Timer_t * const pxTimer,
 178:middleware/FreeRTOS-Kernel/timers.c ****                                                   const TickType_t xNextExpiryTime,
 179:middleware/FreeRTOS-Kernel/timers.c ****                                                   const TickType_t xTimeNow,
 180:middleware/FreeRTOS-Kernel/timers.c ****                                                   const TickType_t xCommandTime ) PRIVILEGED_FUNCTI
 181:middleware/FreeRTOS-Kernel/timers.c **** 
 182:middleware/FreeRTOS-Kernel/timers.c **** /*
 183:middleware/FreeRTOS-Kernel/timers.c ****  * Reload the specified auto-reload timer.  If the reloading is backlogged,
 184:middleware/FreeRTOS-Kernel/timers.c ****  * clear the backlog, calling the callback for each additional reload.  When
 185:middleware/FreeRTOS-Kernel/timers.c ****  * this function returns, the next expiry time is after xTimeNow.
 186:middleware/FreeRTOS-Kernel/timers.c ****  */
 187:middleware/FreeRTOS-Kernel/timers.c ****     static void prvReloadTimer( Timer_t * const pxTimer,
 188:middleware/FreeRTOS-Kernel/timers.c ****                                 TickType_t xExpiredTime,
 189:middleware/FreeRTOS-Kernel/timers.c ****                                 const TickType_t xTimeNow ) PRIVILEGED_FUNCTION;
 190:middleware/FreeRTOS-Kernel/timers.c **** 
 191:middleware/FreeRTOS-Kernel/timers.c **** /*
 192:middleware/FreeRTOS-Kernel/timers.c ****  * An active timer has reached its expire time.  Reload the timer if it is an
 193:middleware/FreeRTOS-Kernel/timers.c ****  * auto-reload timer, then call its callback.
 194:middleware/FreeRTOS-Kernel/timers.c ****  */
 195:middleware/FreeRTOS-Kernel/timers.c ****     static void prvProcessExpiredTimer( const TickType_t xNextExpireTime,
 196:middleware/FreeRTOS-Kernel/timers.c ****                                         const TickType_t xTimeNow ) PRIVILEGED_FUNCTION;
 197:middleware/FreeRTOS-Kernel/timers.c **** 
 198:middleware/FreeRTOS-Kernel/timers.c **** /*
 199:middleware/FreeRTOS-Kernel/timers.c ****  * The tick count has overflowed.  Switch the timer lists after ensuring the
 200:middleware/FreeRTOS-Kernel/timers.c ****  * current timer list does not still reference some timers.
 201:middleware/FreeRTOS-Kernel/timers.c ****  */
ARM GAS  /tmp/ccZINekD.s 			page 5


 202:middleware/FreeRTOS-Kernel/timers.c ****     static void prvSwitchTimerLists( void ) PRIVILEGED_FUNCTION;
 203:middleware/FreeRTOS-Kernel/timers.c **** 
 204:middleware/FreeRTOS-Kernel/timers.c **** /*
 205:middleware/FreeRTOS-Kernel/timers.c ****  * Obtain the current tick count, setting *pxTimerListsWereSwitched to pdTRUE
 206:middleware/FreeRTOS-Kernel/timers.c ****  * if a tick count overflow occurred since prvSampleTimeNow() was last called.
 207:middleware/FreeRTOS-Kernel/timers.c ****  */
 208:middleware/FreeRTOS-Kernel/timers.c ****     static TickType_t prvSampleTimeNow( BaseType_t * const pxTimerListsWereSwitched ) PRIVILEGED_FU
 209:middleware/FreeRTOS-Kernel/timers.c **** 
 210:middleware/FreeRTOS-Kernel/timers.c **** /*
 211:middleware/FreeRTOS-Kernel/timers.c ****  * If the timer list contains any active timers then return the expire time of
 212:middleware/FreeRTOS-Kernel/timers.c ****  * the timer that will expire first and set *pxListWasEmpty to false.  If the
 213:middleware/FreeRTOS-Kernel/timers.c ****  * timer list does not contain any timers then return 0 and set *pxListWasEmpty
 214:middleware/FreeRTOS-Kernel/timers.c ****  * to pdTRUE.
 215:middleware/FreeRTOS-Kernel/timers.c ****  */
 216:middleware/FreeRTOS-Kernel/timers.c ****     static TickType_t prvGetNextExpireTime( BaseType_t * const pxListWasEmpty ) PRIVILEGED_FUNCTION
 217:middleware/FreeRTOS-Kernel/timers.c **** 
 218:middleware/FreeRTOS-Kernel/timers.c **** /*
 219:middleware/FreeRTOS-Kernel/timers.c ****  * If a timer has expired, process it.  Otherwise, block the timer service task
 220:middleware/FreeRTOS-Kernel/timers.c ****  * until either a timer does expire or a command is received.
 221:middleware/FreeRTOS-Kernel/timers.c ****  */
 222:middleware/FreeRTOS-Kernel/timers.c ****     static void prvProcessTimerOrBlockTask( const TickType_t xNextExpireTime,
 223:middleware/FreeRTOS-Kernel/timers.c ****                                             BaseType_t xListWasEmpty ) PRIVILEGED_FUNCTION;
 224:middleware/FreeRTOS-Kernel/timers.c **** 
 225:middleware/FreeRTOS-Kernel/timers.c **** /*
 226:middleware/FreeRTOS-Kernel/timers.c ****  * Called after a Timer_t structure has been allocated either statically or
 227:middleware/FreeRTOS-Kernel/timers.c ****  * dynamically to fill in the structure's members.
 228:middleware/FreeRTOS-Kernel/timers.c ****  */
 229:middleware/FreeRTOS-Kernel/timers.c ****     static void prvInitialiseNewTimer( const char * const pcTimerName,
 230:middleware/FreeRTOS-Kernel/timers.c ****                                        const TickType_t xTimerPeriodInTicks,
 231:middleware/FreeRTOS-Kernel/timers.c ****                                        const BaseType_t xAutoReload,
 232:middleware/FreeRTOS-Kernel/timers.c ****                                        void * const pvTimerID,
 233:middleware/FreeRTOS-Kernel/timers.c ****                                        TimerCallbackFunction_t pxCallbackFunction,
 234:middleware/FreeRTOS-Kernel/timers.c ****                                        Timer_t * pxNewTimer ) PRIVILEGED_FUNCTION;
 235:middleware/FreeRTOS-Kernel/timers.c **** /*-----------------------------------------------------------*/
 236:middleware/FreeRTOS-Kernel/timers.c **** 
 237:middleware/FreeRTOS-Kernel/timers.c ****     BaseType_t xTimerCreateTimerTask( void )
 238:middleware/FreeRTOS-Kernel/timers.c ****     {
 239:middleware/FreeRTOS-Kernel/timers.c ****         BaseType_t xReturn = pdFAIL;
 240:middleware/FreeRTOS-Kernel/timers.c **** 
 241:middleware/FreeRTOS-Kernel/timers.c ****         traceENTER_xTimerCreateTimerTask();
 242:middleware/FreeRTOS-Kernel/timers.c **** 
 243:middleware/FreeRTOS-Kernel/timers.c ****         /* This function is called when the scheduler is started if
 244:middleware/FreeRTOS-Kernel/timers.c ****          * configUSE_TIMERS is set to 1.  Check that the infrastructure used by the
 245:middleware/FreeRTOS-Kernel/timers.c ****          * timer service task has been created/initialised.  If timers have already
 246:middleware/FreeRTOS-Kernel/timers.c ****          * been created then the initialisation will already have been performed. */
 247:middleware/FreeRTOS-Kernel/timers.c ****         prvCheckForValidListAndQueue();
 248:middleware/FreeRTOS-Kernel/timers.c **** 
 249:middleware/FreeRTOS-Kernel/timers.c ****         if( xTimerQueue != NULL )
 250:middleware/FreeRTOS-Kernel/timers.c ****         {
 251:middleware/FreeRTOS-Kernel/timers.c ****             #if ( ( configNUMBER_OF_CORES > 1 ) && ( configUSE_CORE_AFFINITY == 1 ) )
 252:middleware/FreeRTOS-Kernel/timers.c ****             {
 253:middleware/FreeRTOS-Kernel/timers.c ****                 #if ( configSUPPORT_STATIC_ALLOCATION == 1 )
 254:middleware/FreeRTOS-Kernel/timers.c ****                 {
 255:middleware/FreeRTOS-Kernel/timers.c ****                     StaticTask_t * pxTimerTaskTCBBuffer = NULL;
 256:middleware/FreeRTOS-Kernel/timers.c ****                     StackType_t * pxTimerTaskStackBuffer = NULL;
 257:middleware/FreeRTOS-Kernel/timers.c ****                     configSTACK_DEPTH_TYPE uxTimerTaskStackSize;
 258:middleware/FreeRTOS-Kernel/timers.c **** 
ARM GAS  /tmp/ccZINekD.s 			page 6


 259:middleware/FreeRTOS-Kernel/timers.c ****                     vApplicationGetTimerTaskMemory( &pxTimerTaskTCBBuffer, &pxTimerTaskStackBuffer,
 260:middleware/FreeRTOS-Kernel/timers.c ****                     xTimerTaskHandle = xTaskCreateStaticAffinitySet( prvTimerTask,
 261:middleware/FreeRTOS-Kernel/timers.c ****                                                                      configTIMER_SERVICE_TASK_NAME,
 262:middleware/FreeRTOS-Kernel/timers.c ****                                                                      uxTimerTaskStackSize,
 263:middleware/FreeRTOS-Kernel/timers.c ****                                                                      NULL,
 264:middleware/FreeRTOS-Kernel/timers.c ****                                                                      ( ( UBaseType_t ) configTIMER_
 265:middleware/FreeRTOS-Kernel/timers.c ****                                                                      pxTimerTaskStackBuffer,
 266:middleware/FreeRTOS-Kernel/timers.c ****                                                                      pxTimerTaskTCBBuffer,
 267:middleware/FreeRTOS-Kernel/timers.c ****                                                                      configTIMER_SERVICE_TASK_CORE_
 268:middleware/FreeRTOS-Kernel/timers.c **** 
 269:middleware/FreeRTOS-Kernel/timers.c ****                     if( xTimerTaskHandle != NULL )
 270:middleware/FreeRTOS-Kernel/timers.c ****                     {
 271:middleware/FreeRTOS-Kernel/timers.c ****                         xReturn = pdPASS;
 272:middleware/FreeRTOS-Kernel/timers.c ****                     }
 273:middleware/FreeRTOS-Kernel/timers.c ****                 }
 274:middleware/FreeRTOS-Kernel/timers.c ****                 #else /* if ( configSUPPORT_STATIC_ALLOCATION == 1 ) */
 275:middleware/FreeRTOS-Kernel/timers.c ****                 {
 276:middleware/FreeRTOS-Kernel/timers.c ****                     xReturn = xTaskCreateAffinitySet( prvTimerTask,
 277:middleware/FreeRTOS-Kernel/timers.c ****                                                       configTIMER_SERVICE_TASK_NAME,
 278:middleware/FreeRTOS-Kernel/timers.c ****                                                       configTIMER_TASK_STACK_DEPTH,
 279:middleware/FreeRTOS-Kernel/timers.c ****                                                       NULL,
 280:middleware/FreeRTOS-Kernel/timers.c ****                                                       ( ( UBaseType_t ) configTIMER_TASK_PRIORITY )
 281:middleware/FreeRTOS-Kernel/timers.c ****                                                       configTIMER_SERVICE_TASK_CORE_AFFINITY,
 282:middleware/FreeRTOS-Kernel/timers.c ****                                                       &xTimerTaskHandle );
 283:middleware/FreeRTOS-Kernel/timers.c ****                 }
 284:middleware/FreeRTOS-Kernel/timers.c ****                 #endif /* configSUPPORT_STATIC_ALLOCATION */
 285:middleware/FreeRTOS-Kernel/timers.c ****             }
 286:middleware/FreeRTOS-Kernel/timers.c ****             #else /* #if ( ( configNUMBER_OF_CORES > 1 ) && ( configUSE_CORE_AFFINITY == 1 ) ) */
 287:middleware/FreeRTOS-Kernel/timers.c ****             {
 288:middleware/FreeRTOS-Kernel/timers.c ****                 #if ( configSUPPORT_STATIC_ALLOCATION == 1 )
 289:middleware/FreeRTOS-Kernel/timers.c ****                 {
 290:middleware/FreeRTOS-Kernel/timers.c ****                     StaticTask_t * pxTimerTaskTCBBuffer = NULL;
 291:middleware/FreeRTOS-Kernel/timers.c ****                     StackType_t * pxTimerTaskStackBuffer = NULL;
 292:middleware/FreeRTOS-Kernel/timers.c ****                     configSTACK_DEPTH_TYPE uxTimerTaskStackSize;
 293:middleware/FreeRTOS-Kernel/timers.c **** 
 294:middleware/FreeRTOS-Kernel/timers.c ****                     vApplicationGetTimerTaskMemory( &pxTimerTaskTCBBuffer, &pxTimerTaskStackBuffer,
 295:middleware/FreeRTOS-Kernel/timers.c ****                     xTimerTaskHandle = xTaskCreateStatic( prvTimerTask,
 296:middleware/FreeRTOS-Kernel/timers.c ****                                                           configTIMER_SERVICE_TASK_NAME,
 297:middleware/FreeRTOS-Kernel/timers.c ****                                                           uxTimerTaskStackSize,
 298:middleware/FreeRTOS-Kernel/timers.c ****                                                           NULL,
 299:middleware/FreeRTOS-Kernel/timers.c ****                                                           ( ( UBaseType_t ) configTIMER_TASK_PRIORI
 300:middleware/FreeRTOS-Kernel/timers.c ****                                                           pxTimerTaskStackBuffer,
 301:middleware/FreeRTOS-Kernel/timers.c ****                                                           pxTimerTaskTCBBuffer );
 302:middleware/FreeRTOS-Kernel/timers.c **** 
 303:middleware/FreeRTOS-Kernel/timers.c ****                     if( xTimerTaskHandle != NULL )
 304:middleware/FreeRTOS-Kernel/timers.c ****                     {
 305:middleware/FreeRTOS-Kernel/timers.c ****                         xReturn = pdPASS;
 306:middleware/FreeRTOS-Kernel/timers.c ****                     }
 307:middleware/FreeRTOS-Kernel/timers.c ****                 }
 308:middleware/FreeRTOS-Kernel/timers.c ****                 #else /* if ( configSUPPORT_STATIC_ALLOCATION == 1 ) */
 309:middleware/FreeRTOS-Kernel/timers.c ****                 {
 310:middleware/FreeRTOS-Kernel/timers.c ****                     xReturn = xTaskCreate( prvTimerTask,
 311:middleware/FreeRTOS-Kernel/timers.c ****                                            configTIMER_SERVICE_TASK_NAME,
 312:middleware/FreeRTOS-Kernel/timers.c ****                                            configTIMER_TASK_STACK_DEPTH,
 313:middleware/FreeRTOS-Kernel/timers.c ****                                            NULL,
 314:middleware/FreeRTOS-Kernel/timers.c ****                                            ( ( UBaseType_t ) configTIMER_TASK_PRIORITY ) | portPRIV
 315:middleware/FreeRTOS-Kernel/timers.c ****                                            &xTimerTaskHandle );
ARM GAS  /tmp/ccZINekD.s 			page 7


 316:middleware/FreeRTOS-Kernel/timers.c ****                 }
 317:middleware/FreeRTOS-Kernel/timers.c ****                 #endif /* configSUPPORT_STATIC_ALLOCATION */
 318:middleware/FreeRTOS-Kernel/timers.c ****             }
 319:middleware/FreeRTOS-Kernel/timers.c ****             #endif /* #if ( ( configNUMBER_OF_CORES > 1 ) && ( configUSE_CORE_AFFINITY == 1 ) ) */
 320:middleware/FreeRTOS-Kernel/timers.c ****         }
 321:middleware/FreeRTOS-Kernel/timers.c ****         else
 322:middleware/FreeRTOS-Kernel/timers.c ****         {
 323:middleware/FreeRTOS-Kernel/timers.c ****             mtCOVERAGE_TEST_MARKER();
 324:middleware/FreeRTOS-Kernel/timers.c ****         }
 325:middleware/FreeRTOS-Kernel/timers.c **** 
 326:middleware/FreeRTOS-Kernel/timers.c ****         configASSERT( xReturn );
 327:middleware/FreeRTOS-Kernel/timers.c **** 
 328:middleware/FreeRTOS-Kernel/timers.c ****         traceRETURN_xTimerCreateTimerTask( xReturn );
 329:middleware/FreeRTOS-Kernel/timers.c **** 
 330:middleware/FreeRTOS-Kernel/timers.c ****         return xReturn;
 331:middleware/FreeRTOS-Kernel/timers.c ****     }
 332:middleware/FreeRTOS-Kernel/timers.c **** /*-----------------------------------------------------------*/
 333:middleware/FreeRTOS-Kernel/timers.c **** 
 334:middleware/FreeRTOS-Kernel/timers.c ****     #if ( configSUPPORT_DYNAMIC_ALLOCATION == 1 )
 335:middleware/FreeRTOS-Kernel/timers.c **** 
 336:middleware/FreeRTOS-Kernel/timers.c ****         TimerHandle_t xTimerCreate( const char * const pcTimerName,
 337:middleware/FreeRTOS-Kernel/timers.c ****                                     const TickType_t xTimerPeriodInTicks,
 338:middleware/FreeRTOS-Kernel/timers.c ****                                     const BaseType_t xAutoReload,
 339:middleware/FreeRTOS-Kernel/timers.c ****                                     void * const pvTimerID,
 340:middleware/FreeRTOS-Kernel/timers.c ****                                     TimerCallbackFunction_t pxCallbackFunction )
 341:middleware/FreeRTOS-Kernel/timers.c ****         {
 342:middleware/FreeRTOS-Kernel/timers.c ****             Timer_t * pxNewTimer;
 343:middleware/FreeRTOS-Kernel/timers.c **** 
 344:middleware/FreeRTOS-Kernel/timers.c ****             traceENTER_xTimerCreate( pcTimerName, xTimerPeriodInTicks, xAutoReload, pvTimerID, pxCa
 345:middleware/FreeRTOS-Kernel/timers.c **** 
 346:middleware/FreeRTOS-Kernel/timers.c ****             /* MISRA Ref 11.5.1 [Malloc memory assignment] */
 347:middleware/FreeRTOS-Kernel/timers.c ****             /* More details at: https://github.com/FreeRTOS/FreeRTOS-Kernel/blob/main/MISRA.md#rule
 348:middleware/FreeRTOS-Kernel/timers.c ****             /* coverity[misra_c_2012_rule_11_5_violation] */
 349:middleware/FreeRTOS-Kernel/timers.c ****             pxNewTimer = ( Timer_t * ) pvPortMalloc( sizeof( Timer_t ) );
 350:middleware/FreeRTOS-Kernel/timers.c **** 
 351:middleware/FreeRTOS-Kernel/timers.c ****             if( pxNewTimer != NULL )
 352:middleware/FreeRTOS-Kernel/timers.c ****             {
 353:middleware/FreeRTOS-Kernel/timers.c ****                 /* Status is thus far zero as the timer is not created statically
 354:middleware/FreeRTOS-Kernel/timers.c ****                  * and has not been started.  The auto-reload bit may get set in
 355:middleware/FreeRTOS-Kernel/timers.c ****                  * prvInitialiseNewTimer. */
 356:middleware/FreeRTOS-Kernel/timers.c ****                 pxNewTimer->ucStatus = 0x00;
 357:middleware/FreeRTOS-Kernel/timers.c ****                 prvInitialiseNewTimer( pcTimerName, xTimerPeriodInTicks, xAutoReload, pvTimerID, px
 358:middleware/FreeRTOS-Kernel/timers.c ****             }
 359:middleware/FreeRTOS-Kernel/timers.c **** 
 360:middleware/FreeRTOS-Kernel/timers.c ****             traceRETURN_xTimerCreate( pxNewTimer );
 361:middleware/FreeRTOS-Kernel/timers.c **** 
 362:middleware/FreeRTOS-Kernel/timers.c ****             return pxNewTimer;
 363:middleware/FreeRTOS-Kernel/timers.c ****         }
 364:middleware/FreeRTOS-Kernel/timers.c **** 
 365:middleware/FreeRTOS-Kernel/timers.c ****     #endif /* configSUPPORT_DYNAMIC_ALLOCATION */
 366:middleware/FreeRTOS-Kernel/timers.c **** /*-----------------------------------------------------------*/
 367:middleware/FreeRTOS-Kernel/timers.c **** 
 368:middleware/FreeRTOS-Kernel/timers.c ****     #if ( configSUPPORT_STATIC_ALLOCATION == 1 )
 369:middleware/FreeRTOS-Kernel/timers.c **** 
 370:middleware/FreeRTOS-Kernel/timers.c ****         TimerHandle_t xTimerCreateStatic( const char * const pcTimerName,
 371:middleware/FreeRTOS-Kernel/timers.c ****                                           const TickType_t xTimerPeriodInTicks,
 372:middleware/FreeRTOS-Kernel/timers.c ****                                           const BaseType_t xAutoReload,
ARM GAS  /tmp/ccZINekD.s 			page 8


 373:middleware/FreeRTOS-Kernel/timers.c ****                                           void * const pvTimerID,
 374:middleware/FreeRTOS-Kernel/timers.c ****                                           TimerCallbackFunction_t pxCallbackFunction,
 375:middleware/FreeRTOS-Kernel/timers.c ****                                           StaticTimer_t * pxTimerBuffer )
 376:middleware/FreeRTOS-Kernel/timers.c ****         {
 377:middleware/FreeRTOS-Kernel/timers.c ****             Timer_t * pxNewTimer;
 378:middleware/FreeRTOS-Kernel/timers.c **** 
 379:middleware/FreeRTOS-Kernel/timers.c ****             traceENTER_xTimerCreateStatic( pcTimerName, xTimerPeriodInTicks, xAutoReload, pvTimerID
 380:middleware/FreeRTOS-Kernel/timers.c **** 
 381:middleware/FreeRTOS-Kernel/timers.c ****             #if ( configASSERT_DEFINED == 1 )
 382:middleware/FreeRTOS-Kernel/timers.c ****             {
 383:middleware/FreeRTOS-Kernel/timers.c ****                 /* Sanity check that the size of the structure used to declare a
 384:middleware/FreeRTOS-Kernel/timers.c ****                  * variable of type StaticTimer_t equals the size of the real timer
 385:middleware/FreeRTOS-Kernel/timers.c ****                  * structure. */
 386:middleware/FreeRTOS-Kernel/timers.c ****                 volatile size_t xSize = sizeof( StaticTimer_t );
 387:middleware/FreeRTOS-Kernel/timers.c ****                 configASSERT( xSize == sizeof( Timer_t ) );
 388:middleware/FreeRTOS-Kernel/timers.c ****                 ( void ) xSize; /* Prevent unused variable warning when configASSERT() is not defin
 389:middleware/FreeRTOS-Kernel/timers.c ****             }
 390:middleware/FreeRTOS-Kernel/timers.c ****             #endif /* configASSERT_DEFINED */
 391:middleware/FreeRTOS-Kernel/timers.c **** 
 392:middleware/FreeRTOS-Kernel/timers.c ****             /* A pointer to a StaticTimer_t structure MUST be provided, use it. */
 393:middleware/FreeRTOS-Kernel/timers.c ****             configASSERT( pxTimerBuffer );
 394:middleware/FreeRTOS-Kernel/timers.c ****             /* MISRA Ref 11.3.1 [Misaligned access] */
 395:middleware/FreeRTOS-Kernel/timers.c ****             /* More details at: https://github.com/FreeRTOS/FreeRTOS-Kernel/blob/main/MISRA.md#rule
 396:middleware/FreeRTOS-Kernel/timers.c ****             /* coverity[misra_c_2012_rule_11_3_violation] */
 397:middleware/FreeRTOS-Kernel/timers.c ****             pxNewTimer = ( Timer_t * ) pxTimerBuffer;
 398:middleware/FreeRTOS-Kernel/timers.c **** 
 399:middleware/FreeRTOS-Kernel/timers.c ****             if( pxNewTimer != NULL )
 400:middleware/FreeRTOS-Kernel/timers.c ****             {
 401:middleware/FreeRTOS-Kernel/timers.c ****                 /* Timers can be created statically or dynamically so note this
 402:middleware/FreeRTOS-Kernel/timers.c ****                  * timer was created statically in case it is later deleted.  The
 403:middleware/FreeRTOS-Kernel/timers.c ****                  * auto-reload bit may get set in prvInitialiseNewTimer(). */
 404:middleware/FreeRTOS-Kernel/timers.c ****                 pxNewTimer->ucStatus = ( uint8_t ) tmrSTATUS_IS_STATICALLY_ALLOCATED;
 405:middleware/FreeRTOS-Kernel/timers.c **** 
 406:middleware/FreeRTOS-Kernel/timers.c ****                 prvInitialiseNewTimer( pcTimerName, xTimerPeriodInTicks, xAutoReload, pvTimerID, px
 407:middleware/FreeRTOS-Kernel/timers.c ****             }
 408:middleware/FreeRTOS-Kernel/timers.c **** 
 409:middleware/FreeRTOS-Kernel/timers.c ****             traceRETURN_xTimerCreateStatic( pxNewTimer );
 410:middleware/FreeRTOS-Kernel/timers.c **** 
 411:middleware/FreeRTOS-Kernel/timers.c ****             return pxNewTimer;
 412:middleware/FreeRTOS-Kernel/timers.c ****         }
 413:middleware/FreeRTOS-Kernel/timers.c **** 
 414:middleware/FreeRTOS-Kernel/timers.c ****     #endif /* configSUPPORT_STATIC_ALLOCATION */
 415:middleware/FreeRTOS-Kernel/timers.c **** /*-----------------------------------------------------------*/
 416:middleware/FreeRTOS-Kernel/timers.c **** 
 417:middleware/FreeRTOS-Kernel/timers.c ****     static void prvInitialiseNewTimer( const char * const pcTimerName,
 418:middleware/FreeRTOS-Kernel/timers.c ****                                        const TickType_t xTimerPeriodInTicks,
 419:middleware/FreeRTOS-Kernel/timers.c ****                                        const BaseType_t xAutoReload,
 420:middleware/FreeRTOS-Kernel/timers.c ****                                        void * const pvTimerID,
 421:middleware/FreeRTOS-Kernel/timers.c ****                                        TimerCallbackFunction_t pxCallbackFunction,
 422:middleware/FreeRTOS-Kernel/timers.c ****                                        Timer_t * pxNewTimer )
 423:middleware/FreeRTOS-Kernel/timers.c ****     {
 424:middleware/FreeRTOS-Kernel/timers.c ****         /* 0 is not a valid value for xTimerPeriodInTicks. */
 425:middleware/FreeRTOS-Kernel/timers.c ****         configASSERT( ( xTimerPeriodInTicks > 0 ) );
 426:middleware/FreeRTOS-Kernel/timers.c **** 
 427:middleware/FreeRTOS-Kernel/timers.c ****         /* Ensure the infrastructure used by the timer service task has been
 428:middleware/FreeRTOS-Kernel/timers.c ****          * created/initialised. */
 429:middleware/FreeRTOS-Kernel/timers.c ****         prvCheckForValidListAndQueue();
ARM GAS  /tmp/ccZINekD.s 			page 9


 430:middleware/FreeRTOS-Kernel/timers.c **** 
 431:middleware/FreeRTOS-Kernel/timers.c ****         /* Initialise the timer structure members using the function
 432:middleware/FreeRTOS-Kernel/timers.c ****          * parameters. */
 433:middleware/FreeRTOS-Kernel/timers.c ****         pxNewTimer->pcTimerName = pcTimerName;
 434:middleware/FreeRTOS-Kernel/timers.c ****         pxNewTimer->xTimerPeriodInTicks = xTimerPeriodInTicks;
 435:middleware/FreeRTOS-Kernel/timers.c ****         pxNewTimer->pvTimerID = pvTimerID;
 436:middleware/FreeRTOS-Kernel/timers.c ****         pxNewTimer->pxCallbackFunction = pxCallbackFunction;
 437:middleware/FreeRTOS-Kernel/timers.c ****         vListInitialiseItem( &( pxNewTimer->xTimerListItem ) );
 438:middleware/FreeRTOS-Kernel/timers.c **** 
 439:middleware/FreeRTOS-Kernel/timers.c ****         if( xAutoReload != pdFALSE )
 440:middleware/FreeRTOS-Kernel/timers.c ****         {
 441:middleware/FreeRTOS-Kernel/timers.c ****             pxNewTimer->ucStatus |= ( uint8_t ) tmrSTATUS_IS_AUTORELOAD;
 442:middleware/FreeRTOS-Kernel/timers.c ****         }
 443:middleware/FreeRTOS-Kernel/timers.c **** 
 444:middleware/FreeRTOS-Kernel/timers.c ****         traceTIMER_CREATE( pxNewTimer );
 445:middleware/FreeRTOS-Kernel/timers.c ****     }
 446:middleware/FreeRTOS-Kernel/timers.c **** /*-----------------------------------------------------------*/
 447:middleware/FreeRTOS-Kernel/timers.c **** 
 448:middleware/FreeRTOS-Kernel/timers.c ****     BaseType_t xTimerGenericCommandFromTask( TimerHandle_t xTimer,
 449:middleware/FreeRTOS-Kernel/timers.c ****                                              const BaseType_t xCommandID,
 450:middleware/FreeRTOS-Kernel/timers.c ****                                              const TickType_t xOptionalValue,
 451:middleware/FreeRTOS-Kernel/timers.c ****                                              BaseType_t * const pxHigherPriorityTaskWoken,
 452:middleware/FreeRTOS-Kernel/timers.c ****                                              const TickType_t xTicksToWait )
 453:middleware/FreeRTOS-Kernel/timers.c ****     {
 454:middleware/FreeRTOS-Kernel/timers.c ****         BaseType_t xReturn = pdFAIL;
 455:middleware/FreeRTOS-Kernel/timers.c ****         DaemonTaskMessage_t xMessage;
 456:middleware/FreeRTOS-Kernel/timers.c **** 
 457:middleware/FreeRTOS-Kernel/timers.c ****         ( void ) pxHigherPriorityTaskWoken;
 458:middleware/FreeRTOS-Kernel/timers.c **** 
 459:middleware/FreeRTOS-Kernel/timers.c ****         traceENTER_xTimerGenericCommandFromTask( xTimer, xCommandID, xOptionalValue, pxHigherPriori
 460:middleware/FreeRTOS-Kernel/timers.c **** 
 461:middleware/FreeRTOS-Kernel/timers.c ****         configASSERT( xTimer );
 462:middleware/FreeRTOS-Kernel/timers.c **** 
 463:middleware/FreeRTOS-Kernel/timers.c ****         /* Send a message to the timer service task to perform a particular action
 464:middleware/FreeRTOS-Kernel/timers.c ****          * on a particular timer definition. */
 465:middleware/FreeRTOS-Kernel/timers.c ****         if( xTimerQueue != NULL )
 466:middleware/FreeRTOS-Kernel/timers.c ****         {
 467:middleware/FreeRTOS-Kernel/timers.c ****             /* Send a command to the timer service task to start the xTimer timer. */
 468:middleware/FreeRTOS-Kernel/timers.c ****             xMessage.xMessageID = xCommandID;
 469:middleware/FreeRTOS-Kernel/timers.c ****             xMessage.u.xTimerParameters.xMessageValue = xOptionalValue;
 470:middleware/FreeRTOS-Kernel/timers.c ****             xMessage.u.xTimerParameters.pxTimer = xTimer;
 471:middleware/FreeRTOS-Kernel/timers.c **** 
 472:middleware/FreeRTOS-Kernel/timers.c ****             configASSERT( xCommandID < tmrFIRST_FROM_ISR_COMMAND );
 473:middleware/FreeRTOS-Kernel/timers.c **** 
 474:middleware/FreeRTOS-Kernel/timers.c ****             if( xCommandID < tmrFIRST_FROM_ISR_COMMAND )
 475:middleware/FreeRTOS-Kernel/timers.c ****             {
 476:middleware/FreeRTOS-Kernel/timers.c ****                 if( xTaskGetSchedulerState() == taskSCHEDULER_RUNNING )
 477:middleware/FreeRTOS-Kernel/timers.c ****                 {
 478:middleware/FreeRTOS-Kernel/timers.c ****                     xReturn = xQueueSendToBack( xTimerQueue, &xMessage, xTicksToWait );
 479:middleware/FreeRTOS-Kernel/timers.c ****                 }
 480:middleware/FreeRTOS-Kernel/timers.c ****                 else
 481:middleware/FreeRTOS-Kernel/timers.c ****                 {
 482:middleware/FreeRTOS-Kernel/timers.c ****                     xReturn = xQueueSendToBack( xTimerQueue, &xMessage, tmrNO_DELAY );
 483:middleware/FreeRTOS-Kernel/timers.c ****                 }
 484:middleware/FreeRTOS-Kernel/timers.c ****             }
 485:middleware/FreeRTOS-Kernel/timers.c **** 
 486:middleware/FreeRTOS-Kernel/timers.c ****             traceTIMER_COMMAND_SEND( xTimer, xCommandID, xOptionalValue, xReturn );
ARM GAS  /tmp/ccZINekD.s 			page 10


 487:middleware/FreeRTOS-Kernel/timers.c ****         }
 488:middleware/FreeRTOS-Kernel/timers.c ****         else
 489:middleware/FreeRTOS-Kernel/timers.c ****         {
 490:middleware/FreeRTOS-Kernel/timers.c ****             mtCOVERAGE_TEST_MARKER();
 491:middleware/FreeRTOS-Kernel/timers.c ****         }
 492:middleware/FreeRTOS-Kernel/timers.c **** 
 493:middleware/FreeRTOS-Kernel/timers.c ****         traceRETURN_xTimerGenericCommandFromTask( xReturn );
 494:middleware/FreeRTOS-Kernel/timers.c **** 
 495:middleware/FreeRTOS-Kernel/timers.c ****         return xReturn;
 496:middleware/FreeRTOS-Kernel/timers.c ****     }
 497:middleware/FreeRTOS-Kernel/timers.c **** /*-----------------------------------------------------------*/
 498:middleware/FreeRTOS-Kernel/timers.c **** 
 499:middleware/FreeRTOS-Kernel/timers.c ****     BaseType_t xTimerGenericCommandFromISR( TimerHandle_t xTimer,
 500:middleware/FreeRTOS-Kernel/timers.c ****                                             const BaseType_t xCommandID,
 501:middleware/FreeRTOS-Kernel/timers.c ****                                             const TickType_t xOptionalValue,
 502:middleware/FreeRTOS-Kernel/timers.c ****                                             BaseType_t * const pxHigherPriorityTaskWoken,
 503:middleware/FreeRTOS-Kernel/timers.c ****                                             const TickType_t xTicksToWait )
 504:middleware/FreeRTOS-Kernel/timers.c ****     {
 505:middleware/FreeRTOS-Kernel/timers.c ****         BaseType_t xReturn = pdFAIL;
 506:middleware/FreeRTOS-Kernel/timers.c ****         DaemonTaskMessage_t xMessage;
 507:middleware/FreeRTOS-Kernel/timers.c **** 
 508:middleware/FreeRTOS-Kernel/timers.c ****         ( void ) xTicksToWait;
 509:middleware/FreeRTOS-Kernel/timers.c **** 
 510:middleware/FreeRTOS-Kernel/timers.c ****         traceENTER_xTimerGenericCommandFromISR( xTimer, xCommandID, xOptionalValue, pxHigherPriorit
 511:middleware/FreeRTOS-Kernel/timers.c **** 
 512:middleware/FreeRTOS-Kernel/timers.c ****         configASSERT( xTimer );
 513:middleware/FreeRTOS-Kernel/timers.c **** 
 514:middleware/FreeRTOS-Kernel/timers.c ****         /* Send a message to the timer service task to perform a particular action
 515:middleware/FreeRTOS-Kernel/timers.c ****          * on a particular timer definition. */
 516:middleware/FreeRTOS-Kernel/timers.c ****         if( xTimerQueue != NULL )
 517:middleware/FreeRTOS-Kernel/timers.c ****         {
 518:middleware/FreeRTOS-Kernel/timers.c ****             /* Send a command to the timer service task to start the xTimer timer. */
 519:middleware/FreeRTOS-Kernel/timers.c ****             xMessage.xMessageID = xCommandID;
 520:middleware/FreeRTOS-Kernel/timers.c ****             xMessage.u.xTimerParameters.xMessageValue = xOptionalValue;
 521:middleware/FreeRTOS-Kernel/timers.c ****             xMessage.u.xTimerParameters.pxTimer = xTimer;
 522:middleware/FreeRTOS-Kernel/timers.c **** 
 523:middleware/FreeRTOS-Kernel/timers.c ****             configASSERT( xCommandID >= tmrFIRST_FROM_ISR_COMMAND );
 524:middleware/FreeRTOS-Kernel/timers.c **** 
 525:middleware/FreeRTOS-Kernel/timers.c ****             if( xCommandID >= tmrFIRST_FROM_ISR_COMMAND )
 526:middleware/FreeRTOS-Kernel/timers.c ****             {
 527:middleware/FreeRTOS-Kernel/timers.c ****                 xReturn = xQueueSendToBackFromISR( xTimerQueue, &xMessage, pxHigherPriorityTaskWoke
 528:middleware/FreeRTOS-Kernel/timers.c ****             }
 529:middleware/FreeRTOS-Kernel/timers.c **** 
 530:middleware/FreeRTOS-Kernel/timers.c ****             traceTIMER_COMMAND_SEND( xTimer, xCommandID, xOptionalValue, xReturn );
 531:middleware/FreeRTOS-Kernel/timers.c ****         }
 532:middleware/FreeRTOS-Kernel/timers.c ****         else
 533:middleware/FreeRTOS-Kernel/timers.c ****         {
 534:middleware/FreeRTOS-Kernel/timers.c ****             mtCOVERAGE_TEST_MARKER();
 535:middleware/FreeRTOS-Kernel/timers.c ****         }
 536:middleware/FreeRTOS-Kernel/timers.c **** 
 537:middleware/FreeRTOS-Kernel/timers.c ****         traceRETURN_xTimerGenericCommandFromISR( xReturn );
 538:middleware/FreeRTOS-Kernel/timers.c **** 
 539:middleware/FreeRTOS-Kernel/timers.c ****         return xReturn;
 540:middleware/FreeRTOS-Kernel/timers.c ****     }
 541:middleware/FreeRTOS-Kernel/timers.c **** /*-----------------------------------------------------------*/
 542:middleware/FreeRTOS-Kernel/timers.c **** 
 543:middleware/FreeRTOS-Kernel/timers.c ****     TaskHandle_t xTimerGetTimerDaemonTaskHandle( void )
ARM GAS  /tmp/ccZINekD.s 			page 11


 544:middleware/FreeRTOS-Kernel/timers.c ****     {
 545:middleware/FreeRTOS-Kernel/timers.c ****         traceENTER_xTimerGetTimerDaemonTaskHandle();
 546:middleware/FreeRTOS-Kernel/timers.c **** 
 547:middleware/FreeRTOS-Kernel/timers.c ****         /* If xTimerGetTimerDaemonTaskHandle() is called before the scheduler has been
 548:middleware/FreeRTOS-Kernel/timers.c ****          * started, then xTimerTaskHandle will be NULL. */
 549:middleware/FreeRTOS-Kernel/timers.c ****         configASSERT( ( xTimerTaskHandle != NULL ) );
 550:middleware/FreeRTOS-Kernel/timers.c **** 
 551:middleware/FreeRTOS-Kernel/timers.c ****         traceRETURN_xTimerGetTimerDaemonTaskHandle( xTimerTaskHandle );
 552:middleware/FreeRTOS-Kernel/timers.c **** 
 553:middleware/FreeRTOS-Kernel/timers.c ****         return xTimerTaskHandle;
 554:middleware/FreeRTOS-Kernel/timers.c ****     }
 555:middleware/FreeRTOS-Kernel/timers.c **** /*-----------------------------------------------------------*/
 556:middleware/FreeRTOS-Kernel/timers.c **** 
 557:middleware/FreeRTOS-Kernel/timers.c ****     TickType_t xTimerGetPeriod( TimerHandle_t xTimer )
 558:middleware/FreeRTOS-Kernel/timers.c ****     {
 559:middleware/FreeRTOS-Kernel/timers.c ****         Timer_t * pxTimer = xTimer;
 560:middleware/FreeRTOS-Kernel/timers.c **** 
 561:middleware/FreeRTOS-Kernel/timers.c ****         traceENTER_xTimerGetPeriod( xTimer );
 562:middleware/FreeRTOS-Kernel/timers.c **** 
 563:middleware/FreeRTOS-Kernel/timers.c ****         configASSERT( xTimer );
 564:middleware/FreeRTOS-Kernel/timers.c **** 
 565:middleware/FreeRTOS-Kernel/timers.c ****         traceRETURN_xTimerGetPeriod( pxTimer->xTimerPeriodInTicks );
 566:middleware/FreeRTOS-Kernel/timers.c **** 
 567:middleware/FreeRTOS-Kernel/timers.c ****         return pxTimer->xTimerPeriodInTicks;
 568:middleware/FreeRTOS-Kernel/timers.c ****     }
 569:middleware/FreeRTOS-Kernel/timers.c **** /*-----------------------------------------------------------*/
 570:middleware/FreeRTOS-Kernel/timers.c **** 
 571:middleware/FreeRTOS-Kernel/timers.c ****     void vTimerSetReloadMode( TimerHandle_t xTimer,
 572:middleware/FreeRTOS-Kernel/timers.c ****                               const BaseType_t xAutoReload )
 573:middleware/FreeRTOS-Kernel/timers.c ****     {
 574:middleware/FreeRTOS-Kernel/timers.c ****         Timer_t * pxTimer = xTimer;
 575:middleware/FreeRTOS-Kernel/timers.c **** 
 576:middleware/FreeRTOS-Kernel/timers.c ****         traceENTER_vTimerSetReloadMode( xTimer, xAutoReload );
 577:middleware/FreeRTOS-Kernel/timers.c **** 
 578:middleware/FreeRTOS-Kernel/timers.c ****         configASSERT( xTimer );
 579:middleware/FreeRTOS-Kernel/timers.c ****         taskENTER_CRITICAL();
 580:middleware/FreeRTOS-Kernel/timers.c ****         {
 581:middleware/FreeRTOS-Kernel/timers.c ****             if( xAutoReload != pdFALSE )
 582:middleware/FreeRTOS-Kernel/timers.c ****             {
 583:middleware/FreeRTOS-Kernel/timers.c ****                 pxTimer->ucStatus |= ( uint8_t ) tmrSTATUS_IS_AUTORELOAD;
 584:middleware/FreeRTOS-Kernel/timers.c ****             }
 585:middleware/FreeRTOS-Kernel/timers.c ****             else
 586:middleware/FreeRTOS-Kernel/timers.c ****             {
 587:middleware/FreeRTOS-Kernel/timers.c ****                 pxTimer->ucStatus &= ( ( uint8_t ) ~tmrSTATUS_IS_AUTORELOAD );
 588:middleware/FreeRTOS-Kernel/timers.c ****             }
 589:middleware/FreeRTOS-Kernel/timers.c ****         }
 590:middleware/FreeRTOS-Kernel/timers.c ****         taskEXIT_CRITICAL();
 591:middleware/FreeRTOS-Kernel/timers.c **** 
 592:middleware/FreeRTOS-Kernel/timers.c ****         traceRETURN_vTimerSetReloadMode();
 593:middleware/FreeRTOS-Kernel/timers.c ****     }
 594:middleware/FreeRTOS-Kernel/timers.c **** /*-----------------------------------------------------------*/
 595:middleware/FreeRTOS-Kernel/timers.c **** 
 596:middleware/FreeRTOS-Kernel/timers.c ****     BaseType_t xTimerGetReloadMode( TimerHandle_t xTimer )
 597:middleware/FreeRTOS-Kernel/timers.c ****     {
 598:middleware/FreeRTOS-Kernel/timers.c ****         Timer_t * pxTimer = xTimer;
 599:middleware/FreeRTOS-Kernel/timers.c ****         BaseType_t xReturn;
 600:middleware/FreeRTOS-Kernel/timers.c **** 
ARM GAS  /tmp/ccZINekD.s 			page 12


 601:middleware/FreeRTOS-Kernel/timers.c ****         traceENTER_xTimerGetReloadMode( xTimer );
 602:middleware/FreeRTOS-Kernel/timers.c **** 
 603:middleware/FreeRTOS-Kernel/timers.c ****         configASSERT( xTimer );
 604:middleware/FreeRTOS-Kernel/timers.c ****         taskENTER_CRITICAL();
 605:middleware/FreeRTOS-Kernel/timers.c ****         {
 606:middleware/FreeRTOS-Kernel/timers.c ****             if( ( pxTimer->ucStatus & tmrSTATUS_IS_AUTORELOAD ) == 0U )
 607:middleware/FreeRTOS-Kernel/timers.c ****             {
 608:middleware/FreeRTOS-Kernel/timers.c ****                 /* Not an auto-reload timer. */
 609:middleware/FreeRTOS-Kernel/timers.c ****                 xReturn = pdFALSE;
 610:middleware/FreeRTOS-Kernel/timers.c ****             }
 611:middleware/FreeRTOS-Kernel/timers.c ****             else
 612:middleware/FreeRTOS-Kernel/timers.c ****             {
 613:middleware/FreeRTOS-Kernel/timers.c ****                 /* Is an auto-reload timer. */
 614:middleware/FreeRTOS-Kernel/timers.c ****                 xReturn = pdTRUE;
 615:middleware/FreeRTOS-Kernel/timers.c ****             }
 616:middleware/FreeRTOS-Kernel/timers.c ****         }
 617:middleware/FreeRTOS-Kernel/timers.c ****         taskEXIT_CRITICAL();
 618:middleware/FreeRTOS-Kernel/timers.c **** 
 619:middleware/FreeRTOS-Kernel/timers.c ****         traceRETURN_xTimerGetReloadMode( xReturn );
 620:middleware/FreeRTOS-Kernel/timers.c **** 
 621:middleware/FreeRTOS-Kernel/timers.c ****         return xReturn;
 622:middleware/FreeRTOS-Kernel/timers.c ****     }
 623:middleware/FreeRTOS-Kernel/timers.c **** 
 624:middleware/FreeRTOS-Kernel/timers.c ****     UBaseType_t uxTimerGetReloadMode( TimerHandle_t xTimer )
 625:middleware/FreeRTOS-Kernel/timers.c ****     {
 626:middleware/FreeRTOS-Kernel/timers.c ****         UBaseType_t uxReturn;
 627:middleware/FreeRTOS-Kernel/timers.c **** 
 628:middleware/FreeRTOS-Kernel/timers.c ****         traceENTER_uxTimerGetReloadMode( xTimer );
 629:middleware/FreeRTOS-Kernel/timers.c **** 
 630:middleware/FreeRTOS-Kernel/timers.c ****         uxReturn = ( UBaseType_t ) xTimerGetReloadMode( xTimer );
 631:middleware/FreeRTOS-Kernel/timers.c **** 
 632:middleware/FreeRTOS-Kernel/timers.c ****         traceRETURN_uxTimerGetReloadMode( uxReturn );
 633:middleware/FreeRTOS-Kernel/timers.c **** 
 634:middleware/FreeRTOS-Kernel/timers.c ****         return uxReturn;
 635:middleware/FreeRTOS-Kernel/timers.c ****     }
 636:middleware/FreeRTOS-Kernel/timers.c **** /*-----------------------------------------------------------*/
 637:middleware/FreeRTOS-Kernel/timers.c **** 
 638:middleware/FreeRTOS-Kernel/timers.c ****     TickType_t xTimerGetExpiryTime( TimerHandle_t xTimer )
 639:middleware/FreeRTOS-Kernel/timers.c ****     {
 640:middleware/FreeRTOS-Kernel/timers.c ****         Timer_t * pxTimer = xTimer;
 641:middleware/FreeRTOS-Kernel/timers.c ****         TickType_t xReturn;
 642:middleware/FreeRTOS-Kernel/timers.c **** 
 643:middleware/FreeRTOS-Kernel/timers.c ****         traceENTER_xTimerGetExpiryTime( xTimer );
 644:middleware/FreeRTOS-Kernel/timers.c **** 
 645:middleware/FreeRTOS-Kernel/timers.c ****         configASSERT( xTimer );
 646:middleware/FreeRTOS-Kernel/timers.c ****         xReturn = listGET_LIST_ITEM_VALUE( &( pxTimer->xTimerListItem ) );
 647:middleware/FreeRTOS-Kernel/timers.c **** 
 648:middleware/FreeRTOS-Kernel/timers.c ****         traceRETURN_xTimerGetExpiryTime( xReturn );
 649:middleware/FreeRTOS-Kernel/timers.c **** 
 650:middleware/FreeRTOS-Kernel/timers.c ****         return xReturn;
 651:middleware/FreeRTOS-Kernel/timers.c ****     }
 652:middleware/FreeRTOS-Kernel/timers.c **** /*-----------------------------------------------------------*/
 653:middleware/FreeRTOS-Kernel/timers.c **** 
 654:middleware/FreeRTOS-Kernel/timers.c ****     #if ( configSUPPORT_STATIC_ALLOCATION == 1 )
 655:middleware/FreeRTOS-Kernel/timers.c ****         BaseType_t xTimerGetStaticBuffer( TimerHandle_t xTimer,
 656:middleware/FreeRTOS-Kernel/timers.c ****                                           StaticTimer_t ** ppxTimerBuffer )
 657:middleware/FreeRTOS-Kernel/timers.c ****         {
ARM GAS  /tmp/ccZINekD.s 			page 13


 658:middleware/FreeRTOS-Kernel/timers.c ****             BaseType_t xReturn;
 659:middleware/FreeRTOS-Kernel/timers.c ****             Timer_t * pxTimer = xTimer;
 660:middleware/FreeRTOS-Kernel/timers.c **** 
 661:middleware/FreeRTOS-Kernel/timers.c ****             traceENTER_xTimerGetStaticBuffer( xTimer, ppxTimerBuffer );
 662:middleware/FreeRTOS-Kernel/timers.c **** 
 663:middleware/FreeRTOS-Kernel/timers.c ****             configASSERT( ppxTimerBuffer != NULL );
 664:middleware/FreeRTOS-Kernel/timers.c **** 
 665:middleware/FreeRTOS-Kernel/timers.c ****             if( ( pxTimer->ucStatus & tmrSTATUS_IS_STATICALLY_ALLOCATED ) != 0U )
 666:middleware/FreeRTOS-Kernel/timers.c ****             {
 667:middleware/FreeRTOS-Kernel/timers.c ****                 /* MISRA Ref 11.3.1 [Misaligned access] */
 668:middleware/FreeRTOS-Kernel/timers.c ****                 /* More details at: https://github.com/FreeRTOS/FreeRTOS-Kernel/blob/main/MISRA.md#
 669:middleware/FreeRTOS-Kernel/timers.c ****                 /* coverity[misra_c_2012_rule_11_3_violation] */
 670:middleware/FreeRTOS-Kernel/timers.c ****                 *ppxTimerBuffer = ( StaticTimer_t * ) pxTimer;
 671:middleware/FreeRTOS-Kernel/timers.c ****                 xReturn = pdTRUE;
 672:middleware/FreeRTOS-Kernel/timers.c ****             }
 673:middleware/FreeRTOS-Kernel/timers.c ****             else
 674:middleware/FreeRTOS-Kernel/timers.c ****             {
 675:middleware/FreeRTOS-Kernel/timers.c ****                 xReturn = pdFALSE;
 676:middleware/FreeRTOS-Kernel/timers.c ****             }
 677:middleware/FreeRTOS-Kernel/timers.c **** 
 678:middleware/FreeRTOS-Kernel/timers.c ****             traceRETURN_xTimerGetStaticBuffer( xReturn );
 679:middleware/FreeRTOS-Kernel/timers.c **** 
 680:middleware/FreeRTOS-Kernel/timers.c ****             return xReturn;
 681:middleware/FreeRTOS-Kernel/timers.c ****         }
 682:middleware/FreeRTOS-Kernel/timers.c ****     #endif /* configSUPPORT_STATIC_ALLOCATION */
 683:middleware/FreeRTOS-Kernel/timers.c **** /*-----------------------------------------------------------*/
 684:middleware/FreeRTOS-Kernel/timers.c **** 
 685:middleware/FreeRTOS-Kernel/timers.c ****     const char * pcTimerGetName( TimerHandle_t xTimer )
 686:middleware/FreeRTOS-Kernel/timers.c ****     {
 687:middleware/FreeRTOS-Kernel/timers.c ****         Timer_t * pxTimer = xTimer;
 688:middleware/FreeRTOS-Kernel/timers.c **** 
 689:middleware/FreeRTOS-Kernel/timers.c ****         traceENTER_pcTimerGetName( xTimer );
 690:middleware/FreeRTOS-Kernel/timers.c **** 
 691:middleware/FreeRTOS-Kernel/timers.c ****         configASSERT( xTimer );
 692:middleware/FreeRTOS-Kernel/timers.c **** 
 693:middleware/FreeRTOS-Kernel/timers.c ****         traceRETURN_pcTimerGetName( pxTimer->pcTimerName );
 694:middleware/FreeRTOS-Kernel/timers.c **** 
 695:middleware/FreeRTOS-Kernel/timers.c ****         return pxTimer->pcTimerName;
 696:middleware/FreeRTOS-Kernel/timers.c ****     }
 697:middleware/FreeRTOS-Kernel/timers.c **** /*-----------------------------------------------------------*/
 698:middleware/FreeRTOS-Kernel/timers.c **** 
 699:middleware/FreeRTOS-Kernel/timers.c ****     static void prvReloadTimer( Timer_t * const pxTimer,
 700:middleware/FreeRTOS-Kernel/timers.c ****                                 TickType_t xExpiredTime,
 701:middleware/FreeRTOS-Kernel/timers.c ****                                 const TickType_t xTimeNow )
 702:middleware/FreeRTOS-Kernel/timers.c ****     {
 703:middleware/FreeRTOS-Kernel/timers.c ****         /* Insert the timer into the appropriate list for the next expiry time.
 704:middleware/FreeRTOS-Kernel/timers.c ****          * If the next expiry time has already passed, advance the expiry time,
 705:middleware/FreeRTOS-Kernel/timers.c ****          * call the callback function, and try again. */
 706:middleware/FreeRTOS-Kernel/timers.c ****         while( prvInsertTimerInActiveList( pxTimer, ( xExpiredTime + pxTimer->xTimerPeriodInTicks )
 707:middleware/FreeRTOS-Kernel/timers.c ****         {
 708:middleware/FreeRTOS-Kernel/timers.c ****             /* Advance the expiry time. */
 709:middleware/FreeRTOS-Kernel/timers.c ****             xExpiredTime += pxTimer->xTimerPeriodInTicks;
 710:middleware/FreeRTOS-Kernel/timers.c **** 
 711:middleware/FreeRTOS-Kernel/timers.c ****             /* Call the timer callback. */
 712:middleware/FreeRTOS-Kernel/timers.c ****             traceTIMER_EXPIRED( pxTimer );
 713:middleware/FreeRTOS-Kernel/timers.c ****             pxTimer->pxCallbackFunction( ( TimerHandle_t ) pxTimer );
 714:middleware/FreeRTOS-Kernel/timers.c ****         }
ARM GAS  /tmp/ccZINekD.s 			page 14


 715:middleware/FreeRTOS-Kernel/timers.c ****     }
 716:middleware/FreeRTOS-Kernel/timers.c **** /*-----------------------------------------------------------*/
 717:middleware/FreeRTOS-Kernel/timers.c **** 
 718:middleware/FreeRTOS-Kernel/timers.c ****     static void prvProcessExpiredTimer( const TickType_t xNextExpireTime,
 719:middleware/FreeRTOS-Kernel/timers.c ****                                         const TickType_t xTimeNow )
 720:middleware/FreeRTOS-Kernel/timers.c ****     {
 721:middleware/FreeRTOS-Kernel/timers.c ****         /* MISRA Ref 11.5.3 [Void pointer assignment] */
 722:middleware/FreeRTOS-Kernel/timers.c ****         /* More details at: https://github.com/FreeRTOS/FreeRTOS-Kernel/blob/main/MISRA.md#rule-115
 723:middleware/FreeRTOS-Kernel/timers.c ****         /* coverity[misra_c_2012_rule_11_5_violation] */
 724:middleware/FreeRTOS-Kernel/timers.c ****         Timer_t * const pxTimer = ( Timer_t * ) listGET_OWNER_OF_HEAD_ENTRY( pxCurrentTimerList );
 725:middleware/FreeRTOS-Kernel/timers.c **** 
 726:middleware/FreeRTOS-Kernel/timers.c ****         /* Remove the timer from the list of active timers.  A check has already
 727:middleware/FreeRTOS-Kernel/timers.c ****          * been performed to ensure the list is not empty. */
 728:middleware/FreeRTOS-Kernel/timers.c **** 
 729:middleware/FreeRTOS-Kernel/timers.c ****         ( void ) uxListRemove( &( pxTimer->xTimerListItem ) );
 730:middleware/FreeRTOS-Kernel/timers.c **** 
 731:middleware/FreeRTOS-Kernel/timers.c ****         /* If the timer is an auto-reload timer then calculate the next
 732:middleware/FreeRTOS-Kernel/timers.c ****          * expiry time and re-insert the timer in the list of active timers. */
 733:middleware/FreeRTOS-Kernel/timers.c ****         if( ( pxTimer->ucStatus & tmrSTATUS_IS_AUTORELOAD ) != 0U )
 734:middleware/FreeRTOS-Kernel/timers.c ****         {
 735:middleware/FreeRTOS-Kernel/timers.c ****             prvReloadTimer( pxTimer, xNextExpireTime, xTimeNow );
 736:middleware/FreeRTOS-Kernel/timers.c ****         }
 737:middleware/FreeRTOS-Kernel/timers.c ****         else
 738:middleware/FreeRTOS-Kernel/timers.c ****         {
 739:middleware/FreeRTOS-Kernel/timers.c ****             pxTimer->ucStatus &= ( ( uint8_t ) ~tmrSTATUS_IS_ACTIVE );
 740:middleware/FreeRTOS-Kernel/timers.c ****         }
 741:middleware/FreeRTOS-Kernel/timers.c **** 
 742:middleware/FreeRTOS-Kernel/timers.c ****         /* Call the timer callback. */
 743:middleware/FreeRTOS-Kernel/timers.c ****         traceTIMER_EXPIRED( pxTimer );
 744:middleware/FreeRTOS-Kernel/timers.c ****         pxTimer->pxCallbackFunction( ( TimerHandle_t ) pxTimer );
 745:middleware/FreeRTOS-Kernel/timers.c ****     }
 746:middleware/FreeRTOS-Kernel/timers.c **** /*-----------------------------------------------------------*/
 747:middleware/FreeRTOS-Kernel/timers.c **** 
 748:middleware/FreeRTOS-Kernel/timers.c ****     static portTASK_FUNCTION( prvTimerTask, pvParameters )
 749:middleware/FreeRTOS-Kernel/timers.c ****     {
 750:middleware/FreeRTOS-Kernel/timers.c ****         TickType_t xNextExpireTime;
 751:middleware/FreeRTOS-Kernel/timers.c ****         BaseType_t xListWasEmpty;
 752:middleware/FreeRTOS-Kernel/timers.c **** 
 753:middleware/FreeRTOS-Kernel/timers.c ****         /* Just to avoid compiler warnings. */
 754:middleware/FreeRTOS-Kernel/timers.c ****         ( void ) pvParameters;
 755:middleware/FreeRTOS-Kernel/timers.c **** 
 756:middleware/FreeRTOS-Kernel/timers.c ****         #if ( configUSE_DAEMON_TASK_STARTUP_HOOK == 1 )
 757:middleware/FreeRTOS-Kernel/timers.c ****         {
 758:middleware/FreeRTOS-Kernel/timers.c ****             /* Allow the application writer to execute some code in the context of
 759:middleware/FreeRTOS-Kernel/timers.c ****              * this task at the point the task starts executing.  This is useful if the
 760:middleware/FreeRTOS-Kernel/timers.c ****              * application includes initialisation code that would benefit from
 761:middleware/FreeRTOS-Kernel/timers.c ****              * executing after the scheduler has been started. */
 762:middleware/FreeRTOS-Kernel/timers.c ****             vApplicationDaemonTaskStartupHook();
 763:middleware/FreeRTOS-Kernel/timers.c ****         }
 764:middleware/FreeRTOS-Kernel/timers.c ****         #endif /* configUSE_DAEMON_TASK_STARTUP_HOOK */
 765:middleware/FreeRTOS-Kernel/timers.c **** 
 766:middleware/FreeRTOS-Kernel/timers.c ****         for( ; configCONTROL_INFINITE_LOOP(); )
 767:middleware/FreeRTOS-Kernel/timers.c ****         {
 768:middleware/FreeRTOS-Kernel/timers.c ****             /* Query the timers list to see if it contains any timers, and if so,
 769:middleware/FreeRTOS-Kernel/timers.c ****              * obtain the time at which the next timer will expire. */
 770:middleware/FreeRTOS-Kernel/timers.c ****             xNextExpireTime = prvGetNextExpireTime( &xListWasEmpty );
 771:middleware/FreeRTOS-Kernel/timers.c **** 
ARM GAS  /tmp/ccZINekD.s 			page 15


 772:middleware/FreeRTOS-Kernel/timers.c ****             /* If a timer has expired, process it.  Otherwise, block this task
 773:middleware/FreeRTOS-Kernel/timers.c ****              * until either a timer does expire, or a command is received. */
 774:middleware/FreeRTOS-Kernel/timers.c ****             prvProcessTimerOrBlockTask( xNextExpireTime, xListWasEmpty );
 775:middleware/FreeRTOS-Kernel/timers.c **** 
 776:middleware/FreeRTOS-Kernel/timers.c ****             /* Empty the command queue. */
 777:middleware/FreeRTOS-Kernel/timers.c ****             prvProcessReceivedCommands();
 778:middleware/FreeRTOS-Kernel/timers.c ****         }
 779:middleware/FreeRTOS-Kernel/timers.c ****     }
 780:middleware/FreeRTOS-Kernel/timers.c **** /*-----------------------------------------------------------*/
 781:middleware/FreeRTOS-Kernel/timers.c **** 
 782:middleware/FreeRTOS-Kernel/timers.c ****     static void prvProcessTimerOrBlockTask( const TickType_t xNextExpireTime,
 783:middleware/FreeRTOS-Kernel/timers.c ****                                             BaseType_t xListWasEmpty )
 784:middleware/FreeRTOS-Kernel/timers.c ****     {
 785:middleware/FreeRTOS-Kernel/timers.c ****         TickType_t xTimeNow;
 786:middleware/FreeRTOS-Kernel/timers.c ****         BaseType_t xTimerListsWereSwitched;
 787:middleware/FreeRTOS-Kernel/timers.c **** 
 788:middleware/FreeRTOS-Kernel/timers.c ****         vTaskSuspendAll();
 789:middleware/FreeRTOS-Kernel/timers.c ****         {
 790:middleware/FreeRTOS-Kernel/timers.c ****             /* Obtain the time now to make an assessment as to whether the timer
 791:middleware/FreeRTOS-Kernel/timers.c ****              * has expired or not.  If obtaining the time causes the lists to switch
 792:middleware/FreeRTOS-Kernel/timers.c ****              * then don't process this timer as any timers that remained in the list
 793:middleware/FreeRTOS-Kernel/timers.c ****              * when the lists were switched will have been processed within the
 794:middleware/FreeRTOS-Kernel/timers.c ****              * prvSampleTimeNow() function. */
 795:middleware/FreeRTOS-Kernel/timers.c ****             xTimeNow = prvSampleTimeNow( &xTimerListsWereSwitched );
 796:middleware/FreeRTOS-Kernel/timers.c **** 
 797:middleware/FreeRTOS-Kernel/timers.c ****             if( xTimerListsWereSwitched == pdFALSE )
 798:middleware/FreeRTOS-Kernel/timers.c ****             {
 799:middleware/FreeRTOS-Kernel/timers.c ****                 /* The tick count has not overflowed, has the timer expired? */
 800:middleware/FreeRTOS-Kernel/timers.c ****                 if( ( xListWasEmpty == pdFALSE ) && ( xNextExpireTime <= xTimeNow ) )
 801:middleware/FreeRTOS-Kernel/timers.c ****                 {
 802:middleware/FreeRTOS-Kernel/timers.c ****                     ( void ) xTaskResumeAll();
 803:middleware/FreeRTOS-Kernel/timers.c ****                     prvProcessExpiredTimer( xNextExpireTime, xTimeNow );
 804:middleware/FreeRTOS-Kernel/timers.c ****                 }
 805:middleware/FreeRTOS-Kernel/timers.c ****                 else
 806:middleware/FreeRTOS-Kernel/timers.c ****                 {
 807:middleware/FreeRTOS-Kernel/timers.c ****                     /* The tick count has not overflowed, and the next expire
 808:middleware/FreeRTOS-Kernel/timers.c ****                      * time has not been reached yet.  This task should therefore
 809:middleware/FreeRTOS-Kernel/timers.c ****                      * block to wait for the next expire time or a command to be
 810:middleware/FreeRTOS-Kernel/timers.c ****                      * received - whichever comes first.  The following line cannot
 811:middleware/FreeRTOS-Kernel/timers.c ****                      * be reached unless xNextExpireTime > xTimeNow, except in the
 812:middleware/FreeRTOS-Kernel/timers.c ****                      * case when the current timer list is empty. */
 813:middleware/FreeRTOS-Kernel/timers.c ****                     if( xListWasEmpty != pdFALSE )
 814:middleware/FreeRTOS-Kernel/timers.c ****                     {
 815:middleware/FreeRTOS-Kernel/timers.c ****                         /* The current timer list is empty - is the overflow list
 816:middleware/FreeRTOS-Kernel/timers.c ****                          * also empty? */
 817:middleware/FreeRTOS-Kernel/timers.c ****                         xListWasEmpty = listLIST_IS_EMPTY( pxOverflowTimerList );
 818:middleware/FreeRTOS-Kernel/timers.c ****                     }
 819:middleware/FreeRTOS-Kernel/timers.c **** 
 820:middleware/FreeRTOS-Kernel/timers.c ****                     vQueueWaitForMessageRestricted( xTimerQueue, ( xNextExpireTime - xTimeNow ), xL
 821:middleware/FreeRTOS-Kernel/timers.c **** 
 822:middleware/FreeRTOS-Kernel/timers.c ****                     if( xTaskResumeAll() == pdFALSE )
 823:middleware/FreeRTOS-Kernel/timers.c ****                     {
 824:middleware/FreeRTOS-Kernel/timers.c ****                         /* Yield to wait for either a command to arrive, or the
 825:middleware/FreeRTOS-Kernel/timers.c ****                          * block time to expire.  If a command arrived between the
 826:middleware/FreeRTOS-Kernel/timers.c ****                          * critical section being exited and this yield then the yield
 827:middleware/FreeRTOS-Kernel/timers.c ****                          * will not cause the task to block. */
 828:middleware/FreeRTOS-Kernel/timers.c ****                         taskYIELD_WITHIN_API();
ARM GAS  /tmp/ccZINekD.s 			page 16


 829:middleware/FreeRTOS-Kernel/timers.c ****                     }
 830:middleware/FreeRTOS-Kernel/timers.c ****                     else
 831:middleware/FreeRTOS-Kernel/timers.c ****                     {
 832:middleware/FreeRTOS-Kernel/timers.c ****                         mtCOVERAGE_TEST_MARKER();
 833:middleware/FreeRTOS-Kernel/timers.c ****                     }
 834:middleware/FreeRTOS-Kernel/timers.c ****                 }
 835:middleware/FreeRTOS-Kernel/timers.c ****             }
 836:middleware/FreeRTOS-Kernel/timers.c ****             else
 837:middleware/FreeRTOS-Kernel/timers.c ****             {
 838:middleware/FreeRTOS-Kernel/timers.c ****                 ( void ) xTaskResumeAll();
 839:middleware/FreeRTOS-Kernel/timers.c ****             }
 840:middleware/FreeRTOS-Kernel/timers.c ****         }
 841:middleware/FreeRTOS-Kernel/timers.c ****     }
 842:middleware/FreeRTOS-Kernel/timers.c **** /*-----------------------------------------------------------*/
 843:middleware/FreeRTOS-Kernel/timers.c **** 
 844:middleware/FreeRTOS-Kernel/timers.c ****     static TickType_t prvGetNextExpireTime( BaseType_t * const pxListWasEmpty )
 845:middleware/FreeRTOS-Kernel/timers.c ****     {
  29              		.loc 1 845 5 view -0
  30              		.cfi_startproc
  31              		@ args = 0, pretend = 0, frame = 0
  32              		@ frame_needed = 0, uses_anonymous_args = 0
  33              		@ link register save eliminated.
 846:middleware/FreeRTOS-Kernel/timers.c ****         TickType_t xNextExpireTime;
  34              		.loc 1 846 9 view .LVU1
 847:middleware/FreeRTOS-Kernel/timers.c **** 
 848:middleware/FreeRTOS-Kernel/timers.c ****         /* Timers are listed in expiry time order, with the head of the list
 849:middleware/FreeRTOS-Kernel/timers.c ****          * referencing the task that will expire first.  Obtain the time at which
 850:middleware/FreeRTOS-Kernel/timers.c ****          * the timer with the nearest expiry time will expire.  If there are no
 851:middleware/FreeRTOS-Kernel/timers.c ****          * active timers then just set the next expire time to 0.  That will cause
 852:middleware/FreeRTOS-Kernel/timers.c ****          * this task to unblock when the tick count overflows, at which point the
 853:middleware/FreeRTOS-Kernel/timers.c ****          * timer lists will be switched and the next expiry time can be
 854:middleware/FreeRTOS-Kernel/timers.c ****          * re-assessed.  */
 855:middleware/FreeRTOS-Kernel/timers.c ****         *pxListWasEmpty = listLIST_IS_EMPTY( pxCurrentTimerList );
  35              		.loc 1 855 9 view .LVU2
  36              		.loc 1 855 27 is_stmt 0 view .LVU3
  37 0000 064B     		ldr	r3, .L6
  38 0002 1A68     		ldr	r2, [r3]
  39 0004 1368     		ldr	r3, [r2]
  40 0006 2BB9     		cbnz	r3, .L4
  41              		.loc 1 855 27 discriminator 1 view .LVU4
  42 0008 0123     		movs	r3, #1
  43              	.L2:
  44              		.loc 1 855 25 discriminator 4 view .LVU5
  45 000a 0360     		str	r3, [r0]
 856:middleware/FreeRTOS-Kernel/timers.c **** 
 857:middleware/FreeRTOS-Kernel/timers.c ****         if( *pxListWasEmpty == pdFALSE )
  46              		.loc 1 857 9 is_stmt 1 view .LVU6
  47              		.loc 1 857 11 is_stmt 0 view .LVU7
  48 000c 23B9     		cbnz	r3, .L5
 858:middleware/FreeRTOS-Kernel/timers.c ****         {
 859:middleware/FreeRTOS-Kernel/timers.c ****             xNextExpireTime = listGET_ITEM_VALUE_OF_HEAD_ENTRY( pxCurrentTimerList );
  49              		.loc 1 859 13 is_stmt 1 view .LVU8
  50              		.loc 1 859 31 is_stmt 0 view .LVU9
  51 000e D368     		ldr	r3, [r2, #12]
  52              		.loc 1 859 29 view .LVU10
  53 0010 1868     		ldr	r0, [r3]
  54              	.LVL1:
ARM GAS  /tmp/ccZINekD.s 			page 17


  55              		.loc 1 859 29 view .LVU11
  56 0012 7047     		bx	lr
  57              	.LVL2:
  58              	.L4:
 855:middleware/FreeRTOS-Kernel/timers.c **** 
  59              		.loc 1 855 27 discriminator 2 view .LVU12
  60 0014 0023     		movs	r3, #0
  61 0016 F8E7     		b	.L2
  62              	.L5:
 860:middleware/FreeRTOS-Kernel/timers.c ****         }
 861:middleware/FreeRTOS-Kernel/timers.c ****         else
 862:middleware/FreeRTOS-Kernel/timers.c ****         {
 863:middleware/FreeRTOS-Kernel/timers.c ****             /* Ensure the task unblocks when the tick count rolls over. */
 864:middleware/FreeRTOS-Kernel/timers.c ****             xNextExpireTime = ( TickType_t ) 0U;
  63              		.loc 1 864 29 view .LVU13
  64 0018 0020     		movs	r0, #0
  65              	.LVL3:
 865:middleware/FreeRTOS-Kernel/timers.c ****         }
 866:middleware/FreeRTOS-Kernel/timers.c **** 
 867:middleware/FreeRTOS-Kernel/timers.c ****         return xNextExpireTime;
  66              		.loc 1 867 9 is_stmt 1 view .LVU14
 868:middleware/FreeRTOS-Kernel/timers.c ****     }
  67              		.loc 1 868 5 is_stmt 0 view .LVU15
  68 001a 7047     		bx	lr
  69              	.L7:
  70              		.align	2
  71              	.L6:
  72 001c 00000000 		.word	pxCurrentTimerList
  73              		.cfi_endproc
  74              	.LFE22:
  76              		.section	.text.prvInsertTimerInActiveList,"ax",%progbits
  77              		.align	1
  78              		.syntax unified
  79              		.thumb
  80              		.thumb_func
  82              	prvInsertTimerInActiveList:
  83              	.LVL4:
  84              	.LFB24:
 869:middleware/FreeRTOS-Kernel/timers.c **** /*-----------------------------------------------------------*/
 870:middleware/FreeRTOS-Kernel/timers.c **** 
 871:middleware/FreeRTOS-Kernel/timers.c ****     static TickType_t prvSampleTimeNow( BaseType_t * const pxTimerListsWereSwitched )
 872:middleware/FreeRTOS-Kernel/timers.c ****     {
 873:middleware/FreeRTOS-Kernel/timers.c ****         TickType_t xTimeNow;
 874:middleware/FreeRTOS-Kernel/timers.c ****         PRIVILEGED_DATA static TickType_t xLastTime = ( TickType_t ) 0U;
 875:middleware/FreeRTOS-Kernel/timers.c **** 
 876:middleware/FreeRTOS-Kernel/timers.c ****         xTimeNow = xTaskGetTickCount();
 877:middleware/FreeRTOS-Kernel/timers.c **** 
 878:middleware/FreeRTOS-Kernel/timers.c ****         if( xTimeNow < xLastTime )
 879:middleware/FreeRTOS-Kernel/timers.c ****         {
 880:middleware/FreeRTOS-Kernel/timers.c ****             prvSwitchTimerLists();
 881:middleware/FreeRTOS-Kernel/timers.c ****             *pxTimerListsWereSwitched = pdTRUE;
 882:middleware/FreeRTOS-Kernel/timers.c ****         }
 883:middleware/FreeRTOS-Kernel/timers.c ****         else
 884:middleware/FreeRTOS-Kernel/timers.c ****         {
 885:middleware/FreeRTOS-Kernel/timers.c ****             *pxTimerListsWereSwitched = pdFALSE;
 886:middleware/FreeRTOS-Kernel/timers.c ****         }
 887:middleware/FreeRTOS-Kernel/timers.c **** 
ARM GAS  /tmp/ccZINekD.s 			page 18


 888:middleware/FreeRTOS-Kernel/timers.c ****         xLastTime = xTimeNow;
 889:middleware/FreeRTOS-Kernel/timers.c **** 
 890:middleware/FreeRTOS-Kernel/timers.c ****         return xTimeNow;
 891:middleware/FreeRTOS-Kernel/timers.c ****     }
 892:middleware/FreeRTOS-Kernel/timers.c **** /*-----------------------------------------------------------*/
 893:middleware/FreeRTOS-Kernel/timers.c **** 
 894:middleware/FreeRTOS-Kernel/timers.c ****     static BaseType_t prvInsertTimerInActiveList( Timer_t * const pxTimer,
 895:middleware/FreeRTOS-Kernel/timers.c ****                                                   const TickType_t xNextExpiryTime,
 896:middleware/FreeRTOS-Kernel/timers.c ****                                                   const TickType_t xTimeNow,
 897:middleware/FreeRTOS-Kernel/timers.c ****                                                   const TickType_t xCommandTime )
 898:middleware/FreeRTOS-Kernel/timers.c ****     {
  85              		.loc 1 898 5 is_stmt 1 view -0
  86              		.cfi_startproc
  87              		@ args = 0, pretend = 0, frame = 0
  88              		@ frame_needed = 0, uses_anonymous_args = 0
  89              		.loc 1 898 5 is_stmt 0 view .LVU17
  90 0000 08B5     		push	{r3, lr}
  91              	.LCFI0:
  92              		.cfi_def_cfa_offset 8
  93              		.cfi_offset 3, -8
  94              		.cfi_offset 14, -4
 899:middleware/FreeRTOS-Kernel/timers.c ****         BaseType_t xProcessTimerNow = pdFALSE;
  95              		.loc 1 899 9 is_stmt 1 view .LVU18
  96              	.LVL5:
 900:middleware/FreeRTOS-Kernel/timers.c **** 
 901:middleware/FreeRTOS-Kernel/timers.c ****         listSET_LIST_ITEM_VALUE( &( pxTimer->xTimerListItem ), xNextExpiryTime );
  97              		.loc 1 901 9 view .LVU19
  98 0002 4160     		str	r1, [r0, #4]
 902:middleware/FreeRTOS-Kernel/timers.c ****         listSET_LIST_ITEM_OWNER( &( pxTimer->xTimerListItem ), pxTimer );
  99              		.loc 1 902 9 view .LVU20
 100 0004 0061     		str	r0, [r0, #16]
 903:middleware/FreeRTOS-Kernel/timers.c **** 
 904:middleware/FreeRTOS-Kernel/timers.c ****         if( xNextExpiryTime <= xTimeNow )
 101              		.loc 1 904 9 view .LVU21
 102              		.loc 1 904 11 is_stmt 0 view .LVU22
 103 0006 9142     		cmp	r1, r2
 104 0008 0CD8     		bhi	.L9
 905:middleware/FreeRTOS-Kernel/timers.c ****         {
 906:middleware/FreeRTOS-Kernel/timers.c ****             /* Has the expiry time elapsed between the command to start/reset a
 907:middleware/FreeRTOS-Kernel/timers.c ****              * timer was issued, and the time the command was processed? */
 908:middleware/FreeRTOS-Kernel/timers.c ****             if( ( ( TickType_t ) ( xTimeNow - xCommandTime ) ) >= pxTimer->xTimerPeriodInTicks )
 105              		.loc 1 908 13 is_stmt 1 view .LVU23
 106              		.loc 1 908 45 is_stmt 0 view .LVU24
 107 000a D21A     		subs	r2, r2, r3
 108              	.LVL6:
 109              		.loc 1 908 74 view .LVU25
 110 000c 8369     		ldr	r3, [r0, #24]
 111              	.LVL7:
 112              		.loc 1 908 15 view .LVU26
 113 000e 9A42     		cmp	r2, r3
 114 0010 01D3     		bcc	.L15
 909:middleware/FreeRTOS-Kernel/timers.c ****             {
 910:middleware/FreeRTOS-Kernel/timers.c ****                 /* The time between a command being issued and the command being
 911:middleware/FreeRTOS-Kernel/timers.c ****                  * processed actually exceeds the timers period.  */
 912:middleware/FreeRTOS-Kernel/timers.c ****                 xProcessTimerNow = pdTRUE;
 115              		.loc 1 912 34 view .LVU27
 116 0012 0120     		movs	r0, #1
ARM GAS  /tmp/ccZINekD.s 			page 19


 117              	.LVL8:
 118              	.L8:
 913:middleware/FreeRTOS-Kernel/timers.c ****             }
 914:middleware/FreeRTOS-Kernel/timers.c ****             else
 915:middleware/FreeRTOS-Kernel/timers.c ****             {
 916:middleware/FreeRTOS-Kernel/timers.c ****                 vListInsert( pxOverflowTimerList, &( pxTimer->xTimerListItem ) );
 917:middleware/FreeRTOS-Kernel/timers.c ****             }
 918:middleware/FreeRTOS-Kernel/timers.c ****         }
 919:middleware/FreeRTOS-Kernel/timers.c ****         else
 920:middleware/FreeRTOS-Kernel/timers.c ****         {
 921:middleware/FreeRTOS-Kernel/timers.c ****             if( ( xTimeNow < xCommandTime ) && ( xNextExpiryTime >= xCommandTime ) )
 922:middleware/FreeRTOS-Kernel/timers.c ****             {
 923:middleware/FreeRTOS-Kernel/timers.c ****                 /* If, since the command was issued, the tick count has overflowed
 924:middleware/FreeRTOS-Kernel/timers.c ****                  * but the expiry time has not, then the timer must have already passed
 925:middleware/FreeRTOS-Kernel/timers.c ****                  * its expiry time and should be processed immediately. */
 926:middleware/FreeRTOS-Kernel/timers.c ****                 xProcessTimerNow = pdTRUE;
 927:middleware/FreeRTOS-Kernel/timers.c ****             }
 928:middleware/FreeRTOS-Kernel/timers.c ****             else
 929:middleware/FreeRTOS-Kernel/timers.c ****             {
 930:middleware/FreeRTOS-Kernel/timers.c ****                 vListInsert( pxCurrentTimerList, &( pxTimer->xTimerListItem ) );
 931:middleware/FreeRTOS-Kernel/timers.c ****             }
 932:middleware/FreeRTOS-Kernel/timers.c ****         }
 933:middleware/FreeRTOS-Kernel/timers.c **** 
 934:middleware/FreeRTOS-Kernel/timers.c ****         return xProcessTimerNow;
 935:middleware/FreeRTOS-Kernel/timers.c ****     }
 119              		.loc 1 935 5 view .LVU28
 120 0014 08BD     		pop	{r3, pc}
 121              	.LVL9:
 122              	.L15:
 916:middleware/FreeRTOS-Kernel/timers.c ****             }
 123              		.loc 1 916 17 is_stmt 1 view .LVU29
 124 0016 011D     		adds	r1, r0, #4
 125              	.LVL10:
 916:middleware/FreeRTOS-Kernel/timers.c ****             }
 126              		.loc 1 916 17 is_stmt 0 view .LVU30
 127 0018 094B     		ldr	r3, .L16
 128 001a 1868     		ldr	r0, [r3]
 129              	.LVL11:
 916:middleware/FreeRTOS-Kernel/timers.c ****             }
 130              		.loc 1 916 17 view .LVU31
 131 001c FFF7FEFF 		bl	vListInsert
 132              	.LVL12:
 899:middleware/FreeRTOS-Kernel/timers.c **** 
 133              		.loc 1 899 20 view .LVU32
 134 0020 0020     		movs	r0, #0
 135 0022 F7E7     		b	.L8
 136              	.LVL13:
 137              	.L9:
 921:middleware/FreeRTOS-Kernel/timers.c ****             {
 138              		.loc 1 921 13 is_stmt 1 view .LVU33
 921:middleware/FreeRTOS-Kernel/timers.c ****             {
 139              		.loc 1 921 15 is_stmt 0 view .LVU34
 140 0024 9A42     		cmp	r2, r3
 141 0026 01D2     		bcs	.L11
 921:middleware/FreeRTOS-Kernel/timers.c ****             {
 142              		.loc 1 921 45 discriminator 1 view .LVU35
 143 0028 9942     		cmp	r1, r3
ARM GAS  /tmp/ccZINekD.s 			page 20


 144 002a 06D2     		bcs	.L13
 145              	.L11:
 930:middleware/FreeRTOS-Kernel/timers.c ****             }
 146              		.loc 1 930 17 is_stmt 1 view .LVU36
 147 002c 011D     		adds	r1, r0, #4
 148              	.LVL14:
 930:middleware/FreeRTOS-Kernel/timers.c ****             }
 149              		.loc 1 930 17 is_stmt 0 view .LVU37
 150 002e 054B     		ldr	r3, .L16+4
 151              	.LVL15:
 930:middleware/FreeRTOS-Kernel/timers.c ****             }
 152              		.loc 1 930 17 view .LVU38
 153 0030 1868     		ldr	r0, [r3]
 154              	.LVL16:
 930:middleware/FreeRTOS-Kernel/timers.c ****             }
 155              		.loc 1 930 17 view .LVU39
 156 0032 FFF7FEFF 		bl	vListInsert
 157              	.LVL17:
 899:middleware/FreeRTOS-Kernel/timers.c **** 
 158              		.loc 1 899 20 view .LVU40
 159 0036 0020     		movs	r0, #0
 160 0038 ECE7     		b	.L8
 161              	.LVL18:
 162              	.L13:
 926:middleware/FreeRTOS-Kernel/timers.c ****             }
 163              		.loc 1 926 34 view .LVU41
 164 003a 0120     		movs	r0, #1
 165              	.LVL19:
 934:middleware/FreeRTOS-Kernel/timers.c ****     }
 166              		.loc 1 934 9 is_stmt 1 view .LVU42
 934:middleware/FreeRTOS-Kernel/timers.c ****     }
 167              		.loc 1 934 16 is_stmt 0 view .LVU43
 168 003c EAE7     		b	.L8
 169              	.L17:
 170 003e 00BF     		.align	2
 171              	.L16:
 172 0040 00000000 		.word	pxOverflowTimerList
 173 0044 00000000 		.word	pxCurrentTimerList
 174              		.cfi_endproc
 175              	.LFE24:
 177              		.section	.text.prvReloadTimer,"ax",%progbits
 178              		.align	1
 179              		.syntax unified
 180              		.thumb
 181              		.thumb_func
 183              	prvReloadTimer:
 184              	.LVL20:
 185              	.LFB18:
 702:middleware/FreeRTOS-Kernel/timers.c ****         /* Insert the timer into the appropriate list for the next expiry time.
 186              		.loc 1 702 5 is_stmt 1 view -0
 187              		.cfi_startproc
 188              		@ args = 0, pretend = 0, frame = 0
 189              		@ frame_needed = 0, uses_anonymous_args = 0
 702:middleware/FreeRTOS-Kernel/timers.c ****         /* Insert the timer into the appropriate list for the next expiry time.
 190              		.loc 1 702 5 is_stmt 0 view .LVU45
 191 0000 70B5     		push	{r4, r5, r6, lr}
 192              	.LCFI1:
ARM GAS  /tmp/ccZINekD.s 			page 21


 193              		.cfi_def_cfa_offset 16
 194              		.cfi_offset 4, -16
 195              		.cfi_offset 5, -12
 196              		.cfi_offset 6, -8
 197              		.cfi_offset 14, -4
 198 0002 0446     		mov	r4, r0
 199 0004 0D46     		mov	r5, r1
 200 0006 1646     		mov	r6, r2
 706:middleware/FreeRTOS-Kernel/timers.c ****         {
 201              		.loc 1 706 9 is_stmt 1 view .LVU46
 706:middleware/FreeRTOS-Kernel/timers.c ****         {
 202              		.loc 1 706 14 is_stmt 0 view .LVU47
 203 0008 04E0     		b	.L19
 204              	.LVL21:
 205              	.L20:
 709:middleware/FreeRTOS-Kernel/timers.c **** 
 206              		.loc 1 709 13 is_stmt 1 view .LVU48
 709:middleware/FreeRTOS-Kernel/timers.c **** 
 207              		.loc 1 709 36 is_stmt 0 view .LVU49
 208 000a A369     		ldr	r3, [r4, #24]
 709:middleware/FreeRTOS-Kernel/timers.c **** 
 209              		.loc 1 709 26 view .LVU50
 210 000c 1D44     		add	r5, r5, r3
 211              	.LVL22:
 712:middleware/FreeRTOS-Kernel/timers.c ****             pxTimer->pxCallbackFunction( ( TimerHandle_t ) pxTimer );
 212              		.loc 1 712 42 is_stmt 1 view .LVU51
 713:middleware/FreeRTOS-Kernel/timers.c ****         }
 213              		.loc 1 713 13 view .LVU52
 713:middleware/FreeRTOS-Kernel/timers.c ****         }
 214              		.loc 1 713 20 is_stmt 0 view .LVU53
 215 000e 236A     		ldr	r3, [r4, #32]
 713:middleware/FreeRTOS-Kernel/timers.c ****         }
 216              		.loc 1 713 13 view .LVU54
 217 0010 2046     		mov	r0, r4
 218 0012 9847     		blx	r3
 219              	.LVL23:
 220              	.L19:
 706:middleware/FreeRTOS-Kernel/timers.c ****         {
 221              		.loc 1 706 127 is_stmt 1 view .LVU55
 706:middleware/FreeRTOS-Kernel/timers.c ****         {
 222              		.loc 1 706 77 is_stmt 0 view .LVU56
 223 0014 A169     		ldr	r1, [r4, #24]
 706:middleware/FreeRTOS-Kernel/timers.c ****         {
 224              		.loc 1 706 16 view .LVU57
 225 0016 2B46     		mov	r3, r5
 226 0018 3246     		mov	r2, r6
 227 001a 2944     		add	r1, r1, r5
 228 001c 2046     		mov	r0, r4
 229 001e FFF7FEFF 		bl	prvInsertTimerInActiveList
 230              	.LVL24:
 706:middleware/FreeRTOS-Kernel/timers.c ****         {
 231              		.loc 1 706 127 discriminator 1 view .LVU58
 232 0022 0028     		cmp	r0, #0
 233 0024 F1D1     		bne	.L20
 715:middleware/FreeRTOS-Kernel/timers.c **** /*-----------------------------------------------------------*/
 234              		.loc 1 715 5 view .LVU59
 235 0026 70BD     		pop	{r4, r5, r6, pc}
ARM GAS  /tmp/ccZINekD.s 			page 22


 715:middleware/FreeRTOS-Kernel/timers.c **** /*-----------------------------------------------------------*/
 236              		.loc 1 715 5 view .LVU60
 237              		.cfi_endproc
 238              	.LFE18:
 240              		.section	.text.prvProcessExpiredTimer,"ax",%progbits
 241              		.align	1
 242              		.syntax unified
 243              		.thumb
 244              		.thumb_func
 246              	prvProcessExpiredTimer:
 247              	.LVL25:
 248              	.LFB19:
 720:middleware/FreeRTOS-Kernel/timers.c ****         /* MISRA Ref 11.5.3 [Void pointer assignment] */
 249              		.loc 1 720 5 is_stmt 1 view -0
 250              		.cfi_startproc
 251              		@ args = 0, pretend = 0, frame = 0
 252              		@ frame_needed = 0, uses_anonymous_args = 0
 720:middleware/FreeRTOS-Kernel/timers.c ****         /* MISRA Ref 11.5.3 [Void pointer assignment] */
 253              		.loc 1 720 5 is_stmt 0 view .LVU62
 254 0000 70B5     		push	{r4, r5, r6, lr}
 255              	.LCFI2:
 256              		.cfi_def_cfa_offset 16
 257              		.cfi_offset 4, -16
 258              		.cfi_offset 5, -12
 259              		.cfi_offset 6, -8
 260              		.cfi_offset 14, -4
 261 0002 0546     		mov	r5, r0
 262 0004 0E46     		mov	r6, r1
 724:middleware/FreeRTOS-Kernel/timers.c **** 
 263              		.loc 1 724 9 is_stmt 1 view .LVU63
 724:middleware/FreeRTOS-Kernel/timers.c **** 
 264              		.loc 1 724 49 is_stmt 0 view .LVU64
 265 0006 0D4B     		ldr	r3, .L27
 266 0008 1B68     		ldr	r3, [r3]
 267 000a DB68     		ldr	r3, [r3, #12]
 724:middleware/FreeRTOS-Kernel/timers.c **** 
 268              		.loc 1 724 25 view .LVU65
 269 000c DC68     		ldr	r4, [r3, #12]
 270              	.LVL26:
 729:middleware/FreeRTOS-Kernel/timers.c **** 
 271              		.loc 1 729 9 is_stmt 1 view .LVU66
 729:middleware/FreeRTOS-Kernel/timers.c **** 
 272              		.loc 1 729 18 is_stmt 0 view .LVU67
 273 000e 201D     		adds	r0, r4, #4
 274              	.LVL27:
 729:middleware/FreeRTOS-Kernel/timers.c **** 
 275              		.loc 1 729 18 view .LVU68
 276 0010 FFF7FEFF 		bl	uxListRemove
 277              	.LVL28:
 733:middleware/FreeRTOS-Kernel/timers.c ****         {
 278              		.loc 1 733 9 is_stmt 1 view .LVU69
 733:middleware/FreeRTOS-Kernel/timers.c ****         {
 279              		.loc 1 733 22 is_stmt 0 view .LVU70
 280 0014 94F82430 		ldrb	r3, [r4, #36]	@ zero_extendqisi2
 733:middleware/FreeRTOS-Kernel/timers.c ****         {
 281              		.loc 1 733 11 view .LVU71
 282 0018 13F0040F 		tst	r3, #4
ARM GAS  /tmp/ccZINekD.s 			page 23


 283 001c 07D1     		bne	.L26
 739:middleware/FreeRTOS-Kernel/timers.c ****         }
 284              		.loc 1 739 13 is_stmt 1 view .LVU72
 739:middleware/FreeRTOS-Kernel/timers.c ****         }
 285              		.loc 1 739 31 is_stmt 0 view .LVU73
 286 001e 23F00103 		bic	r3, r3, #1
 287 0022 84F82430 		strb	r3, [r4, #36]
 288              	.L24:
 743:middleware/FreeRTOS-Kernel/timers.c ****         pxTimer->pxCallbackFunction( ( TimerHandle_t ) pxTimer );
 289              		.loc 1 743 38 is_stmt 1 view .LVU74
 744:middleware/FreeRTOS-Kernel/timers.c ****     }
 290              		.loc 1 744 9 view .LVU75
 744:middleware/FreeRTOS-Kernel/timers.c ****     }
 291              		.loc 1 744 16 is_stmt 0 view .LVU76
 292 0026 236A     		ldr	r3, [r4, #32]
 744:middleware/FreeRTOS-Kernel/timers.c ****     }
 293              		.loc 1 744 9 view .LVU77
 294 0028 2046     		mov	r0, r4
 295 002a 9847     		blx	r3
 296              	.LVL29:
 745:middleware/FreeRTOS-Kernel/timers.c **** /*-----------------------------------------------------------*/
 297              		.loc 1 745 5 view .LVU78
 298 002c 70BD     		pop	{r4, r5, r6, pc}
 299              	.LVL30:
 300              	.L26:
 735:middleware/FreeRTOS-Kernel/timers.c ****         }
 301              		.loc 1 735 13 is_stmt 1 view .LVU79
 302 002e 3246     		mov	r2, r6
 303 0030 2946     		mov	r1, r5
 304 0032 2046     		mov	r0, r4
 305 0034 FFF7FEFF 		bl	prvReloadTimer
 306              	.LVL31:
 307 0038 F5E7     		b	.L24
 308              	.L28:
 309 003a 00BF     		.align	2
 310              	.L27:
 311 003c 00000000 		.word	pxCurrentTimerList
 312              		.cfi_endproc
 313              	.LFE19:
 315              		.section	.text.prvSwitchTimerLists,"ax",%progbits
 316              		.align	1
 317              		.syntax unified
 318              		.thumb
 319              		.thumb_func
 321              	prvSwitchTimerLists:
 322              	.LFB26:
 936:middleware/FreeRTOS-Kernel/timers.c **** /*-----------------------------------------------------------*/
 937:middleware/FreeRTOS-Kernel/timers.c **** 
 938:middleware/FreeRTOS-Kernel/timers.c ****     static void prvProcessReceivedCommands( void )
 939:middleware/FreeRTOS-Kernel/timers.c ****     {
 940:middleware/FreeRTOS-Kernel/timers.c ****         DaemonTaskMessage_t xMessage = { 0 };
 941:middleware/FreeRTOS-Kernel/timers.c ****         Timer_t * pxTimer;
 942:middleware/FreeRTOS-Kernel/timers.c ****         BaseType_t xTimerListsWereSwitched;
 943:middleware/FreeRTOS-Kernel/timers.c ****         TickType_t xTimeNow;
 944:middleware/FreeRTOS-Kernel/timers.c **** 
 945:middleware/FreeRTOS-Kernel/timers.c ****         while( xQueueReceive( xTimerQueue, &xMessage, tmrNO_DELAY ) != pdFAIL )
 946:middleware/FreeRTOS-Kernel/timers.c ****         {
ARM GAS  /tmp/ccZINekD.s 			page 24


 947:middleware/FreeRTOS-Kernel/timers.c ****             #if ( INCLUDE_xTimerPendFunctionCall == 1 )
 948:middleware/FreeRTOS-Kernel/timers.c ****             {
 949:middleware/FreeRTOS-Kernel/timers.c ****                 /* Negative commands are pended function calls rather than timer
 950:middleware/FreeRTOS-Kernel/timers.c ****                  * commands. */
 951:middleware/FreeRTOS-Kernel/timers.c ****                 if( xMessage.xMessageID < ( BaseType_t ) 0 )
 952:middleware/FreeRTOS-Kernel/timers.c ****                 {
 953:middleware/FreeRTOS-Kernel/timers.c ****                     const CallbackParameters_t * const pxCallback = &( xMessage.u.xCallbackParamete
 954:middleware/FreeRTOS-Kernel/timers.c **** 
 955:middleware/FreeRTOS-Kernel/timers.c ****                     /* The timer uses the xCallbackParameters member to request a
 956:middleware/FreeRTOS-Kernel/timers.c ****                      * callback be executed.  Check the callback is not NULL. */
 957:middleware/FreeRTOS-Kernel/timers.c ****                     configASSERT( pxCallback );
 958:middleware/FreeRTOS-Kernel/timers.c **** 
 959:middleware/FreeRTOS-Kernel/timers.c ****                     /* Call the function. */
 960:middleware/FreeRTOS-Kernel/timers.c ****                     pxCallback->pxCallbackFunction( pxCallback->pvParameter1, pxCallback->ulParamet
 961:middleware/FreeRTOS-Kernel/timers.c ****                 }
 962:middleware/FreeRTOS-Kernel/timers.c ****                 else
 963:middleware/FreeRTOS-Kernel/timers.c ****                 {
 964:middleware/FreeRTOS-Kernel/timers.c ****                     mtCOVERAGE_TEST_MARKER();
 965:middleware/FreeRTOS-Kernel/timers.c ****                 }
 966:middleware/FreeRTOS-Kernel/timers.c ****             }
 967:middleware/FreeRTOS-Kernel/timers.c ****             #endif /* INCLUDE_xTimerPendFunctionCall */
 968:middleware/FreeRTOS-Kernel/timers.c **** 
 969:middleware/FreeRTOS-Kernel/timers.c ****             /* Commands that are positive are timer commands rather than pended
 970:middleware/FreeRTOS-Kernel/timers.c ****              * function calls. */
 971:middleware/FreeRTOS-Kernel/timers.c ****             if( xMessage.xMessageID >= ( BaseType_t ) 0 )
 972:middleware/FreeRTOS-Kernel/timers.c ****             {
 973:middleware/FreeRTOS-Kernel/timers.c ****                 /* The messages uses the xTimerParameters member to work on a
 974:middleware/FreeRTOS-Kernel/timers.c ****                  * software timer. */
 975:middleware/FreeRTOS-Kernel/timers.c ****                 pxTimer = xMessage.u.xTimerParameters.pxTimer;
 976:middleware/FreeRTOS-Kernel/timers.c **** 
 977:middleware/FreeRTOS-Kernel/timers.c ****                 if( listIS_CONTAINED_WITHIN( NULL, &( pxTimer->xTimerListItem ) ) == pdFALSE )
 978:middleware/FreeRTOS-Kernel/timers.c ****                 {
 979:middleware/FreeRTOS-Kernel/timers.c ****                     /* The timer is in a list, remove it. */
 980:middleware/FreeRTOS-Kernel/timers.c ****                     ( void ) uxListRemove( &( pxTimer->xTimerListItem ) );
 981:middleware/FreeRTOS-Kernel/timers.c ****                 }
 982:middleware/FreeRTOS-Kernel/timers.c ****                 else
 983:middleware/FreeRTOS-Kernel/timers.c ****                 {
 984:middleware/FreeRTOS-Kernel/timers.c ****                     mtCOVERAGE_TEST_MARKER();
 985:middleware/FreeRTOS-Kernel/timers.c ****                 }
 986:middleware/FreeRTOS-Kernel/timers.c **** 
 987:middleware/FreeRTOS-Kernel/timers.c ****                 traceTIMER_COMMAND_RECEIVED( pxTimer, xMessage.xMessageID, xMessage.u.xTimerParamet
 988:middleware/FreeRTOS-Kernel/timers.c **** 
 989:middleware/FreeRTOS-Kernel/timers.c ****                 /* In this case the xTimerListsWereSwitched parameter is not used, but
 990:middleware/FreeRTOS-Kernel/timers.c ****                  *  it must be present in the function call.  prvSampleTimeNow() must be
 991:middleware/FreeRTOS-Kernel/timers.c ****                  *  called after the message is received from xTimerQueue so there is no
 992:middleware/FreeRTOS-Kernel/timers.c ****                  *  possibility of a higher priority task adding a message to the message
 993:middleware/FreeRTOS-Kernel/timers.c ****                  *  queue with a time that is ahead of the timer daemon task (because it
 994:middleware/FreeRTOS-Kernel/timers.c ****                  *  pre-empted the timer daemon task after the xTimeNow value was set). */
 995:middleware/FreeRTOS-Kernel/timers.c ****                 xTimeNow = prvSampleTimeNow( &xTimerListsWereSwitched );
 996:middleware/FreeRTOS-Kernel/timers.c **** 
 997:middleware/FreeRTOS-Kernel/timers.c ****                 switch( xMessage.xMessageID )
 998:middleware/FreeRTOS-Kernel/timers.c ****                 {
 999:middleware/FreeRTOS-Kernel/timers.c ****                     case tmrCOMMAND_START:
1000:middleware/FreeRTOS-Kernel/timers.c ****                     case tmrCOMMAND_START_FROM_ISR:
1001:middleware/FreeRTOS-Kernel/timers.c ****                     case tmrCOMMAND_RESET:
1002:middleware/FreeRTOS-Kernel/timers.c ****                     case tmrCOMMAND_RESET_FROM_ISR:
1003:middleware/FreeRTOS-Kernel/timers.c ****                         /* Start or restart a timer. */
ARM GAS  /tmp/ccZINekD.s 			page 25


1004:middleware/FreeRTOS-Kernel/timers.c ****                         pxTimer->ucStatus |= ( uint8_t ) tmrSTATUS_IS_ACTIVE;
1005:middleware/FreeRTOS-Kernel/timers.c **** 
1006:middleware/FreeRTOS-Kernel/timers.c ****                         if( prvInsertTimerInActiveList( pxTimer, xMessage.u.xTimerParameters.xMessa
1007:middleware/FreeRTOS-Kernel/timers.c ****                         {
1008:middleware/FreeRTOS-Kernel/timers.c ****                             /* The timer expired before it was added to the active
1009:middleware/FreeRTOS-Kernel/timers.c ****                              * timer list.  Process it now. */
1010:middleware/FreeRTOS-Kernel/timers.c ****                             if( ( pxTimer->ucStatus & tmrSTATUS_IS_AUTORELOAD ) != 0U )
1011:middleware/FreeRTOS-Kernel/timers.c ****                             {
1012:middleware/FreeRTOS-Kernel/timers.c ****                                 prvReloadTimer( pxTimer, xMessage.u.xTimerParameters.xMessageValue 
1013:middleware/FreeRTOS-Kernel/timers.c ****                             }
1014:middleware/FreeRTOS-Kernel/timers.c ****                             else
1015:middleware/FreeRTOS-Kernel/timers.c ****                             {
1016:middleware/FreeRTOS-Kernel/timers.c ****                                 pxTimer->ucStatus &= ( ( uint8_t ) ~tmrSTATUS_IS_ACTIVE );
1017:middleware/FreeRTOS-Kernel/timers.c ****                             }
1018:middleware/FreeRTOS-Kernel/timers.c **** 
1019:middleware/FreeRTOS-Kernel/timers.c ****                             /* Call the timer callback. */
1020:middleware/FreeRTOS-Kernel/timers.c ****                             traceTIMER_EXPIRED( pxTimer );
1021:middleware/FreeRTOS-Kernel/timers.c ****                             pxTimer->pxCallbackFunction( ( TimerHandle_t ) pxTimer );
1022:middleware/FreeRTOS-Kernel/timers.c ****                         }
1023:middleware/FreeRTOS-Kernel/timers.c ****                         else
1024:middleware/FreeRTOS-Kernel/timers.c ****                         {
1025:middleware/FreeRTOS-Kernel/timers.c ****                             mtCOVERAGE_TEST_MARKER();
1026:middleware/FreeRTOS-Kernel/timers.c ****                         }
1027:middleware/FreeRTOS-Kernel/timers.c **** 
1028:middleware/FreeRTOS-Kernel/timers.c ****                         break;
1029:middleware/FreeRTOS-Kernel/timers.c **** 
1030:middleware/FreeRTOS-Kernel/timers.c ****                     case tmrCOMMAND_STOP:
1031:middleware/FreeRTOS-Kernel/timers.c ****                     case tmrCOMMAND_STOP_FROM_ISR:
1032:middleware/FreeRTOS-Kernel/timers.c ****                         /* The timer has already been removed from the active list. */
1033:middleware/FreeRTOS-Kernel/timers.c ****                         pxTimer->ucStatus &= ( ( uint8_t ) ~tmrSTATUS_IS_ACTIVE );
1034:middleware/FreeRTOS-Kernel/timers.c ****                         break;
1035:middleware/FreeRTOS-Kernel/timers.c **** 
1036:middleware/FreeRTOS-Kernel/timers.c ****                     case tmrCOMMAND_CHANGE_PERIOD:
1037:middleware/FreeRTOS-Kernel/timers.c ****                     case tmrCOMMAND_CHANGE_PERIOD_FROM_ISR:
1038:middleware/FreeRTOS-Kernel/timers.c ****                         pxTimer->ucStatus |= ( uint8_t ) tmrSTATUS_IS_ACTIVE;
1039:middleware/FreeRTOS-Kernel/timers.c ****                         pxTimer->xTimerPeriodInTicks = xMessage.u.xTimerParameters.xMessageValue;
1040:middleware/FreeRTOS-Kernel/timers.c ****                         configASSERT( ( pxTimer->xTimerPeriodInTicks > 0 ) );
1041:middleware/FreeRTOS-Kernel/timers.c **** 
1042:middleware/FreeRTOS-Kernel/timers.c ****                         /* The new period does not really have a reference, and can
1043:middleware/FreeRTOS-Kernel/timers.c ****                          * be longer or shorter than the old one.  The command time is
1044:middleware/FreeRTOS-Kernel/timers.c ****                          * therefore set to the current time, and as the period cannot
1045:middleware/FreeRTOS-Kernel/timers.c ****                          * be zero the next expiry time can only be in the future,
1046:middleware/FreeRTOS-Kernel/timers.c ****                          * meaning (unlike for the xTimerStart() case above) there is
1047:middleware/FreeRTOS-Kernel/timers.c ****                          * no fail case that needs to be handled here. */
1048:middleware/FreeRTOS-Kernel/timers.c ****                         ( void ) prvInsertTimerInActiveList( pxTimer, ( xTimeNow + pxTimer->xTimerP
1049:middleware/FreeRTOS-Kernel/timers.c ****                         break;
1050:middleware/FreeRTOS-Kernel/timers.c **** 
1051:middleware/FreeRTOS-Kernel/timers.c ****                     case tmrCOMMAND_DELETE:
1052:middleware/FreeRTOS-Kernel/timers.c ****                         #if ( configSUPPORT_DYNAMIC_ALLOCATION == 1 )
1053:middleware/FreeRTOS-Kernel/timers.c ****                         {
1054:middleware/FreeRTOS-Kernel/timers.c ****                             /* The timer has already been removed from the active list,
1055:middleware/FreeRTOS-Kernel/timers.c ****                              * just free up the memory if the memory was dynamically
1056:middleware/FreeRTOS-Kernel/timers.c ****                              * allocated. */
1057:middleware/FreeRTOS-Kernel/timers.c ****                             if( ( pxTimer->ucStatus & tmrSTATUS_IS_STATICALLY_ALLOCATED ) == ( uint
1058:middleware/FreeRTOS-Kernel/timers.c ****                             {
1059:middleware/FreeRTOS-Kernel/timers.c ****                                 vPortFree( pxTimer );
1060:middleware/FreeRTOS-Kernel/timers.c ****                             }
ARM GAS  /tmp/ccZINekD.s 			page 26


1061:middleware/FreeRTOS-Kernel/timers.c ****                             else
1062:middleware/FreeRTOS-Kernel/timers.c ****                             {
1063:middleware/FreeRTOS-Kernel/timers.c ****                                 pxTimer->ucStatus &= ( ( uint8_t ) ~tmrSTATUS_IS_ACTIVE );
1064:middleware/FreeRTOS-Kernel/timers.c ****                             }
1065:middleware/FreeRTOS-Kernel/timers.c ****                         }
1066:middleware/FreeRTOS-Kernel/timers.c ****                         #else /* if ( configSUPPORT_DYNAMIC_ALLOCATION == 1 ) */
1067:middleware/FreeRTOS-Kernel/timers.c ****                         {
1068:middleware/FreeRTOS-Kernel/timers.c ****                             /* If dynamic allocation is not enabled, the memory
1069:middleware/FreeRTOS-Kernel/timers.c ****                              * could not have been dynamically allocated. So there is
1070:middleware/FreeRTOS-Kernel/timers.c ****                              * no need to free the memory - just mark the timer as
1071:middleware/FreeRTOS-Kernel/timers.c ****                              * "not active". */
1072:middleware/FreeRTOS-Kernel/timers.c ****                             pxTimer->ucStatus &= ( ( uint8_t ) ~tmrSTATUS_IS_ACTIVE );
1073:middleware/FreeRTOS-Kernel/timers.c ****                         }
1074:middleware/FreeRTOS-Kernel/timers.c ****                         #endif /* configSUPPORT_DYNAMIC_ALLOCATION */
1075:middleware/FreeRTOS-Kernel/timers.c ****                         break;
1076:middleware/FreeRTOS-Kernel/timers.c **** 
1077:middleware/FreeRTOS-Kernel/timers.c ****                     default:
1078:middleware/FreeRTOS-Kernel/timers.c ****                         /* Don't expect to get here. */
1079:middleware/FreeRTOS-Kernel/timers.c ****                         break;
1080:middleware/FreeRTOS-Kernel/timers.c ****                 }
1081:middleware/FreeRTOS-Kernel/timers.c ****             }
1082:middleware/FreeRTOS-Kernel/timers.c ****         }
1083:middleware/FreeRTOS-Kernel/timers.c ****     }
1084:middleware/FreeRTOS-Kernel/timers.c **** /*-----------------------------------------------------------*/
1085:middleware/FreeRTOS-Kernel/timers.c **** 
1086:middleware/FreeRTOS-Kernel/timers.c ****     static void prvSwitchTimerLists( void )
1087:middleware/FreeRTOS-Kernel/timers.c ****     {
 323              		.loc 1 1087 5 view -0
 324              		.cfi_startproc
 325              		@ args = 0, pretend = 0, frame = 0
 326              		@ frame_needed = 0, uses_anonymous_args = 0
 327 0000 08B5     		push	{r3, lr}
 328              	.LCFI3:
 329              		.cfi_def_cfa_offset 8
 330              		.cfi_offset 3, -8
 331              		.cfi_offset 14, -4
1088:middleware/FreeRTOS-Kernel/timers.c ****         TickType_t xNextExpireTime;
 332              		.loc 1 1088 9 view .LVU81
1089:middleware/FreeRTOS-Kernel/timers.c ****         List_t * pxTemp;
 333              		.loc 1 1089 9 view .LVU82
1090:middleware/FreeRTOS-Kernel/timers.c **** 
1091:middleware/FreeRTOS-Kernel/timers.c ****         /* The tick count has overflowed.  The timer lists must be switched.
1092:middleware/FreeRTOS-Kernel/timers.c ****          * If there are any timers still referenced from the current timer list
1093:middleware/FreeRTOS-Kernel/timers.c ****          * then they must have expired and should be processed before the lists
1094:middleware/FreeRTOS-Kernel/timers.c ****          * are switched. */
1095:middleware/FreeRTOS-Kernel/timers.c ****         while( listLIST_IS_EMPTY( pxCurrentTimerList ) == pdFALSE )
 334              		.loc 1 1095 9 view .LVU83
 335              		.loc 1 1095 14 is_stmt 0 view .LVU84
 336 0002 05E0     		b	.L30
 337              	.L31:
1096:middleware/FreeRTOS-Kernel/timers.c ****         {
1097:middleware/FreeRTOS-Kernel/timers.c ****             xNextExpireTime = listGET_ITEM_VALUE_OF_HEAD_ENTRY( pxCurrentTimerList );
 338              		.loc 1 1097 13 is_stmt 1 view .LVU85
 339              		.loc 1 1097 31 is_stmt 0 view .LVU86
 340 0004 DB68     		ldr	r3, [r3, #12]
 341              	.LVL32:
1098:middleware/FreeRTOS-Kernel/timers.c **** 
ARM GAS  /tmp/ccZINekD.s 			page 27


1099:middleware/FreeRTOS-Kernel/timers.c ****             /* Process the expired timer.  For auto-reload timers, be careful to
1100:middleware/FreeRTOS-Kernel/timers.c ****              * process only expirations that occur on the current list.  Further
1101:middleware/FreeRTOS-Kernel/timers.c ****              * expirations must wait until after the lists are switched. */
1102:middleware/FreeRTOS-Kernel/timers.c ****             prvProcessExpiredTimer( xNextExpireTime, tmrMAX_TIME_BEFORE_OVERFLOW );
 342              		.loc 1 1102 13 is_stmt 1 view .LVU87
 343 0006 4FF0FF31 		mov	r1, #-1
 344 000a 1868     		ldr	r0, [r3]
 345 000c FFF7FEFF 		bl	prvProcessExpiredTimer
 346              	.LVL33:
 347              	.L30:
1095:middleware/FreeRTOS-Kernel/timers.c ****         {
 348              		.loc 1 1095 56 view .LVU88
1095:middleware/FreeRTOS-Kernel/timers.c ****         {
 349              		.loc 1 1095 16 is_stmt 0 view .LVU89
 350 0010 054B     		ldr	r3, .L33
 351 0012 1B68     		ldr	r3, [r3]
 352 0014 1A68     		ldr	r2, [r3]
1095:middleware/FreeRTOS-Kernel/timers.c ****         {
 353              		.loc 1 1095 56 view .LVU90
 354 0016 002A     		cmp	r2, #0
 355 0018 F4D1     		bne	.L31
1103:middleware/FreeRTOS-Kernel/timers.c ****         }
1104:middleware/FreeRTOS-Kernel/timers.c **** 
1105:middleware/FreeRTOS-Kernel/timers.c ****         pxTemp = pxCurrentTimerList;
 356              		.loc 1 1105 9 is_stmt 1 view .LVU91
 357              	.LVL34:
1106:middleware/FreeRTOS-Kernel/timers.c ****         pxCurrentTimerList = pxOverflowTimerList;
 358              		.loc 1 1106 9 view .LVU92
 359              		.loc 1 1106 28 is_stmt 0 view .LVU93
 360 001a 044A     		ldr	r2, .L33+4
 361 001c 1068     		ldr	r0, [r2]
 362 001e 0249     		ldr	r1, .L33
 363 0020 0860     		str	r0, [r1]
1107:middleware/FreeRTOS-Kernel/timers.c ****         pxOverflowTimerList = pxTemp;
 364              		.loc 1 1107 9 is_stmt 1 view .LVU94
 365              		.loc 1 1107 29 is_stmt 0 view .LVU95
 366 0022 1360     		str	r3, [r2]
1108:middleware/FreeRTOS-Kernel/timers.c ****     }
 367              		.loc 1 1108 5 view .LVU96
 368 0024 08BD     		pop	{r3, pc}
 369              	.LVL35:
 370              	.L34:
 371              		.loc 1 1108 5 view .LVU97
 372 0026 00BF     		.align	2
 373              	.L33:
 374 0028 00000000 		.word	pxCurrentTimerList
 375 002c 00000000 		.word	pxOverflowTimerList
 376              		.cfi_endproc
 377              	.LFE26:
 379              		.section	.text.prvSampleTimeNow,"ax",%progbits
 380              		.align	1
 381              		.syntax unified
 382              		.thumb
 383              		.thumb_func
 385              	prvSampleTimeNow:
 386              	.LVL36:
 387              	.LFB23:
ARM GAS  /tmp/ccZINekD.s 			page 28


 872:middleware/FreeRTOS-Kernel/timers.c ****         TickType_t xTimeNow;
 388              		.loc 1 872 5 is_stmt 1 view -0
 389              		.cfi_startproc
 390              		@ args = 0, pretend = 0, frame = 0
 391              		@ frame_needed = 0, uses_anonymous_args = 0
 872:middleware/FreeRTOS-Kernel/timers.c ****         TickType_t xTimeNow;
 392              		.loc 1 872 5 is_stmt 0 view .LVU99
 393 0000 38B5     		push	{r3, r4, r5, lr}
 394              	.LCFI4:
 395              		.cfi_def_cfa_offset 16
 396              		.cfi_offset 3, -16
 397              		.cfi_offset 4, -12
 398              		.cfi_offset 5, -8
 399              		.cfi_offset 14, -4
 400 0002 0546     		mov	r5, r0
 873:middleware/FreeRTOS-Kernel/timers.c ****         PRIVILEGED_DATA static TickType_t xLastTime = ( TickType_t ) 0U;
 401              		.loc 1 873 9 is_stmt 1 view .LVU100
 874:middleware/FreeRTOS-Kernel/timers.c **** 
 402              		.loc 1 874 25 view .LVU101
 876:middleware/FreeRTOS-Kernel/timers.c **** 
 403              		.loc 1 876 9 view .LVU102
 876:middleware/FreeRTOS-Kernel/timers.c **** 
 404              		.loc 1 876 20 is_stmt 0 view .LVU103
 405 0004 FFF7FEFF 		bl	xTaskGetTickCount
 406              	.LVL37:
 876:middleware/FreeRTOS-Kernel/timers.c **** 
 407              		.loc 1 876 20 view .LVU104
 408 0008 0446     		mov	r4, r0
 409              	.LVL38:
 878:middleware/FreeRTOS-Kernel/timers.c ****         {
 410              		.loc 1 878 9 is_stmt 1 view .LVU105
 878:middleware/FreeRTOS-Kernel/timers.c ****         {
 411              		.loc 1 878 22 is_stmt 0 view .LVU106
 412 000a 074B     		ldr	r3, .L40
 413 000c 1B68     		ldr	r3, [r3]
 878:middleware/FreeRTOS-Kernel/timers.c ****         {
 414              		.loc 1 878 11 view .LVU107
 415 000e 8342     		cmp	r3, r0
 416 0010 05D8     		bhi	.L39
 885:middleware/FreeRTOS-Kernel/timers.c ****         }
 417              		.loc 1 885 13 is_stmt 1 view .LVU108
 885:middleware/FreeRTOS-Kernel/timers.c ****         }
 418              		.loc 1 885 39 is_stmt 0 view .LVU109
 419 0012 0023     		movs	r3, #0
 420 0014 2B60     		str	r3, [r5]
 421              	.LVL39:
 422              	.L37:
 888:middleware/FreeRTOS-Kernel/timers.c **** 
 423              		.loc 1 888 9 is_stmt 1 view .LVU110
 888:middleware/FreeRTOS-Kernel/timers.c **** 
 424              		.loc 1 888 19 is_stmt 0 view .LVU111
 425 0016 044B     		ldr	r3, .L40
 426 0018 1C60     		str	r4, [r3]
 890:middleware/FreeRTOS-Kernel/timers.c ****     }
 427              		.loc 1 890 9 is_stmt 1 view .LVU112
 891:middleware/FreeRTOS-Kernel/timers.c **** /*-----------------------------------------------------------*/
 428              		.loc 1 891 5 is_stmt 0 view .LVU113
ARM GAS  /tmp/ccZINekD.s 			page 29


 429 001a 2046     		mov	r0, r4
 430 001c 38BD     		pop	{r3, r4, r5, pc}
 431              	.LVL40:
 432              	.L39:
 880:middleware/FreeRTOS-Kernel/timers.c ****             *pxTimerListsWereSwitched = pdTRUE;
 433              		.loc 1 880 13 is_stmt 1 view .LVU114
 434 001e FFF7FEFF 		bl	prvSwitchTimerLists
 435              	.LVL41:
 881:middleware/FreeRTOS-Kernel/timers.c ****         }
 436              		.loc 1 881 13 view .LVU115
 881:middleware/FreeRTOS-Kernel/timers.c ****         }
 437              		.loc 1 881 39 is_stmt 0 view .LVU116
 438 0022 0123     		movs	r3, #1
 439 0024 2B60     		str	r3, [r5]
 440 0026 F6E7     		b	.L37
 441              	.L41:
 442              		.align	2
 443              	.L40:
 444 0028 00000000 		.word	xLastTime.2
 445              		.cfi_endproc
 446              	.LFE23:
 448              		.section	.text.prvProcessTimerOrBlockTask,"ax",%progbits
 449              		.align	1
 450              		.syntax unified
 451              		.thumb
 452              		.thumb_func
 454              	prvProcessTimerOrBlockTask:
 455              	.LVL42:
 456              	.LFB21:
 784:middleware/FreeRTOS-Kernel/timers.c ****         TickType_t xTimeNow;
 457              		.loc 1 784 5 is_stmt 1 view -0
 458              		.cfi_startproc
 459              		@ args = 0, pretend = 0, frame = 8
 460              		@ frame_needed = 0, uses_anonymous_args = 0
 784:middleware/FreeRTOS-Kernel/timers.c ****         TickType_t xTimeNow;
 461              		.loc 1 784 5 is_stmt 0 view .LVU118
 462 0000 70B5     		push	{r4, r5, r6, lr}
 463              	.LCFI5:
 464              		.cfi_def_cfa_offset 16
 465              		.cfi_offset 4, -16
 466              		.cfi_offset 5, -12
 467              		.cfi_offset 6, -8
 468              		.cfi_offset 14, -4
 469 0002 82B0     		sub	sp, sp, #8
 470              	.LCFI6:
 471              		.cfi_def_cfa_offset 24
 472 0004 0646     		mov	r6, r0
 473 0006 0C46     		mov	r4, r1
 785:middleware/FreeRTOS-Kernel/timers.c ****         BaseType_t xTimerListsWereSwitched;
 474              		.loc 1 785 9 is_stmt 1 view .LVU119
 786:middleware/FreeRTOS-Kernel/timers.c **** 
 475              		.loc 1 786 9 view .LVU120
 788:middleware/FreeRTOS-Kernel/timers.c ****         {
 476              		.loc 1 788 9 view .LVU121
 477 0008 FFF7FEFF 		bl	vTaskSuspendAll
 478              	.LVL43:
 795:middleware/FreeRTOS-Kernel/timers.c **** 
ARM GAS  /tmp/ccZINekD.s 			page 30


 479              		.loc 1 795 13 view .LVU122
 795:middleware/FreeRTOS-Kernel/timers.c **** 
 480              		.loc 1 795 24 is_stmt 0 view .LVU123
 481 000c 01A8     		add	r0, sp, #4
 482 000e FFF7FEFF 		bl	prvSampleTimeNow
 483              	.LVL44:
 797:middleware/FreeRTOS-Kernel/timers.c ****             {
 484              		.loc 1 797 13 is_stmt 1 view .LVU124
 797:middleware/FreeRTOS-Kernel/timers.c ****             {
 485              		.loc 1 797 41 is_stmt 0 view .LVU125
 486 0012 019B     		ldr	r3, [sp, #4]
 797:middleware/FreeRTOS-Kernel/timers.c ****             {
 487              		.loc 1 797 15 view .LVU126
 488 0014 33BB     		cbnz	r3, .L43
 489 0016 0546     		mov	r5, r0
 800:middleware/FreeRTOS-Kernel/timers.c ****                 {
 490              		.loc 1 800 17 is_stmt 1 view .LVU127
 800:middleware/FreeRTOS-Kernel/timers.c ****                 {
 491              		.loc 1 800 19 is_stmt 0 view .LVU128
 492 0018 E4B9     		cbnz	r4, .L44
 800:middleware/FreeRTOS-Kernel/timers.c ****                 {
 493              		.loc 1 800 50 discriminator 1 view .LVU129
 494 001a B042     		cmp	r0, r6
 495 001c 13D2     		bcs	.L49
 496              	.LVL45:
 497              	.L45:
 820:middleware/FreeRTOS-Kernel/timers.c **** 
 498              		.loc 1 820 21 is_stmt 1 view .LVU130
 499 001e 2246     		mov	r2, r4
 500 0020 711B     		subs	r1, r6, r5
 501 0022 124B     		ldr	r3, .L50
 502 0024 1868     		ldr	r0, [r3]
 503              	.LVL46:
 820:middleware/FreeRTOS-Kernel/timers.c **** 
 504              		.loc 1 820 21 is_stmt 0 view .LVU131
 505 0026 FFF7FEFF 		bl	vQueueWaitForMessageRestricted
 506              	.LVL47:
 822:middleware/FreeRTOS-Kernel/timers.c ****                     {
 507              		.loc 1 822 21 is_stmt 1 view .LVU132
 822:middleware/FreeRTOS-Kernel/timers.c ****                     {
 508              		.loc 1 822 25 is_stmt 0 view .LVU133
 509 002a FFF7FEFF 		bl	xTaskResumeAll
 510              	.LVL48:
 822:middleware/FreeRTOS-Kernel/timers.c ****                     {
 511              		.loc 1 822 23 discriminator 1 view .LVU134
 512 002e D8B9     		cbnz	r0, .L42
 828:middleware/FreeRTOS-Kernel/timers.c ****                     }
 513              		.loc 1 828 25 is_stmt 1 view .LVU135
 514 0030 4FF0E023 		mov	r3, #-536813568
 515 0034 4FF08052 		mov	r2, #268435456
 516 0038 C3F8042D 		str	r2, [r3, #3332]
 828:middleware/FreeRTOS-Kernel/timers.c ****                     }
 517              		.loc 1 828 25 view .LVU136
 518              		.syntax unified
 519              	@ 828 "middleware/FreeRTOS-Kernel/timers.c" 1
 520 003c BFF34F8F 		dsb
 521              	@ 0 "" 2
ARM GAS  /tmp/ccZINekD.s 			page 31


 828:middleware/FreeRTOS-Kernel/timers.c ****                     }
 522              		.loc 1 828 25 view .LVU137
 523              	@ 828 "middleware/FreeRTOS-Kernel/timers.c" 1
 524 0040 BFF36F8F 		isb
 525              	@ 0 "" 2
 828:middleware/FreeRTOS-Kernel/timers.c ****                     }
 526              		.loc 1 828 47 view .LVU138
 527              		.thumb
 528              		.syntax unified
 529 0044 10E0     		b	.L42
 530              	.LVL49:
 531              	.L49:
 802:middleware/FreeRTOS-Kernel/timers.c ****                     prvProcessExpiredTimer( xNextExpireTime, xTimeNow );
 532              		.loc 1 802 21 view .LVU139
 802:middleware/FreeRTOS-Kernel/timers.c ****                     prvProcessExpiredTimer( xNextExpireTime, xTimeNow );
 533              		.loc 1 802 30 is_stmt 0 view .LVU140
 534 0046 FFF7FEFF 		bl	xTaskResumeAll
 535              	.LVL50:
 803:middleware/FreeRTOS-Kernel/timers.c ****                 }
 536              		.loc 1 803 21 is_stmt 1 view .LVU141
 537 004a 2946     		mov	r1, r5
 538 004c 3046     		mov	r0, r6
 539 004e FFF7FEFF 		bl	prvProcessExpiredTimer
 540              	.LVL51:
 541 0052 09E0     		b	.L42
 542              	.LVL52:
 543              	.L44:
 817:middleware/FreeRTOS-Kernel/timers.c ****                     }
 544              		.loc 1 817 25 view .LVU142
 817:middleware/FreeRTOS-Kernel/timers.c ****                     }
 545              		.loc 1 817 41 is_stmt 0 view .LVU143
 546 0054 064A     		ldr	r2, .L50+4
 547 0056 1268     		ldr	r2, [r2]
 548 0058 1268     		ldr	r2, [r2]
 549 005a 0AB9     		cbnz	r2, .L47
 817:middleware/FreeRTOS-Kernel/timers.c ****                     }
 550              		.loc 1 817 41 discriminator 1 view .LVU144
 551 005c 0124     		movs	r4, #1
 552              	.LVL53:
 817:middleware/FreeRTOS-Kernel/timers.c ****                     }
 553              		.loc 1 817 41 discriminator 1 view .LVU145
 554 005e DEE7     		b	.L45
 555              	.LVL54:
 556              	.L47:
 817:middleware/FreeRTOS-Kernel/timers.c ****                     }
 557              		.loc 1 817 41 discriminator 2 view .LVU146
 558 0060 1C46     		mov	r4, r3
 559              	.LVL55:
 817:middleware/FreeRTOS-Kernel/timers.c ****                     }
 560              		.loc 1 817 41 discriminator 2 view .LVU147
 561 0062 DCE7     		b	.L45
 562              	.LVL56:
 563              	.L43:
 838:middleware/FreeRTOS-Kernel/timers.c ****             }
 564              		.loc 1 838 17 is_stmt 1 view .LVU148
 838:middleware/FreeRTOS-Kernel/timers.c ****             }
 565              		.loc 1 838 26 is_stmt 0 view .LVU149
ARM GAS  /tmp/ccZINekD.s 			page 32


 566 0064 FFF7FEFF 		bl	xTaskResumeAll
 567              	.LVL57:
 568              	.L42:
 841:middleware/FreeRTOS-Kernel/timers.c **** /*-----------------------------------------------------------*/
 569              		.loc 1 841 5 view .LVU150
 570 0068 02B0     		add	sp, sp, #8
 571              	.LCFI7:
 572              		.cfi_def_cfa_offset 16
 573              		@ sp needed
 574 006a 70BD     		pop	{r4, r5, r6, pc}
 575              	.LVL58:
 576              	.L51:
 841:middleware/FreeRTOS-Kernel/timers.c **** /*-----------------------------------------------------------*/
 577              		.loc 1 841 5 view .LVU151
 578              		.align	2
 579              	.L50:
 580 006c 00000000 		.word	xTimerQueue
 581 0070 00000000 		.word	pxOverflowTimerList
 582              		.cfi_endproc
 583              	.LFE21:
 585              		.section	.text.prvProcessReceivedCommands,"ax",%progbits
 586              		.align	1
 587              		.syntax unified
 588              		.thumb
 589              		.thumb_func
 591              	prvProcessReceivedCommands:
 592              	.LFB25:
 939:middleware/FreeRTOS-Kernel/timers.c ****         DaemonTaskMessage_t xMessage = { 0 };
 593              		.loc 1 939 5 is_stmt 1 view -0
 594              		.cfi_startproc
 595              		@ args = 0, pretend = 0, frame = 16
 596              		@ frame_needed = 0, uses_anonymous_args = 0
 597 0000 30B5     		push	{r4, r5, lr}
 598              	.LCFI8:
 599              		.cfi_def_cfa_offset 12
 600              		.cfi_offset 4, -12
 601              		.cfi_offset 5, -8
 602              		.cfi_offset 14, -4
 603 0002 85B0     		sub	sp, sp, #20
 604              	.LCFI9:
 605              		.cfi_def_cfa_offset 32
 940:middleware/FreeRTOS-Kernel/timers.c ****         Timer_t * pxTimer;
 606              		.loc 1 940 9 view .LVU153
 940:middleware/FreeRTOS-Kernel/timers.c ****         Timer_t * pxTimer;
 607              		.loc 1 940 29 is_stmt 0 view .LVU154
 608 0004 0023     		movs	r3, #0
 609 0006 0193     		str	r3, [sp, #4]
 610 0008 0293     		str	r3, [sp, #8]
 611 000a 0393     		str	r3, [sp, #12]
 941:middleware/FreeRTOS-Kernel/timers.c ****         BaseType_t xTimerListsWereSwitched;
 612              		.loc 1 941 9 is_stmt 1 view .LVU155
 942:middleware/FreeRTOS-Kernel/timers.c ****         TickType_t xTimeNow;
 613              		.loc 1 942 9 view .LVU156
 943:middleware/FreeRTOS-Kernel/timers.c **** 
 614              		.loc 1 943 9 view .LVU157
 945:middleware/FreeRTOS-Kernel/timers.c ****         {
 615              		.loc 1 945 9 view .LVU158
ARM GAS  /tmp/ccZINekD.s 			page 33


 616              	.L54:
 945:middleware/FreeRTOS-Kernel/timers.c ****         {
 617              		.loc 1 945 69 view .LVU159
 945:middleware/FreeRTOS-Kernel/timers.c ****         {
 618              		.loc 1 945 16 is_stmt 0 view .LVU160
 619 000c 0022     		movs	r2, #0
 620 000e 01A9     		add	r1, sp, #4
 621 0010 354B     		ldr	r3, .L73
 622 0012 1868     		ldr	r0, [r3]
 623 0014 FFF7FEFF 		bl	xQueueReceive
 624              	.LVL59:
 945:middleware/FreeRTOS-Kernel/timers.c ****         {
 625              		.loc 1 945 69 discriminator 1 view .LVU161
 626 0018 0028     		cmp	r0, #0
 627 001a 62D0     		beq	.L70
 971:middleware/FreeRTOS-Kernel/timers.c ****             {
 628              		.loc 1 971 13 is_stmt 1 view .LVU162
 971:middleware/FreeRTOS-Kernel/timers.c ****             {
 629              		.loc 1 971 25 is_stmt 0 view .LVU163
 630 001c 019B     		ldr	r3, [sp, #4]
 971:middleware/FreeRTOS-Kernel/timers.c ****             {
 631              		.loc 1 971 15 view .LVU164
 632 001e 002B     		cmp	r3, #0
 633 0020 F4DB     		blt	.L54
 975:middleware/FreeRTOS-Kernel/timers.c **** 
 634              		.loc 1 975 17 is_stmt 1 view .LVU165
 975:middleware/FreeRTOS-Kernel/timers.c **** 
 635              		.loc 1 975 25 is_stmt 0 view .LVU166
 636 0022 039C     		ldr	r4, [sp, #12]
 637              	.LVL60:
 977:middleware/FreeRTOS-Kernel/timers.c ****                 {
 638              		.loc 1 977 17 is_stmt 1 view .LVU167
 977:middleware/FreeRTOS-Kernel/timers.c ****                 {
 639              		.loc 1 977 21 is_stmt 0 view .LVU168
 640 0024 6369     		ldr	r3, [r4, #20]
 977:middleware/FreeRTOS-Kernel/timers.c ****                 {
 641              		.loc 1 977 19 view .LVU169
 642 0026 13B1     		cbz	r3, .L55
 980:middleware/FreeRTOS-Kernel/timers.c ****                 }
 643              		.loc 1 980 21 is_stmt 1 view .LVU170
 980:middleware/FreeRTOS-Kernel/timers.c ****                 }
 644              		.loc 1 980 30 is_stmt 0 view .LVU171
 645 0028 201D     		adds	r0, r4, #4
 646 002a FFF7FEFF 		bl	uxListRemove
 647              	.LVL61:
 648              	.L55:
 984:middleware/FreeRTOS-Kernel/timers.c ****                 }
 649              		.loc 1 984 45 is_stmt 1 view .LVU172
 987:middleware/FreeRTOS-Kernel/timers.c **** 
 650              		.loc 1 987 119 view .LVU173
 995:middleware/FreeRTOS-Kernel/timers.c **** 
 651              		.loc 1 995 17 view .LVU174
 995:middleware/FreeRTOS-Kernel/timers.c **** 
 652              		.loc 1 995 28 is_stmt 0 view .LVU175
 653 002e 6846     		mov	r0, sp
 654 0030 FFF7FEFF 		bl	prvSampleTimeNow
 655              	.LVL62:
ARM GAS  /tmp/ccZINekD.s 			page 34


 656 0034 0546     		mov	r5, r0
 657              	.LVL63:
 997:middleware/FreeRTOS-Kernel/timers.c ****                 {
 658              		.loc 1 997 17 is_stmt 1 view .LVU176
 997:middleware/FreeRTOS-Kernel/timers.c ****                 {
 659              		.loc 1 997 33 is_stmt 0 view .LVU177
 660 0036 019B     		ldr	r3, [sp, #4]
 997:middleware/FreeRTOS-Kernel/timers.c ****                 {
 661              		.loc 1 997 17 view .LVU178
 662 0038 013B     		subs	r3, r3, #1
 663 003a 082B     		cmp	r3, #8
 664 003c E6D8     		bhi	.L54
 665 003e DFE803F0 		tbb	[pc, r3]
 666              	.L58:
 667 0042 05       		.byte	(.L60-.L58)/2
 668 0043 05       		.byte	(.L60-.L58)/2
 669 0044 29       		.byte	(.L59-.L58)/2
 670 0045 30       		.byte	(.L57-.L58)/2
 671 0046 49       		.byte	(.L61-.L58)/2
 672 0047 05       		.byte	(.L60-.L58)/2
 673 0048 05       		.byte	(.L60-.L58)/2
 674 0049 29       		.byte	(.L59-.L58)/2
 675 004a 30       		.byte	(.L57-.L58)/2
 676 004b 00       		.p2align 1
 677              	.L60:
1004:middleware/FreeRTOS-Kernel/timers.c **** 
 678              		.loc 1 1004 25 is_stmt 1 view .LVU179
1004:middleware/FreeRTOS-Kernel/timers.c **** 
 679              		.loc 1 1004 32 is_stmt 0 view .LVU180
 680 004c 94F82430 		ldrb	r3, [r4, #36]	@ zero_extendqisi2
1004:middleware/FreeRTOS-Kernel/timers.c **** 
 681              		.loc 1 1004 43 view .LVU181
 682 0050 43F00103 		orr	r3, r3, #1
 683 0054 84F82430 		strb	r3, [r4, #36]
1006:middleware/FreeRTOS-Kernel/timers.c ****                         {
 684              		.loc 1 1006 25 is_stmt 1 view .LVU182
1006:middleware/FreeRTOS-Kernel/timers.c ****                         {
 685              		.loc 1 1006 93 is_stmt 0 view .LVU183
 686 0058 029B     		ldr	r3, [sp, #8]
1006:middleware/FreeRTOS-Kernel/timers.c ****                         {
 687              		.loc 1 1006 117 view .LVU184
 688 005a A169     		ldr	r1, [r4, #24]
1006:middleware/FreeRTOS-Kernel/timers.c ****                         {
 689              		.loc 1 1006 29 view .LVU185
 690 005c 0246     		mov	r2, r0
 691 005e 1944     		add	r1, r1, r3
 692 0060 2046     		mov	r0, r4
 693              	.LVL64:
1006:middleware/FreeRTOS-Kernel/timers.c ****                         {
 694              		.loc 1 1006 29 view .LVU186
 695 0062 FFF7FEFF 		bl	prvInsertTimerInActiveList
 696              	.LVL65:
1006:middleware/FreeRTOS-Kernel/timers.c ****                         {
 697              		.loc 1 1006 27 discriminator 1 view .LVU187
 698 0066 0028     		cmp	r0, #0
 699 0068 D0D0     		beq	.L54
1010:middleware/FreeRTOS-Kernel/timers.c ****                             {
ARM GAS  /tmp/ccZINekD.s 			page 35


 700              		.loc 1 1010 29 is_stmt 1 view .LVU188
1010:middleware/FreeRTOS-Kernel/timers.c ****                             {
 701              		.loc 1 1010 42 is_stmt 0 view .LVU189
 702 006a 94F82430 		ldrb	r3, [r4, #36]	@ zero_extendqisi2
1010:middleware/FreeRTOS-Kernel/timers.c ****                             {
 703              		.loc 1 1010 31 view .LVU190
 704 006e 13F0040F 		tst	r3, #4
 705 0072 07D1     		bne	.L71
1016:middleware/FreeRTOS-Kernel/timers.c ****                             }
 706              		.loc 1 1016 33 is_stmt 1 view .LVU191
1016:middleware/FreeRTOS-Kernel/timers.c ****                             }
 707              		.loc 1 1016 51 is_stmt 0 view .LVU192
 708 0074 23F00103 		bic	r3, r3, #1
 709 0078 84F82430 		strb	r3, [r4, #36]
 710              	.L64:
1020:middleware/FreeRTOS-Kernel/timers.c ****                             pxTimer->pxCallbackFunction( ( TimerHandle_t ) pxTimer );
 711              		.loc 1 1020 58 is_stmt 1 view .LVU193
1021:middleware/FreeRTOS-Kernel/timers.c ****                         }
 712              		.loc 1 1021 29 view .LVU194
1021:middleware/FreeRTOS-Kernel/timers.c ****                         }
 713              		.loc 1 1021 36 is_stmt 0 view .LVU195
 714 007c 236A     		ldr	r3, [r4, #32]
1021:middleware/FreeRTOS-Kernel/timers.c ****                         }
 715              		.loc 1 1021 29 view .LVU196
 716 007e 2046     		mov	r0, r4
 717 0080 9847     		blx	r3
 718              	.LVL66:
 719 0082 C3E7     		b	.L54
 720              	.L71:
1012:middleware/FreeRTOS-Kernel/timers.c ****                             }
 721              		.loc 1 1012 33 is_stmt 1 view .LVU197
1012:middleware/FreeRTOS-Kernel/timers.c ****                             }
 722              		.loc 1 1012 109 is_stmt 0 view .LVU198
 723 0084 A369     		ldr	r3, [r4, #24]
1012:middleware/FreeRTOS-Kernel/timers.c ****                             }
 724              		.loc 1 1012 33 view .LVU199
 725 0086 2A46     		mov	r2, r5
 726 0088 0299     		ldr	r1, [sp, #8]
 727 008a 1944     		add	r1, r1, r3
 728 008c 2046     		mov	r0, r4
 729 008e FFF7FEFF 		bl	prvReloadTimer
 730              	.LVL67:
 731 0092 F3E7     		b	.L64
 732              	.LVL68:
 733              	.L59:
1033:middleware/FreeRTOS-Kernel/timers.c ****                         break;
 734              		.loc 1 1033 25 is_stmt 1 view .LVU200
1033:middleware/FreeRTOS-Kernel/timers.c ****                         break;
 735              		.loc 1 1033 32 is_stmt 0 view .LVU201
 736 0094 94F82430 		ldrb	r3, [r4, #36]	@ zero_extendqisi2
1033:middleware/FreeRTOS-Kernel/timers.c ****                         break;
 737              		.loc 1 1033 43 view .LVU202
 738 0098 23F00103 		bic	r3, r3, #1
 739 009c 84F82430 		strb	r3, [r4, #36]
1034:middleware/FreeRTOS-Kernel/timers.c **** 
 740              		.loc 1 1034 25 is_stmt 1 view .LVU203
 741 00a0 B4E7     		b	.L54
ARM GAS  /tmp/ccZINekD.s 			page 36


 742              	.L57:
1038:middleware/FreeRTOS-Kernel/timers.c ****                         pxTimer->xTimerPeriodInTicks = xMessage.u.xTimerParameters.xMessageValue;
 743              		.loc 1 1038 25 view .LVU204
1038:middleware/FreeRTOS-Kernel/timers.c ****                         pxTimer->xTimerPeriodInTicks = xMessage.u.xTimerParameters.xMessageValue;
 744              		.loc 1 1038 32 is_stmt 0 view .LVU205
 745 00a2 94F82430 		ldrb	r3, [r4, #36]	@ zero_extendqisi2
1038:middleware/FreeRTOS-Kernel/timers.c ****                         pxTimer->xTimerPeriodInTicks = xMessage.u.xTimerParameters.xMessageValue;
 746              		.loc 1 1038 43 view .LVU206
 747 00a6 43F00103 		orr	r3, r3, #1
 748 00aa 84F82430 		strb	r3, [r4, #36]
1039:middleware/FreeRTOS-Kernel/timers.c ****                         configASSERT( ( pxTimer->xTimerPeriodInTicks > 0 ) );
 749              		.loc 1 1039 25 is_stmt 1 view .LVU207
1039:middleware/FreeRTOS-Kernel/timers.c ****                         configASSERT( ( pxTimer->xTimerPeriodInTicks > 0 ) );
 750              		.loc 1 1039 83 is_stmt 0 view .LVU208
 751 00ae 0299     		ldr	r1, [sp, #8]
1039:middleware/FreeRTOS-Kernel/timers.c ****                         configASSERT( ( pxTimer->xTimerPeriodInTicks > 0 ) );
 752              		.loc 1 1039 54 view .LVU209
 753 00b0 A161     		str	r1, [r4, #24]
1040:middleware/FreeRTOS-Kernel/timers.c **** 
 754              		.loc 1 1040 25 is_stmt 1 view .LVU210
 755 00b2 31B1     		cbz	r1, .L72
1040:middleware/FreeRTOS-Kernel/timers.c **** 
 756              		.loc 1 1040 77 discriminator 2 view .LVU211
1048:middleware/FreeRTOS-Kernel/timers.c ****                         break;
 757              		.loc 1 1048 25 view .LVU212
1048:middleware/FreeRTOS-Kernel/timers.c ****                         break;
 758              		.loc 1 1048 34 is_stmt 0 view .LVU213
 759 00b4 0346     		mov	r3, r0
 760 00b6 0246     		mov	r2, r0
 761 00b8 0144     		add	r1, r1, r0
 762 00ba 2046     		mov	r0, r4
 763              	.LVL69:
1048:middleware/FreeRTOS-Kernel/timers.c ****                         break;
 764              		.loc 1 1048 34 view .LVU214
 765 00bc FFF7FEFF 		bl	prvInsertTimerInActiveList
 766              	.LVL70:
1049:middleware/FreeRTOS-Kernel/timers.c **** 
 767              		.loc 1 1049 25 is_stmt 1 view .LVU215
 768 00c0 A4E7     		b	.L54
 769              	.LVL71:
 770              	.L72:
1040:middleware/FreeRTOS-Kernel/timers.c **** 
 771              		.loc 1 1040 25 discriminator 1 view .LVU216
 772              	.LBB42:
 773              	.LBI42:
 774              		.file 2 "middleware/FreeRTOS-Kernel/portable/GCC/ARM_CM4F/portmacro.h"
   1:middleware/FreeRTOS-Kernel/portable/GCC/ARM_CM4F/portmacro.h **** /*
   2:middleware/FreeRTOS-Kernel/portable/GCC/ARM_CM4F/portmacro.h ****  * FreeRTOS Kernel V11.1.0
   3:middleware/FreeRTOS-Kernel/portable/GCC/ARM_CM4F/portmacro.h ****  * Copyright (C) 2021 Amazon.com, Inc. or its affiliates. All Rights Reserved.
   4:middleware/FreeRTOS-Kernel/portable/GCC/ARM_CM4F/portmacro.h ****  *
   5:middleware/FreeRTOS-Kernel/portable/GCC/ARM_CM4F/portmacro.h ****  * SPDX-License-Identifier: MIT
   6:middleware/FreeRTOS-Kernel/portable/GCC/ARM_CM4F/portmacro.h ****  *
   7:middleware/FreeRTOS-Kernel/portable/GCC/ARM_CM4F/portmacro.h ****  * Permission is hereby granted, free of charge, to any person obtaining a copy of
   8:middleware/FreeRTOS-Kernel/portable/GCC/ARM_CM4F/portmacro.h ****  * this software and associated documentation files (the "Software"), to deal in
   9:middleware/FreeRTOS-Kernel/portable/GCC/ARM_CM4F/portmacro.h ****  * the Software without restriction, including without limitation the rights to
  10:middleware/FreeRTOS-Kernel/portable/GCC/ARM_CM4F/portmacro.h ****  * use, copy, modify, merge, publish, distribute, sublicense, and/or sell copies of
  11:middleware/FreeRTOS-Kernel/portable/GCC/ARM_CM4F/portmacro.h ****  * the Software, and to permit persons to whom the Software is furnished to do so,
ARM GAS  /tmp/ccZINekD.s 			page 37


  12:middleware/FreeRTOS-Kernel/portable/GCC/ARM_CM4F/portmacro.h ****  * subject to the following conditions:
  13:middleware/FreeRTOS-Kernel/portable/GCC/ARM_CM4F/portmacro.h ****  *
  14:middleware/FreeRTOS-Kernel/portable/GCC/ARM_CM4F/portmacro.h ****  * The above copyright notice and this permission notice shall be included in all
  15:middleware/FreeRTOS-Kernel/portable/GCC/ARM_CM4F/portmacro.h ****  * copies or substantial portions of the Software.
  16:middleware/FreeRTOS-Kernel/portable/GCC/ARM_CM4F/portmacro.h ****  *
  17:middleware/FreeRTOS-Kernel/portable/GCC/ARM_CM4F/portmacro.h ****  * THE SOFTWARE IS PROVIDED "AS IS", WITHOUT WARRANTY OF ANY KIND, EXPRESS OR
  18:middleware/FreeRTOS-Kernel/portable/GCC/ARM_CM4F/portmacro.h ****  * IMPLIED, INCLUDING BUT NOT LIMITED TO THE WARRANTIES OF MERCHANTABILITY, FITNESS
  19:middleware/FreeRTOS-Kernel/portable/GCC/ARM_CM4F/portmacro.h ****  * FOR A PARTICULAR PURPOSE AND NONINFRINGEMENT. IN NO EVENT SHALL THE AUTHORS OR
  20:middleware/FreeRTOS-Kernel/portable/GCC/ARM_CM4F/portmacro.h ****  * COPYRIGHT HOLDERS BE LIABLE FOR ANY CLAIM, DAMAGES OR OTHER LIABILITY, WHETHER
  21:middleware/FreeRTOS-Kernel/portable/GCC/ARM_CM4F/portmacro.h ****  * IN AN ACTION OF CONTRACT, TORT OR OTHERWISE, ARISING FROM, OUT OF OR IN
  22:middleware/FreeRTOS-Kernel/portable/GCC/ARM_CM4F/portmacro.h ****  * CONNECTION WITH THE SOFTWARE OR THE USE OR OTHER DEALINGS IN THE SOFTWARE.
  23:middleware/FreeRTOS-Kernel/portable/GCC/ARM_CM4F/portmacro.h ****  *
  24:middleware/FreeRTOS-Kernel/portable/GCC/ARM_CM4F/portmacro.h ****  * https://www.FreeRTOS.org
  25:middleware/FreeRTOS-Kernel/portable/GCC/ARM_CM4F/portmacro.h ****  * https://github.com/FreeRTOS
  26:middleware/FreeRTOS-Kernel/portable/GCC/ARM_CM4F/portmacro.h ****  *
  27:middleware/FreeRTOS-Kernel/portable/GCC/ARM_CM4F/portmacro.h ****  */
  28:middleware/FreeRTOS-Kernel/portable/GCC/ARM_CM4F/portmacro.h **** 
  29:middleware/FreeRTOS-Kernel/portable/GCC/ARM_CM4F/portmacro.h **** 
  30:middleware/FreeRTOS-Kernel/portable/GCC/ARM_CM4F/portmacro.h **** #ifndef PORTMACRO_H
  31:middleware/FreeRTOS-Kernel/portable/GCC/ARM_CM4F/portmacro.h **** #define PORTMACRO_H
  32:middleware/FreeRTOS-Kernel/portable/GCC/ARM_CM4F/portmacro.h **** 
  33:middleware/FreeRTOS-Kernel/portable/GCC/ARM_CM4F/portmacro.h **** /* *INDENT-OFF* */
  34:middleware/FreeRTOS-Kernel/portable/GCC/ARM_CM4F/portmacro.h **** #ifdef __cplusplus
  35:middleware/FreeRTOS-Kernel/portable/GCC/ARM_CM4F/portmacro.h ****     extern "C" {
  36:middleware/FreeRTOS-Kernel/portable/GCC/ARM_CM4F/portmacro.h **** #endif
  37:middleware/FreeRTOS-Kernel/portable/GCC/ARM_CM4F/portmacro.h **** /* *INDENT-ON* */
  38:middleware/FreeRTOS-Kernel/portable/GCC/ARM_CM4F/portmacro.h **** 
  39:middleware/FreeRTOS-Kernel/portable/GCC/ARM_CM4F/portmacro.h **** /*-----------------------------------------------------------
  40:middleware/FreeRTOS-Kernel/portable/GCC/ARM_CM4F/portmacro.h ****  * Port specific definitions.
  41:middleware/FreeRTOS-Kernel/portable/GCC/ARM_CM4F/portmacro.h ****  *
  42:middleware/FreeRTOS-Kernel/portable/GCC/ARM_CM4F/portmacro.h ****  * The settings in this file configure FreeRTOS correctly for the
  43:middleware/FreeRTOS-Kernel/portable/GCC/ARM_CM4F/portmacro.h ****  * given hardware and compiler.
  44:middleware/FreeRTOS-Kernel/portable/GCC/ARM_CM4F/portmacro.h ****  *
  45:middleware/FreeRTOS-Kernel/portable/GCC/ARM_CM4F/portmacro.h ****  * These settings should not be altered.
  46:middleware/FreeRTOS-Kernel/portable/GCC/ARM_CM4F/portmacro.h ****  *-----------------------------------------------------------
  47:middleware/FreeRTOS-Kernel/portable/GCC/ARM_CM4F/portmacro.h ****  */
  48:middleware/FreeRTOS-Kernel/portable/GCC/ARM_CM4F/portmacro.h **** 
  49:middleware/FreeRTOS-Kernel/portable/GCC/ARM_CM4F/portmacro.h **** /* Type definitions. */
  50:middleware/FreeRTOS-Kernel/portable/GCC/ARM_CM4F/portmacro.h **** #define portCHAR          char
  51:middleware/FreeRTOS-Kernel/portable/GCC/ARM_CM4F/portmacro.h **** #define portFLOAT         float
  52:middleware/FreeRTOS-Kernel/portable/GCC/ARM_CM4F/portmacro.h **** #define portDOUBLE        double
  53:middleware/FreeRTOS-Kernel/portable/GCC/ARM_CM4F/portmacro.h **** #define portLONG          long
  54:middleware/FreeRTOS-Kernel/portable/GCC/ARM_CM4F/portmacro.h **** #define portSHORT         short
  55:middleware/FreeRTOS-Kernel/portable/GCC/ARM_CM4F/portmacro.h **** #define portSTACK_TYPE    uint32_t
  56:middleware/FreeRTOS-Kernel/portable/GCC/ARM_CM4F/portmacro.h **** #define portBASE_TYPE     long
  57:middleware/FreeRTOS-Kernel/portable/GCC/ARM_CM4F/portmacro.h **** 
  58:middleware/FreeRTOS-Kernel/portable/GCC/ARM_CM4F/portmacro.h **** typedef portSTACK_TYPE   StackType_t;
  59:middleware/FreeRTOS-Kernel/portable/GCC/ARM_CM4F/portmacro.h **** typedef long             BaseType_t;
  60:middleware/FreeRTOS-Kernel/portable/GCC/ARM_CM4F/portmacro.h **** typedef unsigned long    UBaseType_t;
  61:middleware/FreeRTOS-Kernel/portable/GCC/ARM_CM4F/portmacro.h **** 
  62:middleware/FreeRTOS-Kernel/portable/GCC/ARM_CM4F/portmacro.h **** #if ( configTICK_TYPE_WIDTH_IN_BITS == TICK_TYPE_WIDTH_16_BITS )
  63:middleware/FreeRTOS-Kernel/portable/GCC/ARM_CM4F/portmacro.h ****     typedef uint16_t     TickType_t;
  64:middleware/FreeRTOS-Kernel/portable/GCC/ARM_CM4F/portmacro.h ****     #define portMAX_DELAY              ( TickType_t ) 0xffff
  65:middleware/FreeRTOS-Kernel/portable/GCC/ARM_CM4F/portmacro.h **** #elif ( configTICK_TYPE_WIDTH_IN_BITS == TICK_TYPE_WIDTH_32_BITS )
  66:middleware/FreeRTOS-Kernel/portable/GCC/ARM_CM4F/portmacro.h ****     typedef uint32_t     TickType_t;
  67:middleware/FreeRTOS-Kernel/portable/GCC/ARM_CM4F/portmacro.h ****     #define portMAX_DELAY              ( TickType_t ) 0xffffffffUL
  68:middleware/FreeRTOS-Kernel/portable/GCC/ARM_CM4F/portmacro.h **** 
ARM GAS  /tmp/ccZINekD.s 			page 38


  69:middleware/FreeRTOS-Kernel/portable/GCC/ARM_CM4F/portmacro.h **** /* 32-bit tick type on a 32-bit architecture, so reads of the tick count do
  70:middleware/FreeRTOS-Kernel/portable/GCC/ARM_CM4F/portmacro.h ****  * not need to be guarded with a critical section. */
  71:middleware/FreeRTOS-Kernel/portable/GCC/ARM_CM4F/portmacro.h ****     #define portTICK_TYPE_IS_ATOMIC    1
  72:middleware/FreeRTOS-Kernel/portable/GCC/ARM_CM4F/portmacro.h **** #elif ( configTICK_TYPE_WIDTH_IN_BITS == TICK_TYPE_WIDTH_64_BITS )
  73:middleware/FreeRTOS-Kernel/portable/GCC/ARM_CM4F/portmacro.h ****     typedef uint64_t TickType_t;
  74:middleware/FreeRTOS-Kernel/portable/GCC/ARM_CM4F/portmacro.h ****     #define portMAX_DELAY              ( TickType_t ) 0xffffffffffffffffULL
  75:middleware/FreeRTOS-Kernel/portable/GCC/ARM_CM4F/portmacro.h **** #else /* if ( configTICK_TYPE_WIDTH_IN_BITS == TICK_TYPE_WIDTH_16_BITS ) */
  76:middleware/FreeRTOS-Kernel/portable/GCC/ARM_CM4F/portmacro.h ****     #error configTICK_TYPE_WIDTH_IN_BITS set to unsupported tick type width.
  77:middleware/FreeRTOS-Kernel/portable/GCC/ARM_CM4F/portmacro.h **** #endif /* if ( configTICK_TYPE_WIDTH_IN_BITS == TICK_TYPE_WIDTH_16_BITS ) */
  78:middleware/FreeRTOS-Kernel/portable/GCC/ARM_CM4F/portmacro.h **** /*-----------------------------------------------------------*/
  79:middleware/FreeRTOS-Kernel/portable/GCC/ARM_CM4F/portmacro.h **** 
  80:middleware/FreeRTOS-Kernel/portable/GCC/ARM_CM4F/portmacro.h **** /* Architecture specifics. */
  81:middleware/FreeRTOS-Kernel/portable/GCC/ARM_CM4F/portmacro.h **** #define portSTACK_GROWTH      ( -1 )
  82:middleware/FreeRTOS-Kernel/portable/GCC/ARM_CM4F/portmacro.h **** #define portTICK_PERIOD_MS    ( ( TickType_t ) 1000 / configTICK_RATE_HZ )
  83:middleware/FreeRTOS-Kernel/portable/GCC/ARM_CM4F/portmacro.h **** #define portBYTE_ALIGNMENT    8
  84:middleware/FreeRTOS-Kernel/portable/GCC/ARM_CM4F/portmacro.h **** #define portDONT_DISCARD      __attribute__( ( used ) )
  85:middleware/FreeRTOS-Kernel/portable/GCC/ARM_CM4F/portmacro.h **** /*-----------------------------------------------------------*/
  86:middleware/FreeRTOS-Kernel/portable/GCC/ARM_CM4F/portmacro.h **** 
  87:middleware/FreeRTOS-Kernel/portable/GCC/ARM_CM4F/portmacro.h **** /* Scheduler utilities. */
  88:middleware/FreeRTOS-Kernel/portable/GCC/ARM_CM4F/portmacro.h **** #define portYIELD()                                     \
  89:middleware/FreeRTOS-Kernel/portable/GCC/ARM_CM4F/portmacro.h ****     {                                                   \
  90:middleware/FreeRTOS-Kernel/portable/GCC/ARM_CM4F/portmacro.h ****         /* Set a PendSV to request a context switch. */ \
  91:middleware/FreeRTOS-Kernel/portable/GCC/ARM_CM4F/portmacro.h ****         portNVIC_INT_CTRL_REG = portNVIC_PENDSVSET_BIT; \
  92:middleware/FreeRTOS-Kernel/portable/GCC/ARM_CM4F/portmacro.h ****                                                         \
  93:middleware/FreeRTOS-Kernel/portable/GCC/ARM_CM4F/portmacro.h ****         /* Barriers are normally not required but do ensure the code is completely \
  94:middleware/FreeRTOS-Kernel/portable/GCC/ARM_CM4F/portmacro.h ****          * within the specified behaviour for the architecture. */ \
  95:middleware/FreeRTOS-Kernel/portable/GCC/ARM_CM4F/portmacro.h ****         __asm volatile ( "dsb" ::: "memory" );                     \
  96:middleware/FreeRTOS-Kernel/portable/GCC/ARM_CM4F/portmacro.h ****         __asm volatile ( "isb" );                                  \
  97:middleware/FreeRTOS-Kernel/portable/GCC/ARM_CM4F/portmacro.h ****     }
  98:middleware/FreeRTOS-Kernel/portable/GCC/ARM_CM4F/portmacro.h **** 
  99:middleware/FreeRTOS-Kernel/portable/GCC/ARM_CM4F/portmacro.h **** #define portNVIC_INT_CTRL_REG     ( *( ( volatile uint32_t * ) 0xe000ed04 ) )
 100:middleware/FreeRTOS-Kernel/portable/GCC/ARM_CM4F/portmacro.h **** #define portNVIC_PENDSVSET_BIT    ( 1UL << 28UL )
 101:middleware/FreeRTOS-Kernel/portable/GCC/ARM_CM4F/portmacro.h **** #define portEND_SWITCHING_ISR( xSwitchRequired ) \
 102:middleware/FreeRTOS-Kernel/portable/GCC/ARM_CM4F/portmacro.h ****     do                                           \
 103:middleware/FreeRTOS-Kernel/portable/GCC/ARM_CM4F/portmacro.h ****     {                                            \
 104:middleware/FreeRTOS-Kernel/portable/GCC/ARM_CM4F/portmacro.h ****         if( xSwitchRequired != pdFALSE )         \
 105:middleware/FreeRTOS-Kernel/portable/GCC/ARM_CM4F/portmacro.h ****         {                                        \
 106:middleware/FreeRTOS-Kernel/portable/GCC/ARM_CM4F/portmacro.h ****             traceISR_EXIT_TO_SCHEDULER();        \
 107:middleware/FreeRTOS-Kernel/portable/GCC/ARM_CM4F/portmacro.h ****             portYIELD();                         \
 108:middleware/FreeRTOS-Kernel/portable/GCC/ARM_CM4F/portmacro.h ****         }                                        \
 109:middleware/FreeRTOS-Kernel/portable/GCC/ARM_CM4F/portmacro.h ****         else                                     \
 110:middleware/FreeRTOS-Kernel/portable/GCC/ARM_CM4F/portmacro.h ****         {                                        \
 111:middleware/FreeRTOS-Kernel/portable/GCC/ARM_CM4F/portmacro.h ****             traceISR_EXIT();                     \
 112:middleware/FreeRTOS-Kernel/portable/GCC/ARM_CM4F/portmacro.h ****         }                                        \
 113:middleware/FreeRTOS-Kernel/portable/GCC/ARM_CM4F/portmacro.h ****     } while( 0 )
 114:middleware/FreeRTOS-Kernel/portable/GCC/ARM_CM4F/portmacro.h **** #define portYIELD_FROM_ISR( x )    portEND_SWITCHING_ISR( x )
 115:middleware/FreeRTOS-Kernel/portable/GCC/ARM_CM4F/portmacro.h **** /*-----------------------------------------------------------*/
 116:middleware/FreeRTOS-Kernel/portable/GCC/ARM_CM4F/portmacro.h **** 
 117:middleware/FreeRTOS-Kernel/portable/GCC/ARM_CM4F/portmacro.h **** /* Critical section management. */
 118:middleware/FreeRTOS-Kernel/portable/GCC/ARM_CM4F/portmacro.h **** extern void vPortEnterCritical( void );
 119:middleware/FreeRTOS-Kernel/portable/GCC/ARM_CM4F/portmacro.h **** extern void vPortExitCritical( void );
 120:middleware/FreeRTOS-Kernel/portable/GCC/ARM_CM4F/portmacro.h **** #define portSET_INTERRUPT_MASK_FROM_ISR()         ulPortRaiseBASEPRI()
 121:middleware/FreeRTOS-Kernel/portable/GCC/ARM_CM4F/portmacro.h **** #define portCLEAR_INTERRUPT_MASK_FROM_ISR( x )    vPortSetBASEPRI( x )
 122:middleware/FreeRTOS-Kernel/portable/GCC/ARM_CM4F/portmacro.h **** #define portDISABLE_INTERRUPTS()                  vPortRaiseBASEPRI()
 123:middleware/FreeRTOS-Kernel/portable/GCC/ARM_CM4F/portmacro.h **** #define portENABLE_INTERRUPTS()                   vPortSetBASEPRI( 0 )
 124:middleware/FreeRTOS-Kernel/portable/GCC/ARM_CM4F/portmacro.h **** #define portENTER_CRITICAL()                      vPortEnterCritical()
 125:middleware/FreeRTOS-Kernel/portable/GCC/ARM_CM4F/portmacro.h **** #define portEXIT_CRITICAL()                       vPortExitCritical()
ARM GAS  /tmp/ccZINekD.s 			page 39


 126:middleware/FreeRTOS-Kernel/portable/GCC/ARM_CM4F/portmacro.h **** 
 127:middleware/FreeRTOS-Kernel/portable/GCC/ARM_CM4F/portmacro.h **** /*-----------------------------------------------------------*/
 128:middleware/FreeRTOS-Kernel/portable/GCC/ARM_CM4F/portmacro.h **** 
 129:middleware/FreeRTOS-Kernel/portable/GCC/ARM_CM4F/portmacro.h **** /* Task function macros as described on the FreeRTOS.org WEB site.  These are
 130:middleware/FreeRTOS-Kernel/portable/GCC/ARM_CM4F/portmacro.h ****  * not necessary for to use this port.  They are defined so the common demo files
 131:middleware/FreeRTOS-Kernel/portable/GCC/ARM_CM4F/portmacro.h ****  * (which build with all the ports) will build. */
 132:middleware/FreeRTOS-Kernel/portable/GCC/ARM_CM4F/portmacro.h **** #define portTASK_FUNCTION_PROTO( vFunction, pvParameters )    void vFunction( void * pvParameters )
 133:middleware/FreeRTOS-Kernel/portable/GCC/ARM_CM4F/portmacro.h **** #define portTASK_FUNCTION( vFunction, pvParameters )          void vFunction( void * pvParameters )
 134:middleware/FreeRTOS-Kernel/portable/GCC/ARM_CM4F/portmacro.h **** /*-----------------------------------------------------------*/
 135:middleware/FreeRTOS-Kernel/portable/GCC/ARM_CM4F/portmacro.h **** 
 136:middleware/FreeRTOS-Kernel/portable/GCC/ARM_CM4F/portmacro.h **** /* Tickless idle/low power functionality. */
 137:middleware/FreeRTOS-Kernel/portable/GCC/ARM_CM4F/portmacro.h **** #ifndef portSUPPRESS_TICKS_AND_SLEEP
 138:middleware/FreeRTOS-Kernel/portable/GCC/ARM_CM4F/portmacro.h ****     extern void vPortSuppressTicksAndSleep( TickType_t xExpectedIdleTime );
 139:middleware/FreeRTOS-Kernel/portable/GCC/ARM_CM4F/portmacro.h ****     #define portSUPPRESS_TICKS_AND_SLEEP( xExpectedIdleTime )    vPortSuppressTicksAndSleep( xExpec
 140:middleware/FreeRTOS-Kernel/portable/GCC/ARM_CM4F/portmacro.h **** #endif
 141:middleware/FreeRTOS-Kernel/portable/GCC/ARM_CM4F/portmacro.h **** /*-----------------------------------------------------------*/
 142:middleware/FreeRTOS-Kernel/portable/GCC/ARM_CM4F/portmacro.h **** 
 143:middleware/FreeRTOS-Kernel/portable/GCC/ARM_CM4F/portmacro.h **** /* Architecture specific optimisations. */
 144:middleware/FreeRTOS-Kernel/portable/GCC/ARM_CM4F/portmacro.h **** #ifndef configUSE_PORT_OPTIMISED_TASK_SELECTION
 145:middleware/FreeRTOS-Kernel/portable/GCC/ARM_CM4F/portmacro.h ****     #define configUSE_PORT_OPTIMISED_TASK_SELECTION    1
 146:middleware/FreeRTOS-Kernel/portable/GCC/ARM_CM4F/portmacro.h **** #endif
 147:middleware/FreeRTOS-Kernel/portable/GCC/ARM_CM4F/portmacro.h **** 
 148:middleware/FreeRTOS-Kernel/portable/GCC/ARM_CM4F/portmacro.h **** #if configUSE_PORT_OPTIMISED_TASK_SELECTION == 1
 149:middleware/FreeRTOS-Kernel/portable/GCC/ARM_CM4F/portmacro.h **** 
 150:middleware/FreeRTOS-Kernel/portable/GCC/ARM_CM4F/portmacro.h **** /* Generic helper function. */
 151:middleware/FreeRTOS-Kernel/portable/GCC/ARM_CM4F/portmacro.h ****     __attribute__( ( always_inline ) ) static inline uint8_t ucPortCountLeadingZeros( uint32_t ulBi
 152:middleware/FreeRTOS-Kernel/portable/GCC/ARM_CM4F/portmacro.h ****     {
 153:middleware/FreeRTOS-Kernel/portable/GCC/ARM_CM4F/portmacro.h ****         uint8_t ucReturn;
 154:middleware/FreeRTOS-Kernel/portable/GCC/ARM_CM4F/portmacro.h **** 
 155:middleware/FreeRTOS-Kernel/portable/GCC/ARM_CM4F/portmacro.h ****         __asm volatile ( "clz %0, %1" : "=r" ( ucReturn ) : "r" ( ulBitmap ) : "memory" );
 156:middleware/FreeRTOS-Kernel/portable/GCC/ARM_CM4F/portmacro.h **** 
 157:middleware/FreeRTOS-Kernel/portable/GCC/ARM_CM4F/portmacro.h ****         return ucReturn;
 158:middleware/FreeRTOS-Kernel/portable/GCC/ARM_CM4F/portmacro.h ****     }
 159:middleware/FreeRTOS-Kernel/portable/GCC/ARM_CM4F/portmacro.h **** 
 160:middleware/FreeRTOS-Kernel/portable/GCC/ARM_CM4F/portmacro.h **** /* Check the configuration. */
 161:middleware/FreeRTOS-Kernel/portable/GCC/ARM_CM4F/portmacro.h ****     #if ( configMAX_PRIORITIES > 32 )
 162:middleware/FreeRTOS-Kernel/portable/GCC/ARM_CM4F/portmacro.h ****         #error configUSE_PORT_OPTIMISED_TASK_SELECTION can only be set to 1 when configMAX_PRIORITI
 163:middleware/FreeRTOS-Kernel/portable/GCC/ARM_CM4F/portmacro.h ****     #endif
 164:middleware/FreeRTOS-Kernel/portable/GCC/ARM_CM4F/portmacro.h **** 
 165:middleware/FreeRTOS-Kernel/portable/GCC/ARM_CM4F/portmacro.h **** /* Store/clear the ready priorities in a bit map. */
 166:middleware/FreeRTOS-Kernel/portable/GCC/ARM_CM4F/portmacro.h ****     #define portRECORD_READY_PRIORITY( uxPriority, uxReadyPriorities )    ( uxReadyPriorities ) |= 
 167:middleware/FreeRTOS-Kernel/portable/GCC/ARM_CM4F/portmacro.h ****     #define portRESET_READY_PRIORITY( uxPriority, uxReadyPriorities )     ( uxReadyPriorities ) &= 
 168:middleware/FreeRTOS-Kernel/portable/GCC/ARM_CM4F/portmacro.h **** 
 169:middleware/FreeRTOS-Kernel/portable/GCC/ARM_CM4F/portmacro.h **** /*-----------------------------------------------------------*/
 170:middleware/FreeRTOS-Kernel/portable/GCC/ARM_CM4F/portmacro.h **** 
 171:middleware/FreeRTOS-Kernel/portable/GCC/ARM_CM4F/portmacro.h ****     #define portGET_HIGHEST_PRIORITY( uxTopPriority, uxReadyPriorities )    uxTopPriority = ( 31UL 
 172:middleware/FreeRTOS-Kernel/portable/GCC/ARM_CM4F/portmacro.h **** 
 173:middleware/FreeRTOS-Kernel/portable/GCC/ARM_CM4F/portmacro.h **** #endif /* configUSE_PORT_OPTIMISED_TASK_SELECTION */
 174:middleware/FreeRTOS-Kernel/portable/GCC/ARM_CM4F/portmacro.h **** 
 175:middleware/FreeRTOS-Kernel/portable/GCC/ARM_CM4F/portmacro.h **** /*-----------------------------------------------------------*/
 176:middleware/FreeRTOS-Kernel/portable/GCC/ARM_CM4F/portmacro.h **** 
 177:middleware/FreeRTOS-Kernel/portable/GCC/ARM_CM4F/portmacro.h **** #ifdef configASSERT
 178:middleware/FreeRTOS-Kernel/portable/GCC/ARM_CM4F/portmacro.h ****     void vPortValidateInterruptPriority( void );
 179:middleware/FreeRTOS-Kernel/portable/GCC/ARM_CM4F/portmacro.h ****     #define portASSERT_IF_INTERRUPT_PRIORITY_INVALID()    vPortValidateInterruptPriority()
 180:middleware/FreeRTOS-Kernel/portable/GCC/ARM_CM4F/portmacro.h **** #endif
 181:middleware/FreeRTOS-Kernel/portable/GCC/ARM_CM4F/portmacro.h **** 
 182:middleware/FreeRTOS-Kernel/portable/GCC/ARM_CM4F/portmacro.h **** /* portNOP() is not required by this port. */
ARM GAS  /tmp/ccZINekD.s 			page 40


 183:middleware/FreeRTOS-Kernel/portable/GCC/ARM_CM4F/portmacro.h **** #define portNOP()
 184:middleware/FreeRTOS-Kernel/portable/GCC/ARM_CM4F/portmacro.h **** 
 185:middleware/FreeRTOS-Kernel/portable/GCC/ARM_CM4F/portmacro.h **** #define portINLINE              __inline
 186:middleware/FreeRTOS-Kernel/portable/GCC/ARM_CM4F/portmacro.h **** 
 187:middleware/FreeRTOS-Kernel/portable/GCC/ARM_CM4F/portmacro.h **** #ifndef portFORCE_INLINE
 188:middleware/FreeRTOS-Kernel/portable/GCC/ARM_CM4F/portmacro.h ****     #define portFORCE_INLINE    inline __attribute__( ( always_inline ) )
 189:middleware/FreeRTOS-Kernel/portable/GCC/ARM_CM4F/portmacro.h **** #endif
 190:middleware/FreeRTOS-Kernel/portable/GCC/ARM_CM4F/portmacro.h **** 
 191:middleware/FreeRTOS-Kernel/portable/GCC/ARM_CM4F/portmacro.h **** portFORCE_INLINE static BaseType_t xPortIsInsideInterrupt( void )
 192:middleware/FreeRTOS-Kernel/portable/GCC/ARM_CM4F/portmacro.h **** {
 193:middleware/FreeRTOS-Kernel/portable/GCC/ARM_CM4F/portmacro.h ****     uint32_t ulCurrentInterrupt;
 194:middleware/FreeRTOS-Kernel/portable/GCC/ARM_CM4F/portmacro.h ****     BaseType_t xReturn;
 195:middleware/FreeRTOS-Kernel/portable/GCC/ARM_CM4F/portmacro.h **** 
 196:middleware/FreeRTOS-Kernel/portable/GCC/ARM_CM4F/portmacro.h ****     /* Obtain the number of the currently executing interrupt. */
 197:middleware/FreeRTOS-Kernel/portable/GCC/ARM_CM4F/portmacro.h ****     __asm volatile ( "mrs %0, ipsr" : "=r" ( ulCurrentInterrupt )::"memory" );
 198:middleware/FreeRTOS-Kernel/portable/GCC/ARM_CM4F/portmacro.h **** 
 199:middleware/FreeRTOS-Kernel/portable/GCC/ARM_CM4F/portmacro.h ****     if( ulCurrentInterrupt == 0 )
 200:middleware/FreeRTOS-Kernel/portable/GCC/ARM_CM4F/portmacro.h ****     {
 201:middleware/FreeRTOS-Kernel/portable/GCC/ARM_CM4F/portmacro.h ****         xReturn = pdFALSE;
 202:middleware/FreeRTOS-Kernel/portable/GCC/ARM_CM4F/portmacro.h ****     }
 203:middleware/FreeRTOS-Kernel/portable/GCC/ARM_CM4F/portmacro.h ****     else
 204:middleware/FreeRTOS-Kernel/portable/GCC/ARM_CM4F/portmacro.h ****     {
 205:middleware/FreeRTOS-Kernel/portable/GCC/ARM_CM4F/portmacro.h ****         xReturn = pdTRUE;
 206:middleware/FreeRTOS-Kernel/portable/GCC/ARM_CM4F/portmacro.h ****     }
 207:middleware/FreeRTOS-Kernel/portable/GCC/ARM_CM4F/portmacro.h **** 
 208:middleware/FreeRTOS-Kernel/portable/GCC/ARM_CM4F/portmacro.h ****     return xReturn;
 209:middleware/FreeRTOS-Kernel/portable/GCC/ARM_CM4F/portmacro.h **** }
 210:middleware/FreeRTOS-Kernel/portable/GCC/ARM_CM4F/portmacro.h **** 
 211:middleware/FreeRTOS-Kernel/portable/GCC/ARM_CM4F/portmacro.h **** /*-----------------------------------------------------------*/
 212:middleware/FreeRTOS-Kernel/portable/GCC/ARM_CM4F/portmacro.h **** 
 213:middleware/FreeRTOS-Kernel/portable/GCC/ARM_CM4F/portmacro.h **** portFORCE_INLINE static void vPortRaiseBASEPRI( void )
 775              		.loc 2 213 30 view .LVU217
 776              	.LBB43:
 214:middleware/FreeRTOS-Kernel/portable/GCC/ARM_CM4F/portmacro.h **** {
 215:middleware/FreeRTOS-Kernel/portable/GCC/ARM_CM4F/portmacro.h ****     uint32_t ulNewBASEPRI;
 777              		.loc 2 215 5 view .LVU218
 216:middleware/FreeRTOS-Kernel/portable/GCC/ARM_CM4F/portmacro.h **** 
 217:middleware/FreeRTOS-Kernel/portable/GCC/ARM_CM4F/portmacro.h ****     __asm volatile
 778              		.loc 2 217 5 view .LVU219
 779              		.syntax unified
 780              	@ 217 "middleware/FreeRTOS-Kernel/portable/GCC/ARM_CM4F/portmacro.h" 1
 781 00c2 4FF05003 		   mov r3, #80                                              
 782 00c6 83F31188 	   msr basepri, r3                                         
 783 00ca BFF36F8F 	   isb                                                     
 784 00ce BFF34F8F 	   dsb                                                     
 785              	
 786              	@ 0 "" 2
 787              		.thumb
 788              		.syntax unified
 789              	.L66:
 790              	.LBE43:
 791              	.LBE42:
1040:middleware/FreeRTOS-Kernel/timers.c **** 
 792              		.loc 1 1040 25 discriminator 3 view .LVU220
1040:middleware/FreeRTOS-Kernel/timers.c **** 
 793              		.loc 1 1040 25 discriminator 3 view .LVU221
 794 00d2 FEE7     		b	.L66
ARM GAS  /tmp/ccZINekD.s 			page 41


 795              	.L61:
1072:middleware/FreeRTOS-Kernel/timers.c ****                         }
 796              		.loc 1 1072 29 view .LVU222
1072:middleware/FreeRTOS-Kernel/timers.c ****                         }
 797              		.loc 1 1072 36 is_stmt 0 view .LVU223
 798 00d4 94F82430 		ldrb	r3, [r4, #36]	@ zero_extendqisi2
1072:middleware/FreeRTOS-Kernel/timers.c ****                         }
 799              		.loc 1 1072 47 view .LVU224
 800 00d8 23F00103 		bic	r3, r3, #1
 801 00dc 84F82430 		strb	r3, [r4, #36]
1075:middleware/FreeRTOS-Kernel/timers.c **** 
 802              		.loc 1 1075 25 is_stmt 1 view .LVU225
 803 00e0 94E7     		b	.L54
 804              	.LVL72:
 805              	.L70:
1083:middleware/FreeRTOS-Kernel/timers.c **** /*-----------------------------------------------------------*/
 806              		.loc 1 1083 5 is_stmt 0 view .LVU226
 807 00e2 05B0     		add	sp, sp, #20
 808              	.LCFI10:
 809              		.cfi_def_cfa_offset 12
 810              		@ sp needed
 811 00e4 30BD     		pop	{r4, r5, pc}
 812              	.L74:
 813 00e6 00BF     		.align	2
 814              	.L73:
 815 00e8 00000000 		.word	xTimerQueue
 816              		.cfi_endproc
 817              	.LFE25:
 819              		.section	.text.prvTimerTask,"ax",%progbits
 820              		.align	1
 821              		.syntax unified
 822              		.thumb
 823              		.thumb_func
 825              	prvTimerTask:
 826              	.LFB20:
 749:middleware/FreeRTOS-Kernel/timers.c ****         TickType_t xNextExpireTime;
 827              		.loc 1 749 5 is_stmt 1 view -0
 828              		.cfi_startproc
 829              		@ args = 0, pretend = 0, frame = 8
 830              		@ frame_needed = 0, uses_anonymous_args = 0
 831              	.LVL73:
 749:middleware/FreeRTOS-Kernel/timers.c ****         TickType_t xNextExpireTime;
 832              		.loc 1 749 5 is_stmt 0 view .LVU228
 833 0000 00B5     		push	{lr}
 834              	.LCFI11:
 835              		.cfi_def_cfa_offset 4
 836              		.cfi_offset 14, -4
 837 0002 83B0     		sub	sp, sp, #12
 838              	.LCFI12:
 839              		.cfi_def_cfa_offset 16
 840              	.LVL74:
 841              	.L76:
 750:middleware/FreeRTOS-Kernel/timers.c ****         BaseType_t xListWasEmpty;
 842              		.loc 1 750 9 is_stmt 1 view .LVU229
 751:middleware/FreeRTOS-Kernel/timers.c **** 
 843              		.loc 1 751 9 view .LVU230
 754:middleware/FreeRTOS-Kernel/timers.c **** 
ARM GAS  /tmp/ccZINekD.s 			page 42


 844              		.loc 1 754 9 view .LVU231
 766:middleware/FreeRTOS-Kernel/timers.c ****         {
 845              		.loc 1 766 9 view .LVU232
 770:middleware/FreeRTOS-Kernel/timers.c **** 
 846              		.loc 1 770 13 view .LVU233
 770:middleware/FreeRTOS-Kernel/timers.c **** 
 847              		.loc 1 770 31 is_stmt 0 view .LVU234
 848 0004 01A8     		add	r0, sp, #4
 849 0006 FFF7FEFF 		bl	prvGetNextExpireTime
 850              	.LVL75:
 774:middleware/FreeRTOS-Kernel/timers.c **** 
 851              		.loc 1 774 13 is_stmt 1 view .LVU235
 852 000a 0199     		ldr	r1, [sp, #4]
 853 000c FFF7FEFF 		bl	prvProcessTimerOrBlockTask
 854              	.LVL76:
 777:middleware/FreeRTOS-Kernel/timers.c ****         }
 855              		.loc 1 777 13 discriminator 1 view .LVU236
 856 0010 FFF7FEFF 		bl	prvProcessReceivedCommands
 857              	.LVL77:
 766:middleware/FreeRTOS-Kernel/timers.c ****         {
 858              		.loc 1 766 9 view .LVU237
 859 0014 F6E7     		b	.L76
 860              		.cfi_endproc
 861              	.LFE20:
 863              		.section	.rodata.prvCheckForValidListAndQueue.str1.4,"aMS",%progbits,1
 864              		.align	2
 865              	.LC0:
 866 0000 546D7251 		.ascii	"TmrQ\000"
 866      00
 867              		.section	.text.prvCheckForValidListAndQueue,"ax",%progbits
 868              		.align	1
 869              		.syntax unified
 870              		.thumb
 871              		.thumb_func
 873              	prvCheckForValidListAndQueue:
 874              	.LFB27:
1109:middleware/FreeRTOS-Kernel/timers.c **** /*-----------------------------------------------------------*/
1110:middleware/FreeRTOS-Kernel/timers.c **** 
1111:middleware/FreeRTOS-Kernel/timers.c ****     static void prvCheckForValidListAndQueue( void )
1112:middleware/FreeRTOS-Kernel/timers.c ****     {
 875              		.loc 1 1112 5 view -0
 876              		.cfi_startproc
 877              		@ args = 0, pretend = 0, frame = 0
 878              		@ frame_needed = 0, uses_anonymous_args = 0
 879 0000 30B5     		push	{r4, r5, lr}
 880              	.LCFI13:
 881              		.cfi_def_cfa_offset 12
 882              		.cfi_offset 4, -12
 883              		.cfi_offset 5, -8
 884              		.cfi_offset 14, -4
 885 0002 83B0     		sub	sp, sp, #12
 886              	.LCFI14:
 887              		.cfi_def_cfa_offset 24
1113:middleware/FreeRTOS-Kernel/timers.c ****         /* Check that the list from which active timers are referenced, and the
1114:middleware/FreeRTOS-Kernel/timers.c ****          * queue used to communicate with the timer service, have been
1115:middleware/FreeRTOS-Kernel/timers.c ****          * initialised. */
1116:middleware/FreeRTOS-Kernel/timers.c ****         taskENTER_CRITICAL();
ARM GAS  /tmp/ccZINekD.s 			page 43


 888              		.loc 1 1116 9 view .LVU239
 889 0004 FFF7FEFF 		bl	vPortEnterCritical
 890              	.LVL78:
1117:middleware/FreeRTOS-Kernel/timers.c ****         {
1118:middleware/FreeRTOS-Kernel/timers.c ****             if( xTimerQueue == NULL )
 891              		.loc 1 1118 13 view .LVU240
 892              		.loc 1 1118 29 is_stmt 0 view .LVU241
 893 0008 114B     		ldr	r3, .L82
 894 000a 1B68     		ldr	r3, [r3]
 895              		.loc 1 1118 15 view .LVU242
 896 000c 1BB1     		cbz	r3, .L81
 897              	.L79:
1119:middleware/FreeRTOS-Kernel/timers.c ****             {
1120:middleware/FreeRTOS-Kernel/timers.c ****                 vListInitialise( &xActiveTimerList1 );
1121:middleware/FreeRTOS-Kernel/timers.c ****                 vListInitialise( &xActiveTimerList2 );
1122:middleware/FreeRTOS-Kernel/timers.c ****                 pxCurrentTimerList = &xActiveTimerList1;
1123:middleware/FreeRTOS-Kernel/timers.c ****                 pxOverflowTimerList = &xActiveTimerList2;
1124:middleware/FreeRTOS-Kernel/timers.c **** 
1125:middleware/FreeRTOS-Kernel/timers.c ****                 #if ( configSUPPORT_STATIC_ALLOCATION == 1 )
1126:middleware/FreeRTOS-Kernel/timers.c ****                 {
1127:middleware/FreeRTOS-Kernel/timers.c ****                     /* The timer queue is allocated statically in case
1128:middleware/FreeRTOS-Kernel/timers.c ****                      * configSUPPORT_DYNAMIC_ALLOCATION is 0. */
1129:middleware/FreeRTOS-Kernel/timers.c ****                     PRIVILEGED_DATA static StaticQueue_t xStaticTimerQueue;
1130:middleware/FreeRTOS-Kernel/timers.c ****                     PRIVILEGED_DATA static uint8_t ucStaticTimerQueueStorage[ ( size_t ) configTIME
1131:middleware/FreeRTOS-Kernel/timers.c **** 
1132:middleware/FreeRTOS-Kernel/timers.c ****                     xTimerQueue = xQueueCreateStatic( ( UBaseType_t ) configTIMER_QUEUE_LENGTH, ( U
1133:middleware/FreeRTOS-Kernel/timers.c ****                 }
1134:middleware/FreeRTOS-Kernel/timers.c ****                 #else
1135:middleware/FreeRTOS-Kernel/timers.c ****                 {
1136:middleware/FreeRTOS-Kernel/timers.c ****                     xTimerQueue = xQueueCreate( ( UBaseType_t ) configTIMER_QUEUE_LENGTH, ( UBaseTy
1137:middleware/FreeRTOS-Kernel/timers.c ****                 }
1138:middleware/FreeRTOS-Kernel/timers.c ****                 #endif /* if ( configSUPPORT_STATIC_ALLOCATION == 1 ) */
1139:middleware/FreeRTOS-Kernel/timers.c **** 
1140:middleware/FreeRTOS-Kernel/timers.c ****                 #if ( configQUEUE_REGISTRY_SIZE > 0 )
1141:middleware/FreeRTOS-Kernel/timers.c ****                 {
1142:middleware/FreeRTOS-Kernel/timers.c ****                     if( xTimerQueue != NULL )
1143:middleware/FreeRTOS-Kernel/timers.c ****                     {
1144:middleware/FreeRTOS-Kernel/timers.c ****                         vQueueAddToRegistry( xTimerQueue, "TmrQ" );
1145:middleware/FreeRTOS-Kernel/timers.c ****                     }
1146:middleware/FreeRTOS-Kernel/timers.c ****                     else
1147:middleware/FreeRTOS-Kernel/timers.c ****                     {
1148:middleware/FreeRTOS-Kernel/timers.c ****                         mtCOVERAGE_TEST_MARKER();
1149:middleware/FreeRTOS-Kernel/timers.c ****                     }
1150:middleware/FreeRTOS-Kernel/timers.c ****                 }
1151:middleware/FreeRTOS-Kernel/timers.c ****                 #endif /* configQUEUE_REGISTRY_SIZE */
1152:middleware/FreeRTOS-Kernel/timers.c ****             }
1153:middleware/FreeRTOS-Kernel/timers.c ****             else
1154:middleware/FreeRTOS-Kernel/timers.c ****             {
1155:middleware/FreeRTOS-Kernel/timers.c ****                 mtCOVERAGE_TEST_MARKER();
 898              		.loc 1 1155 41 is_stmt 1 view .LVU243
1156:middleware/FreeRTOS-Kernel/timers.c ****             }
1157:middleware/FreeRTOS-Kernel/timers.c ****         }
1158:middleware/FreeRTOS-Kernel/timers.c ****         taskEXIT_CRITICAL();
 899              		.loc 1 1158 9 view .LVU244
 900 000e FFF7FEFF 		bl	vPortExitCritical
 901              	.LVL79:
1159:middleware/FreeRTOS-Kernel/timers.c ****     }
ARM GAS  /tmp/ccZINekD.s 			page 44


 902              		.loc 1 1159 5 is_stmt 0 view .LVU245
 903 0012 03B0     		add	sp, sp, #12
 904              	.LCFI15:
 905              		.cfi_remember_state
 906              		.cfi_def_cfa_offset 12
 907              		@ sp needed
 908 0014 30BD     		pop	{r4, r5, pc}
 909              	.L81:
 910              	.LCFI16:
 911              		.cfi_restore_state
1120:middleware/FreeRTOS-Kernel/timers.c ****                 vListInitialise( &xActiveTimerList2 );
 912              		.loc 1 1120 17 is_stmt 1 view .LVU246
 913 0016 0F4D     		ldr	r5, .L82+4
 914 0018 2846     		mov	r0, r5
 915 001a FFF7FEFF 		bl	vListInitialise
 916              	.LVL80:
1121:middleware/FreeRTOS-Kernel/timers.c ****                 pxCurrentTimerList = &xActiveTimerList1;
 917              		.loc 1 1121 17 view .LVU247
 918 001e 0E4C     		ldr	r4, .L82+8
 919 0020 2046     		mov	r0, r4
 920 0022 FFF7FEFF 		bl	vListInitialise
 921              	.LVL81:
1122:middleware/FreeRTOS-Kernel/timers.c ****                 pxOverflowTimerList = &xActiveTimerList2;
 922              		.loc 1 1122 17 view .LVU248
1122:middleware/FreeRTOS-Kernel/timers.c ****                 pxOverflowTimerList = &xActiveTimerList2;
 923              		.loc 1 1122 36 is_stmt 0 view .LVU249
 924 0026 0D4B     		ldr	r3, .L82+12
 925 0028 1D60     		str	r5, [r3]
1123:middleware/FreeRTOS-Kernel/timers.c **** 
 926              		.loc 1 1123 17 is_stmt 1 view .LVU250
1123:middleware/FreeRTOS-Kernel/timers.c **** 
 927              		.loc 1 1123 37 is_stmt 0 view .LVU251
 928 002a 0D4B     		ldr	r3, .L82+16
 929 002c 1C60     		str	r4, [r3]
 930              	.LBB44:
1129:middleware/FreeRTOS-Kernel/timers.c ****                     PRIVILEGED_DATA static uint8_t ucStaticTimerQueueStorage[ ( size_t ) configTIME
 931              		.loc 1 1129 37 is_stmt 1 view .LVU252
1130:middleware/FreeRTOS-Kernel/timers.c **** 
 932              		.loc 1 1130 37 view .LVU253
1132:middleware/FreeRTOS-Kernel/timers.c ****                 }
 933              		.loc 1 1132 21 view .LVU254
1132:middleware/FreeRTOS-Kernel/timers.c ****                 }
 934              		.loc 1 1132 35 is_stmt 0 view .LVU255
 935 002e 0023     		movs	r3, #0
 936 0030 0093     		str	r3, [sp]
 937 0032 0C4B     		ldr	r3, .L82+20
 938 0034 0C4A     		ldr	r2, .L82+24
 939 0036 0C21     		movs	r1, #12
 940 0038 0A20     		movs	r0, #10
 941 003a FFF7FEFF 		bl	xQueueGenericCreateStatic
 942              	.LVL82:
1132:middleware/FreeRTOS-Kernel/timers.c ****                 }
 943              		.loc 1 1132 33 discriminator 1 view .LVU256
 944 003e 044B     		ldr	r3, .L82
 945 0040 1860     		str	r0, [r3]
 946              	.LBE44:
1142:middleware/FreeRTOS-Kernel/timers.c ****                     {
ARM GAS  /tmp/ccZINekD.s 			page 45


 947              		.loc 1 1142 21 is_stmt 1 view .LVU257
1142:middleware/FreeRTOS-Kernel/timers.c ****                     {
 948              		.loc 1 1142 23 is_stmt 0 view .LVU258
 949 0042 0028     		cmp	r0, #0
 950 0044 E3D0     		beq	.L79
1144:middleware/FreeRTOS-Kernel/timers.c ****                     }
 951              		.loc 1 1144 25 is_stmt 1 view .LVU259
 952 0046 0949     		ldr	r1, .L82+28
 953 0048 FFF7FEFF 		bl	vQueueAddToRegistry
 954              	.LVL83:
 955 004c DFE7     		b	.L79
 956              	.L83:
 957 004e 00BF     		.align	2
 958              	.L82:
 959 0050 00000000 		.word	xTimerQueue
 960 0054 00000000 		.word	xActiveTimerList1
 961 0058 00000000 		.word	xActiveTimerList2
 962 005c 00000000 		.word	pxCurrentTimerList
 963 0060 00000000 		.word	pxOverflowTimerList
 964 0064 00000000 		.word	xStaticTimerQueue.0
 965 0068 00000000 		.word	ucStaticTimerQueueStorage.1
 966 006c 00000000 		.word	.LC0
 967              		.cfi_endproc
 968              	.LFE27:
 970              		.section	.text.prvInitialiseNewTimer,"ax",%progbits
 971              		.align	1
 972              		.syntax unified
 973              		.thumb
 974              		.thumb_func
 976              	prvInitialiseNewTimer:
 977              	.LVL84:
 978              	.LFB7:
 423:middleware/FreeRTOS-Kernel/timers.c ****         /* 0 is not a valid value for xTimerPeriodInTicks. */
 979              		.loc 1 423 5 view -0
 980              		.cfi_startproc
 981              		@ args = 8, pretend = 0, frame = 0
 982              		@ frame_needed = 0, uses_anonymous_args = 0
 423:middleware/FreeRTOS-Kernel/timers.c ****         /* 0 is not a valid value for xTimerPeriodInTicks. */
 983              		.loc 1 423 5 is_stmt 0 view .LVU261
 984 0000 2DE9F041 		push	{r4, r5, r6, r7, r8, lr}
 985              	.LCFI17:
 986              		.cfi_def_cfa_offset 24
 987              		.cfi_offset 4, -24
 988              		.cfi_offset 5, -20
 989              		.cfi_offset 6, -16
 990              		.cfi_offset 7, -12
 991              		.cfi_offset 8, -8
 992              		.cfi_offset 14, -4
 993 0004 079F     		ldr	r7, [sp, #28]
 425:middleware/FreeRTOS-Kernel/timers.c **** 
 994              		.loc 1 425 9 is_stmt 1 view .LVU262
 995 0006 41B9     		cbnz	r1, .L85
 425:middleware/FreeRTOS-Kernel/timers.c **** 
 996              		.loc 1 425 9 discriminator 1 view .LVU263
 997              	.LBB45:
 998              	.LBI45:
 213:middleware/FreeRTOS-Kernel/portable/GCC/ARM_CM4F/portmacro.h **** {
ARM GAS  /tmp/ccZINekD.s 			page 46


 999              		.loc 2 213 30 view .LVU264
 1000              	.LBB46:
 215:middleware/FreeRTOS-Kernel/portable/GCC/ARM_CM4F/portmacro.h **** 
 1001              		.loc 2 215 5 view .LVU265
 1002              		.loc 2 217 5 view .LVU266
 1003              		.syntax unified
 1004              	@ 217 "middleware/FreeRTOS-Kernel/portable/GCC/ARM_CM4F/portmacro.h" 1
 1005 0008 4FF05003 		   mov r3, #80                                              
 1006 000c 83F31188 	   msr basepri, r3                                         
 1007 0010 BFF36F8F 	   isb                                                     
 1008 0014 BFF34F8F 	   dsb                                                     
 1009              	
 1010              	@ 0 "" 2
 1011              	.LVL85:
 1012              		.thumb
 1013              		.syntax unified
 1014              	.L86:
 1015              		.loc 2 217 5 is_stmt 0 view .LVU267
 1016              	.LBE46:
 1017              	.LBE45:
 425:middleware/FreeRTOS-Kernel/timers.c **** 
 1018              		.loc 1 425 9 is_stmt 1 discriminator 3 view .LVU268
 425:middleware/FreeRTOS-Kernel/timers.c **** 
 1019              		.loc 1 425 9 discriminator 3 view .LVU269
 1020 0018 FEE7     		b	.L86
 1021              	.LVL86:
 1022              	.L85:
 425:middleware/FreeRTOS-Kernel/timers.c **** 
 1023              		.loc 1 425 9 is_stmt 0 discriminator 3 view .LVU270
 1024 001a 0646     		mov	r6, r0
 1025 001c 1446     		mov	r4, r2
 1026 001e 1D46     		mov	r5, r3
 1027 0020 8846     		mov	r8, r1
 425:middleware/FreeRTOS-Kernel/timers.c **** 
 1028              		.loc 1 425 52 is_stmt 1 discriminator 2 view .LVU271
 429:middleware/FreeRTOS-Kernel/timers.c **** 
 1029              		.loc 1 429 9 view .LVU272
 1030 0022 FFF7FEFF 		bl	prvCheckForValidListAndQueue
 1031              	.LVL87:
 433:middleware/FreeRTOS-Kernel/timers.c ****         pxNewTimer->xTimerPeriodInTicks = xTimerPeriodInTicks;
 1032              		.loc 1 433 9 view .LVU273
 433:middleware/FreeRTOS-Kernel/timers.c ****         pxNewTimer->xTimerPeriodInTicks = xTimerPeriodInTicks;
 1033              		.loc 1 433 33 is_stmt 0 view .LVU274
 1034 0026 3E60     		str	r6, [r7]
 434:middleware/FreeRTOS-Kernel/timers.c ****         pxNewTimer->pvTimerID = pvTimerID;
 1035              		.loc 1 434 9 is_stmt 1 view .LVU275
 434:middleware/FreeRTOS-Kernel/timers.c ****         pxNewTimer->pvTimerID = pvTimerID;
 1036              		.loc 1 434 41 is_stmt 0 view .LVU276
 1037 0028 C7F81880 		str	r8, [r7, #24]
 435:middleware/FreeRTOS-Kernel/timers.c ****         pxNewTimer->pxCallbackFunction = pxCallbackFunction;
 1038              		.loc 1 435 9 is_stmt 1 view .LVU277
 435:middleware/FreeRTOS-Kernel/timers.c ****         pxNewTimer->pxCallbackFunction = pxCallbackFunction;
 1039              		.loc 1 435 31 is_stmt 0 view .LVU278
 1040 002c FD61     		str	r5, [r7, #28]
 436:middleware/FreeRTOS-Kernel/timers.c ****         vListInitialiseItem( &( pxNewTimer->xTimerListItem ) );
 1041              		.loc 1 436 9 is_stmt 1 view .LVU279
 436:middleware/FreeRTOS-Kernel/timers.c ****         vListInitialiseItem( &( pxNewTimer->xTimerListItem ) );
ARM GAS  /tmp/ccZINekD.s 			page 47


 1042              		.loc 1 436 40 is_stmt 0 view .LVU280
 1043 002e 069B     		ldr	r3, [sp, #24]
 1044 0030 3B62     		str	r3, [r7, #32]
 437:middleware/FreeRTOS-Kernel/timers.c **** 
 1045              		.loc 1 437 9 is_stmt 1 view .LVU281
 1046 0032 381D     		adds	r0, r7, #4
 1047 0034 FFF7FEFF 		bl	vListInitialiseItem
 1048              	.LVL88:
 439:middleware/FreeRTOS-Kernel/timers.c ****         {
 1049              		.loc 1 439 9 view .LVU282
 439:middleware/FreeRTOS-Kernel/timers.c ****         {
 1050              		.loc 1 439 11 is_stmt 0 view .LVU283
 1051 0038 2CB1     		cbz	r4, .L84
 441:middleware/FreeRTOS-Kernel/timers.c ****         }
 1052              		.loc 1 441 13 is_stmt 1 view .LVU284
 441:middleware/FreeRTOS-Kernel/timers.c ****         }
 1053              		.loc 1 441 23 is_stmt 0 view .LVU285
 1054 003a 97F82430 		ldrb	r3, [r7, #36]	@ zero_extendqisi2
 441:middleware/FreeRTOS-Kernel/timers.c ****         }
 1055              		.loc 1 441 34 view .LVU286
 1056 003e 43F00403 		orr	r3, r3, #4
 1057 0042 87F82430 		strb	r3, [r7, #36]
 444:middleware/FreeRTOS-Kernel/timers.c ****     }
 1058              		.loc 1 444 40 is_stmt 1 view .LVU287
 1059              	.L84:
 445:middleware/FreeRTOS-Kernel/timers.c **** /*-----------------------------------------------------------*/
 1060              		.loc 1 445 5 is_stmt 0 view .LVU288
 1061 0046 BDE8F081 		pop	{r4, r5, r6, r7, r8, pc}
 445:middleware/FreeRTOS-Kernel/timers.c **** /*-----------------------------------------------------------*/
 1062              		.loc 1 445 5 view .LVU289
 1063              		.cfi_endproc
 1064              	.LFE7:
 1066              		.section	.rodata.xTimerCreateTimerTask.str1.4,"aMS",%progbits,1
 1067              		.align	2
 1068              	.LC1:
 1069 0000 546D7220 		.ascii	"Tmr Svc\000"
 1069      53766300 
 1070              		.section	.text.xTimerCreateTimerTask,"ax",%progbits
 1071              		.align	1
 1072              		.global	xTimerCreateTimerTask
 1073              		.syntax unified
 1074              		.thumb
 1075              		.thumb_func
 1077              	xTimerCreateTimerTask:
 1078              	.LFB5:
 238:middleware/FreeRTOS-Kernel/timers.c ****         BaseType_t xReturn = pdFAIL;
 1079              		.loc 1 238 5 is_stmt 1 view -0
 1080              		.cfi_startproc
 1081              		@ args = 0, pretend = 0, frame = 16
 1082              		@ frame_needed = 0, uses_anonymous_args = 0
 1083 0000 10B5     		push	{r4, lr}
 1084              	.LCFI18:
 1085              		.cfi_def_cfa_offset 8
 1086              		.cfi_offset 4, -8
 1087              		.cfi_offset 14, -4
 1088 0002 88B0     		sub	sp, sp, #32
 1089              	.LCFI19:
ARM GAS  /tmp/ccZINekD.s 			page 48


 1090              		.cfi_def_cfa_offset 40
 239:middleware/FreeRTOS-Kernel/timers.c **** 
 1091              		.loc 1 239 9 view .LVU291
 1092              	.LVL89:
 241:middleware/FreeRTOS-Kernel/timers.c **** 
 1093              		.loc 1 241 43 view .LVU292
 247:middleware/FreeRTOS-Kernel/timers.c **** 
 1094              		.loc 1 247 9 view .LVU293
 1095 0004 FFF7FEFF 		bl	prvCheckForValidListAndQueue
 1096              	.LVL90:
 249:middleware/FreeRTOS-Kernel/timers.c ****         {
 1097              		.loc 1 249 9 view .LVU294
 249:middleware/FreeRTOS-Kernel/timers.c ****         {
 1098              		.loc 1 249 25 is_stmt 0 view .LVU295
 1099 0008 124B     		ldr	r3, .L95
 1100 000a 1B68     		ldr	r3, [r3]
 249:middleware/FreeRTOS-Kernel/timers.c ****         {
 1101              		.loc 1 249 11 view .LVU296
 1102 000c CBB1     		cbz	r3, .L90
 1103              	.LBB47:
 290:middleware/FreeRTOS-Kernel/timers.c ****                     StackType_t * pxTimerTaskStackBuffer = NULL;
 1104              		.loc 1 290 21 is_stmt 1 view .LVU297
 290:middleware/FreeRTOS-Kernel/timers.c ****                     StackType_t * pxTimerTaskStackBuffer = NULL;
 1105              		.loc 1 290 36 is_stmt 0 view .LVU298
 1106 000e 0024     		movs	r4, #0
 1107 0010 0594     		str	r4, [sp, #20]
 291:middleware/FreeRTOS-Kernel/timers.c ****                     configSTACK_DEPTH_TYPE uxTimerTaskStackSize;
 1108              		.loc 1 291 21 is_stmt 1 view .LVU299
 291:middleware/FreeRTOS-Kernel/timers.c ****                     configSTACK_DEPTH_TYPE uxTimerTaskStackSize;
 1109              		.loc 1 291 35 is_stmt 0 view .LVU300
 1110 0012 0694     		str	r4, [sp, #24]
 292:middleware/FreeRTOS-Kernel/timers.c **** 
 1111              		.loc 1 292 21 is_stmt 1 view .LVU301
 294:middleware/FreeRTOS-Kernel/timers.c ****                     xTimerTaskHandle = xTaskCreateStatic( prvTimerTask,
 1112              		.loc 1 294 21 view .LVU302
 1113 0014 07AA     		add	r2, sp, #28
 1114 0016 06A9     		add	r1, sp, #24
 1115 0018 05A8     		add	r0, sp, #20
 1116 001a FFF7FEFF 		bl	vApplicationGetTimerTaskMemory
 1117              	.LVL91:
 295:middleware/FreeRTOS-Kernel/timers.c ****                                                           configTIMER_SERVICE_TASK_NAME,
 1118              		.loc 1 295 21 view .LVU303
 295:middleware/FreeRTOS-Kernel/timers.c ****                                                           configTIMER_SERVICE_TASK_NAME,
 1119              		.loc 1 295 40 is_stmt 0 view .LVU304
 1120 001e 059B     		ldr	r3, [sp, #20]
 1121 0020 0293     		str	r3, [sp, #8]
 1122 0022 069B     		ldr	r3, [sp, #24]
 1123 0024 0193     		str	r3, [sp, #4]
 1124 0026 0223     		movs	r3, #2
 1125 0028 0093     		str	r3, [sp]
 1126 002a 2346     		mov	r3, r4
 1127 002c 079A     		ldr	r2, [sp, #28]
 1128 002e 0A49     		ldr	r1, .L95+4
 1129 0030 0A48     		ldr	r0, .L95+8
 1130 0032 FFF7FEFF 		bl	xTaskCreateStatic
 1131              	.LVL92:
 295:middleware/FreeRTOS-Kernel/timers.c ****                                                           configTIMER_SERVICE_TASK_NAME,
ARM GAS  /tmp/ccZINekD.s 			page 49


 1132              		.loc 1 295 38 discriminator 1 view .LVU305
 1133 0036 0A4B     		ldr	r3, .L95+12
 1134 0038 1860     		str	r0, [r3]
 303:middleware/FreeRTOS-Kernel/timers.c ****                     {
 1135              		.loc 1 303 21 is_stmt 1 view .LVU306
 303:middleware/FreeRTOS-Kernel/timers.c ****                     {
 1136              		.loc 1 303 23 is_stmt 0 view .LVU307
 1137 003a 10B1     		cbz	r0, .L90
 1138              	.LBE47:
 331:middleware/FreeRTOS-Kernel/timers.c **** /*-----------------------------------------------------------*/
 1139              		.loc 1 331 5 view .LVU308
 1140 003c 0120     		movs	r0, #1
 1141 003e 08B0     		add	sp, sp, #32
 1142              	.LCFI20:
 1143              		.cfi_remember_state
 1144              		.cfi_def_cfa_offset 8
 1145              		@ sp needed
 1146 0040 10BD     		pop	{r4, pc}
 1147              	.L90:
 1148              	.LCFI21:
 1149              		.cfi_restore_state
 1150              	.LVL93:
 326:middleware/FreeRTOS-Kernel/timers.c **** 
 1151              		.loc 1 326 9 is_stmt 1 discriminator 1 view .LVU309
 1152              	.LBB48:
 1153              	.LBI48:
 213:middleware/FreeRTOS-Kernel/portable/GCC/ARM_CM4F/portmacro.h **** {
 1154              		.loc 2 213 30 view .LVU310
 1155              	.LBB49:
 215:middleware/FreeRTOS-Kernel/portable/GCC/ARM_CM4F/portmacro.h **** 
 1156              		.loc 2 215 5 view .LVU311
 1157              		.loc 2 217 5 view .LVU312
 1158              		.syntax unified
 1159              	@ 217 "middleware/FreeRTOS-Kernel/portable/GCC/ARM_CM4F/portmacro.h" 1
 1160 0042 4FF05003 		   mov r3, #80                                              
 1161 0046 83F31188 	   msr basepri, r3                                         
 1162 004a BFF36F8F 	   isb                                                     
 1163 004e BFF34F8F 	   dsb                                                     
 1164              	
 1165              	@ 0 "" 2
 1166              		.thumb
 1167              		.syntax unified
 1168              	.L92:
 1169              	.LBE49:
 1170              	.LBE48:
 326:middleware/FreeRTOS-Kernel/timers.c **** 
 1171              		.loc 1 326 9 discriminator 3 view .LVU313
 326:middleware/FreeRTOS-Kernel/timers.c **** 
 1172              		.loc 1 326 9 discriminator 3 view .LVU314
 1173 0052 FEE7     		b	.L92
 1174              	.L96:
 1175              		.align	2
 1176              	.L95:
 1177 0054 00000000 		.word	xTimerQueue
 1178 0058 00000000 		.word	.LC1
 1179 005c 00000000 		.word	prvTimerTask
 1180 0060 00000000 		.word	xTimerTaskHandle
ARM GAS  /tmp/ccZINekD.s 			page 50


 1181              		.cfi_endproc
 1182              	.LFE5:
 1184              		.section	.text.xTimerCreateStatic,"ax",%progbits
 1185              		.align	1
 1186              		.global	xTimerCreateStatic
 1187              		.syntax unified
 1188              		.thumb
 1189              		.thumb_func
 1191              	xTimerCreateStatic:
 1192              	.LVL94:
 1193              	.LFB6:
 376:middleware/FreeRTOS-Kernel/timers.c ****             Timer_t * pxNewTimer;
 1194              		.loc 1 376 9 view -0
 1195              		.cfi_startproc
 1196              		@ args = 8, pretend = 0, frame = 8
 1197              		@ frame_needed = 0, uses_anonymous_args = 0
 376:middleware/FreeRTOS-Kernel/timers.c ****             Timer_t * pxNewTimer;
 1198              		.loc 1 376 9 is_stmt 0 view .LVU316
 1199 0000 10B5     		push	{r4, lr}
 1200              	.LCFI22:
 1201              		.cfi_def_cfa_offset 8
 1202              		.cfi_offset 4, -8
 1203              		.cfi_offset 14, -4
 1204 0002 84B0     		sub	sp, sp, #16
 1205              	.LCFI23:
 1206              		.cfi_def_cfa_offset 24
 1207 0004 8446     		mov	ip, r0
 377:middleware/FreeRTOS-Kernel/timers.c **** 
 1208              		.loc 1 377 13 is_stmt 1 view .LVU317
 379:middleware/FreeRTOS-Kernel/timers.c **** 
 1209              		.loc 1 379 137 view .LVU318
 1210              	.LBB50:
 386:middleware/FreeRTOS-Kernel/timers.c ****                 configASSERT( xSize == sizeof( Timer_t ) );
 1211              		.loc 1 386 17 view .LVU319
 386:middleware/FreeRTOS-Kernel/timers.c ****                 configASSERT( xSize == sizeof( Timer_t ) );
 1212              		.loc 1 386 33 is_stmt 0 view .LVU320
 1213 0006 2820     		movs	r0, #40
 1214              	.LVL95:
 386:middleware/FreeRTOS-Kernel/timers.c ****                 configASSERT( xSize == sizeof( Timer_t ) );
 1215              		.loc 1 386 33 view .LVU321
 1216 0008 0390     		str	r0, [sp, #12]
 387:middleware/FreeRTOS-Kernel/timers.c ****                 ( void ) xSize; /* Prevent unused variable warning when configASSERT() is not defin
 1217              		.loc 1 387 17 is_stmt 1 view .LVU322
 1218 000a 0398     		ldr	r0, [sp, #12]
 1219 000c 2828     		cmp	r0, #40
 1220 000e 08D0     		beq	.L98
 387:middleware/FreeRTOS-Kernel/timers.c ****                 ( void ) xSize; /* Prevent unused variable warning when configASSERT() is not defin
 1221              		.loc 1 387 17 discriminator 1 view .LVU323
 1222              	.LBB51:
 1223              	.LBI51:
 213:middleware/FreeRTOS-Kernel/portable/GCC/ARM_CM4F/portmacro.h **** {
 1224              		.loc 2 213 30 view .LVU324
 1225              	.LBB52:
 215:middleware/FreeRTOS-Kernel/portable/GCC/ARM_CM4F/portmacro.h **** 
 1226              		.loc 2 215 5 view .LVU325
 1227              		.loc 2 217 5 view .LVU326
 1228              		.syntax unified
ARM GAS  /tmp/ccZINekD.s 			page 51


 1229              	@ 217 "middleware/FreeRTOS-Kernel/portable/GCC/ARM_CM4F/portmacro.h" 1
 1230 0010 4FF05003 		   mov r3, #80                                              
 1231 0014 83F31188 	   msr basepri, r3                                         
 1232 0018 BFF36F8F 	   isb                                                     
 1233 001c BFF34F8F 	   dsb                                                     
 1234              	
 1235              	@ 0 "" 2
 1236              	.LVL96:
 1237              		.thumb
 1238              		.syntax unified
 1239              	.L99:
 1240              		.loc 2 217 5 is_stmt 0 view .LVU327
 1241              	.LBE52:
 1242              	.LBE51:
 387:middleware/FreeRTOS-Kernel/timers.c ****                 ( void ) xSize; /* Prevent unused variable warning when configASSERT() is not defin
 1243              		.loc 1 387 17 is_stmt 1 discriminator 3 view .LVU328
 387:middleware/FreeRTOS-Kernel/timers.c ****                 ( void ) xSize; /* Prevent unused variable warning when configASSERT() is not defin
 1244              		.loc 1 387 17 discriminator 3 view .LVU329
 1245 0020 FEE7     		b	.L99
 1246              	.LVL97:
 1247              	.L98:
 387:middleware/FreeRTOS-Kernel/timers.c ****                 ( void ) xSize; /* Prevent unused variable warning when configASSERT() is not defin
 1248              		.loc 1 387 59 discriminator 2 view .LVU330
 388:middleware/FreeRTOS-Kernel/timers.c ****             }
 1249              		.loc 1 388 17 view .LVU331
 1250 0022 0398     		ldr	r0, [sp, #12]
 1251              	.LBE50:
 393:middleware/FreeRTOS-Kernel/timers.c ****             /* MISRA Ref 11.3.1 [Misaligned access] */
 1252              		.loc 1 393 13 view .LVU332
 1253 0024 0798     		ldr	r0, [sp, #28]
 1254 0026 60B1     		cbz	r0, .L103
 393:middleware/FreeRTOS-Kernel/timers.c ****             /* MISRA Ref 11.3.1 [Misaligned access] */
 1255              		.loc 1 393 42 discriminator 2 view .LVU333
 397:middleware/FreeRTOS-Kernel/timers.c **** 
 1256              		.loc 1 397 13 view .LVU334
 1257              	.LVL98:
 399:middleware/FreeRTOS-Kernel/timers.c ****             {
 1258              		.loc 1 399 13 view .LVU335
 404:middleware/FreeRTOS-Kernel/timers.c **** 
 1259              		.loc 1 404 17 view .LVU336
 404:middleware/FreeRTOS-Kernel/timers.c **** 
 1260              		.loc 1 404 38 is_stmt 0 view .LVU337
 1261 0028 0220     		movs	r0, #2
 1262              	.LVL99:
 404:middleware/FreeRTOS-Kernel/timers.c **** 
 1263              		.loc 1 404 38 view .LVU338
 1264 002a 079C     		ldr	r4, [sp, #28]
 1265 002c 84F82400 		strb	r0, [r4, #36]
 406:middleware/FreeRTOS-Kernel/timers.c ****             }
 1266              		.loc 1 406 17 is_stmt 1 view .LVU339
 1267 0030 0194     		str	r4, [sp, #4]
 1268 0032 0698     		ldr	r0, [sp, #24]
 1269 0034 0090     		str	r0, [sp]
 1270 0036 6046     		mov	r0, ip
 1271 0038 FFF7FEFF 		bl	prvInitialiseNewTimer
 1272              	.LVL100:
 409:middleware/FreeRTOS-Kernel/timers.c **** 
ARM GAS  /tmp/ccZINekD.s 			page 52


 1273              		.loc 1 409 57 view .LVU340
 411:middleware/FreeRTOS-Kernel/timers.c ****         }
 1274              		.loc 1 411 13 view .LVU341
 412:middleware/FreeRTOS-Kernel/timers.c **** 
 1275              		.loc 1 412 9 is_stmt 0 view .LVU342
 1276 003c 0798     		ldr	r0, [sp, #28]
 1277 003e 04B0     		add	sp, sp, #16
 1278              	.LCFI24:
 1279              		.cfi_remember_state
 1280              		.cfi_def_cfa_offset 8
 1281              		@ sp needed
 1282 0040 10BD     		pop	{r4, pc}
 1283              	.LVL101:
 1284              	.L103:
 1285              	.LCFI25:
 1286              		.cfi_restore_state
 393:middleware/FreeRTOS-Kernel/timers.c ****             /* MISRA Ref 11.3.1 [Misaligned access] */
 1287              		.loc 1 393 13 is_stmt 1 discriminator 1 view .LVU343
 1288              	.LBB53:
 1289              	.LBI53:
 213:middleware/FreeRTOS-Kernel/portable/GCC/ARM_CM4F/portmacro.h **** {
 1290              		.loc 2 213 30 view .LVU344
 1291              	.LBB54:
 215:middleware/FreeRTOS-Kernel/portable/GCC/ARM_CM4F/portmacro.h **** 
 1292              		.loc 2 215 5 view .LVU345
 1293              		.loc 2 217 5 view .LVU346
 1294              		.syntax unified
 1295              	@ 217 "middleware/FreeRTOS-Kernel/portable/GCC/ARM_CM4F/portmacro.h" 1
 1296 0042 4FF05003 		   mov r3, #80                                              
 1297 0046 83F31188 	   msr basepri, r3                                         
 1298 004a BFF36F8F 	   isb                                                     
 1299 004e BFF34F8F 	   dsb                                                     
 1300              	
 1301              	@ 0 "" 2
 1302              	.LVL102:
 1303              		.thumb
 1304              		.syntax unified
 1305              	.L101:
 1306              		.loc 2 217 5 is_stmt 0 view .LVU347
 1307              	.LBE54:
 1308              	.LBE53:
 393:middleware/FreeRTOS-Kernel/timers.c ****             /* MISRA Ref 11.3.1 [Misaligned access] */
 1309              		.loc 1 393 13 is_stmt 1 discriminator 3 view .LVU348
 393:middleware/FreeRTOS-Kernel/timers.c ****             /* MISRA Ref 11.3.1 [Misaligned access] */
 1310              		.loc 1 393 13 discriminator 3 view .LVU349
 1311 0052 FEE7     		b	.L101
 1312              		.cfi_endproc
 1313              	.LFE6:
 1315              		.section	.text.xTimerGenericCommandFromTask,"ax",%progbits
 1316              		.align	1
 1317              		.global	xTimerGenericCommandFromTask
 1318              		.syntax unified
 1319              		.thumb
 1320              		.thumb_func
 1322              	xTimerGenericCommandFromTask:
 1323              	.LVL103:
 1324              	.LFB8:
ARM GAS  /tmp/ccZINekD.s 			page 53


 453:middleware/FreeRTOS-Kernel/timers.c ****         BaseType_t xReturn = pdFAIL;
 1325              		.loc 1 453 5 view -0
 1326              		.cfi_startproc
 1327              		@ args = 4, pretend = 0, frame = 16
 1328              		@ frame_needed = 0, uses_anonymous_args = 0
 454:middleware/FreeRTOS-Kernel/timers.c ****         DaemonTaskMessage_t xMessage;
 1329              		.loc 1 454 9 view .LVU351
 455:middleware/FreeRTOS-Kernel/timers.c **** 
 1330              		.loc 1 455 9 view .LVU352
 457:middleware/FreeRTOS-Kernel/timers.c **** 
 1331              		.loc 1 457 9 view .LVU353
 459:middleware/FreeRTOS-Kernel/timers.c **** 
 1332              		.loc 1 459 127 view .LVU354
 461:middleware/FreeRTOS-Kernel/timers.c **** 
 1333              		.loc 1 461 9 view .LVU355
 1334 0000 98B1     		cbz	r0, .L116
 1335 0002 0346     		mov	r3, r0
 1336              	.LVL104:
 461:middleware/FreeRTOS-Kernel/timers.c **** 
 1337              		.loc 1 461 31 discriminator 2 view .LVU356
 465:middleware/FreeRTOS-Kernel/timers.c ****         {
 1338              		.loc 1 465 9 view .LVU357
 465:middleware/FreeRTOS-Kernel/timers.c ****         {
 1339              		.loc 1 465 25 is_stmt 0 view .LVU358
 1340 0004 1948     		ldr	r0, .L118
 1341              	.LVL105:
 465:middleware/FreeRTOS-Kernel/timers.c ****         {
 1342              		.loc 1 465 25 view .LVU359
 1343 0006 0068     		ldr	r0, [r0]
 465:middleware/FreeRTOS-Kernel/timers.c ****         {
 1344              		.loc 1 465 11 view .LVU360
 1345 0008 70B3     		cbz	r0, .L111
 453:middleware/FreeRTOS-Kernel/timers.c ****         BaseType_t xReturn = pdFAIL;
 1346              		.loc 1 453 5 view .LVU361
 1347 000a 00B5     		push	{lr}
 1348              	.LCFI26:
 1349              		.cfi_def_cfa_offset 4
 1350              		.cfi_offset 14, -4
 1351 000c 85B0     		sub	sp, sp, #20
 1352              	.LCFI27:
 1353              		.cfi_def_cfa_offset 24
 468:middleware/FreeRTOS-Kernel/timers.c ****             xMessage.u.xTimerParameters.xMessageValue = xOptionalValue;
 1354              		.loc 1 468 13 is_stmt 1 view .LVU362
 468:middleware/FreeRTOS-Kernel/timers.c ****             xMessage.u.xTimerParameters.xMessageValue = xOptionalValue;
 1355              		.loc 1 468 33 is_stmt 0 view .LVU363
 1356 000e 0191     		str	r1, [sp, #4]
 469:middleware/FreeRTOS-Kernel/timers.c ****             xMessage.u.xTimerParameters.pxTimer = xTimer;
 1357              		.loc 1 469 13 is_stmt 1 view .LVU364
 469:middleware/FreeRTOS-Kernel/timers.c ****             xMessage.u.xTimerParameters.pxTimer = xTimer;
 1358              		.loc 1 469 55 is_stmt 0 view .LVU365
 1359 0010 0292     		str	r2, [sp, #8]
 470:middleware/FreeRTOS-Kernel/timers.c **** 
 1360              		.loc 1 470 13 is_stmt 1 view .LVU366
 470:middleware/FreeRTOS-Kernel/timers.c **** 
 1361              		.loc 1 470 49 is_stmt 0 view .LVU367
 1362 0012 0393     		str	r3, [sp, #12]
 472:middleware/FreeRTOS-Kernel/timers.c **** 
ARM GAS  /tmp/ccZINekD.s 			page 54


 1363              		.loc 1 472 13 is_stmt 1 view .LVU368
 1364 0014 0529     		cmp	r1, #5
 1365 0016 11DD     		ble	.L108
 472:middleware/FreeRTOS-Kernel/timers.c **** 
 1366              		.loc 1 472 13 discriminator 1 view .LVU369
 1367              	.LBB55:
 1368              	.LBI55:
 213:middleware/FreeRTOS-Kernel/portable/GCC/ARM_CM4F/portmacro.h **** {
 1369              		.loc 2 213 30 view .LVU370
 1370              	.LBB56:
 215:middleware/FreeRTOS-Kernel/portable/GCC/ARM_CM4F/portmacro.h **** 
 1371              		.loc 2 215 5 view .LVU371
 1372              		.loc 2 217 5 view .LVU372
 1373              		.syntax unified
 1374              	@ 217 "middleware/FreeRTOS-Kernel/portable/GCC/ARM_CM4F/portmacro.h" 1
 1375 0018 4FF05003 		   mov r3, #80                                              
 1376 001c 83F31188 	   msr basepri, r3                                         
 1377 0020 BFF36F8F 	   isb                                                     
 1378 0024 BFF34F8F 	   dsb                                                     
 1379              	
 1380              	@ 0 "" 2
 1381              	.LVL106:
 1382              		.thumb
 1383              		.syntax unified
 1384              	.L109:
 1385              		.loc 2 217 5 is_stmt 0 view .LVU373
 1386              	.LBE56:
 1387              	.LBE55:
 472:middleware/FreeRTOS-Kernel/timers.c **** 
 1388              		.loc 1 472 13 is_stmt 1 discriminator 3 view .LVU374
 472:middleware/FreeRTOS-Kernel/timers.c **** 
 1389              		.loc 1 472 13 discriminator 3 view .LVU375
 1390 0028 FEE7     		b	.L109
 1391              	.LVL107:
 1392              	.L116:
 1393              	.LCFI28:
 1394              		.cfi_def_cfa_offset 0
 1395              		.cfi_restore 14
 461:middleware/FreeRTOS-Kernel/timers.c **** 
 1396              		.loc 1 461 9 discriminator 1 view .LVU376
 1397              	.LBB57:
 1398              	.LBI57:
 213:middleware/FreeRTOS-Kernel/portable/GCC/ARM_CM4F/portmacro.h **** {
 1399              		.loc 2 213 30 view .LVU377
 1400              	.LBB58:
 215:middleware/FreeRTOS-Kernel/portable/GCC/ARM_CM4F/portmacro.h **** 
 1401              		.loc 2 215 5 view .LVU378
 1402              		.loc 2 217 5 view .LVU379
 1403              		.syntax unified
 1404              	@ 217 "middleware/FreeRTOS-Kernel/portable/GCC/ARM_CM4F/portmacro.h" 1
 1405 002a 4FF05003 		   mov r3, #80                                              
 1406 002e 83F31188 	   msr basepri, r3                                         
 1407 0032 BFF36F8F 	   isb                                                     
 1408 0036 BFF34F8F 	   dsb                                                     
 1409              	
 1410              	@ 0 "" 2
 1411              	.LVL108:
ARM GAS  /tmp/ccZINekD.s 			page 55


 1412              		.thumb
 1413              		.syntax unified
 1414              	.L106:
 1415              		.loc 2 217 5 is_stmt 0 view .LVU380
 1416              	.LBE58:
 1417              	.LBE57:
 461:middleware/FreeRTOS-Kernel/timers.c **** 
 1418              		.loc 1 461 9 is_stmt 1 discriminator 3 view .LVU381
 461:middleware/FreeRTOS-Kernel/timers.c **** 
 1419              		.loc 1 461 9 discriminator 3 view .LVU382
 1420 003a FEE7     		b	.L106
 1421              	.LVL109:
 1422              	.L108:
 1423              	.LCFI29:
 1424              		.cfi_def_cfa_offset 24
 1425              		.cfi_offset 14, -4
 472:middleware/FreeRTOS-Kernel/timers.c **** 
 1426              		.loc 1 472 67 discriminator 2 view .LVU383
 474:middleware/FreeRTOS-Kernel/timers.c ****             {
 1427              		.loc 1 474 13 view .LVU384
 476:middleware/FreeRTOS-Kernel/timers.c ****                 {
 1428              		.loc 1 476 17 view .LVU385
 476:middleware/FreeRTOS-Kernel/timers.c ****                 {
 1429              		.loc 1 476 21 is_stmt 0 view .LVU386
 1430 003c FFF7FEFF 		bl	xTaskGetSchedulerState
 1431              	.LVL110:
 476:middleware/FreeRTOS-Kernel/timers.c ****                 {
 1432              		.loc 1 476 19 discriminator 1 view .LVU387
 1433 0040 0228     		cmp	r0, #2
 1434 0042 09D0     		beq	.L117
 482:middleware/FreeRTOS-Kernel/timers.c ****                 }
 1435              		.loc 1 482 21 is_stmt 1 view .LVU388
 482:middleware/FreeRTOS-Kernel/timers.c ****                 }
 1436              		.loc 1 482 31 is_stmt 0 view .LVU389
 1437 0044 0023     		movs	r3, #0
 1438 0046 1A46     		mov	r2, r3
 1439 0048 01A9     		add	r1, sp, #4
 1440 004a 0848     		ldr	r0, .L118
 1441 004c 0068     		ldr	r0, [r0]
 1442 004e FFF7FEFF 		bl	xQueueGenericSend
 1443              	.LVL111:
 1444              	.L104:
 496:middleware/FreeRTOS-Kernel/timers.c **** /*-----------------------------------------------------------*/
 1445              		.loc 1 496 5 view .LVU390
 1446 0052 05B0     		add	sp, sp, #20
 1447              	.LCFI30:
 1448              		.cfi_remember_state
 1449              		.cfi_def_cfa_offset 4
 1450              		@ sp needed
 1451 0054 5DF804FB 		ldr	pc, [sp], #4
 1452              	.LVL112:
 1453              	.L117:
 1454              	.LCFI31:
 1455              		.cfi_restore_state
 478:middleware/FreeRTOS-Kernel/timers.c ****                 }
 1456              		.loc 1 478 21 is_stmt 1 view .LVU391
 478:middleware/FreeRTOS-Kernel/timers.c ****                 }
ARM GAS  /tmp/ccZINekD.s 			page 56


 1457              		.loc 1 478 31 is_stmt 0 view .LVU392
 1458 0058 0023     		movs	r3, #0
 1459 005a 069A     		ldr	r2, [sp, #24]
 1460 005c 01A9     		add	r1, sp, #4
 1461 005e 0348     		ldr	r0, .L118
 1462 0060 0068     		ldr	r0, [r0]
 1463 0062 FFF7FEFF 		bl	xQueueGenericSend
 1464              	.LVL113:
 478:middleware/FreeRTOS-Kernel/timers.c ****                 }
 1465              		.loc 1 478 31 view .LVU393
 1466 0066 F4E7     		b	.L104
 1467              	.LVL114:
 1468              	.L111:
 1469              	.LCFI32:
 1470              		.cfi_def_cfa_offset 0
 1471              		.cfi_restore 14
 454:middleware/FreeRTOS-Kernel/timers.c ****         DaemonTaskMessage_t xMessage;
 1472              		.loc 1 454 20 view .LVU394
 1473 0068 0020     		movs	r0, #0
 490:middleware/FreeRTOS-Kernel/timers.c ****         }
 1474              		.loc 1 490 37 is_stmt 1 view .LVU395
 493:middleware/FreeRTOS-Kernel/timers.c **** 
 1475              		.loc 1 493 60 view .LVU396
 495:middleware/FreeRTOS-Kernel/timers.c ****     }
 1476              		.loc 1 495 9 view .LVU397
 496:middleware/FreeRTOS-Kernel/timers.c **** /*-----------------------------------------------------------*/
 1477              		.loc 1 496 5 is_stmt 0 view .LVU398
 1478 006a 7047     		bx	lr
 1479              	.L119:
 1480              		.align	2
 1481              	.L118:
 1482 006c 00000000 		.word	xTimerQueue
 1483              		.cfi_endproc
 1484              	.LFE8:
 1486              		.section	.text.xTimerGenericCommandFromISR,"ax",%progbits
 1487              		.align	1
 1488              		.global	xTimerGenericCommandFromISR
 1489              		.syntax unified
 1490              		.thumb
 1491              		.thumb_func
 1493              	xTimerGenericCommandFromISR:
 1494              	.LVL115:
 1495              	.LFB9:
 504:middleware/FreeRTOS-Kernel/timers.c ****         BaseType_t xReturn = pdFAIL;
 1496              		.loc 1 504 5 is_stmt 1 view -0
 1497              		.cfi_startproc
 1498              		@ args = 4, pretend = 0, frame = 16
 1499              		@ frame_needed = 0, uses_anonymous_args = 0
 505:middleware/FreeRTOS-Kernel/timers.c ****         DaemonTaskMessage_t xMessage;
 1500              		.loc 1 505 9 view .LVU400
 506:middleware/FreeRTOS-Kernel/timers.c **** 
 1501              		.loc 1 506 9 view .LVU401
 508:middleware/FreeRTOS-Kernel/timers.c **** 
 1502              		.loc 1 508 9 view .LVU402
 510:middleware/FreeRTOS-Kernel/timers.c **** 
 1503              		.loc 1 510 126 view .LVU403
 512:middleware/FreeRTOS-Kernel/timers.c **** 
ARM GAS  /tmp/ccZINekD.s 			page 57


 1504              		.loc 1 512 9 view .LVU404
 1505 0000 A0B1     		cbz	r0, .L131
 1506 0002 9C46     		mov	ip, r3
 1507 0004 0346     		mov	r3, r0
 1508              	.LVL116:
 512:middleware/FreeRTOS-Kernel/timers.c **** 
 1509              		.loc 1 512 31 discriminator 2 view .LVU405
 516:middleware/FreeRTOS-Kernel/timers.c ****         {
 1510              		.loc 1 516 9 view .LVU406
 516:middleware/FreeRTOS-Kernel/timers.c ****         {
 1511              		.loc 1 516 25 is_stmt 0 view .LVU407
 1512 0006 1348     		ldr	r0, .L132
 1513              	.LVL117:
 516:middleware/FreeRTOS-Kernel/timers.c ****         {
 1514              		.loc 1 516 25 view .LVU408
 1515 0008 0068     		ldr	r0, [r0]
 516:middleware/FreeRTOS-Kernel/timers.c ****         {
 1516              		.loc 1 516 11 view .LVU409
 1517 000a 00B3     		cbz	r0, .L126
 504:middleware/FreeRTOS-Kernel/timers.c ****         BaseType_t xReturn = pdFAIL;
 1518              		.loc 1 504 5 view .LVU410
 1519 000c 00B5     		push	{lr}
 1520              	.LCFI33:
 1521              		.cfi_def_cfa_offset 4
 1522              		.cfi_offset 14, -4
 1523 000e 85B0     		sub	sp, sp, #20
 1524              	.LCFI34:
 1525              		.cfi_def_cfa_offset 24
 519:middleware/FreeRTOS-Kernel/timers.c ****             xMessage.u.xTimerParameters.xMessageValue = xOptionalValue;
 1526              		.loc 1 519 13 is_stmt 1 view .LVU411
 519:middleware/FreeRTOS-Kernel/timers.c ****             xMessage.u.xTimerParameters.xMessageValue = xOptionalValue;
 1527              		.loc 1 519 33 is_stmt 0 view .LVU412
 1528 0010 0191     		str	r1, [sp, #4]
 520:middleware/FreeRTOS-Kernel/timers.c ****             xMessage.u.xTimerParameters.pxTimer = xTimer;
 1529              		.loc 1 520 13 is_stmt 1 view .LVU413
 520:middleware/FreeRTOS-Kernel/timers.c ****             xMessage.u.xTimerParameters.pxTimer = xTimer;
 1530              		.loc 1 520 55 is_stmt 0 view .LVU414
 1531 0012 0292     		str	r2, [sp, #8]
 521:middleware/FreeRTOS-Kernel/timers.c **** 
 1532              		.loc 1 521 13 is_stmt 1 view .LVU415
 521:middleware/FreeRTOS-Kernel/timers.c **** 
 1533              		.loc 1 521 49 is_stmt 0 view .LVU416
 1534 0014 0393     		str	r3, [sp, #12]
 523:middleware/FreeRTOS-Kernel/timers.c **** 
 1535              		.loc 1 523 13 is_stmt 1 view .LVU417
 1536 0016 0529     		cmp	r1, #5
 1537 0018 11DC     		bgt	.L124
 523:middleware/FreeRTOS-Kernel/timers.c **** 
 1538              		.loc 1 523 13 discriminator 1 view .LVU418
 1539              	.LBB59:
 1540              	.LBI59:
 213:middleware/FreeRTOS-Kernel/portable/GCC/ARM_CM4F/portmacro.h **** {
 1541              		.loc 2 213 30 view .LVU419
 1542              	.LBB60:
 215:middleware/FreeRTOS-Kernel/portable/GCC/ARM_CM4F/portmacro.h **** 
 1543              		.loc 2 215 5 view .LVU420
 1544              		.loc 2 217 5 view .LVU421
ARM GAS  /tmp/ccZINekD.s 			page 58


 1545              		.syntax unified
 1546              	@ 217 "middleware/FreeRTOS-Kernel/portable/GCC/ARM_CM4F/portmacro.h" 1
 1547 001a 4FF05003 		   mov r3, #80                                              
 1548 001e 83F31188 	   msr basepri, r3                                         
 1549 0022 BFF36F8F 	   isb                                                     
 1550 0026 BFF34F8F 	   dsb                                                     
 1551              	
 1552              	@ 0 "" 2
 1553              	.LVL118:
 1554              		.thumb
 1555              		.syntax unified
 1556              	.L125:
 1557              		.loc 2 217 5 is_stmt 0 view .LVU422
 1558              	.LBE60:
 1559              	.LBE59:
 523:middleware/FreeRTOS-Kernel/timers.c **** 
 1560              		.loc 1 523 13 is_stmt 1 discriminator 3 view .LVU423
 523:middleware/FreeRTOS-Kernel/timers.c **** 
 1561              		.loc 1 523 13 discriminator 3 view .LVU424
 1562 002a FEE7     		b	.L125
 1563              	.LVL119:
 1564              	.L131:
 1565              	.LCFI35:
 1566              		.cfi_def_cfa_offset 0
 1567              		.cfi_restore 14
 512:middleware/FreeRTOS-Kernel/timers.c **** 
 1568              		.loc 1 512 9 discriminator 1 view .LVU425
 1569              	.LBB61:
 1570              	.LBI61:
 213:middleware/FreeRTOS-Kernel/portable/GCC/ARM_CM4F/portmacro.h **** {
 1571              		.loc 2 213 30 view .LVU426
 1572              	.LBB62:
 215:middleware/FreeRTOS-Kernel/portable/GCC/ARM_CM4F/portmacro.h **** 
 1573              		.loc 2 215 5 view .LVU427
 1574              		.loc 2 217 5 view .LVU428
 1575              		.syntax unified
 1576              	@ 217 "middleware/FreeRTOS-Kernel/portable/GCC/ARM_CM4F/portmacro.h" 1
 1577 002c 4FF05003 		   mov r3, #80                                              
 1578 0030 83F31188 	   msr basepri, r3                                         
 1579 0034 BFF36F8F 	   isb                                                     
 1580 0038 BFF34F8F 	   dsb                                                     
 1581              	
 1582              	@ 0 "" 2
 1583              	.LVL120:
 1584              		.thumb
 1585              		.syntax unified
 1586              	.L122:
 1587              		.loc 2 217 5 is_stmt 0 view .LVU429
 1588              	.LBE62:
 1589              	.LBE61:
 512:middleware/FreeRTOS-Kernel/timers.c **** 
 1590              		.loc 1 512 9 is_stmt 1 discriminator 3 view .LVU430
 512:middleware/FreeRTOS-Kernel/timers.c **** 
 1591              		.loc 1 512 9 discriminator 3 view .LVU431
 1592 003c FEE7     		b	.L122
 1593              	.LVL121:
 1594              	.L124:
ARM GAS  /tmp/ccZINekD.s 			page 59


 1595              	.LCFI36:
 1596              		.cfi_def_cfa_offset 24
 1597              		.cfi_offset 14, -4
 523:middleware/FreeRTOS-Kernel/timers.c **** 
 1598              		.loc 1 523 68 discriminator 2 view .LVU432
 525:middleware/FreeRTOS-Kernel/timers.c ****             {
 1599              		.loc 1 525 13 view .LVU433
 527:middleware/FreeRTOS-Kernel/timers.c ****             }
 1600              		.loc 1 527 17 view .LVU434
 527:middleware/FreeRTOS-Kernel/timers.c ****             }
 1601              		.loc 1 527 27 is_stmt 0 view .LVU435
 1602 003e 0023     		movs	r3, #0
 1603              	.LVL122:
 527:middleware/FreeRTOS-Kernel/timers.c ****             }
 1604              		.loc 1 527 27 view .LVU436
 1605 0040 6246     		mov	r2, ip
 1606              	.LVL123:
 527:middleware/FreeRTOS-Kernel/timers.c ****             }
 1607              		.loc 1 527 27 view .LVU437
 1608 0042 01A9     		add	r1, sp, #4
 1609              	.LVL124:
 527:middleware/FreeRTOS-Kernel/timers.c ****             }
 1610              		.loc 1 527 27 view .LVU438
 1611 0044 FFF7FEFF 		bl	xQueueGenericSendFromISR
 1612              	.LVL125:
 540:middleware/FreeRTOS-Kernel/timers.c **** /*-----------------------------------------------------------*/
 1613              		.loc 1 540 5 view .LVU439
 1614 0048 05B0     		add	sp, sp, #20
 1615              	.LCFI37:
 1616              		.cfi_def_cfa_offset 4
 1617              		@ sp needed
 1618 004a 5DF804FB 		ldr	pc, [sp], #4
 1619              	.LVL126:
 1620              	.L126:
 1621              	.LCFI38:
 1622              		.cfi_def_cfa_offset 0
 1623              		.cfi_restore 14
 505:middleware/FreeRTOS-Kernel/timers.c ****         DaemonTaskMessage_t xMessage;
 1624              		.loc 1 505 20 view .LVU440
 1625 004e 0020     		movs	r0, #0
 534:middleware/FreeRTOS-Kernel/timers.c ****         }
 1626              		.loc 1 534 37 is_stmt 1 view .LVU441
 537:middleware/FreeRTOS-Kernel/timers.c **** 
 1627              		.loc 1 537 59 view .LVU442
 539:middleware/FreeRTOS-Kernel/timers.c ****     }
 1628              		.loc 1 539 9 view .LVU443
 540:middleware/FreeRTOS-Kernel/timers.c **** /*-----------------------------------------------------------*/
 1629              		.loc 1 540 5 is_stmt 0 view .LVU444
 1630 0050 7047     		bx	lr
 1631              	.L133:
 1632 0052 00BF     		.align	2
 1633              	.L132:
 1634 0054 00000000 		.word	xTimerQueue
 1635              		.cfi_endproc
 1636              	.LFE9:
 1638              		.section	.text.xTimerGetTimerDaemonTaskHandle,"ax",%progbits
 1639              		.align	1
ARM GAS  /tmp/ccZINekD.s 			page 60


 1640              		.global	xTimerGetTimerDaemonTaskHandle
 1641              		.syntax unified
 1642              		.thumb
 1643              		.thumb_func
 1645              	xTimerGetTimerDaemonTaskHandle:
 1646              	.LFB10:
 544:middleware/FreeRTOS-Kernel/timers.c ****         traceENTER_xTimerGetTimerDaemonTaskHandle();
 1647              		.loc 1 544 5 is_stmt 1 view -0
 1648              		.cfi_startproc
 1649              		@ args = 0, pretend = 0, frame = 0
 1650              		@ frame_needed = 0, uses_anonymous_args = 0
 1651              		@ link register save eliminated.
 545:middleware/FreeRTOS-Kernel/timers.c **** 
 1652              		.loc 1 545 52 view .LVU446
 549:middleware/FreeRTOS-Kernel/timers.c **** 
 1653              		.loc 1 549 9 view .LVU447
 1654 0000 064B     		ldr	r3, .L138
 1655 0002 1868     		ldr	r0, [r3]
 1656 0004 00B1     		cbz	r0, .L137
 554:middleware/FreeRTOS-Kernel/timers.c **** /*-----------------------------------------------------------*/
 1657              		.loc 1 554 5 is_stmt 0 view .LVU448
 1658 0006 7047     		bx	lr
 1659              	.L137:
 549:middleware/FreeRTOS-Kernel/timers.c **** 
 1660              		.loc 1 549 9 is_stmt 1 discriminator 1 view .LVU449
 1661              	.LBB63:
 1662              	.LBI63:
 213:middleware/FreeRTOS-Kernel/portable/GCC/ARM_CM4F/portmacro.h **** {
 1663              		.loc 2 213 30 view .LVU450
 1664              	.LBB64:
 215:middleware/FreeRTOS-Kernel/portable/GCC/ARM_CM4F/portmacro.h **** 
 1665              		.loc 2 215 5 view .LVU451
 1666              		.loc 2 217 5 view .LVU452
 1667              		.syntax unified
 1668              	@ 217 "middleware/FreeRTOS-Kernel/portable/GCC/ARM_CM4F/portmacro.h" 1
 1669 0008 4FF05003 		   mov r3, #80                                              
 1670 000c 83F31188 	   msr basepri, r3                                         
 1671 0010 BFF36F8F 	   isb                                                     
 1672 0014 BFF34F8F 	   dsb                                                     
 1673              	
 1674              	@ 0 "" 2
 1675              		.thumb
 1676              		.syntax unified
 1677              	.L136:
 1678              	.LBE64:
 1679              	.LBE63:
 549:middleware/FreeRTOS-Kernel/timers.c **** 
 1680              		.loc 1 549 9 discriminator 3 view .LVU453
 549:middleware/FreeRTOS-Kernel/timers.c **** 
 1681              		.loc 1 549 9 discriminator 3 view .LVU454
 1682 0018 FEE7     		b	.L136
 1683              	.L139:
 1684 001a 00BF     		.align	2
 1685              	.L138:
 1686 001c 00000000 		.word	xTimerTaskHandle
 1687              		.cfi_endproc
 1688              	.LFE10:
ARM GAS  /tmp/ccZINekD.s 			page 61


 1690              		.section	.text.xTimerGetPeriod,"ax",%progbits
 1691              		.align	1
 1692              		.global	xTimerGetPeriod
 1693              		.syntax unified
 1694              		.thumb
 1695              		.thumb_func
 1697              	xTimerGetPeriod:
 1698              	.LVL127:
 1699              	.LFB11:
 558:middleware/FreeRTOS-Kernel/timers.c ****         Timer_t * pxTimer = xTimer;
 1700              		.loc 1 558 5 view -0
 1701              		.cfi_startproc
 1702              		@ args = 0, pretend = 0, frame = 0
 1703              		@ frame_needed = 0, uses_anonymous_args = 0
 1704              		@ link register save eliminated.
 559:middleware/FreeRTOS-Kernel/timers.c **** 
 1705              		.loc 1 559 9 view .LVU456
 561:middleware/FreeRTOS-Kernel/timers.c **** 
 1706              		.loc 1 561 45 view .LVU457
 563:middleware/FreeRTOS-Kernel/timers.c **** 
 1707              		.loc 1 563 9 view .LVU458
 1708 0000 08B1     		cbz	r0, .L143
 563:middleware/FreeRTOS-Kernel/timers.c **** 
 1709              		.loc 1 563 31 discriminator 2 view .LVU459
 565:middleware/FreeRTOS-Kernel/timers.c **** 
 1710              		.loc 1 565 68 view .LVU460
 567:middleware/FreeRTOS-Kernel/timers.c ****     }
 1711              		.loc 1 567 9 view .LVU461
 568:middleware/FreeRTOS-Kernel/timers.c **** /*-----------------------------------------------------------*/
 1712              		.loc 1 568 5 is_stmt 0 view .LVU462
 1713 0002 8069     		ldr	r0, [r0, #24]
 1714              	.LVL128:
 568:middleware/FreeRTOS-Kernel/timers.c **** /*-----------------------------------------------------------*/
 1715              		.loc 1 568 5 view .LVU463
 1716 0004 7047     		bx	lr
 1717              	.LVL129:
 1718              	.L143:
 563:middleware/FreeRTOS-Kernel/timers.c **** 
 1719              		.loc 1 563 9 is_stmt 1 discriminator 1 view .LVU464
 1720              	.LBB65:
 1721              	.LBI65:
 213:middleware/FreeRTOS-Kernel/portable/GCC/ARM_CM4F/portmacro.h **** {
 1722              		.loc 2 213 30 view .LVU465
 1723              	.LBB66:
 215:middleware/FreeRTOS-Kernel/portable/GCC/ARM_CM4F/portmacro.h **** 
 1724              		.loc 2 215 5 view .LVU466
 1725              		.loc 2 217 5 view .LVU467
 1726              		.syntax unified
 1727              	@ 217 "middleware/FreeRTOS-Kernel/portable/GCC/ARM_CM4F/portmacro.h" 1
 1728 0006 4FF05003 		   mov r3, #80                                              
 1729 000a 83F31188 	   msr basepri, r3                                         
 1730 000e BFF36F8F 	   isb                                                     
 1731 0012 BFF34F8F 	   dsb                                                     
 1732              	
 1733              	@ 0 "" 2
 1734              		.thumb
 1735              		.syntax unified
ARM GAS  /tmp/ccZINekD.s 			page 62


 1736              	.L142:
 1737              	.LBE66:
 1738              	.LBE65:
 563:middleware/FreeRTOS-Kernel/timers.c **** 
 1739              		.loc 1 563 9 discriminator 3 view .LVU468
 563:middleware/FreeRTOS-Kernel/timers.c **** 
 1740              		.loc 1 563 9 discriminator 3 view .LVU469
 1741 0016 FEE7     		b	.L142
 1742              		.cfi_endproc
 1743              	.LFE11:
 1745              		.section	.text.vTimerSetReloadMode,"ax",%progbits
 1746              		.align	1
 1747              		.global	vTimerSetReloadMode
 1748              		.syntax unified
 1749              		.thumb
 1750              		.thumb_func
 1752              	vTimerSetReloadMode:
 1753              	.LVL130:
 1754              	.LFB12:
 573:middleware/FreeRTOS-Kernel/timers.c ****         Timer_t * pxTimer = xTimer;
 1755              		.loc 1 573 5 view -0
 1756              		.cfi_startproc
 1757              		@ args = 0, pretend = 0, frame = 0
 1758              		@ frame_needed = 0, uses_anonymous_args = 0
 573:middleware/FreeRTOS-Kernel/timers.c ****         Timer_t * pxTimer = xTimer;
 1759              		.loc 1 573 5 is_stmt 0 view .LVU471
 1760 0000 38B5     		push	{r3, r4, r5, lr}
 1761              	.LCFI39:
 1762              		.cfi_def_cfa_offset 16
 1763              		.cfi_offset 3, -16
 1764              		.cfi_offset 4, -12
 1765              		.cfi_offset 5, -8
 1766              		.cfi_offset 14, -4
 574:middleware/FreeRTOS-Kernel/timers.c **** 
 1767              		.loc 1 574 9 is_stmt 1 view .LVU472
 1768              	.LVL131:
 576:middleware/FreeRTOS-Kernel/timers.c **** 
 1769              		.loc 1 576 62 view .LVU473
 578:middleware/FreeRTOS-Kernel/timers.c ****         taskENTER_CRITICAL();
 1770              		.loc 1 578 9 view .LVU474
 1771 0002 68B1     		cbz	r0, .L150
 1772 0004 0C46     		mov	r4, r1
 1773 0006 0546     		mov	r5, r0
 578:middleware/FreeRTOS-Kernel/timers.c ****         taskENTER_CRITICAL();
 1774              		.loc 1 578 31 discriminator 2 view .LVU475
 579:middleware/FreeRTOS-Kernel/timers.c ****         {
 1775              		.loc 1 579 9 view .LVU476
 1776 0008 FFF7FEFF 		bl	vPortEnterCritical
 1777              	.LVL132:
 581:middleware/FreeRTOS-Kernel/timers.c ****             {
 1778              		.loc 1 581 13 view .LVU477
 581:middleware/FreeRTOS-Kernel/timers.c ****             {
 1779              		.loc 1 581 15 is_stmt 0 view .LVU478
 1780 000c 8CB1     		cbz	r4, .L147
 583:middleware/FreeRTOS-Kernel/timers.c ****             }
 1781              		.loc 1 583 17 is_stmt 1 view .LVU479
 583:middleware/FreeRTOS-Kernel/timers.c ****             }
ARM GAS  /tmp/ccZINekD.s 			page 63


 1782              		.loc 1 583 24 is_stmt 0 view .LVU480
 1783 000e 95F82430 		ldrb	r3, [r5, #36]	@ zero_extendqisi2
 583:middleware/FreeRTOS-Kernel/timers.c ****             }
 1784              		.loc 1 583 35 view .LVU481
 1785 0012 43F00403 		orr	r3, r3, #4
 1786 0016 85F82430 		strb	r3, [r5, #36]
 1787              	.L148:
 590:middleware/FreeRTOS-Kernel/timers.c **** 
 1788              		.loc 1 590 9 is_stmt 1 view .LVU482
 1789 001a FFF7FEFF 		bl	vPortExitCritical
 1790              	.LVL133:
 592:middleware/FreeRTOS-Kernel/timers.c ****     }
 1791              		.loc 1 592 42 view .LVU483
 593:middleware/FreeRTOS-Kernel/timers.c **** /*-----------------------------------------------------------*/
 1792              		.loc 1 593 5 is_stmt 0 view .LVU484
 1793 001e 38BD     		pop	{r3, r4, r5, pc}
 1794              	.LVL134:
 1795              	.L150:
 578:middleware/FreeRTOS-Kernel/timers.c ****         taskENTER_CRITICAL();
 1796              		.loc 1 578 9 is_stmt 1 discriminator 1 view .LVU485
 1797              	.LBB67:
 1798              	.LBI67:
 213:middleware/FreeRTOS-Kernel/portable/GCC/ARM_CM4F/portmacro.h **** {
 1799              		.loc 2 213 30 view .LVU486
 1800              	.LBB68:
 215:middleware/FreeRTOS-Kernel/portable/GCC/ARM_CM4F/portmacro.h **** 
 1801              		.loc 2 215 5 view .LVU487
 1802              		.loc 2 217 5 view .LVU488
 1803              		.syntax unified
 1804              	@ 217 "middleware/FreeRTOS-Kernel/portable/GCC/ARM_CM4F/portmacro.h" 1
 1805 0020 4FF05003 		   mov r3, #80                                              
 1806 0024 83F31188 	   msr basepri, r3                                         
 1807 0028 BFF36F8F 	   isb                                                     
 1808 002c BFF34F8F 	   dsb                                                     
 1809              	
 1810              	@ 0 "" 2
 1811              		.thumb
 1812              		.syntax unified
 1813              	.L146:
 1814              	.LBE68:
 1815              	.LBE67:
 578:middleware/FreeRTOS-Kernel/timers.c ****         taskENTER_CRITICAL();
 1816              		.loc 1 578 9 discriminator 3 view .LVU489
 578:middleware/FreeRTOS-Kernel/timers.c ****         taskENTER_CRITICAL();
 1817              		.loc 1 578 9 discriminator 3 view .LVU490
 1818 0030 FEE7     		b	.L146
 1819              	.LVL135:
 1820              	.L147:
 587:middleware/FreeRTOS-Kernel/timers.c ****             }
 1821              		.loc 1 587 17 view .LVU491
 587:middleware/FreeRTOS-Kernel/timers.c ****             }
 1822              		.loc 1 587 24 is_stmt 0 view .LVU492
 1823 0032 95F82430 		ldrb	r3, [r5, #36]	@ zero_extendqisi2
 587:middleware/FreeRTOS-Kernel/timers.c ****             }
 1824              		.loc 1 587 35 view .LVU493
 1825 0036 23F00403 		bic	r3, r3, #4
 1826 003a 85F82430 		strb	r3, [r5, #36]
ARM GAS  /tmp/ccZINekD.s 			page 64


 1827 003e ECE7     		b	.L148
 1828              		.cfi_endproc
 1829              	.LFE12:
 1831              		.section	.text.xTimerGetReloadMode,"ax",%progbits
 1832              		.align	1
 1833              		.global	xTimerGetReloadMode
 1834              		.syntax unified
 1835              		.thumb
 1836              		.thumb_func
 1838              	xTimerGetReloadMode:
 1839              	.LVL136:
 1840              	.LFB13:
 597:middleware/FreeRTOS-Kernel/timers.c ****         Timer_t * pxTimer = xTimer;
 1841              		.loc 1 597 5 is_stmt 1 view -0
 1842              		.cfi_startproc
 1843              		@ args = 0, pretend = 0, frame = 0
 1844              		@ frame_needed = 0, uses_anonymous_args = 0
 598:middleware/FreeRTOS-Kernel/timers.c ****         BaseType_t xReturn;
 1845              		.loc 1 598 9 view .LVU495
 599:middleware/FreeRTOS-Kernel/timers.c **** 
 1846              		.loc 1 599 9 view .LVU496
 601:middleware/FreeRTOS-Kernel/timers.c **** 
 1847              		.loc 1 601 49 view .LVU497
 603:middleware/FreeRTOS-Kernel/timers.c ****         taskENTER_CRITICAL();
 1848              		.loc 1 603 9 view .LVU498
 1849 0000 68B1     		cbz	r0, .L158
 597:middleware/FreeRTOS-Kernel/timers.c ****         Timer_t * pxTimer = xTimer;
 1850              		.loc 1 597 5 is_stmt 0 view .LVU499
 1851 0002 10B5     		push	{r4, lr}
 1852              	.LCFI40:
 1853              		.cfi_def_cfa_offset 8
 1854              		.cfi_offset 4, -8
 1855              		.cfi_offset 14, -4
 1856 0004 0446     		mov	r4, r0
 603:middleware/FreeRTOS-Kernel/timers.c ****         taskENTER_CRITICAL();
 1857              		.loc 1 603 31 is_stmt 1 discriminator 2 view .LVU500
 604:middleware/FreeRTOS-Kernel/timers.c ****         {
 1858              		.loc 1 604 9 view .LVU501
 1859 0006 FFF7FEFF 		bl	vPortEnterCritical
 1860              	.LVL137:
 606:middleware/FreeRTOS-Kernel/timers.c ****             {
 1861              		.loc 1 606 13 view .LVU502
 606:middleware/FreeRTOS-Kernel/timers.c ****             {
 1862              		.loc 1 606 26 is_stmt 0 view .LVU503
 1863 000a 94F82430 		ldrb	r3, [r4, #36]	@ zero_extendqisi2
 606:middleware/FreeRTOS-Kernel/timers.c ****             {
 1864              		.loc 1 606 15 view .LVU504
 1865 000e 13F0040F 		tst	r3, #4
 1866 0012 0DD1     		bne	.L155
 609:middleware/FreeRTOS-Kernel/timers.c ****             }
 1867              		.loc 1 609 25 view .LVU505
 1868 0014 0024     		movs	r4, #0
 1869              	.LVL138:
 1870              	.L154:
 617:middleware/FreeRTOS-Kernel/timers.c **** 
 1871              		.loc 1 617 9 is_stmt 1 view .LVU506
 1872 0016 FFF7FEFF 		bl	vPortExitCritical
ARM GAS  /tmp/ccZINekD.s 			page 65


 1873              	.LVL139:
 619:middleware/FreeRTOS-Kernel/timers.c **** 
 1874              		.loc 1 619 51 view .LVU507
 621:middleware/FreeRTOS-Kernel/timers.c ****     }
 1875              		.loc 1 621 9 view .LVU508
 622:middleware/FreeRTOS-Kernel/timers.c **** 
 1876              		.loc 1 622 5 is_stmt 0 view .LVU509
 1877 001a 2046     		mov	r0, r4
 1878 001c 10BD     		pop	{r4, pc}
 1879              	.LVL140:
 1880              	.L158:
 1881              	.LCFI41:
 1882              		.cfi_def_cfa_offset 0
 1883              		.cfi_restore 4
 1884              		.cfi_restore 14
 603:middleware/FreeRTOS-Kernel/timers.c ****         taskENTER_CRITICAL();
 1885              		.loc 1 603 9 is_stmt 1 discriminator 1 view .LVU510
 1886              	.LBB69:
 1887              	.LBI69:
 213:middleware/FreeRTOS-Kernel/portable/GCC/ARM_CM4F/portmacro.h **** {
 1888              		.loc 2 213 30 view .LVU511
 1889              	.LBB70:
 215:middleware/FreeRTOS-Kernel/portable/GCC/ARM_CM4F/portmacro.h **** 
 1890              		.loc 2 215 5 view .LVU512
 1891              		.loc 2 217 5 view .LVU513
 1892              		.syntax unified
 1893              	@ 217 "middleware/FreeRTOS-Kernel/portable/GCC/ARM_CM4F/portmacro.h" 1
 1894 001e 4FF05003 		   mov r3, #80                                              
 1895 0022 83F31188 	   msr basepri, r3                                         
 1896 0026 BFF36F8F 	   isb                                                     
 1897 002a BFF34F8F 	   dsb                                                     
 1898              	
 1899              	@ 0 "" 2
 1900              		.thumb
 1901              		.syntax unified
 1902              	.L153:
 1903              	.LBE70:
 1904              	.LBE69:
 603:middleware/FreeRTOS-Kernel/timers.c ****         taskENTER_CRITICAL();
 1905              		.loc 1 603 9 discriminator 3 view .LVU514
 603:middleware/FreeRTOS-Kernel/timers.c ****         taskENTER_CRITICAL();
 1906              		.loc 1 603 9 discriminator 3 view .LVU515
 1907 002e FEE7     		b	.L153
 1908              	.LVL141:
 1909              	.L155:
 1910              	.LCFI42:
 1911              		.cfi_def_cfa_offset 8
 1912              		.cfi_offset 4, -8
 1913              		.cfi_offset 14, -4
 614:middleware/FreeRTOS-Kernel/timers.c ****             }
 1914              		.loc 1 614 25 is_stmt 0 view .LVU516
 1915 0030 0124     		movs	r4, #1
 1916              	.LVL142:
 614:middleware/FreeRTOS-Kernel/timers.c ****             }
 1917              		.loc 1 614 25 view .LVU517
 1918 0032 F0E7     		b	.L154
 1919              		.cfi_endproc
ARM GAS  /tmp/ccZINekD.s 			page 66


 1920              	.LFE13:
 1922              		.section	.text.uxTimerGetReloadMode,"ax",%progbits
 1923              		.align	1
 1924              		.global	uxTimerGetReloadMode
 1925              		.syntax unified
 1926              		.thumb
 1927              		.thumb_func
 1929              	uxTimerGetReloadMode:
 1930              	.LVL143:
 1931              	.LFB14:
 625:middleware/FreeRTOS-Kernel/timers.c ****         UBaseType_t uxReturn;
 1932              		.loc 1 625 5 is_stmt 1 view -0
 1933              		.cfi_startproc
 1934              		@ args = 0, pretend = 0, frame = 0
 1935              		@ frame_needed = 0, uses_anonymous_args = 0
 625:middleware/FreeRTOS-Kernel/timers.c ****         UBaseType_t uxReturn;
 1936              		.loc 1 625 5 is_stmt 0 view .LVU519
 1937 0000 08B5     		push	{r3, lr}
 1938              	.LCFI43:
 1939              		.cfi_def_cfa_offset 8
 1940              		.cfi_offset 3, -8
 1941              		.cfi_offset 14, -4
 626:middleware/FreeRTOS-Kernel/timers.c **** 
 1942              		.loc 1 626 9 is_stmt 1 view .LVU520
 628:middleware/FreeRTOS-Kernel/timers.c **** 
 1943              		.loc 1 628 50 view .LVU521
 630:middleware/FreeRTOS-Kernel/timers.c **** 
 1944              		.loc 1 630 9 view .LVU522
 630:middleware/FreeRTOS-Kernel/timers.c **** 
 1945              		.loc 1 630 36 is_stmt 0 view .LVU523
 1946 0002 FFF7FEFF 		bl	xTimerGetReloadMode
 1947              	.LVL144:
 632:middleware/FreeRTOS-Kernel/timers.c **** 
 1948              		.loc 1 632 53 is_stmt 1 view .LVU524
 634:middleware/FreeRTOS-Kernel/timers.c ****     }
 1949              		.loc 1 634 9 view .LVU525
 635:middleware/FreeRTOS-Kernel/timers.c **** /*-----------------------------------------------------------*/
 1950              		.loc 1 635 5 is_stmt 0 view .LVU526
 1951 0006 08BD     		pop	{r3, pc}
 1952              		.cfi_endproc
 1953              	.LFE14:
 1955              		.section	.text.xTimerGetExpiryTime,"ax",%progbits
 1956              		.align	1
 1957              		.global	xTimerGetExpiryTime
 1958              		.syntax unified
 1959              		.thumb
 1960              		.thumb_func
 1962              	xTimerGetExpiryTime:
 1963              	.LVL145:
 1964              	.LFB15:
 639:middleware/FreeRTOS-Kernel/timers.c ****         Timer_t * pxTimer = xTimer;
 1965              		.loc 1 639 5 is_stmt 1 view -0
 1966              		.cfi_startproc
 1967              		@ args = 0, pretend = 0, frame = 0
 1968              		@ frame_needed = 0, uses_anonymous_args = 0
 1969              		@ link register save eliminated.
 640:middleware/FreeRTOS-Kernel/timers.c ****         TickType_t xReturn;
ARM GAS  /tmp/ccZINekD.s 			page 67


 1970              		.loc 1 640 9 view .LVU528
 641:middleware/FreeRTOS-Kernel/timers.c **** 
 1971              		.loc 1 641 9 view .LVU529
 643:middleware/FreeRTOS-Kernel/timers.c **** 
 1972              		.loc 1 643 49 view .LVU530
 645:middleware/FreeRTOS-Kernel/timers.c ****         xReturn = listGET_LIST_ITEM_VALUE( &( pxTimer->xTimerListItem ) );
 1973              		.loc 1 645 9 view .LVU531
 1974 0000 08B1     		cbz	r0, .L164
 645:middleware/FreeRTOS-Kernel/timers.c ****         xReturn = listGET_LIST_ITEM_VALUE( &( pxTimer->xTimerListItem ) );
 1975              		.loc 1 645 31 discriminator 2 view .LVU532
 646:middleware/FreeRTOS-Kernel/timers.c **** 
 1976              		.loc 1 646 9 view .LVU533
 1977              	.LVL146:
 648:middleware/FreeRTOS-Kernel/timers.c **** 
 1978              		.loc 1 648 51 view .LVU534
 650:middleware/FreeRTOS-Kernel/timers.c ****     }
 1979              		.loc 1 650 9 view .LVU535
 651:middleware/FreeRTOS-Kernel/timers.c **** /*-----------------------------------------------------------*/
 1980              		.loc 1 651 5 is_stmt 0 view .LVU536
 1981 0002 4068     		ldr	r0, [r0, #4]
 1982              	.LVL147:
 651:middleware/FreeRTOS-Kernel/timers.c **** /*-----------------------------------------------------------*/
 1983              		.loc 1 651 5 view .LVU537
 1984 0004 7047     		bx	lr
 1985              	.LVL148:
 1986              	.L164:
 645:middleware/FreeRTOS-Kernel/timers.c ****         xReturn = listGET_LIST_ITEM_VALUE( &( pxTimer->xTimerListItem ) );
 1987              		.loc 1 645 9 is_stmt 1 discriminator 1 view .LVU538
 1988              	.LBB71:
 1989              	.LBI71:
 213:middleware/FreeRTOS-Kernel/portable/GCC/ARM_CM4F/portmacro.h **** {
 1990              		.loc 2 213 30 view .LVU539
 1991              	.LBB72:
 215:middleware/FreeRTOS-Kernel/portable/GCC/ARM_CM4F/portmacro.h **** 
 1992              		.loc 2 215 5 view .LVU540
 1993              		.loc 2 217 5 view .LVU541
 1994              		.syntax unified
 1995              	@ 217 "middleware/FreeRTOS-Kernel/portable/GCC/ARM_CM4F/portmacro.h" 1
 1996 0006 4FF05003 		   mov r3, #80                                              
 1997 000a 83F31188 	   msr basepri, r3                                         
 1998 000e BFF36F8F 	   isb                                                     
 1999 0012 BFF34F8F 	   dsb                                                     
 2000              	
 2001              	@ 0 "" 2
 2002              		.thumb
 2003              		.syntax unified
 2004              	.L163:
 2005              	.LBE72:
 2006              	.LBE71:
 645:middleware/FreeRTOS-Kernel/timers.c ****         xReturn = listGET_LIST_ITEM_VALUE( &( pxTimer->xTimerListItem ) );
 2007              		.loc 1 645 9 discriminator 3 view .LVU542
 645:middleware/FreeRTOS-Kernel/timers.c ****         xReturn = listGET_LIST_ITEM_VALUE( &( pxTimer->xTimerListItem ) );
 2008              		.loc 1 645 9 discriminator 3 view .LVU543
 2009 0016 FEE7     		b	.L163
 2010              		.cfi_endproc
 2011              	.LFE15:
 2013              		.section	.text.xTimerGetStaticBuffer,"ax",%progbits
ARM GAS  /tmp/ccZINekD.s 			page 68


 2014              		.align	1
 2015              		.global	xTimerGetStaticBuffer
 2016              		.syntax unified
 2017              		.thumb
 2018              		.thumb_func
 2020              	xTimerGetStaticBuffer:
 2021              	.LVL149:
 2022              	.LFB16:
 657:middleware/FreeRTOS-Kernel/timers.c ****             BaseType_t xReturn;
 2023              		.loc 1 657 9 view -0
 2024              		.cfi_startproc
 2025              		@ args = 0, pretend = 0, frame = 0
 2026              		@ frame_needed = 0, uses_anonymous_args = 0
 2027              		@ link register save eliminated.
 658:middleware/FreeRTOS-Kernel/timers.c ****             Timer_t * pxTimer = xTimer;
 2028              		.loc 1 658 13 view .LVU545
 659:middleware/FreeRTOS-Kernel/timers.c **** 
 2029              		.loc 1 659 13 view .LVU546
 661:middleware/FreeRTOS-Kernel/timers.c **** 
 2030              		.loc 1 661 71 view .LVU547
 663:middleware/FreeRTOS-Kernel/timers.c **** 
 2031              		.loc 1 663 13 view .LVU548
 2032 0000 39B1     		cbz	r1, .L170
 663:middleware/FreeRTOS-Kernel/timers.c **** 
 2033              		.loc 1 663 51 discriminator 2 view .LVU549
 665:middleware/FreeRTOS-Kernel/timers.c ****             {
 2034              		.loc 1 665 13 view .LVU550
 665:middleware/FreeRTOS-Kernel/timers.c ****             {
 2035              		.loc 1 665 26 is_stmt 0 view .LVU551
 2036 0002 90F82430 		ldrb	r3, [r0, #36]	@ zero_extendqisi2
 665:middleware/FreeRTOS-Kernel/timers.c ****             {
 2037              		.loc 1 665 15 view .LVU552
 2038 0006 13F0020F 		tst	r3, #2
 2039 000a 0BD0     		beq	.L169
 670:middleware/FreeRTOS-Kernel/timers.c ****                 xReturn = pdTRUE;
 2040              		.loc 1 670 17 is_stmt 1 view .LVU553
 670:middleware/FreeRTOS-Kernel/timers.c ****                 xReturn = pdTRUE;
 2041              		.loc 1 670 33 is_stmt 0 view .LVU554
 2042 000c 0860     		str	r0, [r1]
 671:middleware/FreeRTOS-Kernel/timers.c ****             }
 2043              		.loc 1 671 17 is_stmt 1 view .LVU555
 2044              	.LVL150:
 671:middleware/FreeRTOS-Kernel/timers.c ****             }
 2045              		.loc 1 671 25 is_stmt 0 view .LVU556
 2046 000e 0120     		movs	r0, #1
 2047              	.LVL151:
 671:middleware/FreeRTOS-Kernel/timers.c ****             }
 2048              		.loc 1 671 25 view .LVU557
 2049 0010 7047     		bx	lr
 2050              	.LVL152:
 2051              	.L170:
 663:middleware/FreeRTOS-Kernel/timers.c **** 
 2052              		.loc 1 663 13 is_stmt 1 discriminator 1 view .LVU558
 2053              	.LBB73:
 2054              	.LBI73:
 213:middleware/FreeRTOS-Kernel/portable/GCC/ARM_CM4F/portmacro.h **** {
 2055              		.loc 2 213 30 view .LVU559
ARM GAS  /tmp/ccZINekD.s 			page 69


 2056              	.LBB74:
 215:middleware/FreeRTOS-Kernel/portable/GCC/ARM_CM4F/portmacro.h **** 
 2057              		.loc 2 215 5 view .LVU560
 2058              		.loc 2 217 5 view .LVU561
 2059              		.syntax unified
 2060              	@ 217 "middleware/FreeRTOS-Kernel/portable/GCC/ARM_CM4F/portmacro.h" 1
 2061 0012 4FF05003 		   mov r3, #80                                              
 2062 0016 83F31188 	   msr basepri, r3                                         
 2063 001a BFF36F8F 	   isb                                                     
 2064 001e BFF34F8F 	   dsb                                                     
 2065              	
 2066              	@ 0 "" 2
 2067              		.thumb
 2068              		.syntax unified
 2069              	.L167:
 2070              	.LBE74:
 2071              	.LBE73:
 663:middleware/FreeRTOS-Kernel/timers.c **** 
 2072              		.loc 1 663 13 discriminator 3 view .LVU562
 663:middleware/FreeRTOS-Kernel/timers.c **** 
 2073              		.loc 1 663 13 discriminator 3 view .LVU563
 2074 0022 FEE7     		b	.L167
 2075              	.L169:
 675:middleware/FreeRTOS-Kernel/timers.c ****             }
 2076              		.loc 1 675 25 is_stmt 0 view .LVU564
 2077 0024 0020     		movs	r0, #0
 2078              	.LVL153:
 678:middleware/FreeRTOS-Kernel/timers.c **** 
 2079              		.loc 1 678 57 is_stmt 1 view .LVU565
 680:middleware/FreeRTOS-Kernel/timers.c ****         }
 2080              		.loc 1 680 13 view .LVU566
 681:middleware/FreeRTOS-Kernel/timers.c ****     #endif /* configSUPPORT_STATIC_ALLOCATION */
 2081              		.loc 1 681 9 is_stmt 0 view .LVU567
 2082 0026 7047     		bx	lr
 2083              		.cfi_endproc
 2084              	.LFE16:
 2086              		.section	.text.pcTimerGetName,"ax",%progbits
 2087              		.align	1
 2088              		.global	pcTimerGetName
 2089              		.syntax unified
 2090              		.thumb
 2091              		.thumb_func
 2093              	pcTimerGetName:
 2094              	.LVL154:
 2095              	.LFB17:
 686:middleware/FreeRTOS-Kernel/timers.c ****         Timer_t * pxTimer = xTimer;
 2096              		.loc 1 686 5 is_stmt 1 view -0
 2097              		.cfi_startproc
 2098              		@ args = 0, pretend = 0, frame = 0
 2099              		@ frame_needed = 0, uses_anonymous_args = 0
 2100              		@ link register save eliminated.
 687:middleware/FreeRTOS-Kernel/timers.c **** 
 2101              		.loc 1 687 9 view .LVU569
 689:middleware/FreeRTOS-Kernel/timers.c **** 
 2102              		.loc 1 689 44 view .LVU570
 691:middleware/FreeRTOS-Kernel/timers.c **** 
 2103              		.loc 1 691 9 view .LVU571
ARM GAS  /tmp/ccZINekD.s 			page 70


 2104 0000 08B1     		cbz	r0, .L174
 691:middleware/FreeRTOS-Kernel/timers.c **** 
 2105              		.loc 1 691 31 discriminator 2 view .LVU572
 693:middleware/FreeRTOS-Kernel/timers.c **** 
 2106              		.loc 1 693 59 view .LVU573
 695:middleware/FreeRTOS-Kernel/timers.c ****     }
 2107              		.loc 1 695 9 view .LVU574
 696:middleware/FreeRTOS-Kernel/timers.c **** /*-----------------------------------------------------------*/
 2108              		.loc 1 696 5 is_stmt 0 view .LVU575
 2109 0002 0068     		ldr	r0, [r0]
 2110              	.LVL155:
 696:middleware/FreeRTOS-Kernel/timers.c **** /*-----------------------------------------------------------*/
 2111              		.loc 1 696 5 view .LVU576
 2112 0004 7047     		bx	lr
 2113              	.LVL156:
 2114              	.L174:
 691:middleware/FreeRTOS-Kernel/timers.c **** 
 2115              		.loc 1 691 9 is_stmt 1 discriminator 1 view .LVU577
 2116              	.LBB75:
 2117              	.LBI75:
 213:middleware/FreeRTOS-Kernel/portable/GCC/ARM_CM4F/portmacro.h **** {
 2118              		.loc 2 213 30 view .LVU578
 2119              	.LBB76:
 215:middleware/FreeRTOS-Kernel/portable/GCC/ARM_CM4F/portmacro.h **** 
 2120              		.loc 2 215 5 view .LVU579
 2121              		.loc 2 217 5 view .LVU580
 2122              		.syntax unified
 2123              	@ 217 "middleware/FreeRTOS-Kernel/portable/GCC/ARM_CM4F/portmacro.h" 1
 2124 0006 4FF05003 		   mov r3, #80                                              
 2125 000a 83F31188 	   msr basepri, r3                                         
 2126 000e BFF36F8F 	   isb                                                     
 2127 0012 BFF34F8F 	   dsb                                                     
 2128              	
 2129              	@ 0 "" 2
 2130              		.thumb
 2131              		.syntax unified
 2132              	.L173:
 2133              	.LBE76:
 2134              	.LBE75:
 691:middleware/FreeRTOS-Kernel/timers.c **** 
 2135              		.loc 1 691 9 discriminator 3 view .LVU581
 691:middleware/FreeRTOS-Kernel/timers.c **** 
 2136              		.loc 1 691 9 discriminator 3 view .LVU582
 2137 0016 FEE7     		b	.L173
 2138              		.cfi_endproc
 2139              	.LFE17:
 2141              		.section	.text.xTimerIsTimerActive,"ax",%progbits
 2142              		.align	1
 2143              		.global	xTimerIsTimerActive
 2144              		.syntax unified
 2145              		.thumb
 2146              		.thumb_func
 2148              	xTimerIsTimerActive:
 2149              	.LVL157:
 2150              	.LFB28:
1160:middleware/FreeRTOS-Kernel/timers.c **** /*-----------------------------------------------------------*/
1161:middleware/FreeRTOS-Kernel/timers.c **** 
ARM GAS  /tmp/ccZINekD.s 			page 71


1162:middleware/FreeRTOS-Kernel/timers.c ****     BaseType_t xTimerIsTimerActive( TimerHandle_t xTimer )
1163:middleware/FreeRTOS-Kernel/timers.c ****     {
 2151              		.loc 1 1163 5 view -0
 2152              		.cfi_startproc
 2153              		@ args = 0, pretend = 0, frame = 0
 2154              		@ frame_needed = 0, uses_anonymous_args = 0
1164:middleware/FreeRTOS-Kernel/timers.c ****         BaseType_t xReturn;
 2155              		.loc 1 1164 9 view .LVU584
1165:middleware/FreeRTOS-Kernel/timers.c ****         Timer_t * pxTimer = xTimer;
 2156              		.loc 1 1165 9 view .LVU585
1166:middleware/FreeRTOS-Kernel/timers.c **** 
1167:middleware/FreeRTOS-Kernel/timers.c ****         traceENTER_xTimerIsTimerActive( xTimer );
 2157              		.loc 1 1167 49 view .LVU586
1168:middleware/FreeRTOS-Kernel/timers.c **** 
1169:middleware/FreeRTOS-Kernel/timers.c ****         configASSERT( xTimer );
 2158              		.loc 1 1169 9 view .LVU587
 2159 0000 68B1     		cbz	r0, .L182
1163:middleware/FreeRTOS-Kernel/timers.c ****         BaseType_t xReturn;
 2160              		.loc 1 1163 5 is_stmt 0 view .LVU588
 2161 0002 10B5     		push	{r4, lr}
 2162              	.LCFI44:
 2163              		.cfi_def_cfa_offset 8
 2164              		.cfi_offset 4, -8
 2165              		.cfi_offset 14, -4
 2166 0004 0446     		mov	r4, r0
 2167              		.loc 1 1169 31 is_stmt 1 discriminator 2 view .LVU589
1170:middleware/FreeRTOS-Kernel/timers.c **** 
1171:middleware/FreeRTOS-Kernel/timers.c ****         /* Is the timer in the list of active timers? */
1172:middleware/FreeRTOS-Kernel/timers.c ****         taskENTER_CRITICAL();
 2168              		.loc 1 1172 9 view .LVU590
 2169 0006 FFF7FEFF 		bl	vPortEnterCritical
 2170              	.LVL158:
1173:middleware/FreeRTOS-Kernel/timers.c ****         {
1174:middleware/FreeRTOS-Kernel/timers.c ****             if( ( pxTimer->ucStatus & tmrSTATUS_IS_ACTIVE ) == 0U )
 2171              		.loc 1 1174 13 view .LVU591
 2172              		.loc 1 1174 26 is_stmt 0 view .LVU592
 2173 000a 94F82430 		ldrb	r3, [r4, #36]	@ zero_extendqisi2
 2174              		.loc 1 1174 15 view .LVU593
 2175 000e 13F0010F 		tst	r3, #1
 2176 0012 0DD1     		bne	.L179
1175:middleware/FreeRTOS-Kernel/timers.c ****             {
1176:middleware/FreeRTOS-Kernel/timers.c ****                 xReturn = pdFALSE;
 2177              		.loc 1 1176 25 view .LVU594
 2178 0014 0024     		movs	r4, #0
 2179              	.LVL159:
 2180              	.L178:
1177:middleware/FreeRTOS-Kernel/timers.c ****             }
1178:middleware/FreeRTOS-Kernel/timers.c ****             else
1179:middleware/FreeRTOS-Kernel/timers.c ****             {
1180:middleware/FreeRTOS-Kernel/timers.c ****                 xReturn = pdTRUE;
1181:middleware/FreeRTOS-Kernel/timers.c ****             }
1182:middleware/FreeRTOS-Kernel/timers.c ****         }
1183:middleware/FreeRTOS-Kernel/timers.c ****         taskEXIT_CRITICAL();
 2181              		.loc 1 1183 9 is_stmt 1 view .LVU595
 2182 0016 FFF7FEFF 		bl	vPortExitCritical
 2183              	.LVL160:
1184:middleware/FreeRTOS-Kernel/timers.c **** 
ARM GAS  /tmp/ccZINekD.s 			page 72


1185:middleware/FreeRTOS-Kernel/timers.c ****         traceRETURN_xTimerIsTimerActive( xReturn );
 2184              		.loc 1 1185 51 view .LVU596
1186:middleware/FreeRTOS-Kernel/timers.c **** 
1187:middleware/FreeRTOS-Kernel/timers.c ****         return xReturn;
 2185              		.loc 1 1187 9 view .LVU597
1188:middleware/FreeRTOS-Kernel/timers.c ****     }
 2186              		.loc 1 1188 5 is_stmt 0 view .LVU598
 2187 001a 2046     		mov	r0, r4
 2188 001c 10BD     		pop	{r4, pc}
 2189              	.LVL161:
 2190              	.L182:
 2191              	.LCFI45:
 2192              		.cfi_def_cfa_offset 0
 2193              		.cfi_restore 4
 2194              		.cfi_restore 14
1169:middleware/FreeRTOS-Kernel/timers.c **** 
 2195              		.loc 1 1169 9 is_stmt 1 discriminator 1 view .LVU599
 2196              	.LBB77:
 2197              	.LBI77:
 213:middleware/FreeRTOS-Kernel/portable/GCC/ARM_CM4F/portmacro.h **** {
 2198              		.loc 2 213 30 view .LVU600
 2199              	.LBB78:
 215:middleware/FreeRTOS-Kernel/portable/GCC/ARM_CM4F/portmacro.h **** 
 2200              		.loc 2 215 5 view .LVU601
 2201              		.loc 2 217 5 view .LVU602
 2202              		.syntax unified
 2203              	@ 217 "middleware/FreeRTOS-Kernel/portable/GCC/ARM_CM4F/portmacro.h" 1
 2204 001e 4FF05003 		   mov r3, #80                                              
 2205 0022 83F31188 	   msr basepri, r3                                         
 2206 0026 BFF36F8F 	   isb                                                     
 2207 002a BFF34F8F 	   dsb                                                     
 2208              	
 2209              	@ 0 "" 2
 2210              		.thumb
 2211              		.syntax unified
 2212              	.L177:
 2213              	.LBE78:
 2214              	.LBE77:
1169:middleware/FreeRTOS-Kernel/timers.c **** 
 2215              		.loc 1 1169 9 discriminator 3 view .LVU603
1169:middleware/FreeRTOS-Kernel/timers.c **** 
 2216              		.loc 1 1169 9 discriminator 3 view .LVU604
 2217 002e FEE7     		b	.L177
 2218              	.LVL162:
 2219              	.L179:
 2220              	.LCFI46:
 2221              		.cfi_def_cfa_offset 8
 2222              		.cfi_offset 4, -8
 2223              		.cfi_offset 14, -4
1180:middleware/FreeRTOS-Kernel/timers.c ****             }
 2224              		.loc 1 1180 25 is_stmt 0 view .LVU605
 2225 0030 0124     		movs	r4, #1
 2226              	.LVL163:
1180:middleware/FreeRTOS-Kernel/timers.c ****             }
 2227              		.loc 1 1180 25 view .LVU606
 2228 0032 F0E7     		b	.L178
 2229              		.cfi_endproc
ARM GAS  /tmp/ccZINekD.s 			page 73


 2230              	.LFE28:
 2232              		.section	.text.pvTimerGetTimerID,"ax",%progbits
 2233              		.align	1
 2234              		.global	pvTimerGetTimerID
 2235              		.syntax unified
 2236              		.thumb
 2237              		.thumb_func
 2239              	pvTimerGetTimerID:
 2240              	.LVL164:
 2241              	.LFB29:
1189:middleware/FreeRTOS-Kernel/timers.c **** /*-----------------------------------------------------------*/
1190:middleware/FreeRTOS-Kernel/timers.c **** 
1191:middleware/FreeRTOS-Kernel/timers.c ****     void * pvTimerGetTimerID( const TimerHandle_t xTimer )
1192:middleware/FreeRTOS-Kernel/timers.c ****     {
 2242              		.loc 1 1192 5 is_stmt 1 view -0
 2243              		.cfi_startproc
 2244              		@ args = 0, pretend = 0, frame = 0
 2245              		@ frame_needed = 0, uses_anonymous_args = 0
1193:middleware/FreeRTOS-Kernel/timers.c ****         Timer_t * const pxTimer = xTimer;
 2246              		.loc 1 1193 9 view .LVU608
1194:middleware/FreeRTOS-Kernel/timers.c ****         void * pvReturn;
 2247              		.loc 1 1194 9 view .LVU609
1195:middleware/FreeRTOS-Kernel/timers.c **** 
1196:middleware/FreeRTOS-Kernel/timers.c ****         traceENTER_pvTimerGetTimerID( xTimer );
 2248              		.loc 1 1196 47 view .LVU610
1197:middleware/FreeRTOS-Kernel/timers.c **** 
1198:middleware/FreeRTOS-Kernel/timers.c ****         configASSERT( xTimer );
 2249              		.loc 1 1198 9 view .LVU611
 2250 0000 40B1     		cbz	r0, .L188
1192:middleware/FreeRTOS-Kernel/timers.c ****         Timer_t * const pxTimer = xTimer;
 2251              		.loc 1 1192 5 is_stmt 0 view .LVU612
 2252 0002 10B5     		push	{r4, lr}
 2253              	.LCFI47:
 2254              		.cfi_def_cfa_offset 8
 2255              		.cfi_offset 4, -8
 2256              		.cfi_offset 14, -4
 2257 0004 0446     		mov	r4, r0
 2258              		.loc 1 1198 31 is_stmt 1 discriminator 2 view .LVU613
1199:middleware/FreeRTOS-Kernel/timers.c **** 
1200:middleware/FreeRTOS-Kernel/timers.c ****         taskENTER_CRITICAL();
 2259              		.loc 1 1200 9 view .LVU614
 2260 0006 FFF7FEFF 		bl	vPortEnterCritical
 2261              	.LVL165:
1201:middleware/FreeRTOS-Kernel/timers.c ****         {
1202:middleware/FreeRTOS-Kernel/timers.c ****             pvReturn = pxTimer->pvTimerID;
 2262              		.loc 1 1202 13 view .LVU615
 2263              		.loc 1 1202 22 is_stmt 0 view .LVU616
 2264 000a E469     		ldr	r4, [r4, #28]
 2265              	.LVL166:
1203:middleware/FreeRTOS-Kernel/timers.c ****         }
1204:middleware/FreeRTOS-Kernel/timers.c ****         taskEXIT_CRITICAL();
 2266              		.loc 1 1204 9 is_stmt 1 view .LVU617
 2267 000c FFF7FEFF 		bl	vPortExitCritical
 2268              	.LVL167:
1205:middleware/FreeRTOS-Kernel/timers.c **** 
1206:middleware/FreeRTOS-Kernel/timers.c ****         traceRETURN_pvTimerGetTimerID( pvReturn );
 2269              		.loc 1 1206 50 view .LVU618
ARM GAS  /tmp/ccZINekD.s 			page 74


1207:middleware/FreeRTOS-Kernel/timers.c **** 
1208:middleware/FreeRTOS-Kernel/timers.c ****         return pvReturn;
 2270              		.loc 1 1208 9 view .LVU619
1209:middleware/FreeRTOS-Kernel/timers.c ****     }
 2271              		.loc 1 1209 5 is_stmt 0 view .LVU620
 2272 0010 2046     		mov	r0, r4
 2273 0012 10BD     		pop	{r4, pc}
 2274              	.LVL168:
 2275              	.L188:
 2276              	.LCFI48:
 2277              		.cfi_def_cfa_offset 0
 2278              		.cfi_restore 4
 2279              		.cfi_restore 14
1198:middleware/FreeRTOS-Kernel/timers.c **** 
 2280              		.loc 1 1198 9 is_stmt 1 discriminator 1 view .LVU621
 2281              	.LBB79:
 2282              	.LBI79:
 213:middleware/FreeRTOS-Kernel/portable/GCC/ARM_CM4F/portmacro.h **** {
 2283              		.loc 2 213 30 view .LVU622
 2284              	.LBB80:
 215:middleware/FreeRTOS-Kernel/portable/GCC/ARM_CM4F/portmacro.h **** 
 2285              		.loc 2 215 5 view .LVU623
 2286              		.loc 2 217 5 view .LVU624
 2287              		.syntax unified
 2288              	@ 217 "middleware/FreeRTOS-Kernel/portable/GCC/ARM_CM4F/portmacro.h" 1
 2289 0014 4FF05003 		   mov r3, #80                                              
 2290 0018 83F31188 	   msr basepri, r3                                         
 2291 001c BFF36F8F 	   isb                                                     
 2292 0020 BFF34F8F 	   dsb                                                     
 2293              	
 2294              	@ 0 "" 2
 2295              		.thumb
 2296              		.syntax unified
 2297              	.L185:
 2298              	.LBE80:
 2299              	.LBE79:
1198:middleware/FreeRTOS-Kernel/timers.c **** 
 2300              		.loc 1 1198 9 discriminator 3 view .LVU625
1198:middleware/FreeRTOS-Kernel/timers.c **** 
 2301              		.loc 1 1198 9 discriminator 3 view .LVU626
 2302 0024 FEE7     		b	.L185
 2303              		.cfi_endproc
 2304              	.LFE29:
 2306              		.section	.text.vTimerSetTimerID,"ax",%progbits
 2307              		.align	1
 2308              		.global	vTimerSetTimerID
 2309              		.syntax unified
 2310              		.thumb
 2311              		.thumb_func
 2313              	vTimerSetTimerID:
 2314              	.LVL169:
 2315              	.LFB30:
1210:middleware/FreeRTOS-Kernel/timers.c **** /*-----------------------------------------------------------*/
1211:middleware/FreeRTOS-Kernel/timers.c **** 
1212:middleware/FreeRTOS-Kernel/timers.c ****     void vTimerSetTimerID( TimerHandle_t xTimer,
1213:middleware/FreeRTOS-Kernel/timers.c ****                            void * pvNewID )
1214:middleware/FreeRTOS-Kernel/timers.c ****     {
ARM GAS  /tmp/ccZINekD.s 			page 75


 2316              		.loc 1 1214 5 view -0
 2317              		.cfi_startproc
 2318              		@ args = 0, pretend = 0, frame = 0
 2319              		@ frame_needed = 0, uses_anonymous_args = 0
 2320              		.loc 1 1214 5 is_stmt 0 view .LVU628
 2321 0000 38B5     		push	{r3, r4, r5, lr}
 2322              	.LCFI49:
 2323              		.cfi_def_cfa_offset 16
 2324              		.cfi_offset 3, -16
 2325              		.cfi_offset 4, -12
 2326              		.cfi_offset 5, -8
 2327              		.cfi_offset 14, -4
1215:middleware/FreeRTOS-Kernel/timers.c ****         Timer_t * const pxTimer = xTimer;
 2328              		.loc 1 1215 9 is_stmt 1 view .LVU629
 2329              	.LVL170:
1216:middleware/FreeRTOS-Kernel/timers.c **** 
1217:middleware/FreeRTOS-Kernel/timers.c ****         traceENTER_vTimerSetTimerID( xTimer, pvNewID );
 2330              		.loc 1 1217 55 view .LVU630
1218:middleware/FreeRTOS-Kernel/timers.c **** 
1219:middleware/FreeRTOS-Kernel/timers.c ****         configASSERT( xTimer );
 2331              		.loc 1 1219 9 view .LVU631
 2332 0002 38B1     		cbz	r0, .L193
 2333 0004 0C46     		mov	r4, r1
 2334 0006 0546     		mov	r5, r0
 2335              		.loc 1 1219 31 discriminator 2 view .LVU632
1220:middleware/FreeRTOS-Kernel/timers.c **** 
1221:middleware/FreeRTOS-Kernel/timers.c ****         taskENTER_CRITICAL();
 2336              		.loc 1 1221 9 view .LVU633
 2337 0008 FFF7FEFF 		bl	vPortEnterCritical
 2338              	.LVL171:
1222:middleware/FreeRTOS-Kernel/timers.c ****         {
1223:middleware/FreeRTOS-Kernel/timers.c ****             pxTimer->pvTimerID = pvNewID;
 2339              		.loc 1 1223 13 view .LVU634
 2340              		.loc 1 1223 32 is_stmt 0 view .LVU635
 2341 000c EC61     		str	r4, [r5, #28]
1224:middleware/FreeRTOS-Kernel/timers.c ****         }
1225:middleware/FreeRTOS-Kernel/timers.c ****         taskEXIT_CRITICAL();
 2342              		.loc 1 1225 9 is_stmt 1 view .LVU636
 2343 000e FFF7FEFF 		bl	vPortExitCritical
 2344              	.LVL172:
1226:middleware/FreeRTOS-Kernel/timers.c **** 
1227:middleware/FreeRTOS-Kernel/timers.c ****         traceRETURN_vTimerSetTimerID();
 2345              		.loc 1 1227 39 view .LVU637
1228:middleware/FreeRTOS-Kernel/timers.c ****     }
 2346              		.loc 1 1228 5 is_stmt 0 view .LVU638
 2347 0012 38BD     		pop	{r3, r4, r5, pc}
 2348              	.LVL173:
 2349              	.L193:
1219:middleware/FreeRTOS-Kernel/timers.c **** 
 2350              		.loc 1 1219 9 is_stmt 1 discriminator 1 view .LVU639
 2351              	.LBB81:
 2352              	.LBI81:
 213:middleware/FreeRTOS-Kernel/portable/GCC/ARM_CM4F/portmacro.h **** {
 2353              		.loc 2 213 30 view .LVU640
 2354              	.LBB82:
 215:middleware/FreeRTOS-Kernel/portable/GCC/ARM_CM4F/portmacro.h **** 
 2355              		.loc 2 215 5 view .LVU641
ARM GAS  /tmp/ccZINekD.s 			page 76


 2356              		.loc 2 217 5 view .LVU642
 2357              		.syntax unified
 2358              	@ 217 "middleware/FreeRTOS-Kernel/portable/GCC/ARM_CM4F/portmacro.h" 1
 2359 0014 4FF05003 		   mov r3, #80                                              
 2360 0018 83F31188 	   msr basepri, r3                                         
 2361 001c BFF36F8F 	   isb                                                     
 2362 0020 BFF34F8F 	   dsb                                                     
 2363              	
 2364              	@ 0 "" 2
 2365              		.thumb
 2366              		.syntax unified
 2367              	.L191:
 2368              	.LBE82:
 2369              	.LBE81:
1219:middleware/FreeRTOS-Kernel/timers.c **** 
 2370              		.loc 1 1219 9 discriminator 3 view .LVU643
1219:middleware/FreeRTOS-Kernel/timers.c **** 
 2371              		.loc 1 1219 9 discriminator 3 view .LVU644
 2372 0024 FEE7     		b	.L191
 2373              		.cfi_endproc
 2374              	.LFE30:
 2376              		.section	.text.vTimerResetState,"ax",%progbits
 2377              		.align	1
 2378              		.global	vTimerResetState
 2379              		.syntax unified
 2380              		.thumb
 2381              		.thumb_func
 2383              	vTimerResetState:
 2384              	.LFB31:
1229:middleware/FreeRTOS-Kernel/timers.c **** /*-----------------------------------------------------------*/
1230:middleware/FreeRTOS-Kernel/timers.c **** 
1231:middleware/FreeRTOS-Kernel/timers.c ****     #if ( INCLUDE_xTimerPendFunctionCall == 1 )
1232:middleware/FreeRTOS-Kernel/timers.c **** 
1233:middleware/FreeRTOS-Kernel/timers.c ****         BaseType_t xTimerPendFunctionCallFromISR( PendedFunction_t xFunctionToPend,
1234:middleware/FreeRTOS-Kernel/timers.c ****                                                   void * pvParameter1,
1235:middleware/FreeRTOS-Kernel/timers.c ****                                                   uint32_t ulParameter2,
1236:middleware/FreeRTOS-Kernel/timers.c ****                                                   BaseType_t * pxHigherPriorityTaskWoken )
1237:middleware/FreeRTOS-Kernel/timers.c ****         {
1238:middleware/FreeRTOS-Kernel/timers.c ****             DaemonTaskMessage_t xMessage;
1239:middleware/FreeRTOS-Kernel/timers.c ****             BaseType_t xReturn;
1240:middleware/FreeRTOS-Kernel/timers.c **** 
1241:middleware/FreeRTOS-Kernel/timers.c ****             traceENTER_xTimerPendFunctionCallFromISR( xFunctionToPend, pvParameter1, ulParameter2, 
1242:middleware/FreeRTOS-Kernel/timers.c **** 
1243:middleware/FreeRTOS-Kernel/timers.c ****             /* Complete the message with the function parameters and post it to the
1244:middleware/FreeRTOS-Kernel/timers.c ****              * daemon task. */
1245:middleware/FreeRTOS-Kernel/timers.c ****             xMessage.xMessageID = tmrCOMMAND_EXECUTE_CALLBACK_FROM_ISR;
1246:middleware/FreeRTOS-Kernel/timers.c ****             xMessage.u.xCallbackParameters.pxCallbackFunction = xFunctionToPend;
1247:middleware/FreeRTOS-Kernel/timers.c ****             xMessage.u.xCallbackParameters.pvParameter1 = pvParameter1;
1248:middleware/FreeRTOS-Kernel/timers.c ****             xMessage.u.xCallbackParameters.ulParameter2 = ulParameter2;
1249:middleware/FreeRTOS-Kernel/timers.c **** 
1250:middleware/FreeRTOS-Kernel/timers.c ****             xReturn = xQueueSendFromISR( xTimerQueue, &xMessage, pxHigherPriorityTaskWoken );
1251:middleware/FreeRTOS-Kernel/timers.c **** 
1252:middleware/FreeRTOS-Kernel/timers.c ****             tracePEND_FUNC_CALL_FROM_ISR( xFunctionToPend, pvParameter1, ulParameter2, xReturn );
1253:middleware/FreeRTOS-Kernel/timers.c ****             traceRETURN_xTimerPendFunctionCallFromISR( xReturn );
1254:middleware/FreeRTOS-Kernel/timers.c **** 
1255:middleware/FreeRTOS-Kernel/timers.c ****             return xReturn;
1256:middleware/FreeRTOS-Kernel/timers.c ****         }
ARM GAS  /tmp/ccZINekD.s 			page 77


1257:middleware/FreeRTOS-Kernel/timers.c **** 
1258:middleware/FreeRTOS-Kernel/timers.c ****     #endif /* INCLUDE_xTimerPendFunctionCall */
1259:middleware/FreeRTOS-Kernel/timers.c **** /*-----------------------------------------------------------*/
1260:middleware/FreeRTOS-Kernel/timers.c **** 
1261:middleware/FreeRTOS-Kernel/timers.c ****     #if ( INCLUDE_xTimerPendFunctionCall == 1 )
1262:middleware/FreeRTOS-Kernel/timers.c **** 
1263:middleware/FreeRTOS-Kernel/timers.c ****         BaseType_t xTimerPendFunctionCall( PendedFunction_t xFunctionToPend,
1264:middleware/FreeRTOS-Kernel/timers.c ****                                            void * pvParameter1,
1265:middleware/FreeRTOS-Kernel/timers.c ****                                            uint32_t ulParameter2,
1266:middleware/FreeRTOS-Kernel/timers.c ****                                            TickType_t xTicksToWait )
1267:middleware/FreeRTOS-Kernel/timers.c ****         {
1268:middleware/FreeRTOS-Kernel/timers.c ****             DaemonTaskMessage_t xMessage;
1269:middleware/FreeRTOS-Kernel/timers.c ****             BaseType_t xReturn;
1270:middleware/FreeRTOS-Kernel/timers.c **** 
1271:middleware/FreeRTOS-Kernel/timers.c ****             traceENTER_xTimerPendFunctionCall( xFunctionToPend, pvParameter1, ulParameter2, xTicksT
1272:middleware/FreeRTOS-Kernel/timers.c **** 
1273:middleware/FreeRTOS-Kernel/timers.c ****             /* This function can only be called after a timer has been created or
1274:middleware/FreeRTOS-Kernel/timers.c ****              * after the scheduler has been started because, until then, the timer
1275:middleware/FreeRTOS-Kernel/timers.c ****              * queue does not exist. */
1276:middleware/FreeRTOS-Kernel/timers.c ****             configASSERT( xTimerQueue );
1277:middleware/FreeRTOS-Kernel/timers.c **** 
1278:middleware/FreeRTOS-Kernel/timers.c ****             /* Complete the message with the function parameters and post it to the
1279:middleware/FreeRTOS-Kernel/timers.c ****              * daemon task. */
1280:middleware/FreeRTOS-Kernel/timers.c ****             xMessage.xMessageID = tmrCOMMAND_EXECUTE_CALLBACK;
1281:middleware/FreeRTOS-Kernel/timers.c ****             xMessage.u.xCallbackParameters.pxCallbackFunction = xFunctionToPend;
1282:middleware/FreeRTOS-Kernel/timers.c ****             xMessage.u.xCallbackParameters.pvParameter1 = pvParameter1;
1283:middleware/FreeRTOS-Kernel/timers.c ****             xMessage.u.xCallbackParameters.ulParameter2 = ulParameter2;
1284:middleware/FreeRTOS-Kernel/timers.c **** 
1285:middleware/FreeRTOS-Kernel/timers.c ****             xReturn = xQueueSendToBack( xTimerQueue, &xMessage, xTicksToWait );
1286:middleware/FreeRTOS-Kernel/timers.c **** 
1287:middleware/FreeRTOS-Kernel/timers.c ****             tracePEND_FUNC_CALL( xFunctionToPend, pvParameter1, ulParameter2, xReturn );
1288:middleware/FreeRTOS-Kernel/timers.c ****             traceRETURN_xTimerPendFunctionCall( xReturn );
1289:middleware/FreeRTOS-Kernel/timers.c **** 
1290:middleware/FreeRTOS-Kernel/timers.c ****             return xReturn;
1291:middleware/FreeRTOS-Kernel/timers.c ****         }
1292:middleware/FreeRTOS-Kernel/timers.c **** 
1293:middleware/FreeRTOS-Kernel/timers.c ****     #endif /* INCLUDE_xTimerPendFunctionCall */
1294:middleware/FreeRTOS-Kernel/timers.c **** /*-----------------------------------------------------------*/
1295:middleware/FreeRTOS-Kernel/timers.c **** 
1296:middleware/FreeRTOS-Kernel/timers.c ****     #if ( configUSE_TRACE_FACILITY == 1 )
1297:middleware/FreeRTOS-Kernel/timers.c **** 
1298:middleware/FreeRTOS-Kernel/timers.c ****         UBaseType_t uxTimerGetTimerNumber( TimerHandle_t xTimer )
1299:middleware/FreeRTOS-Kernel/timers.c ****         {
1300:middleware/FreeRTOS-Kernel/timers.c ****             traceENTER_uxTimerGetTimerNumber( xTimer );
1301:middleware/FreeRTOS-Kernel/timers.c **** 
1302:middleware/FreeRTOS-Kernel/timers.c ****             traceRETURN_uxTimerGetTimerNumber( ( ( Timer_t * ) xTimer )->uxTimerNumber );
1303:middleware/FreeRTOS-Kernel/timers.c **** 
1304:middleware/FreeRTOS-Kernel/timers.c ****             return ( ( Timer_t * ) xTimer )->uxTimerNumber;
1305:middleware/FreeRTOS-Kernel/timers.c ****         }
1306:middleware/FreeRTOS-Kernel/timers.c **** 
1307:middleware/FreeRTOS-Kernel/timers.c ****     #endif /* configUSE_TRACE_FACILITY */
1308:middleware/FreeRTOS-Kernel/timers.c **** /*-----------------------------------------------------------*/
1309:middleware/FreeRTOS-Kernel/timers.c **** 
1310:middleware/FreeRTOS-Kernel/timers.c ****     #if ( configUSE_TRACE_FACILITY == 1 )
1311:middleware/FreeRTOS-Kernel/timers.c **** 
1312:middleware/FreeRTOS-Kernel/timers.c ****         void vTimerSetTimerNumber( TimerHandle_t xTimer,
1313:middleware/FreeRTOS-Kernel/timers.c ****                                    UBaseType_t uxTimerNumber )
ARM GAS  /tmp/ccZINekD.s 			page 78


1314:middleware/FreeRTOS-Kernel/timers.c ****         {
1315:middleware/FreeRTOS-Kernel/timers.c ****             traceENTER_vTimerSetTimerNumber( xTimer, uxTimerNumber );
1316:middleware/FreeRTOS-Kernel/timers.c **** 
1317:middleware/FreeRTOS-Kernel/timers.c ****             ( ( Timer_t * ) xTimer )->uxTimerNumber = uxTimerNumber;
1318:middleware/FreeRTOS-Kernel/timers.c **** 
1319:middleware/FreeRTOS-Kernel/timers.c ****             traceRETURN_vTimerSetTimerNumber();
1320:middleware/FreeRTOS-Kernel/timers.c ****         }
1321:middleware/FreeRTOS-Kernel/timers.c **** 
1322:middleware/FreeRTOS-Kernel/timers.c ****     #endif /* configUSE_TRACE_FACILITY */
1323:middleware/FreeRTOS-Kernel/timers.c **** /*-----------------------------------------------------------*/
1324:middleware/FreeRTOS-Kernel/timers.c **** 
1325:middleware/FreeRTOS-Kernel/timers.c **** /*
1326:middleware/FreeRTOS-Kernel/timers.c ****  * Reset the state in this file. This state is normally initialized at start up.
1327:middleware/FreeRTOS-Kernel/timers.c ****  * This function must be called by the application before restarting the
1328:middleware/FreeRTOS-Kernel/timers.c ****  * scheduler.
1329:middleware/FreeRTOS-Kernel/timers.c ****  */
1330:middleware/FreeRTOS-Kernel/timers.c ****     void vTimerResetState( void )
1331:middleware/FreeRTOS-Kernel/timers.c ****     {
 2385              		.loc 1 1331 5 view -0
 2386              		.cfi_startproc
 2387              		@ args = 0, pretend = 0, frame = 0
 2388              		@ frame_needed = 0, uses_anonymous_args = 0
 2389              		@ link register save eliminated.
1332:middleware/FreeRTOS-Kernel/timers.c ****         xTimerQueue = NULL;
 2390              		.loc 1 1332 9 view .LVU646
 2391              		.loc 1 1332 21 is_stmt 0 view .LVU647
 2392 0000 0023     		movs	r3, #0
 2393 0002 024A     		ldr	r2, .L195
 2394 0004 1360     		str	r3, [r2]
1333:middleware/FreeRTOS-Kernel/timers.c ****         xTimerTaskHandle = NULL;
 2395              		.loc 1 1333 9 is_stmt 1 view .LVU648
 2396              		.loc 1 1333 26 is_stmt 0 view .LVU649
 2397 0006 024A     		ldr	r2, .L195+4
 2398 0008 1360     		str	r3, [r2]
1334:middleware/FreeRTOS-Kernel/timers.c ****     }
 2399              		.loc 1 1334 5 view .LVU650
 2400 000a 7047     		bx	lr
 2401              	.L196:
 2402              		.align	2
 2403              	.L195:
 2404 000c 00000000 		.word	xTimerQueue
 2405 0010 00000000 		.word	xTimerTaskHandle
 2406              		.cfi_endproc
 2407              	.LFE31:
 2409              		.section	.bss.xStaticTimerQueue.0,"aw",%nobits
 2410              		.align	2
 2413              	xStaticTimerQueue.0:
 2414 0000 00000000 		.space	72
 2414      00000000 
 2414      00000000 
 2414      00000000 
 2414      00000000 
 2415              		.section	.bss.ucStaticTimerQueueStorage.1,"aw",%nobits
 2416              		.align	2
 2419              	ucStaticTimerQueueStorage.1:
 2420 0000 00000000 		.space	120
 2420      00000000 
ARM GAS  /tmp/ccZINekD.s 			page 79


 2420      00000000 
 2420      00000000 
 2420      00000000 
 2421              		.section	.bss.xLastTime.2,"aw",%nobits
 2422              		.align	2
 2425              	xLastTime.2:
 2426 0000 00000000 		.space	4
 2427              		.section	.bss.xTimerTaskHandle,"aw",%nobits
 2428              		.align	2
 2431              	xTimerTaskHandle:
 2432 0000 00000000 		.space	4
 2433              		.section	.bss.xTimerQueue,"aw",%nobits
 2434              		.align	2
 2437              	xTimerQueue:
 2438 0000 00000000 		.space	4
 2439              		.section	.bss.pxOverflowTimerList,"aw",%nobits
 2440              		.align	2
 2443              	pxOverflowTimerList:
 2444 0000 00000000 		.space	4
 2445              		.section	.bss.pxCurrentTimerList,"aw",%nobits
 2446              		.align	2
 2449              	pxCurrentTimerList:
 2450 0000 00000000 		.space	4
 2451              		.section	.bss.xActiveTimerList2,"aw",%nobits
 2452              		.align	2
 2455              	xActiveTimerList2:
 2456 0000 00000000 		.space	20
 2456      00000000 
 2456      00000000 
 2456      00000000 
 2456      00000000 
 2457              		.section	.bss.xActiveTimerList1,"aw",%nobits
 2458              		.align	2
 2461              	xActiveTimerList1:
 2462 0000 00000000 		.space	20
 2462      00000000 
 2462      00000000 
 2462      00000000 
 2462      00000000 
 2463              		.text
 2464              	.Letext0:
 2465              		.file 3 "/usr/lib/gcc/arm-none-eabi/13.2.1/include/stddef.h"
 2466              		.file 4 "/usr/lib/gcc/arm-none-eabi/13.2.1/include/stdint.h"
 2467              		.file 5 "middleware/FreeRTOS-Kernel/include/projdefs.h"
 2468              		.file 6 "middleware/FreeRTOS-Kernel/include/FreeRTOS.h"
 2469              		.file 7 "middleware/FreeRTOS-Kernel/include/list.h"
 2470              		.file 8 "middleware/FreeRTOS-Kernel/include/task.h"
 2471              		.file 9 "middleware/FreeRTOS-Kernel/include/queue.h"
 2472              		.file 10 "middleware/FreeRTOS-Kernel/include/timers.h"
ARM GAS  /tmp/ccZINekD.s 			page 80


DEFINED SYMBOLS
                            *ABS*:00000000 timers.c
     /tmp/ccZINekD.s:21     .text.prvGetNextExpireTime:00000000 $t
     /tmp/ccZINekD.s:26     .text.prvGetNextExpireTime:00000000 prvGetNextExpireTime
     /tmp/ccZINekD.s:72     .text.prvGetNextExpireTime:0000001c $d
     /tmp/ccZINekD.s:2449   .bss.pxCurrentTimerList:00000000 pxCurrentTimerList
     /tmp/ccZINekD.s:77     .text.prvInsertTimerInActiveList:00000000 $t
     /tmp/ccZINekD.s:82     .text.prvInsertTimerInActiveList:00000000 prvInsertTimerInActiveList
     /tmp/ccZINekD.s:172    .text.prvInsertTimerInActiveList:00000040 $d
     /tmp/ccZINekD.s:2443   .bss.pxOverflowTimerList:00000000 pxOverflowTimerList
     /tmp/ccZINekD.s:178    .text.prvReloadTimer:00000000 $t
     /tmp/ccZINekD.s:183    .text.prvReloadTimer:00000000 prvReloadTimer
     /tmp/ccZINekD.s:241    .text.prvProcessExpiredTimer:00000000 $t
     /tmp/ccZINekD.s:246    .text.prvProcessExpiredTimer:00000000 prvProcessExpiredTimer
     /tmp/ccZINekD.s:311    .text.prvProcessExpiredTimer:0000003c $d
     /tmp/ccZINekD.s:316    .text.prvSwitchTimerLists:00000000 $t
     /tmp/ccZINekD.s:321    .text.prvSwitchTimerLists:00000000 prvSwitchTimerLists
     /tmp/ccZINekD.s:374    .text.prvSwitchTimerLists:00000028 $d
     /tmp/ccZINekD.s:380    .text.prvSampleTimeNow:00000000 $t
     /tmp/ccZINekD.s:385    .text.prvSampleTimeNow:00000000 prvSampleTimeNow
     /tmp/ccZINekD.s:444    .text.prvSampleTimeNow:00000028 $d
     /tmp/ccZINekD.s:2425   .bss.xLastTime.2:00000000 xLastTime.2
     /tmp/ccZINekD.s:449    .text.prvProcessTimerOrBlockTask:00000000 $t
     /tmp/ccZINekD.s:454    .text.prvProcessTimerOrBlockTask:00000000 prvProcessTimerOrBlockTask
     /tmp/ccZINekD.s:580    .text.prvProcessTimerOrBlockTask:0000006c $d
     /tmp/ccZINekD.s:2437   .bss.xTimerQueue:00000000 xTimerQueue
     /tmp/ccZINekD.s:586    .text.prvProcessReceivedCommands:00000000 $t
     /tmp/ccZINekD.s:591    .text.prvProcessReceivedCommands:00000000 prvProcessReceivedCommands
     /tmp/ccZINekD.s:667    .text.prvProcessReceivedCommands:00000042 $d
     /tmp/ccZINekD.s:815    .text.prvProcessReceivedCommands:000000e8 $d
     /tmp/ccZINekD.s:820    .text.prvTimerTask:00000000 $t
     /tmp/ccZINekD.s:825    .text.prvTimerTask:00000000 prvTimerTask
     /tmp/ccZINekD.s:864    .rodata.prvCheckForValidListAndQueue.str1.4:00000000 $d
     /tmp/ccZINekD.s:868    .text.prvCheckForValidListAndQueue:00000000 $t
     /tmp/ccZINekD.s:873    .text.prvCheckForValidListAndQueue:00000000 prvCheckForValidListAndQueue
     /tmp/ccZINekD.s:959    .text.prvCheckForValidListAndQueue:00000050 $d
     /tmp/ccZINekD.s:2461   .bss.xActiveTimerList1:00000000 xActiveTimerList1
     /tmp/ccZINekD.s:2455   .bss.xActiveTimerList2:00000000 xActiveTimerList2
     /tmp/ccZINekD.s:2413   .bss.xStaticTimerQueue.0:00000000 xStaticTimerQueue.0
     /tmp/ccZINekD.s:2419   .bss.ucStaticTimerQueueStorage.1:00000000 ucStaticTimerQueueStorage.1
     /tmp/ccZINekD.s:971    .text.prvInitialiseNewTimer:00000000 $t
     /tmp/ccZINekD.s:976    .text.prvInitialiseNewTimer:00000000 prvInitialiseNewTimer
     /tmp/ccZINekD.s:1067   .rodata.xTimerCreateTimerTask.str1.4:00000000 $d
     /tmp/ccZINekD.s:1071   .text.xTimerCreateTimerTask:00000000 $t
     /tmp/ccZINekD.s:1077   .text.xTimerCreateTimerTask:00000000 xTimerCreateTimerTask
     /tmp/ccZINekD.s:1177   .text.xTimerCreateTimerTask:00000054 $d
     /tmp/ccZINekD.s:2431   .bss.xTimerTaskHandle:00000000 xTimerTaskHandle
     /tmp/ccZINekD.s:1185   .text.xTimerCreateStatic:00000000 $t
     /tmp/ccZINekD.s:1191   .text.xTimerCreateStatic:00000000 xTimerCreateStatic
     /tmp/ccZINekD.s:1316   .text.xTimerGenericCommandFromTask:00000000 $t
     /tmp/ccZINekD.s:1322   .text.xTimerGenericCommandFromTask:00000000 xTimerGenericCommandFromTask
     /tmp/ccZINekD.s:1482   .text.xTimerGenericCommandFromTask:0000006c $d
     /tmp/ccZINekD.s:1487   .text.xTimerGenericCommandFromISR:00000000 $t
     /tmp/ccZINekD.s:1493   .text.xTimerGenericCommandFromISR:00000000 xTimerGenericCommandFromISR
     /tmp/ccZINekD.s:1634   .text.xTimerGenericCommandFromISR:00000054 $d
     /tmp/ccZINekD.s:1639   .text.xTimerGetTimerDaemonTaskHandle:00000000 $t
     /tmp/ccZINekD.s:1645   .text.xTimerGetTimerDaemonTaskHandle:00000000 xTimerGetTimerDaemonTaskHandle
ARM GAS  /tmp/ccZINekD.s 			page 81


     /tmp/ccZINekD.s:1686   .text.xTimerGetTimerDaemonTaskHandle:0000001c $d
     /tmp/ccZINekD.s:1691   .text.xTimerGetPeriod:00000000 $t
     /tmp/ccZINekD.s:1697   .text.xTimerGetPeriod:00000000 xTimerGetPeriod
     /tmp/ccZINekD.s:1746   .text.vTimerSetReloadMode:00000000 $t
     /tmp/ccZINekD.s:1752   .text.vTimerSetReloadMode:00000000 vTimerSetReloadMode
     /tmp/ccZINekD.s:1832   .text.xTimerGetReloadMode:00000000 $t
     /tmp/ccZINekD.s:1838   .text.xTimerGetReloadMode:00000000 xTimerGetReloadMode
     /tmp/ccZINekD.s:1923   .text.uxTimerGetReloadMode:00000000 $t
     /tmp/ccZINekD.s:1929   .text.uxTimerGetReloadMode:00000000 uxTimerGetReloadMode
     /tmp/ccZINekD.s:1956   .text.xTimerGetExpiryTime:00000000 $t
     /tmp/ccZINekD.s:1962   .text.xTimerGetExpiryTime:00000000 xTimerGetExpiryTime
     /tmp/ccZINekD.s:2014   .text.xTimerGetStaticBuffer:00000000 $t
     /tmp/ccZINekD.s:2020   .text.xTimerGetStaticBuffer:00000000 xTimerGetStaticBuffer
     /tmp/ccZINekD.s:2087   .text.pcTimerGetName:00000000 $t
     /tmp/ccZINekD.s:2093   .text.pcTimerGetName:00000000 pcTimerGetName
     /tmp/ccZINekD.s:2142   .text.xTimerIsTimerActive:00000000 $t
     /tmp/ccZINekD.s:2148   .text.xTimerIsTimerActive:00000000 xTimerIsTimerActive
     /tmp/ccZINekD.s:2233   .text.pvTimerGetTimerID:00000000 $t
     /tmp/ccZINekD.s:2239   .text.pvTimerGetTimerID:00000000 pvTimerGetTimerID
     /tmp/ccZINekD.s:2307   .text.vTimerSetTimerID:00000000 $t
     /tmp/ccZINekD.s:2313   .text.vTimerSetTimerID:00000000 vTimerSetTimerID
     /tmp/ccZINekD.s:2377   .text.vTimerResetState:00000000 $t
     /tmp/ccZINekD.s:2383   .text.vTimerResetState:00000000 vTimerResetState
     /tmp/ccZINekD.s:2404   .text.vTimerResetState:0000000c $d
     /tmp/ccZINekD.s:2410   .bss.xStaticTimerQueue.0:00000000 $d
     /tmp/ccZINekD.s:2416   .bss.ucStaticTimerQueueStorage.1:00000000 $d
     /tmp/ccZINekD.s:2422   .bss.xLastTime.2:00000000 $d
     /tmp/ccZINekD.s:2428   .bss.xTimerTaskHandle:00000000 $d
     /tmp/ccZINekD.s:2434   .bss.xTimerQueue:00000000 $d
     /tmp/ccZINekD.s:2440   .bss.pxOverflowTimerList:00000000 $d
     /tmp/ccZINekD.s:2446   .bss.pxCurrentTimerList:00000000 $d
     /tmp/ccZINekD.s:2452   .bss.xActiveTimerList2:00000000 $d
     /tmp/ccZINekD.s:2458   .bss.xActiveTimerList1:00000000 $d
     /tmp/ccZINekD.s:676    .text.prvProcessReceivedCommands:0000004b $d
     /tmp/ccZINekD.s:676    .text.prvProcessReceivedCommands:0000004c $t

UNDEFINED SYMBOLS
vListInsert
uxListRemove
xTaskGetTickCount
vTaskSuspendAll
vQueueWaitForMessageRestricted
xTaskResumeAll
xQueueReceive
vPortEnterCritical
vPortExitCritical
vListInitialise
xQueueGenericCreateStatic
vQueueAddToRegistry
vListInitialiseItem
vApplicationGetTimerTaskMemory
xTaskCreateStatic
xTaskGetSchedulerState
xQueueGenericSend
xQueueGenericSendFromISR
